activity_year_x,upper,tax_id,agency_code_x,id_2017,respondent_rssd,respondent_name_x,respondent_state_x,respondent_city_x,assets,other_lender_code,parent_rssd,parent_name,topholder_rssd,topholder_name,activity_year_y,calendar_quarter,lei,agency_code_y,respondent_name_y,respondent_state_y,respondent_city_y,respondent_zip_code,lar_count
2021,549300BBKMRS6J0CB539,36-4078960,7,4325493,4325493,AMERICAN PORTFOLIO MORTGAGE CORPORATION,NV,CARSON CITY,-1,3,-1,,-1,,2021,4,549300BBKMRS6J0CB539,7,American Portfolio Mortgage Corporation,IL,Palatine,60067,3768
2021,549300RM7ARTTP3T1V93,16-0373410,1,161602,161602,The Canandaigua National Bank and Trust Company,NY,Canandaigua,2998725,0,1133503,,1133503,CANANDAIGUA NATIONAL CORPORATION,2021,4,549300RM7ARTTP3T1V93,1,The Canandaigua National Bank and Trust Company,NY,Canandaigua,14424,2431
2021,5493003T5D4N1CM46J77,91-0459933,3,1018927,1018927,1st Security Bank of Washington,WA,Mountlake Terrace,1712897,0,4347208,,4347208,"FS BANCORP, INC.",2021,4,5493003T5D4N1CM46J77,3,1st Security Bank of Washington,WA,Mountlake Terrace,98043,5163
2021,254900BMXWPEHXG4LF21,37-1942506,7,,-1,Smartfi Home Loans LLC,,,-1,-1,-1,,-1,,2021,4,254900BMXWPEHXG4LF21,7,"Bankers Guarantee Mortgage Company, LLC",OH,Medina,44256,177
2021,549300R2Q0E1T4DWKH51,23-2990904,3,,2754389,LINKBANK,PA,Camp Hill,233500,-1,5272361,,5272361,LINKBANCORP,2021,4,549300R2Q0E1T4DWKH51,3,LINKBANK,PA,Camp Hill,17011,123
2021,254900C2QXQ435D8TY78,58-0330052,1,960935,960935,Queensborough National Bank & Trust Company,GA,Louisville,1220650,0,1130904,,1130904,"QUEENSBOROUGH COMPANY, THE",2021,4,254900C2QXQ435D8TY78,1,Queensborough National Bank and Trust,GA,Louisville,30434,1977
2021,549300QB357BUUUV7A56,20-1286388,1,,3610718,OLD DOMINION NATIONAL BANK,VA,NORTH GARDEN,-1,-1,-1,,-1,,2021,4,549300QB357BUUUV7A56,1,Old Dominion National Bank,VA,North Garden,22959,687
2021,549300MFY0P4D234OB91,20-8279218,7,4533766,4533766,HOMESPIRE MORTGAGE CORPORATION,MD,BALTIMORE,-1,3,-1,,-1,,2021,4,549300MFY0P4D234OB91,7,Homespire Mortgage Corporation,MD,Gaithersburg,20878,12025
2021,549300XARD788LSGZW76,63-0318800,3,259330,259330,First US Bank,AL,Birmingham,788490,0,1086168,,1086168,"FIRST US BANCSHARES, INC.",2021,4,549300XARD788LSGZW76,3,FIRST US BANK,AL,BIRMINGHAM,35243,57
2021,549300YEI60WAHWQ3110,91-0333066,5,754693,754693,KITSAP Credit Union,WA,Bremerton,1435831,0,-1,,-1,,2021,4,549300YEI60WAHWQ3110,5,KITSAP CREDIT UNION,WA,BREMERTON,98337,2437
2021,254900QY5ST0J7P6M123,06-0322790,3,311603,311603,Dime Bank,CT,Norwich,894697,0,-1,,-1,,2021,4,254900QY5ST0J7P6M123,3,Dime Bank,CT,Norwich,06360,522
2021,549300W76QLF060CER73,72-0401331,7,,-1,"First South Farm Credit, ACA",MS,Ridgeland,-1,3,-1,,-1,,2021,4,549300W76QLF060CER73,7,"First South Farm Credit, ACA",MS,Ridgeland,39157,122
2021,549300ZIQ24V0C88AC41,59-0642956,5,84073,84073,GTE Federal Credit Union,FL,Tampa,2205234,0,-1,,-1,,2021,4,549300ZIQ24V0C88AC41,5,GTE FEDERAL CREDIT UNION,FL,TAMPA,33602,5702
2021,2549002A7VC63ZJQY749,16-0341540,3,165806,165806,The Bank of Castile,NY,Castile,1510826,0,2367921,,2367921,TOMPKINS FINANCIAL CORPORATION,2021,4,2549002A7VC63ZJQY749,3,The Bank of Castile,NY,Batavia,14020,415
2021,2549005DO6VPVH5MOS59,95-1818041,5,47489,47489,Credit Union of Southern California,CA,Anaheim,1680022,0,-1,,-1,,2021,4,2549005DO6VPVH5MOS59,5,Credit Union of Southern Californa,CA,Anahiem Hills,92808,950
2021,549300WPK18IMSC1OM63,38-4039488,7,,-1,"OREC STRUCTURED FINANCE CO., LLC",,,-1,-1,-1,,-1,,2021,4,549300WPK18IMSC1OM63,7,"OREC Structured Finance Co., LLC",OH,Columbus,43215,158
2021,549300HUJ6V0QTROHW53,20-2432282,3,3437148,3437148,First Freedom Bank,TN,Lebanon,477160,0,3807899,"FIRST FREEDOM BANCSHARES, INC.",3807899,"FIRST FREEDOM BANCSHARES, INC.",2021,4,549300HUJ6V0QTROHW53,3,FIRST FREEDOM BANK,TN,LEBANON,37087,99
2021,54930071HHK4VYJ1SG61,06-0475460,2,939070,939070,EASTERN CONNECTICUT SAVINGS BANK,CT,Norwich,193087,-1,-1,,-1,,2021,4,54930071HHK4VYJ1SG61,2,EASTERN CT SAVINGS BANK,CT,NORWICH,06360,612
2021,549300B3BEP9WW99IR76,39-0210300,3,,867856,Citizens State Bank,,,-1,-1,1129065,,-1,,2021,4,549300B3BEP9WW99IR76,3,Citizens State Bank,WI,Hudson,54016-0247,168
2021,549300NTQ8BOK9455W21,42-1295369,7,42-1295369,4183581,"RESIDENTIAL MORTGAGE NETWORK, INC.",IA,CORALVILLE,-1,3,-1,,-1,,2021,4,549300NTQ8BOK9455W21,7,"Residential Mortgage Network, Inc.",IA,Iowa City,52245,720
2021,254900ZBZ4M7TCGJWL09,59-6140072,5,824493,824493,FL. Dept. of Transportation Credit Union,FL,Tallahassee,50337,0,-1,,-1,,2021,4,254900ZBZ4M7TCGJWL09,5,FL Dept. of Transportation Credit Union,FL,Tallahassee,32301,15
2021,549300GJI4B01Z3NJL65,91-1441009,7,3878451,3878451,MORTGAGE MASTER SERVICE CORPORATION,WA,KENT,-1,3,-1,,-1,,2021,4,549300GJI4B01Z3NJL65,7,Mortgage Master Service Corporation,WA,Kent,98032,1597
2021,549300JRDBJ5RPA6TY76,36-1226570,3,568135,568135,Holcomb Bank,IL,Rochelle,191693,0,1245563,,1245563,"HOLCOMB BANCORP, INC.",2021,4,549300JRDBJ5RPA6TY76,3,Holcomb Bank,IL,Rochelle,61068,444
2021,549300KST6N97GYH0O45,75-1630026,2,965789,965789,Susser Bank,TX,Bedford,973107,-1,3823291,,5189450,"SBH MANAGER, LLC",2021,4,549300KST6N97GYH0O45,2,Susser Bank,TX,Arlington,76015,1077
2021,2549008XU46NWFIFUY72,75-1702603,3,,552974,"Shelby Savings Bank, SSB",,,-1,-1,2960630,,-1,,2021,4,2549008XU46NWFIFUY72,3,Shelby,TX,Center,75935,322
2021,549300A76WI58XAFNF59,86-0098350,5,766995,766995,ARIZONA CENTRAL,AZ,Phoenix,525110,0,-1,,-1,,2021,4,549300A76WI58XAFNF59,5,ARIZONA CENTRAL CREDIT UNION,AZ,PHOENIX,85004,1521
2021,549300SICEH17XJOAN86,31-4176480,1,666974,666974,Fairfield Federal Savings and Loan Association of Lancaster,OH,Lancaster,264280,0,-1,,-1,,2021,4,549300SICEH17XJOAN86,1,Fairfield Federal Savings & Loan Association of Lancaster,OH,Lancaster,43130,374
2021,549300VHBALPLHRR4080,75-1952906,3,575254,575254,City Bank,TX,Lubbock,3235138,0,2033226,,3382332,"SOUTH PLAINS FINANCIAL, INC. EMPLOYEE STOCK OWNERSHIP PLAN",2021,4,549300VHBALPLHRR4080,3,CITY BANK,TX,LUBBOCK,79408,7229
2021,254900FTCNECUOWATD22,37-0402600,2,966272,966272,First FSB of Mascoutah,IL,Mascoutah,113246,-1,-1,,-1,,2021,4,254900FTCNECUOWATD22,2,First Federal Savings Bank of Mascoutah,IL,Mascoutah,62258,99
2021,549300COIWXM618UBE82,56-0181785,2,212577,212577,HomeTrust Bank,NC,Asheville,3468407,0,4366003,,4366003,"HOMETRUST BANCSHARES, INC.",2021,4,549300COIWXM618UBE82,2,HomeTrust Bank,NC,Asheville,28802,5337
2021,SS1TRMSN6BRNMOREEV51,38-2734984,9,146672,146672,"Flagstar Bank, FSB",MI,Troy,16855693,0,3852022,"FLAGSTAR BANCORP, INC.",4224000,MP (THRIFT) LLC,2021,4,SS1TRMSN6BRNMOREEV51,9,Flagstar Bank,MI,Troy,49098,212842
2021,254900ZFWS2106HWPH46,33-0975529,7,3897443,3897443,"Paramount Residential Mortgage Group, Inc.",CA,Corona,-1,3,-1,,-1,,2021,4,254900ZFWS2106HWPH46,7,PARAMOUNT RESIDENTIAL MORTGAGE,CA,CORONA,92879,73308
2021,254900KPOZQ8VODWDS72,61-0192880,3,961811,961811,"First State Bank of the Southeast, Inc.",KY,MIDDLESBORO,354165,0,1070998,,1070998,"FIRST STATE BANCSHARES, INC.",2021,4,254900KPOZQ8VODWDS72,3,"FIRST STATE BANK OF THE SOUTHEAST, INC",KY,MIDDLESBORO,40965,247
2021,254900EOYK0UXLROBX92,27-1291990,7,,-1,American Mortgage and Insurance Inc.,HI,Honolulu,-1,3,-1,,-1,,2021,4,254900EOYK0UXLROBX92,7,American Mortgage and Insurance Inc,HI,Honolulu,96813,90
2021,549300QGO7S838JDBC47,38-1418001,5,271088,271088,CORNERSTONE COMMUNITY FINANCIAL,MI,Auburn Hills,289474,0,-1,,-1,,2021,4,549300QGO7S838JDBC47,5,CCF - AUBURN HILLS BRANCH,MI,AUBURN HILLS,48326,191
2021,5493009X5Z27VV479310,39-2022321,7,,-1,"A + MORTGAGE SERVICES, INC.",WI,MUSKEGO,-1,3,-1,,-1,,2021,4,5493009X5Z27VV479310,7,"A+ Mortgage Services, Inc.",WI,Muskego,53150,1881
2021,254900NAGGVF6I0G6Y61,38-1490360,5,,-1,Catholic Vantage Financial,,,-1,-1,-1,,-1,,2021,4,254900NAGGVF6I0G6Y61,5,Catholic Vantage Financial,MI,Livonia,48154,154
2021,5493006FMSXPD0U1U480,03-0417816,7,,-1,PRINCETON FINANCIAL LLC,PA,Carnegie,-1,3,-1,,-1,,2021,4,5493006FMSXPD0U1U480,7,"Princeton Financial, LLC",PA,Carnegie,15106,599
2021,549300M2TE26IJQD4W66,34-4197125,1,346379,346379,First Federal Community Bank of Bucyrus,OH,Bucyrus,181872,0,3827918,,3827918,"COMMUNITY INVESTORS BANCORP, INC",2021,4,549300M2TE26IJQD4W66,1,FIRST FEDERAL COMMUNITY BANK,OH,BUCYRUS,44820,251
2021,549300T94GSH3C4U5M59,36-6066772,5,367392,367392,ALLIANT CREDIT UNION,IL,Chicago,12244742,0,-1,,-1,,2021,4,549300T94GSH3C4U5M59,5,ALLIANT CREDIT UNION,IL,CHICAGO,60666,18098
2021,5493001VQLW8QLFMIH76,21-0638039,5,114671,114671,DEEPWATER INDUSTRIES,NJ,Pennsville,93203,0,-1,,-1,,2021,4,5493001VQLW8QLFMIH76,5,Deepwater Industries Federal Credit Union,NJ,Deepwater,08023,57
2021,549300D992SE497KXK81,22-0997350,3,147679,147679,Ascendia Bank,NJ,Glen Rock,271503,-1,-1,,-1,,2021,4,549300D992SE497KXK81,3,Ascendia Bank,NJ,Glen Rock,07452,134
2021,549300PJX0ZHPQ614C72,24-0603570,3,278818,278818,Peoples Security Bank and Trust Company,PA,Hallstead,2474885,0,1139541,,1139541,PEOPLES FINANCIAL SERVICES CORPORATION,2021,4,549300PJX0ZHPQ614C72,3,Peoples Security Bank and Trust Company,PA,Scranton,18503,1218
2021,5493002VB77GOYB9O402,22-1368780,9,35570,35570,Investors Bank,NJ,Short Hills,26708543,0,2477754,,2477754,"INVESTORS BANCORP, INC.",2021,4,5493002VB77GOYB9O402,9,INVESTORS BANK,NJ,ISELIN,08830,5549
2021,549300AG10BX85DF5S49,22-3747694,7,3873317,3873317,MLD MORTGAGE INC.,NJ,Florham Park,-1,3,-1,,-1,,2021,4,549300AG10BX85DF5S49,7,"MLD MORTGAGE, INC.",NJ,FLORHAM PARK,07932,8848
2021,254900VA7WQ1PZGYI558,58-0806683,3,423739,423739,Morris Bank,GA,Dublin,999581,0,1417212,,1417212,"MORRIS STATE BANCSHARES, INC.",2021,4,254900VA7WQ1PZGYI558,3,Morris Bank,GA,Dublin,31021,733
2021,254900428YSAU4S4SW33,25-1738324,7,,-1,"Patriot Lending Services, Inc.",PA,Carnegie,-1,3,-1,,-1,,2021,4,254900428YSAU4S4SW33,7,Patriot lending Services Inc,PA,Pittsburgh,15220,458
2021,549300838ZAWQIH9V751,56-6090165,5,744788,744788,RTP Federal Credit Union,NC,Research Triangle Park,111789,0,-1,,-1,,2021,4,549300838ZAWQIH9V751,5,RTP Federal Credit Union,NC,Durham,27709,159
2021,5493008P3PCRZRS39T50,58-1022353,3,,767732,South Georgia Banking Company,,,-1,-1,2764977,,-1,,2021,4,5493008P3PCRZRS39T50,3,South Georgia Banking Company,GA,Tifton,31794-0000,239
2021,549300DT7CCDCC7O6Z60,94-2600376,5,550091,550091,KEYPOINT,CA,Santa Clara,1295122,0,-1,,-1,,2021,4,549300DT7CCDCC7O6Z60,5,KEYPOINT CREDIT UNION,CA,SANTA CLARA,95051,1030
2021,5493000JBDASEOSXCI67,02-0272024,5,522696,522696,Holy Rosary Regional Credit Union,NH,Rochester,310705,0,-1,,-1,,2021,4,5493000JBDASEOSXCI67,5,Holy Rosary Regional Credit Union,NH,Rochester,03867,221
2021,549300KM534EBXZB8F72,38-0381552,3,633677,633677,Edgewater Bank,MI,Saint Joseph,185958,0,4553951,,4553951,"EDGEWATER BANCORP, INC.",2021,4,549300KM534EBXZB8F72,3,Edgewater Bank,MI,SAINT JOSEPH,49085,107
2021,549300JCUSJMRA75V483,39-1832101,3,2505424,2505424,Wolf River Community Bank,WI,Hortonville,195437,0,3180257,,3180257,"WOLF RIVER BANCORP, INC.",2021,4,549300JCUSJMRA75V483,3,WOLF RIVER COMMUNITY BANK,WI,HORTONVILLE,54944,431
2021,549300I8D8TQDQWQAO82,94-1284912,5,310585,310585,FAMILIES AND SCHOOLS TOGETHER FEDERAL CREDIT UNION,CA,Hanford,176400,0,-1,,-1,,2021,4,549300I8D8TQDQWQAO82,5,FAST FCU,CA,Hanford,93230,196
2021,549300R8LYY54XS86414,48-0451049,3,605656,605656,First State Bank and Trust,KS,Tonganoxie,296395,0,1059340,,1059340,"TONGANOXIE BANKSHARES, INC.",2021,4,549300R8LYY54XS86414,3,First State Bank & Trust,KS,Tonganoxie,66086-0219,394
2021,549300WRDGBHKR1BXL98,35-0352710,3,963945,963945,Merchants Bank of Indiana,IN,Carmel,6167493,0,3530786,,3530786,MERCHANTS BANCORP,2021,4,549300WRDGBHKR1BXL98,3,Merchants Bank of Indiana,IN,Carmel,46032,4517
2021,549300I2CHGNBJYRHV02,25-0639051,3,947525,947525,Marion Center Bank,PA,Indiana,318872,0,1138928,,1138928,COMMUNITY BANKERS' CORPORATION,2021,4,549300I2CHGNBJYRHV02,3,Marion Center Bank,PA,Indiana,15701,309
2021,X05BVSK68TQ7YTOSNR22,51-0020270,9,30810,30810,Discover Bank,DE,Greenwood,98729134,0,3846375,DISCOVER FINANCIAL SERVICES,3846375,DISCOVER FINANCIAL SERVICES,2021,4,X05BVSK68TQ7YTOSNR22,9,DISCOVER BANK,DE,GREENWOOD,19950,119817
2021,549300IL0IHBRVBZKO13,25-0640196,3,304173,304173,Marquette Savings Bank,PA,Erie,938607,0,-1,,-1,,2021,4,549300IL0IHBRVBZKO13,3,MARQUETTE SAVINGS BANK,PA,ERIE,16501,1051
2021,5493003GQDUH26DNNH17,53-0116705,9,617677,617677,Navy Federal Credit Union,VA,Vienna,90565764,-1,-1,,-1,,2021,4,5493003GQDUH26DNNH17,9,Navy Federal Credit Union,VA,Vienna,22180,175240
2021,254900HWPC2WEGN8NF25,04-2255766,5,,670971,Metrowest Community Federal Credit Union,MA,Framingham,104817,0,-1,,-1,,2021,4,254900HWPC2WEGN8NF25,5,METROWEST COMMUNITY FEDERAL CREDIT UNION,MA,FRAMINGHAM,01702,126
2021,2549006HZDO3SULWNR95,48-0308430,3,43351,43351,PEOPLES STATE BANK,KS,Manhattan,257149,0,5301140,,5301140,"FOOTE FINANCIAL SERVICES, LLC",2021,4,2549006HZDO3SULWNR95,3,PEOPLES STATE BANK,KS,MANHATTAN,66503,166
2021,25490073NY7HKXVMGG76,23-1012663,3,743679,743679,Reliance Savings Bank,PA,Altoona,556112,0,3788822,,3788783,"RELIANCE BANCORP,MHC",2021,4,25490073NY7HKXVMGG76,3,Reliance Savings Bank,PA,Altoona,16601,916
2021,549300KYODJTW38SQV05,75-2770125,1,2746263,2746263,"FirstCapital Bank of Texas, National Association",TX,Midland,1732419,0,3121344,,3121344,"FIRST BANCSHARES OF TEXAS, INC.",2021,4,549300KYODJTW38SQV05,1,"FIRSTCAPITAL BANK OF TEXAS, NA",TX,AMARILLO,79119,480
2021,549300C6CUP19I9O0770,55-0188195,1,888271,888271,"HANCOCK COUNTY SAVINGS BANK, FSB, INC.",WV,CHESTER,373243,0,-1,,-1,,2021,4,549300C6CUP19I9O0770,1,"Hancock County Savings Bank, FSB",WV,Chester,26034,1124
2021,549300H5B5USE8BS1V31,61-0188940,3,485214,485214,The Farmers Bank,KY,Nicholasville,162500,0,1071771,,1071771,"FARMERS BANCORP OF NICHOLASVILLE, INC.",2021,4,549300H5B5USE8BS1V31,3,Farmers Bank,KY,Nicholasville,40356,296
2021,549300W6S818WBYBBJ66,23-1360900,5,783488,783488,TRI COUNTY AREA Federal Credit Union,PA,Pottstown,144004,0,-1,,-1,,2021,4,549300W6S818WBYBBJ66,5,Tri County Area FCU,PA,Pottstown,19464,193
2021,254900LX8DA8FRHUUD51,82-0201645,5,702975,702975,Potlatch No. 1 Financial Credit Union,ID,Lewiston,1260852,0,-1,,-1,,2021,4,254900LX8DA8FRHUUD51,5,POTLATCH NO 1 FINANCIAL CREDIT U,ID,LEWISTON,83501,2233
2021,5493007XAKU2Q6LGXD23,74-1160132,5,369976,369976,UNIVERSITY Federal Credit Union,TX,Austin,2680066,0,-1,,-1,,2021,4,5493007XAKU2Q6LGXD23,5,University Federal Credit Union,TX,Austin,78759,6133
2021,549300DD4R4SYK5RAQ92,26-0595342,7,3958157,3958157,"MOVEMENT MORTGAGE, LLC",DE,WILMINGTON,-1,3,-1,,-1,,2021,4,549300DD4R4SYK5RAQ92,7,"MOVEMENT MORTGAGE, LLC",SC,INDIAN LAND,29707,149914
2021,549300GOPH3KDGIKIU33,56-2180770,5,2915845,2915845,LATINO COMMUNITY CREDIT UNION,NC,Durham,491047,0,-1,,-1,,2021,4,549300GOPH3KDGIKIU33,5,Latino Community Credit Union,NC,Raleigh,27611,954
2021,254900ZPR9P3OI95VG04,13-3442065,7,4184720,4184720,"CONTINENTAL MORTGAGE BANKERS, INC.",NY,New York,-1,3,-1,,-1,,2021,4,254900ZPR9P3OI95VG04,7,Continental Mortgage Bankers I,NY,Westbury,11590,736
2021,254900LDNBFL67R4FW27,34-4230390,3,214414,214414,The Farmers & Merchants State Bank,OH,Archbold,1582933,0,1134630,,1134630,"FARMERS & MERCHANTS BANCORP, INC.",2021,4,254900LDNBFL67R4FW27,3,The Farmers & Merchants State Bank,OH,Archbold,43502,1746
2021,549300DM6DAOPSF8HL78,64-0479007,1,68671,68671,"Grand Bank for Savings, FSB",MS,Hattiesburg,84543,0,3842032,,3842032,GRAND FINANCIAL CORP,2021,4,549300DM6DAOPSF8HL78,1,"GRAND BANK FOR SAVINGS, FSB",MS,HATTIESBURG,39402,244
2021,549300XTGDMRB8FMR522,75-0896179,5,908290,908290,TEXOMA COMMUNITY CREDIT UNION,TX,Wichita Falls,168355,0,-1,,-1,,2021,4,549300XTGDMRB8FMR522,5,Texoma Community Credit Union,TX,Wichita Falls,76308,192
2021,5493002Z2Z7DV758IU60,54-0132450,2,753324,753324,Bank of Clarke County,VA,Berryville,871277,0,1951770,,1951770,"EAGLE FINANCIAL SERVICES, INC.",2021,4,5493002Z2Z7DV758IU60,2,BANK OF CLARKE COUNTY,VA,BERRYVILLE,22611,514
2021,549300GKFNPRWNS0GF29,68-0309242,7,3955651,3955651,"CMG MORTGAGE, INC.",CA,SACRAMENTO,-1,3,-1,,-1,,2021,4,549300GKFNPRWNS0GF29,7,CMG Mortgage Inc.,CA,San Ramon,94583,107604
2021,549300J7XKT2BI5WX213,13-6131491,7,3871519,3871519,"Caliber Home Loans, Inc.",DE,Wilmington,-1,3,-1,,-1,,2021,4,549300J7XKT2BI5WX213,7,"CALIBER HOME LOANS, INC.",TX,COPPELL,75019,400596
2021,8I3UVGYULPJQIP7FQV10,59-2979916,9,1929247,1929247,"SouthState Bank, National Association",FL,Winter Haven,17136249,-1,1133437,,1133437,SOUTH STATE CORPORATION,2021,4,8I3UVGYULPJQIP7FQV10,9,South State Bank,FL,Winter Haven,33881,28087
2021,549300MGPZBLQDIL7538,76-0503625,7,3954355,3954355,Fairway Independent Mortgage Corporation,TX,Austin,-1,3,-1,,-1,,2021,4,549300MGPZBLQDIL7538,7,FAIRWAY INDEPENDENT MORT CORP,WI,MADISON,53718,326921
2021,549300SUCQ1358EGVE89,22-3887207,7,3882793,3882793,"New Day Financial, LLC",DE,Dover,-1,3,-1,,-1,,2021,4,549300SUCQ1358EGVE89,7,"NEW DAY FINANCIAL, LLC.",MD,FULTON,20759,119826
2021,549300WTZMQSET2VY242,87-0456373,7,3876998,3876998,ACADEMY MORTGAGE CORPORATION,UT,Salt Lake City,-1,3,-1,,-1,,2021,4,549300WTZMQSET2VY242,7,ACADEMY MORTGAGE CORPORATION,UT,DRAPER,84009,70058
2021,549300OPCWU6E72WUT29,46-1728831,7,4877479,4877479,"Mutual of Omaha Mortgage, Inc",DE,WILMINGTON,-1,1,786274,MUTUAL OF OMAHA BANK,1583836,MUTUAL OF OMAHA INSURANCE COMPANY,2021,4,549300OPCWU6E72WUT29,7,Mutual of Omaha Mortgage,IL,Lombard,60148,72864
2021,2WHM8VNJH63UN14OL754,31-0966785,9,12311,12311,The Huntington National Bank,OH,Columbus,104052030,0,1068191,HUNTINGTON BANCSHARES INCORPORATED,1068191,HUNTINGTON BANCSHARES INCORPORATED,2021,4,2WHM8VNJH63UN14OL754,9,Huntington National Bank,OH,COLUMBUS,43219-6010,144028
2021,549300MXJA09WZJ0DV55,23-2769131,7,3236088,3236088,FINANCE OF AMERICA MORTGAGE LLC,DE,WILMINGTON,-1,3,-1,,-1,,2021,4,549300MXJA09WZJ0DV55,7,FINANCE OF AMERICA MORTGAGE LLC,PA,HORSHAM,19044,105457
2021,549300VZVN841I2ILS84,57-1175755,7,4183602,4183602,"CROSSCOUNTRY MORTGAGE, INC.",OH,AKRON,-1,3,-1,,-1,,2021,4,549300VZVN841I2ILS84,7,"CROSSCOUNTRY MORTGAGE, LLC",OH,BRECKSVILLE,44141,220540
2021,5493001SXWZ4OFP8Z903,74-2853239,7,3332551,3332551,"DHI MORTGAGE COMPANY, LTD.",TX,DALLAS,-1,2,-1,,-1,,2021,4,5493001SXWZ4OFP8Z903,7,DHI Mortgage Company Limited,TX,Austin,78750,83519
2021,549300FGXN1K3HLB1R50,38-2603955,7,3870679,3870679,"Rocket Mortgage, LLC",MI,Plymouth,-1,3,-1,,-1,,2021,4,549300FGXN1K3HLB1R50,7,ROCKET MORTGAGE,MI,DETROIT,48226,1586789
2021,549300121SF0K2LN2804,75-2125052,2,2888798,2888798,"PRIMELENDING, A PLAINSCAPITAL COMPANY",TX,DALLAS,-1,1,-1,,-1,,2021,4,549300121SF0K2LN2804,2,PRIMELENDING,TX,DALLAS,75252,103258
2021,549300DD5QQUHO6PCH70,43-1965151,7,3842407,3842407,"Mortgage Research Center, LLC",MO,Columbia,-1,3,-1,,-1,,2021,4,549300DD5QQUHO6PCH70,7,Mortgage Research Center,MO,Columbia,65203,223183
2021,549300XQVJ1XBNFA5536,76-0478830,7,3913576,3913576,21st Mortgage Corporation,DE,Wilmington,-1,3,-1,,-1,,2021,4,549300XQVJ1XBNFA5536,7,21ST MORTGAGE,TN,KNOXVILLE,37902,179953
2021,549300U3721PJGQZYY68,36-4327855,7,3870099,3870099,"GUARANTEED RATE, INC.",DE,WILMINGTON,-1,3,-1,,-1,,2021,4,549300U3721PJGQZYY68,7,"GUARANTEED RATE, INC",IL,CHICAGO,60613,319880
2021,549300AG64NHILB7ZP05,26-4599244,7,4438209,4438209,"Loandepot.Com, LLC",DE,Dover,-1,3,-1,,-1,,2021,4,549300AG64NHILB7ZP05,7,"LOANDEPOT.COM, LLC",CA,FOOTHILL RANCH,92610,558593
2021,549300AQ3T62GXDU7D76,95-2146137,7,1569885,1569885,GUILD MORTGAGE COMPANY,CA,SAN DIEGO,-1,3,-1,,-1,,2021,4,549300AQ3T62GXDU7D76,7,GUILD MORTGAGE COMPANY LLC,CA,SAN DIEGO,92111,167037
2021,5493008NWHQT1R22C024,95-4866828,7,4188175,4188175,"AMERICAN FINANCIAL NETWORK, INC.",CA,BREA,-1,3,-1,,-1,,2021,4,5493008NWHQT1R22C024,7,"AMERICAN FINANCIAL NETWORK, INC.",CA,BREA,92821,77082
2021,549300VORTI31GZTJL53,23-2470039,7,3904891,3904891,"Cardinal Financial Company, Limited Partnership",NC,Charlotte,-1,3,-1,,-1,,2021,4,549300VORTI31GZTJL53,7,"CARDINAL FINANCIAL COMPANY, LI",NC,CHARLOTTE,28273,231879
2021,549300BRJZYHYKT4BJ84,20-8921389,7,20-8921389,3944664,HOME POINT FINANCIAL CORPORATION,MI,EAST LANSING,-1,3,-1,,-1,,2021,4,549300BRJZYHYKT4BJ84,7,HOME POINT FINANCIAL CORPORATION,MI,ANN ARBOR,48105,344566
2021,549300FNXYY540N23N64,37-1542226,7,3949593,3949593,NEWREZ LLC,DE,WILMINGTON,-1,3,-1,,-1,,2021,4,549300FNXYY540N23N64,7,NEWREZ LLC,SC,GREENVILLE,29601,529874
2021,549300KIOYNU323LVJ37,68-0382674,7,3955754,3955754,AMERICAN PACIFIC MORTGAGE CORPORATION,CA,SACRAMENTO,-1,3,-1,,-1,,2021,4,549300KIOYNU323LVJ37,7,American Pacific Mortgage Corporation,CA,Roseville,95661,69515
2021,549300XWUSRVVOHPRY47,75-2695327,7,3844577,3844577,"EVERETT FINANCIAL, INC.",TX,AUSTIN,-1,3,-1,,-1,,2021,4,549300XWUSRVVOHPRY47,7,Supreme Lending/Everett Financial Inc.,TX,DALLAS,75254,63799
2021,549300GQDT484LGI9C04,47-0873092,7,4533159,4533159,NETWORK CAPITAL FUNDING CORPORATION,NV,Carson City,-1,3,-1,,-1,,2021,4,549300GQDT484LGI9C04,7,NETWORK CAPITAL FUNDING CORPORATION,CA,IRVINE,92618,92108
2021,5493001WHVQBGRSWEU75,22-3123730,7,3881554,3881554,"HomeBridge Financial Services, Inc.",NJ,Iselin,-1,3,-1,,-1,,2021,4,5493001WHVQBGRSWEU75,7,"HomeBridge Financial Services, Inc.",NJ,Iselin,08830,80664
2021,549300HW662MN1WU8550,38-2750395,7,3870651,3870651,"UNITED SHORE FINANCIAL SERVICES, LLC",MI,BIRMINGHAM,-1,3,-1,,-1,,2021,4,549300HW662MN1WU8550,7,United Wholesale Mortgage,MI,Pontiac,48341,803496
2021,549300LBCBNR1OT00651,75-2921540,7,3935523,3935523,Nationstar Mortgage LLC,TX,Coppell,-1,3,-1,,-1,,2021,4,549300LBCBNR1OT00651,7,Nationstar Mortgage,TX,Coppell,75019,402748
2021,549300LYRWPSYPK6S325,22-3039688,7,3966116,3966116,FREEDOM MORTGAGE CORPORATION,NJ,MT LAUREL,-1,3,-1,,-1,,2021,4,549300LYRWPSYPK6S325,7,FREEDOM MORTGAGE CORPORATION,IN,FISHERS,46037,739580
2021,549300R9S3MVDV4MGF56,20-8745846,7,4438179,4438179,"Carrington Mortgage Services, LLC",DE,Wilmington,-1,3,-1,,-1,,2021,4,549300R9S3MVDV4MGF56,7,Carrington Mortgage Services L,CA,Anaheim,92806,92949
2021,54930043BMDE130FJ617,77-0323586,7,3332935,3332935,"PROVIDENT FUNDING ASSOCIATES, L.P.",CA,BURLINGAME,-1,3,-1,,-1,,2021,4,54930043BMDE130FJ617,7,Provident Funding Associates,CA,Burlingame,94010,60543
2021,5493000YNV8IX4VD3X12,62-0997810,7,1936928,1936928,"VANDERBILT MORTGAGE AND FINANCE, INC.",TN,KNOXVILLE,-1,3,-1,,-1,,2021,4,5493000YNV8IX4VD3X12,7,"VANDERBILT MORTGAGE AND FINANCE, INC",TN,MARYVILLE,37804,128354
2021,549300ALNLUNS3Y53T24,84-1594306,7,4922025,4922025,AMERICAN FINANCING CORPORATION,CO,Aurora,-1,3,-1,,-1,,2021,4,549300ALNLUNS3Y53T24,7,American Financing Corporation,CO,Aurora,80014,84544
2021,5493006VAGP3GQ8FJT49,46-3528270,7,5023910,5023910,"Kiavi Funding, Inc",DE,WILMINGTON,-1,2,5023901,,-1,,2021,4,5493006VAGP3GQ8FJT49,7,"Kiavi Funding, Inc.",PA,Pittsburgh,15212,17874
2021,549300NOCASXPA34X033,27-4023565,7,4878010,4878010,"LAKEVIEW LOAN SERVICING, LLC",DE,WILMINGTON,-1,3,-1,,-1,,2021,4,549300NOCASXPA34X033,7,"Lakeview Loan Servicing, LLC",FL,Coral Gables,33146,279812
2021,C5654JQHZUHN0772B561,74-2291652,9,619877,619877,USAA Federal Savings Bank,TX,San Antonio,80522766,0,1447385,USAA CAPITAL CORP.,1447376,UNITED SERVICES AUTOMOBILE ASSOCIATION,2021,4,C5654JQHZUHN0772B561,9,USAA FEDERAL SAVINGS BANK,TX,SAN ANTONIO,78288,49633
2021,54930065B0NVUO52TY13,47-3705377,7,47-3705377,-1,AmRes Corporation,PA,Hummelstown,-1,3,-1,,-1,,2021,4,54930065B0NVUO52TY13,7,AMRES CORPORATION,PA,TREVOSE,19053,5356
2021,254900GL9FITA8BCKE77,87-0237696,5,264192,264192,Hercules First Federal Credit Union,UT,Salt Lake City,101571,0,-1,,-1,,2021,4,254900GL9FITA8BCKE77,5,Hercules First Federal Credit Union,UT,Taylorsville,84129,106
2021,549300CS1XP28EERR469,39-1229545,2,247140,247140,Oregon Community Bank,WI,Oregon,619951,0,1205473,,1205473,"BOSSHARD FINANCIAL GROUP, INC.",2021,4,549300CS1XP28EERR469,2,ONE COMMUNITY BANK,WI,OREGON,53575,1155
2021,549300OP314BNT2VUU11,82-0230214,5,124287,124287,PIONEER,ID,Mountain Home,489762,0,-1,,-1,,2021,4,549300OP314BNT2VUU11,5,PIONEER FEDERAL CREDIT UNION,ID,MOUNTAIN HOME,83647,387
2021,549300E45E0GS21KWF28,47-0524996,5,624590,624590,FIRST NEBRASKA Credit Union,NE,Omaha,141005,0,-1,,-1,,2021,4,549300E45E0GS21KWF28,5,FIRST NEBRASKA CREDIT UNION,NE,OMAHA,68134,317
2021,549300SK86EFHGUY2C52,39-0273620,3,894348,894348,Bank of Wisconsin Dells,WI,Wisconsin Dells,593987,0,3059746,,3059746,"DELLS BANCSHARES, INC.",2021,4,549300SK86EFHGUY2C52,3,BANK OF WISCONSIN DELLS,WI,716 SUPERIOR ST,53965,227
2021,5493002IVUY1DY0ZCL83,86-6050693,5,366489,366489,Canyon State Credit Union,AZ,Phoenix,435267,0,-1,,-1,,2021,4,5493002IVUY1DY0ZCL83,5,Copper State Credit Union,AZ,Phoenix,85053,666
2021,549300QZED00YTPAWQ69,88-0500878,5,3890097,3890097,GREATER NEVADA LLC,NV,RENO,-1,3,-1,,-1,,2021,4,549300QZED00YTPAWQ69,5,Greater Nevada Mortgage,NV,Carson City,89701,1401
2021,7H6GLXDRUGQFU57RNE97,13-4994650,9,852218,852218,"JPMorgan Chase Bank, National Association",OH,Columbus,2140778000,-1,1039502,JPMORGAN CHASE & CO.,1039502,JPMORGAN CHASE & CO.,2021,4,7H6GLXDRUGQFU57RNE97,9,"JPMorgan Chase Bank, NA",OH,Columbus,43240,546394
2021,549300YIQ7S7Z8PIHE53,26-0021318,7,3914377,3914377,AmeriSave Mortgage Corporation,GA,Atlanta,-1,3,-1,,-1,,2021,4,549300YIQ7S7Z8PIHE53,7,AMERISAVE MORTGAGE COMPANY,GA,ATLANTA,30305,488180
2021,5493007Y306QGNH6J842,04-1896000,5,18292,18292,LIBERTY BAY CREDIT UNION,MA,Braintree,669864,0,-1,,-1,,2021,4,5493007Y306QGNH6J842,5,Liberty Bay Credit Union,MA,Braintree,02184,416
2021,54930030PHXZTW8UCY89,48-0438970,2,671053,671053,"The Stock Exchange Bank, Caldwell, Kansas",KS,Caldwell,53736,0,1956702,STOCK EXCHANGE FINANCIAL CORPORATION,1956702,STOCK EXCHANGE FINANCIAL CORPORATION,2021,4,54930030PHXZTW8UCY89,2,The Stock Exchange Bank,KS,Caldwell,67022,136
2021,254900J67JRUY8SSE075,20-3063093,3,3344321,3344321,Tradition Capital Bank,MN,Edina,911710,-1,3344312,,3344312,"TRADITION BANCSHARES, INC.",2021,4,254900J67JRUY8SSE075,3,TRADITION CAPITAL BANK,MN,WAYZATA,55391,317
2021,RVDPPPGHCGZ40J4VQ731,26-2049351,9,4186591,4186591,"PENNYMAC LOAN SERVICES, LLC",DE,WILMINGTON,-1,3,-1,,-1,,2021,4,RVDPPPGHCGZ40J4VQ731,9,PENNYMAC LOAN SERVICES LLC,CA,WESTLAKE VILLAGE,91361,590862
2021,549300QMMJSALZQVP721,74-1196893,5,572093,572093,PUBLIC EMPLOYEES Credit Union,TX,Austin,350675,0,-1,,-1,,2021,4,549300QMMJSALZQVP721,5,Public Employees Credit Union,TX,Austin,78701,313
2021,254900NSJ1ASOONUCL94,47-0380194,5,692777,692777,LPS Employees Federal Credit Union,NE,Lincoln,-1,0,-1,,-1,,2021,4,254900NSJ1ASOONUCL94,5,LPS Employees Federal Credit Union,NE,Lincoln,68510,102
2021,54930060G4MDPWHISD89,91-1374387,7,3878385,3878385,EVERGREEN MONEYSOURCE MORTGAGE COMPANY,WA,OLYMPIA,-1,3,-1,,-1,,2021,4,54930060G4MDPWHISD89,7,Evergreen Moneysource Mortgage Company,WA,Bellevue,98006,19475
2021,5493002P6EVQ94HFYF14,21-0641594,5,441274,441274,SOUTH JERSEY,NJ,Deptford,378746,0,-1,,-1,,2021,4,5493002P6EVQ94HFYF14,5,FIRST HARVEST FEDERAL CU,NJ,DEPTFORD,08096,595
2021,54930063578UDYE3JR69,38-3601693,7,3870512,3870512,POLARIS HOME FUNDING CORP.,FL,Englewood,-1,3,-1,,-1,,2021,4,54930063578UDYE3JR69,7,Polaris Home Funding Corp.,MI,Grandville,49418,3642
2021,549300YPQDQJM78AYS70,37-0665733,5,222594,222594,HEARTLAND,IL,Springfield,320693,0,-1,,-1,,2021,4,549300YPQDQJM78AYS70,5,HEARTLAND CREDI T UNION,IL,SPRINGFEILD,62704,514
2021,549300TDVGWRELEO5F50,16-0920502,5,562786,562786,VISIONS,NY,Endwell,4274925,0,-1,,-1,,2021,4,549300TDVGWRELEO5F50,5,Visions Federal Credit Union,NY,Endicott,13760,5130
2021,549300S61HFNW2YFEK61,58-0153300,3,37435,37435,United Bank,GA,Zebulon,1510787,0,1082777,,1082777,UNITED BANK CORPORATION,2021,4,549300S61HFNW2YFEK61,3,UNITED BANK,GA,ZEBULON,30295,1796
2021,549300L9MOPDT0NKE883,48-0630879,1,762474,762474,"Fidelity Bank, National Association",KS,Wichita,2411656,0,3223967,,3223967,FIDELITY FINANCIAL CORPORATION,2021,4,549300L9MOPDT0NKE883,1,"FIDELITY BANK, N.A.",KS,WICHITA,67202,3389
2021,549300SV2V1USGXBSB36,26-0474086,3,3690701,3690701,Prime Meridian Bank,FL,Tallahassee,500841,0,4167974,,4167974,PRIME MERIDIAN HOLDING COMPANY,2021,4,549300SV2V1USGXBSB36,3,Prime Meridian Bank,FL,Tallahassee,32312,225
2021,549300HTMO7FGRKRLV06,11-2975713,7,3881590,3881590,"CLIFFCO, INC.",NY,UNIONDALE,-1,3,-1,,-1,,2021,4,549300HTMO7FGRKRLV06,7,"Cliffco, Inc",NY,Uniondale,11553,1833
2021,549300FOXIQQV5UZD367,54-1872422,7,3207958,3207958,"SOUTHERN TRUST MORTGAGE, LLC",VA,VIRGINIA BEACH,-1,1,-1,,3325740,"SOUTHERN NATIONAL BANCORP OF VIRGINIA, INC.",2021,4,549300FOXIQQV5UZD367,7,"Southern Trust Mortgage, LLC",VA,Virginia Beach,23462,10287
2021,254900C303DGB8I7GG88,95-1644513,5,82677,82677,LA Financial Federal Credit Union,CA,Pasadena,418943,0,-1,,-1,,2021,4,254900C303DGB8I7GG88,5,LA Financial Credit Union,CA,Pasadena,91105,502
2021,549300G36820CW642I52,23-0718025,3,582177,582177,Huntingdon Valley Bank,PA,Huntingdon Valley,351777,0,5042966,,5042966,"HV BANCORP, INC",2021,4,549300G36820CW642I52,3,HUNTINGDON VALLEY BANK,PA,DOYLESTOWN,18901,2851
2021,5493003WN6DPWM6VYA67,74-1110192,5,774,774,AUSTIN TELCO Federal Credit Union,TX,Austin,1819436,0,-1,,-1,,2021,4,5493003WN6DPWM6VYA67,5,Austin Telco FCU,TX,Austin,78757,1824
2021,549300JGL6C3EZEB8H05,42-1279302,3,803649,803649,Green Belt Bank & Trust,IA,Iowa Falls,494714,0,1140958,,1140958,GREEN BELT BANCORPORATION,2021,4,549300JGL6C3EZEB8H05,3,Green Belt Bank & Trust,IA,Iowa Falls,50126,213
2021,D32W5EBLENJC27207O81,48-0807333,3,65858,65858,Emprise Bank,KS,Wichita,1817179,0,1135824,,1135824,EMPRISE FINANCIAL CORPORATION,2021,4,D32W5EBLENJC27207O81,3,EMPRISE BANK,KS,WICHITA,67202,1160
2021,25490041Y3ITG7RD6H37,20-8219870,1,3597211,3597211,"Chain Bridge Bank, National Association",VA,Mclean,829790,0,3597220,,3597220,"CHAIN BRIDGE BANCORP, INC.",2021,4,25490041Y3ITG7RD6H37,1,"Chain Bridge Bank, N.A.",VA,McLean,22101,110
2021,B4TYDEB6GKMZO031MB27,94-1687665,9,480228,480228,"Bank of America, National Association",NC,Charlotte,1751524000,-1,1199769,BANA HOLDING CORPORATION,1073757,BANK OF AMERICA CORPORATION,2021,4,B4TYDEB6GKMZO031MB27,9,Bank of America NA,CA,Westlake Village,91361,368728
2021,KB1H1DSPRFMYMCUFXT09,94-1347393,9,451965,451965,"Wells Fargo Bank, National Association",SD,Sioux Falls,1747398000,0,2741679,"WFC HOLDINGS, LLC",1120754,WELLS FARGO & COMPANY,2021,4,KB1H1DSPRFMYMCUFXT09,9,WELLS FARGO BANK NA,NC,WINSTON-SALEM,27150-0000,897196
2021,254900YB9XQDO5W4KU33,59-0808589,5,689889,689889,SunState Federal Credit Union,FL,Gainesville,497331,0,-1,,-1,,2021,4,254900YB9XQDO5W4KU33,5,RADIANT CREDIT UNION,FL,GAINESVILLE,32606,798
2021,5493006MW6O2CE88BD43,94-0362026,5,648895,648895,MEMBERS 1ST CREDIT UNION,CA,Redding,230585,0,-1,,-1,,2021,4,5493006MW6O2CE88BD43,5,MEMBERS 1ST CREDIT UNION,CA,REDDING,96003,116
2021,5493008ZGI6EQ8RHPQ04,38-1067370,3,602048,602048,The State Bank,MI,Fenton,1033895,0,1248818,,1248818,"FENTURA FINANCIAL, INC.",2021,4,5493008ZGI6EQ8RHPQ04,3,The State Bank,MI,Fenton,48430,1465
2021,5493001XP7X9J8PCH525,20-8866792,3,3629420,3629420,Southern States Bank,AL,Anniston,1095493,0,3818381,,3818381,"SOUTHERN STATES BANCSHARES, INC.",2021,4,5493001XP7X9J8PCH525,3,Southern States Bank,AL,Anniston,36201,221
2021,549300T7AIY7RU1YDP31,51-0678201,2,4210227,4210227,NBH Bank,CO,Greenwood Village,5893793,0,3973888,,3973888,NATIONAL BANK HOLDINGS CORPORATION,2021,4,549300T7AIY7RU1YDP31,2,NBH Bank,CO,Greenwood Village,80111,9403
2021,54930082VCNY40XPOB62,72-0185325,1,622037,622037,The First National Bank of Jeanerette,LA,Jeanerette,280482,0,1085303,,1085303,"JEANERETTE FIRST NATIONAL BANCORP, INC.",2021,4,54930082VCNY40XPOB62,1,THE FIRST NATIONAL BANK OF JEA,LA,JEANERETTE,70544,177
2021,JJKC32MCHWDI71265Z06,56-1074313,9,852320,852320,Truist Bank,NC,Winston-Salem,216077000,-1,1074156,BB&T CORPORATION,1074156,BB&T CORPORATION,2021,4,JJKC32MCHWDI71265Z06,9,TRUIST BANK,NC,RALEIGH,27604,286895
2021,549300U852CO3ZPGIE54,75-0510713,1,24668,24668,"BTH Bank, National Association",TX,Quitman,1792260,0,3488681,,3488681,"BT HOLDINGS, INC.",2021,4,549300U852CO3ZPGIE54,1,BTH BANK NATIONAL ASSOCIATION,TX,QUITMAN,75783,383
2021,549300CUUEEQ66ZVK149,43-1826060,7,5139017,5139017,"ENDEAVOR CAPITAL, LLC.",MO,Chesterfield,-1,3,-1,,-1,,2021,4,549300CUUEEQ66ZVK149,7,Endeavor Capital LLC,MO,Chesterfield,63017,5881
2021,549300CKKPTDS03YHG30,35-1089892,5,782481,782481,FIRST TRUST,IN,Michigan City,120638,0,-1,,-1,,2021,4,549300CKKPTDS03YHG30,5,First Trust Credit Union,IN,Michigan City,46360,83
2021,25490051QQ72KQWNN915,43-1123104,3,706656,706656,Community Bank of Marshall,MO,Marshall,163487,0,2647360,"MARSHALL COMMUNITY BANCSHARES, INC.",2647360,"MARSHALL COMMUNITY BANCSHARES, INC.",2021,4,25490051QQ72KQWNN915,3,Community Bank of Marshall,MO,Marshall,65340,104
2021,E57ODZWZ7FF32TWEFA76,13-5266470,9,476810,476810,"Citibank, National Association",SD,Sioux Falls,1384707000,0,3375370,CITICORP LLC,1951350,CITIGROUP INC.,2021,4,E57ODZWZ7FF32TWEFA76,9,"Citibank, N.A.",NY,New York,10012,73698
2021,549300RLNUFWOJLX7W13,26-4536354,3,3821037,3821037,R Bank,TX,Round Rock,553637,0,4478027,,4478027,R CORP FINANCIAL,2021,4,549300RLNUFWOJLX7W13,3,R BANK,TX,ROUND ROCK,78665,469
2021,549300ZAZI235VM8Q149,51-0427792,7,3882618,3882618,"JAMS-01, INC.",VA,ARLINGTON,-1,3,-1,,-1,,2021,4,549300ZAZI235VM8Q149,7,JAMS-01 INC DBA HOME SAVINGS & TRUST MORTGAGE,VA,FAIRFAX,22030,1309
2021,2549004LHWTI9UAUAJ26,80-0860660,7,4878159,4878159,"New Wave Loans Residential, LLC",DE,Wilmington,-1,3,-1,,-1,,2021,4,2549004LHWTI9UAUAJ26,7,New Wave Loans Residential LLC,FL,North Miami Beach,33179,33
2021,549300YSSK1TDPTWQ036,39-0669230,1,775456,775456,National Bank of Commerce,WI,Superior,994623,0,2665739,,2665739,"NATCOM BANCSHARES,INC.",2021,4,549300YSSK1TDPTWQ036,1,NATIONAL BANK OF COMMERCE,WI,SUPERIOR,54880,1500
2021,AD6GFRVSDT01YPT1CS68,22-1146430,9,817824,817824,"PNC Bank, National Association",DE,Wilmington,370002264,0,1469314,"PNC BANCORP, INC.",1069778,"PNC FINANCIAL SERVICES GROUP, INC., THE",2021,4,AD6GFRVSDT01YPT1CS68,9,PNC BANK N.A.,PA,Pittsburgh,15222,173932
2021,549300QO5LH5SP6I8C79,61-0337590,3,189044,189044,Commonwealth Bank and Trust Company,KY,Louisville,1122128,0,1118948,,1118948,"COMMONWEALTH BANCSHARES, INC.",2021,4,549300QO5LH5SP6I8C79,3,COMMONWEALTH BANK & TRUST COMPANY,KY,LOUISVILLE,40222,4312
2021,549300CYYO0YQ3EVCV77,74-1132577,5,74579,74579,SHELL FEDERAL CREDIT UNION,TX,Deer Park,1181244,0,-1,,-1,,2021,4,549300CYYO0YQ3EVCV77,5,Shell Federal Credit Union,TX,Deer Park,77536,4038
2021,549300AFD1IR7H2CES48,43-1302908,3,770657,770657,The Nodaway Valley Bank,MO,Maryville,932175,0,1066414,,1066414,"NODAWAY VALLEY BANCSHARES, INC.",2021,4,549300AFD1IR7H2CES48,3,The Nodaway Valley Bank,MO,Maryville,64468,388
2021,254900UDJNXYZSDOKI36,39-0518520,3,248745,248745,Oostburg State Bank,WI,Oostburg,245521,0,2128944,,2128944,"OOSTBURG BANCORP, INC.",2021,4,254900UDJNXYZSDOKI36,3,OOSTBURG STATE BANK,WI,OOSTBURG,53070,376
2021,5493005I7R041I8VOW18,73-1676597,7,73-1676597,-1,"LENDING 3, INC.",CA,FOUNTAIN VALLEY,-1,3,-1,,-1,,2021,4,5493005I7R041I8VOW18,7,"LENDING 3, INC",CA,FOUNTAIN VALLEY,92708,2726
2021,549300BTTR873E71L054,55-0873456,7,3882636,3882636,Integrity Home Mortgage Corporation,VA,ALEXANDRIA,-1,3,-1,,-1,,2021,4,549300BTTR873E71L054,7,Integrity Home Mortgage Corporation,VA,Winchester,22602,5806
2021,254900Z8J5L9POS71X51,93-0444581,5,942481,942481,Oregon State Credit Union,OR,Corvallis,1393221,0,-1,,-1,,2021,4,254900Z8J5L9POS71X51,5,OREGON STATE CREDIT UNION,OR,CORVALLIS,97330,489
2021,2549003AXAR3DY36M190,46-5641567,7,,-1,"Precision Mortgage, LLC",,,-1,-1,-1,,-1,,2021,4,2549003AXAR3DY36M190,7,Precision Mortgage LLC,MD,Rockville,20850,48
2021,254900V7ZAKK6Z6SQ303,38-2116791,5,508887,508887,Polish-American Federal Credit Union,MI,Troy,125385,0,-1,,-1,,2021,4,254900V7ZAKK6Z6SQ303,5,Polish-Am Federal Credit Union,MI,Troy,48083,101
2021,549300OIJZOV6CPR1Y57,42-0114420,1,820048,820048,"First National Bank, Ames, Iowa",IA,Ames,913271,0,1202258,,1202258,AMES NATIONAL CORPORATION,2021,4,549300OIJZOV6CPR1Y57,1,First National Bank  Ames  Iow,IA,Ames,50010,350
2021,549300FV8093AKDLHQ80,48-0669498,5,425498,425498,Envista Credit Union,KS,Topeka,398753,0,-1,,-1,,2021,4,549300FV8093AKDLHQ80,5,ENVISTA CREDIT UNION,KS,TOPEKA,66614,1103
2021,5493005ES4J6H2VR7264,57-0113015,3,763677,763677,Security Federal Bank,SC,Aiken,962701,0,1253773,,1253773,SECURITY FEDERAL CORPORATION,2021,4,5493005ES4J6H2VR7264,3,SECURITY FEDERAL BANK,SC,AIKEN,29802,938
2021,5493006VI8ZWLFWG2K57,22-1733411,5,397782,397782,JERSEY SHORE FEDERAL CREDIT UNION,NJ,Northfield,162609,0,-1,,-1,,2021,4,5493006VI8ZWLFWG2K57,5,Jersey Shore FCU,NJ,Northfield,08225,164
2021,549300LG8MECYD8F2A55,75-1511306,1,498362,498362,American National Bank & Trust,TX,Wichita Falls,885101,0,2507204,,2507183,"AMERIBANCSHARES, INC.",2021,4,549300LG8MECYD8F2A55,1,AMERICAN NATIONAL BANK & TRUST,TX,WICHITA FALLS,76308,979
2021,549300VFH2IXM3I18P78,22-1506321,5,624974,624974,North Jersey Federal Credit Union,NJ,Totowa,215283,0,-1,,-1,,2021,4,549300VFH2IXM3I18P78,5,NORTH JERSEY FEDERAL CREDIT UNION,NJ,TOTOWA,07512,63
2021,549300UFNWYY11NLMW19,63-1246790,7,63-1246790,-1,"Hometown Lenders, Inc.",AL,HUNTSVILLE,-1,3,-1,,-1,,2021,4,549300UFNWYY11NLMW19,7,"Hometown Lenders, Inc.",AL,Huntsville,35806,27012
2021,549300UFWBQTD1W41E26,48-0672349,5,12898,12898,MAINSTREET FEDERAL CREDIT UNION,KS,Lenexa,467748,0,-1,,-1,,2021,4,549300UFWBQTD1W41E26,5,Mainstreet Federal Credit Unio,KS,Lenexa,66215,1298
2021,549300QX0QWWJKEY4R28,36-2031498,2,716833,716833,Marquette Bank,IL,Chicago,1619703,0,1207486,,1207486,MARQUETTE NATIONAL CORPORATION,2021,4,549300QX0QWWJKEY4R28,2,MARQUETTE BANK,IL,CHICAGO,60636,1436
2021,549300VMX06UV1F7NS76,01-0759540,7,4325635,4325635,"SUCCESS MORTGAGE PARTNERS, INC.",MI,PLYMOUTH,-1,2,-1,,-1,,2021,4,549300VMX06UV1F7NS76,7,"SUCCESS MORTGAGE PARTNERS, INC",MI,PLYMOUTH,48170,16175
2021,5493001VH4ZJNSI25781,91-0362750,3,455972,455972,Peoples Bank,WA,Bellingham,1979599,0,1030947,,1030947,PEOPLES BANCORP,2021,4,5493001VH4ZJNSI25781,3,PEOPLES BANK,WA,BELLINGHAM,98226,2658
2021,549300BHPLBG0CXKTL06,52-6051818,5,398387,398387,Clearview Federal Credit Union,PA,Moon Township,1284172,0,-1,,-1,,2021,4,549300BHPLBG0CXKTL06,5,CLEARVIEW FEDERAL CREDIT UNION,PA,MOON TOWNSHIP,15108,2377
2021,QFROUN1UWUYU0DVIWD51,31-0676865,1,723112,723112,"Fifth Third Bank, National Association",OH,Cincinnati,140077697,-1,2990244,FIFTH THIRD FINANCIAL CORPORATION,1070345,FIFTH THIRD BANCORP,2021,4,QFROUN1UWUYU0DVIWD51,1,"Fifth Third Bank, National Association",OH,Cincinnati,45263,145301
2021,549300MPDN3KQZW68M43,39-0207260,3,779650,779650,Chippewa Valley Bank,WI,Hayward,452156,0,1122963,,1122963,"CHIPPEWA VALLEY AGENCY, LTD.",2021,4,549300MPDN3KQZW68M43,3,CHIPPEWA VALLEY BANK,WI,HAYWARD,54843,164
2021,549300W5A6PQ1VJG3497,44-0246815,1,950178,950178,First Federal Bank of Kansas City,MO,Kansas City,791565,0,-1,,-1,,2021,4,549300W5A6PQ1VJG3497,1,FIRST FEDERAL BANK OF KANSAS CITY,MO,KANSAS CITY,64120,2255
2021,2549003Z8R5QM0WPS603,53-0260404,5,402583,402583,IDB Global Federal Credit Union,DC,Washington,586632,0,-1,,-1,,2021,4,2549003Z8R5QM0WPS603,5,IDB Global Federal Credit Union,DC,Washington,20577,291
2021,549300MNJT84X74B3052,63-0962641,3,1160509,1160509,Premier Bank of the South,AL,Cullman,207317,0,2226484,,2226484,"FCB BANCSHARES, INC.",2021,4,549300MNJT84X74B3052,3,Premier Bank of the South,AL,Cullman,35056,161
2021,549300YM15OICCNPH537,27-3627801,7,4537241,4537241,GREENWAY MORTGAGE FUNDING CORP.,NJ,MIDDLETOWN,-1,3,-1,,-1,,2021,4,549300YM15OICCNPH537,7,Greenway Mortgage Funding Corp.,NJ,Middletown,07748,1315
2021,549300ROUYYKL22P3T17,34-4324299,1,571920,571920,The First National Bank of Pandora,OH,Pandora,190343,0,1139149,,1139149,"PANDORA BANCSHARES, INCORPORATED",2021,4,549300ROUYYKL22P3T17,1,First National Bank of Pandora,OH,Pandora,45877,327
2021,54930052M48FOD3CWA54,86-0860478,7,3877575,3877575,"PRIMARY RESIDENTIAL MORTGAGE, INC.",NV,Carson City,-1,3,-1,,-1,,2021,4,54930052M48FOD3CWA54,7,"Primary Residential Mortgage, Inc.",UT,Salt Lake City,84116,58338
2021,549300CIQ950OK0BS407,85-0113445,5,955771,955771,SANDIA LABORATORY,NM,Albuquerque,2634465,0,-1,,-1,,2021,4,549300CIQ950OK0BS407,5,Sandia Laboratory Federal Credit Union,NM,Albuquerque,87111,1759
2021,549300FS4TWJ50ESLB05,43-0573160,2,309150,309150,The Missouri Bank,MO,Warrenton,246711,0,1138393,,1138393,"WARREN COUNTY BANCSHARES, INC.",2021,4,549300FS4TWJ50ESLB05,2,The Missouri Bank,MO,SEDALIA,65301,97
2021,549300FTOVR82GNLRK69,61-1870249,7,,-1,Absolutely Zero Corporation,,,-1,-1,-1,,-1,,2021,4,549300FTOVR82GNLRK69,7,OWNING CORPORATION,CA,ORANGE,92868,8967
2021,549300GCEP3NM7A1X491,14-0578631,1,677176,677176,TrustCo Bank,NY,Glenville,5220288,0,1048513,,1048513,TRUSTCO BANK CORP NY,2021,4,549300GCEP3NM7A1X491,1,Trustco Bank,NY,Albany,12205,9397
2021,5493002LFCYKY0EGSQ80,34-0092790,3,72678,72678,Belmont Savings Bank,OH,Bellaire,376994,0,-1,,-1,,2021,4,5493002LFCYKY0EGSQ80,3,Belmont Savings Bank,OH,Bellaire,43906,292
2021,254900GBKSHEUZ4PGG08,54-0345618,1,31826,31826,Powell Valley National Bank,VA,Jonesville,303286,0,1249271,,1249271,"POWELL VALLEY BANKSHARES, INC.",2021,4,254900GBKSHEUZ4PGG08,1,Powell Valley National Bank,VA,Jonesville,24263,213
2021,549300LAWVJCE0EU0U03,83-0991339,7,,-1,"M C Mortgage, L.P.",,,-1,-1,-1,,-1,,2021,4,549300LAWVJCE0EU0U03,7,"M C Mortgage, L.P.",TX,Grapevine,76051,313
2021,5493006ZBGVXBAMCRG16,59-0773154,5,577799,577799,FLORIDA,FL,Gainesville,1266314,0,-1,,-1,,2021,4,5493006ZBGVXBAMCRG16,5,FLORIDA CREDIT UNION,FL,GAINESVILLE,32627,7352
2021,549300PE7I3IWSUX2B53,06-0521260,3,821906,821906,Salisbury Bank and Trust Company,CT,Lakeville,1112449,0,2693273,,2693273,"SALISBURY BANCORP, INC.",2021,4,549300PE7I3IWSUX2B53,3,Salisbury Bank and Trust Co,CT,Lakeville,06039-1868,632
2021,549300N52O6FKUCU5G62,91-0863377,5,681191,681191,NUMERICA CREDIT UNION,WA,Spokane Valley,2515180,0,-1,,-1,,2021,4,549300N52O6FKUCU5G62,5,NUMERICA CREDIT UNION,WA,SPOKANE VALLEY,99216,4805
2021,549300QIEXWCVRBXUH64,59-0857963,5,338981,338981,VELOCITY COMMUNITY Federal Credit Union,FL,PALM BEACH GARDENS,364320,0,-1,,-1,,2021,4,549300QIEXWCVRBXUH64,5,VELOCITY COMMUNITY FEDERAL CREDIT UNION,FL,PALM BEACH GARDENS,33410,261
2021,549300VN6R9UZ2MLDD79,56-2381466,7,,-1,"WinTex Group, LLC",TX,PLANO,-1,3,-1,,-1,,2021,4,549300VN6R9UZ2MLDD79,7,Wintex Group LLC,TX,Plano,75093-5505,1327
2021,549300FVD3YHE65PKH97,20-8083209,7,3955192,3955192,"PANORAMA MORTGAGE GROUP, LLC",NV,CARSON CITY,-1,3,-1,,-1,,2021,4,549300FVD3YHE65PKH97,7,"PANORAMA MORTGAGE GROUP, LLC",NV,LAS VEGAS,89119,9303
2021,254900UEITST3NEK8Y27,55-0267604,3,969639,969639,"FNB Bank, Inc.",WV,Romney,203841,0,1363784,,1363784,"EASTERN BANCSHARES, INC.",2021,4,254900UEITST3NEK8Y27,3,"FNB BANK, INC",WV,ROMNEY,26757,130
2021,5493003B20KZ3DEZGB43,26-0339713,3,3835454,3835454,Royal Business Bank,CA,Los Angeles,2783284,0,4176855,,4176855,RBB BANCORP,2021,4,5493003B20KZ3DEZGB43,3,ROYAL BUSINESS BANK,CA,LOS ANGELES,90017,1386
2021,5493007XRAHUC7QUVO11,75-0298448,1,329952,329952,The First National Bank of Granbury,TX,Granbury,629386,0,1105528,,1105528,FIRST GRANBURY BANCORPORATION,2021,4,5493007XRAHUC7QUVO11,1,THE FIRST NATIONAL BANK OF GRA,TX,GRANBURY,76048,447
2021,254900AU2FARCMPNA566,16-0341640,3,941804,941804,Bank of Holland,NY,Holland,143291,0,2960359,,2960359,"HOLLAND BANCORP, INC.",2021,4,254900AU2FARCMPNA566,3,Bank of Holland,NY,Holland,14080,253
2021,549300X0DCWAGU4DZH55,82-0760392,7,,-1,"NEXUS SERIES B, LLC",DE,CAMDEN,-1,3,-1,,-1,,2021,4,549300X0DCWAGU4DZH55,7,"Nexus Series B, LLC",DE,Camden,19934,178
2021,549300V4GRCFGZBVVZ73,22-1497860,5,101475,101475,GREATER ALLIANCE,NJ,Paramus,201169,0,-1,,-1,,2021,4,549300V4GRCFGZBVVZ73,5,Greater Alliance Federal Credit Union,NJ,Paramus,07652,374
2021,549300N1YEXP02MHBR47,31-0278870,5,368492,368492,"WRIGHT-PATT CREDIT UNION, INC.",OH,BEAVERCREEK,5091929,0,-1,,-1,,2021,4,549300N1YEXP02MHBR47,5,"Wright-Patt Credit Union, Inc.",OH,Beavercreek,45431,10803
2021,549300FFFM0IGJLBWH48,55-0518255,5,345699,345699,WEST VIRGINIA CENTRAL FEDERAL CREDIT UNION,WV,Parkersburg,197081,0,-1,,-1,,2021,4,549300FFFM0IGJLBWH48,5,WV Central Federal Credit Union,WV,Parkersburg,26101,237
2021,549300NI5SBQVOFLU926,25-1086908,5,627685,627685,CORRY FEDERAL CREDIT UNION,PA,Corry,58129,0,-1,,-1,,2021,4,549300NI5SBQVOFLU926,5,Corry Fedral Credit Union,PA,Corry,16407-8517,117
2021,549300Y6017C6OJWS030,95-1744202,5,565581,565581,GLENDALE FEDERAL CREDIT UNION,CA,Glendale,82495,0,-1,,-1,,2021,4,549300Y6017C6OJWS030,5,GLENDALE FEDERAL CREDIT UNION,CA,GLENDALE,91206,27
2021,5493001IKIPQ6O5UGV92,35-2486440,7,5027226,5027226,FINANCE OF AMERICA COMMERCIAL LLC,DE,WILMINGTON,-1,3,-1,,-1,,2021,4,5493001IKIPQ6O5UGV92,7,"FINANCE OF AMERICA COMMERCIAL,",NC,CHARLOTT,28210,9494
2021,549300MYAXFDGEI4NZ65,04-1355545,5,266794,266794,GFA Federal Credit Union,MA,Gardner,542746,0,-1,,-1,,2021,4,549300MYAXFDGEI4NZ65,5,GFA FEDERAL CREDIT UNION,MA,GARDNER,01440,360
2021,254900ZPTT694OV6U433,74-0879805,5,681490,681490,FIRSTMARK,TX,San Antonio,1020011,0,-1,,-1,,2021,4,254900ZPTT694OV6U433,5,FIRSTMARK CREDIT UNION,TX,SAN ANTONIO,78232,975
2021,549300WZQ2PP4RJDZR54,56-0990387,3,651121,651121,Lumbee Guaranty Bank,NC,Pembroke,343753,0,-1,,-1,,2021,4,549300WZQ2PP4RJDZR54,3,Lumbee Guaranty Bank,NC,Pembroke,28372,126
2021,549300VACYYK343SKH92,21-0506080,3,459671,459671,Manasquan Bank,NJ,Manasquan,1774451,0,2589723,,2589714,MB MUTUAL HOLDING COMPANY,2021,4,549300VACYYK343SKH92,3,Manasquan Bank,NJ,wall,08736,784
2021,549300CNDBHD7VKHK806,20-3340543,2,3385744,3385744,NobleBank & Trust,AL,Anniston,267336,0,5109672,,5109672,"NOBLE BANCSHARES, INC.",2021,4,549300CNDBHD7VKHK806,2,NobleBank and Trust,AL,Anniston,36201,125
2021,549300GZN0GWYE1KDB94,24-0652238,2,978118,978118,First Citizens Community Bank,PA,Mansfield,1465405,0,5518461,,1118368,"CITIZENS FINANCIAL SERVICES, INC.",2021,4,549300GZN0GWYE1KDB94,2,FIRST CITIZENS COMMUNITY BANK,PA,MANSFIELD,16933,862
2021,549300H05YH2B8D1FY15,25-0361790,3,357777,357777,Greenville Savings Bank,PA,Greenville,246160,0,-1,,-1,,2021,4,549300H05YH2B8D1FY15,3,GREENVILLE SAVINGS BANK,PA,GREENVILLE,16125,549
2021,25490049BUGXLHXJZD76,37-0904387,5,31992,31992,Mid-Illini Credit Union,IL,Bloomington,60803,0,-1,,-1,,2021,4,25490049BUGXLHXJZD76,5,MID ILLINI CREDIT UNION,IL,BLOOMINGTON,61704,64
2021,549300R5DOGZK0VWYL76,20-4993578,2,3412417,3412417,Jonah Bank of Wyoming,WY,Casper,342417,0,3923342,,3923342,JONAH BANKSHARES,2021,4,549300R5DOGZK0VWYL76,2,Jonah Bank of Wyoming,WY,Casper,82601,1404
2021,549300RN1POVRDD21477,62-0123520,3,,541857,Carroll Bank and Trust,TN,Huntingdon,306727,0,1848825,,1848825,"CARROLL FINANCIAL SERVICES, INC.",2021,4,549300RN1POVRDD21477,3,CARROLL BANK AND TRUST,TN,HUNTINGDON,38344,421
2021,5493006Y2YCT81BVTL57,94-0463800,3,507068,507068,Exchange Bank,CA,Santa Rosa,2669817,0,1025998,,1025998,"FRANK P. DOYLE TRUST, ARTICLE IX",2021,4,5493006Y2YCT81BVTL57,3,Exchange Bank,CA,Santa Rosa,95401,250
2021,2549006T1BV8J2I7XC10,74-0557805,3,,54656,Citizens State Bank,TX,Buffalo,-1,3,2112439,,-1,,2021,4,2549006T1BV8J2I7XC10,3,Citizens State Bank,TX,Buffalo,75831,121
2021,254900U7G0LJ4QNSFC86,42-0627479,3,215345,215345,Manufacturers Bank & Trust Company,IA,Forest City,370704,0,2269977,,2269977,MBT CORP.,2021,4,254900U7G0LJ4QNSFC86,3,Manufacturers Bank & Trust Co,IA,Forest City,50436,426
2021,5493006VCMZ998IGOO33,47-4523507,7,47-4523507,-1,NATION ONE MORTGAGE CORPORATION,NJ,MARLTON,-1,3,-1,,-1,,2021,4,5493006VCMZ998IGOO33,7,Nation One Mortgage Corporatio,NJ,Marlton,08053,2277
2021,549300D4ZYLSQ5LMTV35,22-3603829,7,4537250,4537250,ABSOLUTE HOME MORTGAGE CORPORATION,NJ,Fairfield,-1,3,-1,,-1,,2021,4,549300D4ZYLSQ5LMTV35,7,Absolute Home Mortgage,NJ,Fairfield,07004,11568
2021,2549000A1L311Q486V24,81-5479892,7,,-1,"Fortefi, LLC",,,-1,-1,-1,,-1,,2021,4,2549000A1L311Q486V24,7,"Fortefi, LLC",TN,Clarksville,37040,33
2021,254900G9TLX0Q50U7H04,39-0286170,3,,907547,PremierBank,WI,Fort Atkinson,422772,0,1141629,,1141629,"FIRST AMERICAN BANKSHARES, INC.",2021,4,254900G9TLX0Q50U7H04,3,PremierBank,WI,Fort Atkinson,53538,566
2021,2549008CBS11KBKU4Z95,87-0135033,5,601694,601694,Wasatch Peaks Federal Credit Union,UT,Ogden,349133,0,-1,,-1,,2021,4,2549008CBS11KBKU4Z95,5,Wasatch Peaks Federal Credit Union,UT,Ogden,84403,134
2021,54930067MGJBFNEN1P47,84-0459116,5,496087,496087,ELEVATIONS,CO,Boulder,-1,0,-1,,-1,,2021,4,54930067MGJBFNEN1P47,5,ELEVATION CREDIT UNION,CO,BOULDER,80301,10035
2021,549300R77W0P105C3S50,47-5349678,7,47-5349678,-1,HOMEXPRESS MORTGAGE CORP.,DE,NEWARK,-1,3,-1,,-1,,2021,4,549300R77W0P105C3S50,7,HomeXpress Mortgage Corp.,CA,Santa Ana,92705,6186
2021,549300BN61BPY0L0H441,04-1046670,3,408307,408307,Athol Savings Bank,MA,Athol,448277,-1,-1,,-1,,2021,4,549300BN61BPY0L0H441,3,ATHOL SAVINGS BANK,MA,ATHOL,01331,382
2021,549300HVP5UGBQY1I110,46-0850833,7,,-1,"Reali Loans, Inc.",,,-1,-1,-1,,-1,,2021,4,549300HVP5UGBQY1I110,7,"Reali Loans, Inc.",CA,San Mateo,94404,1822
2021,549300DTYWYXW2NOK656,06-1652426,7,3882663,-1,"Member Options, LLC",VA,CHARLOTTESVILLE,-1,3,-1,,-1,,2021,4,549300DTYWYXW2NOK656,7,"MEMBER OPTIONS, LLC",VA,CHARLOTTESVILLE,22903,494
2021,254900FBWHJU34E26I78,39-1968140,7,4438469,4438469,Accunet Mortgage LLC,WI,Waukesha,-1,3,-1,,-1,,2021,4,254900FBWHJU34E26I78,7,Accunet Mortgage LLC,WI,Waukesha,53188,1483
2021,549300U1V61ZDK023383,74-1397874,5,497392,497392,BRAZOS VALLEY SCHOOLS,TX,Katy,787816,0,-1,,-1,,2021,4,549300U1V61ZDK023383,5,BRAZOS VALLEY SCHOOLS CREDIT U,TX,KATY,77494,610
2021,549300X7EIYXZ10LDJ13,72-0494346,5,165589,165589,Heart of Louisiana Federal Credit Union,LA,Pineville,105795,0,-1,,-1,,2021,4,549300X7EIYXZ10LDJ13,5,HEART OF LA FCU,LA,Pineville,71360-5444,19
2021,549300QHPJ9CLOLCVE82,31-0390470,3,371223,371223,RiverHills Bank,OH,Milford,182584,0,1070541,,1070541,NEW RICHMOND BANCORPORATION,2021,4,549300QHPJ9CLOLCVE82,3,RiverHills Bank,OH,Milford,45150,722
2021,254900WRTMJD6GMNS670,42-1161597,7,,-1,Contract Exchange Corporation,IA,Cedar Rapids,-1,3,-1,,-1,,2021,4,254900WRTMJD6GMNS670,7,Contract Exchange Corporation,IA,Cedar Rapids,52401,85
2021,OJH4M4RQMT1WXN2BNC32,66-0561870,9,940311,940311,Banco Popular de Puerto Rico,,San Juan,41627000,0,1129382,,1129382,"POPULAR, INC.",2021,4,OJH4M4RQMT1WXN2BNC32,9,Banco Popular de Puerto Rico,PR,San Juan,00918-2708,10024
2021,8AI385EP1ZJCMUOZ8022,48-0319663,1,481177,481177,Landmark National Bank,KS,Manhattan,995323,0,3030307,,3030307,"LANDMARK BANCORP, INC.",2021,4,8AI385EP1ZJCMUOZ8022,1,Landmark National Bank,KS,Manhattan,66502-6052,2558
2021,549300F08RTZA4O1LF12,36-1174113,2,715144,715144,Grundy Bank,IL,Morris,275209,0,1208504,,1208504,"ILLINOIS VALLEY BANCORP, INC.",2021,4,549300F08RTZA4O1LF12,2,Grundy Bank,IL,Morris,60450,673
2021,5493001R92DY5DI1DI85,36-3873650,7,3876710,3327511,DRAPER AND KRAMER MORTGAGE CORP.,DE,WILMINGTON,-1,2,-1,,-1,,2021,4,5493001R92DY5DI1DI85,7,Draper and Kramer Mortgage Corp.,IL,Downers Grove,60515,29925
2021,5493003XLOX5FDT9R120,22-0998445,1,434203,434203,"First Hope Bank, A National Banking Association",NJ,Hope,520821,0,3609132,,3609132,FIRST HOPE BANCORP,2021,4,5493003XLOX5FDT9R120,1,"FIRST HOPE BANK, A NATIONAL BANKING ASSOCATION",NJ,HOPE,07844,318
2021,5493003ZQY78H3VXMF14,04-1943030,2,63573,63573,Walpole Co-operative Bank,MA,Walpole,514372,0,-1,,-1,,2021,4,5493003ZQY78H3VXMF14,2,WALPOLE CO-OPERATIVE BANK,MA,WALPOLE,02081,102
2021,549300J5YB46ZKVUNF26,83-0184377,5,,-1,UniWyo Credit Union,,,-1,-1,-1,,-1,,2021,4,549300J5YB46ZKVUNF26,5,UNIWYO FEDERAL CREDIT UNION,WY,LARAMIE,82070,291
2021,549300GYDLDVRYKJ3N02,35-0928620,5,321282,321282,FINANCIAL CENTER FIRST CREDIT UNION,IN,Indianapolis,585536,0,-1,,-1,,2021,4,549300GYDLDVRYKJ3N02,5,FINANCIAL CENTER FIRST CREDIT UNION,IN,INDIANAPOLIS,46226,972
2021,549300BSTNYSV3EWYM24,73-0376185,3,309655,309655,Regent Bank,OK,Tulsa,672364,0,3632000,,3632000,REGENT CAPITAL CORPORATION,2021,4,549300BSTNYSV3EWYM24,3,Regent Bank,OK,Tulsa,74136,384
2021,5493009CYWXD5RBPIX14,95-1681048,5,39082,39082,CALTECH EMPLOYEES FEDERAL CREDIT UNION,CA,La Canada,1795378,0,-1,,-1,,2021,4,5493009CYWXD5RBPIX14,5,CALTECH EMPLOYEES FEDERAL CREDIT UNION,CA,LA CANADA FLINTRIDGE,91011,461
2021,5493000JCZ0GMM2WOD15,39-0720440,2,833749,833749,WOODTRUST BANK,WI,Wisconsin Rapids,441172,0,1020582,,1020582,WOODTRUST FINANCIAL CORPORATION,2021,4,5493000JCZ0GMM2WOD15,2,WoodTrust Bank,WI,Wisconsin Rapids,54494,276
2021,2549009AOX259OY87H37,91-0135040,1,69678,69678,Baker Boyer National Bank,WA,Walla Walla,607293,0,1141870,,1141870,BAKER BOYER BANCORP,2021,4,2549009AOX259OY87H37,1,Baker Boyer National Bank,WA,Walla Walla,99362,246
2021,54930044OSTKOJMHF287,52-2132492,1,2808602,2808602,"Capital Bank, National Association",MD,Rockville,1396934,0,2808590,,2808590,"CAPITAL BANCORP, INC.",2021,4,54930044OSTKOJMHF287,1,"Capital Bank, N.A.",MD,Rockville,20850,3522
2021,5493006IBJS6XC0DFJ29,37-0458920,3,,326344,"The Peoples State Bank of Newton, Illinois",IL,Newton,461835,0,-1,,-1,,2021,4,5493006IBJS6XC0DFJ29,3,The Peoples State Bank of Newton,IL,Newton,62448-0328,201
2021,549300Y37WHI3S8KVE74,94-1284984,5,341682,341682,MERCED SCHOOL EMPLOYEES FEDERAL CREDIT UNION,CA,Merced,529799,0,-1,,-1,,2021,4,549300Y37WHI3S8KVE74,5,Merced School Employees Federal Credit Union,CA,Merced,95348,205
2021,549300HQL7U3JZ4LCJ17,75-3103689,5,3868993,3868993,"MORTGAGE MARKETS CUSO, LLC",CT,EAST HARTFORD,-1,3,-1,,-1,,2021,4,549300HQL7U3JZ4LCJ17,5,"Mortgage Markets CUSO, LLC",CT,Vernon,06066,410
2021,549300GMXZWXNOS1US34,21-0647676,5,3074,3074,FIRST ATLANTIC FEDERAL CREDIT UNION,NJ,EATONTOWN,262586,0,-1,,-1,,2021,4,549300GMXZWXNOS1US34,5,First Atlantic Federal Credit,NJ,Eatontown,07724,381
2021,549300TFEH2N4OKL5136,25-0660700,1,18827,18827,"NEXTIER BANK, NATIONAL ASSOCIATION",PA,Kittanning,1401005,0,2264404,,2264404,NEXTIER INCORPORATED,2021,4,549300TFEH2N4OKL5136,1,"NEXTIER BANK, N.A.",PA,BUTLER,16001,604
2021,254900561K135J92VD38,71-0159420,3,673440,673440,First Security Bank,AR,Searcy,5828222,0,1096505,,1096505,FIRST SECURITY BANCORP,2021,4,254900561K135J92VD38,3,First Security Bank,AR,Searcy,72143,2398
2021,549300AWVW2ZYIVA5297,34-4321530,3,564324,564324,The Old Fort Banking Company,OH,Old Fort,566263,0,2257620,,4902465,OLD FORT BANKING COMPANY EMPLOYEE STOCK OWNERSHIP AND 401-K PLAN,2021,4,549300AWVW2ZYIVA5297,3,Old Fort Banking Company,OH,Old Fort,44861,817
2021,549300I1IE35O2I0WT71,25-0988279,1,188177,188177,Westmoreland Federal Savings,PA,Latrobe,172696,0,-1,,-1,,2021,4,549300I1IE35O2I0WT71,1,Westmoreland Federal,PA,Latrobe,15650,121
2021,549300XYLNCM8KWF7B15,86-6050959,5,645894,645894,TRUWEST Credit Union,AZ,Tempe,1213836,0,-1,,-1,,2021,4,549300XYLNCM8KWF7B15,5,TruWest Credit Union,AZ,Tempe,85281,2366
2021,549300LT75BG7Z054795,52-1867436,7,4877910,4877910,BAY CAPITAL MORTGAGE CORPORATION,MD,ANNAPOLIS,-1,3,-1,,-1,,2021,4,549300LT75BG7Z054795,7,Bay Capital Mortgage Corporation,MD,Annapolis,21401,3507
2021,254900FFZUXK3B729T97,87-0229235,5,467890,467890,Deseret First Credit Union,UT,West Valley City,712986,0,-1,,-1,,2021,4,254900FFZUXK3B729T97,5,Deseret First Credit Union,UT,West Valley City,84120,1487
2021,254900YN8ERRLHZ0YF62,25-0732150,5,406693,406693,Riverset Credit Union,PA,Pittsburgh,110491,0,-1,,-1,,2021,4,254900YN8ERRLHZ0YF62,5,Riverset Credit Union,PA,Wexford,15090-7600,17
2021,549300C0SKCK5G4RX330,24-0528723,3,881012,881012,First Columbia Bank & Trust Co.,PA,Bloomsburg,738419,0,1118283,,1118283,"CCFNB BANCORP, INC.",2021,4,549300C0SKCK5G4RX330,3,First Columbia Bank & Trust Co.,PA,Bloomsburg,17815,793
2021,54930018CRFUH37BKR13,56-0220355,3,348720,348720,Farmers & Merchants Bank,NC,Salisbury,651435,0,1076619,,1076619,F & M FINANCIAL CORPORATION,2021,4,54930018CRFUH37BKR13,3,Farmers & Merchants Bank,NC,Granite Quarry,28072,203
2021,549300LUMAIOXHIFK142,74-1396345,5,735580,735580,Cy-Fair Federal Credit Union,TX,Houston,263804,0,-1,,-1,,2021,4,549300LUMAIOXHIFK142,5,CY-FAIR FEDERAL CREDIT UNION,TX,Houston,77065,51
2021,549300JX4XZ2XQAMU684,74-1321144,5,585495,585495,ASSOCIATED CREDIT UNION OF TEXAS,TX,League City,419985,0,-1,,-1,,2021,4,549300JX4XZ2XQAMU684,5,ASSOCIATED CREDIT UNION OF TX,TX,LEAGUE CITY,77573,245
2021,549300E2QBYW1NW41140,01-0216309,5,811372,811372,MAINE FAMILY,ME,Lewiston,176635,0,-1,,-1,,2021,4,549300E2QBYW1NW41140,5,Maine Family Federal Credit Union,ME,Lewiston,04240,266
2021,5493003JGY7VFGEGT744,75-0749819,3,561864,561864,Southwest Bank,TX,Odessa,456302,0,4415929,,4415929,"ODESSA SOUTHWEST BANCSHARES, INC.",2021,4,5493003JGY7VFGEGT744,3,Southwest Bank,TX,Odessa,79762,576
2021,5493009DQQ81725XIJ49,47-0803224,2,554857,554857,Five Points Bank,NE,Grand Island,1284481,0,2482196,,2482196,HOMETOWN BANC CORP,2021,4,5493009DQQ81725XIJ49,2,FIVE POINTS BANK,NE,GRAND ISLAND,68802,755
2021,254900WNJM89PTUDS223,26-1441291,3,3614846,3614846,Nebraska Bank of Commerce,NE,LINCOLN,151019,0,4181130,,4181130,NBC BANCSHARES LLC,2021,4,254900WNJM89PTUDS223,3,Nebraska Bank of Commerce,NE,Lincoln,68516,91
2021,549300V1L2AOAAI26J57,61-0305670,3,271341,271341,Peoples Bank,KY,Lebanon,85717,0,1099999,,1099999,"CROSSROADS BANCORP, INC.",2021,4,549300V1L2AOAAI26J57,3,PEOPLES BANK MT WASHINGTON,KY,MT WASHINGTON,40047,155
2021,549300C4YZ9QY31U5912,58-0163257,3,1011638,1011638,PrimeSouth Bank,GA,Blackshear,685696,0,1841321,,2135812,"JONES BANCSHARES, L.P.",2021,4,549300C4YZ9QY31U5912,3,PrimeSouth Bank,GA,Blackshear,31516,503
2021,549300MSU5WVAU4ZN645,25-0444380,1,961624,961624,"Dollar Bank, Federal Savings Bank",PA,Pittsburgh,9043235,0,5218097,,5218097,DOLLAR MUTUAL BANCORP,2021,4,549300MSU5WVAU4ZN645,1,"DOLLAR BANK, FSB",PA,PITTSBURGH,15222-1004,12315
2021,549300U8DCOOTG96YM89,91-0619653,3,429487,429487,Sound Community Bank,WA,Seattle,719853,0,3843646,,3843646,"SOUND FINANCIAL BANCORP, INC.",2021,4,549300U8DCOOTG96YM89,3,Sound Community Bank,WA,Seattle,98121,892
2021,549300RP00N9TM7RLE66,72-0124830,3,213538,213538,Bank of Abbeville & Trust Company,LA,Abbeville,173235,0,-1,,-1,,2021,4,549300RP00N9TM7RLE66,3,Bank of Abbeville and Trust Company,LA,Abbeville,70510,319
2021,549300TCY9QY8BRDQJ12,11-2590182,7,3873090,3873090,UNITED NORTHERN MORTGAGE BANKERS LIMITED,NY,LEVITTOWN,-1,3,-1,,-1,,2021,4,549300TCY9QY8BRDQJ12,7,UNMB Home Loans Inc.,NY,Levittown,11756,3675
2021,549300WDLOVGUYVTS727,57-0638331,5,380289,380289,MTC Federal Credit Union,SC,Greenville,196454,0,-1,,-1,,2021,4,549300WDLOVGUYVTS727,5,MTC Federal Credit Union,SC,Greenville,29602,67
2021,5493002XZSI0KH03JY56,23-0383750,2,734613,734613,The Bank of Landisburg,PA,Landisburg,304207,0,-1,,-1,,2021,4,5493002XZSI0KH03JY56,2,The Bank of Landisburg,PA,Landisburg,17040,383
2021,549300IO1KYLVNDJOQ94,23-2689725,7,23-2689725,-1,COLONIAL MORTGAGE SERVICE COMPANY OF AMERICA,PA,Montgomeryville,-1,3,-1,,-1,,2021,4,549300IO1KYLVNDJOQ94,7,COLONIAL MORTGAGE SERVICE CO.,PA,MONTGOMERYVILLE,18936,250
2021,549300IJ8KTGYPKLXK63,62-1344184,7,3842322,3842322,COMMUNITY MORTGAGE CORPORATION,TN,CORDOVA,-1,3,-1,,-1,,2021,4,549300IJ8KTGYPKLXK63,7,Community Mortgage Corporation,TN,Cordova,38018,4584
2021,549300Y4BSP3BSFW7J29,58-0904765,5,112499,112499,DELTA COMMUNITY CREDIT UNION,GA,Atlanta,6051860,0,-1,,-1,,2021,4,549300Y4BSP3BSFW7J29,5,DELTA COMMUNITY CREDIT UNION,GA,ATLANTA,30339,8921
2021,254900CEBR2F5Y0F1A15,01-0100490,3,,-1,Kennebec Savings Bank,ME,Augusta,-1,3,-1,,-1,,2021,4,254900CEBR2F5Y0F1A15,3,Kennebec Savings Bank,ME,Augusta,04332,2561
2021,54930065PWY9N8KCRQ96,39-0148750,2,24949,24949,Baraboo State Bank,WI,Baraboo,386472,0,1209248,,1209248,"BARABOO BANCORPORATION, INC., THE",2021,4,54930065PWY9N8KCRQ96,2,BARABOO STATE BANK,WI,BARABOO,53913,500
2021,549300DZCP6EQ7DCSD79,26-1717830,3,4289054,4289054,"UNIVERSITY LENDING GROUP, LLC",MI,ANN ARBOR,-1,2,-1,,1496253,"UNIVERSITY BANCORP, INC.",2021,4,549300DZCP6EQ7DCSD79,3,UNIVERSITY LENDING GROUP LLC,MI,CLINTON TOWNSHIP,48038,5849
2021,549300VEMK0LXVCRZM49,82-0219844,5,929071,929071,EAST IDAHO Credit Union,ID,Idaho Falls,309622,0,-1,,-1,,2021,4,549300VEMK0LXVCRZM49,5,EAST IDAHO CREDIT UNION,ID,IDAHO FALLS,83401,455
2021,549300VNBQD8FDHF7563,83-0310268,7,3913624,3913624,"MORTGAGE INVESTORS GROUP, INC.",TN,NASHVILLE,-1,3,-1,,-1,,2021,4,549300VNBQD8FDHF7563,7,MORTGAGE INVESTORS GROUP,TN,KNOXVILLE,37923,17894
2021,254900DBXH1D6Z0HXT15,23-1600048,5,37985,37985,Discovery Federal Credit Union,PA,Wyomissing,-1,0,-1,,-1,,2021,4,254900DBXH1D6Z0HXT15,5,Discovery Federal Credit Union,PA,Wyomissing,19610,180
2021,549300LNUJ0IPK43UX33,34-1746771,1,981275,981275,First Federal Bank of the Midwest,OH,Youngstown,3439822,0,3316917,,3316917,PREMIER FINANCIAL CORP,2021,4,549300LNUJ0IPK43UX33,1,PREMIER BANK,OH,YOUNGSTOWN,44503,9756
2021,98450081AF95D67E6996,82-4334297,7,,-1,"East West Mortgage, LLC",,,-1,-1,-1,,-1,,2021,4,98450081AF95D67E6996,7,"East West Mortgage, LLC",MA,Boston,02124,202
2021,2549004ZRHLORHQ9LT73,47-0153340,3,492650,492650,Exchange Bank,NE,Gibbon,955633,0,1061893,,1061893,EXCHANGE COMPANY,2021,4,2549004ZRHLORHQ9LT73,3,EXCHANGE BANK,NE,Kearney,68847,824
2021,254900KOW652UXXY2V12,73-0589840,3,377850,377850,First Security Bank & Trust Company,OK,Oklahoma City,55713,0,3602058,,3602058,"FSB BANCSHARES, INC.",2021,4,254900KOW652UXXY2V12,3,First Security Bank & Trust Company,OK,Oklahoma City,73111,264
2021,549300Y785ZJTIRTXM07,44-0162355,3,456250,456250,Bank of St. Elizabeth,MO,Saint Elizabeth,149009,0,2851279,,2851279,"SAINT ELIZABETH BANCSHARES, INC.",2021,4,549300Y785ZJTIRTXM07,3,BANK OF ST ELIZABETH,MO,ST ELIZABETH,65075,245
2021,549300TMY3OACQC9U777,95-4830207,7,4877657,4877657,"Greenbox Loans, Inc.",CA,Los Angeles,-1,3,-1,,-1,,2021,4,549300TMY3OACQC9U777,7,GREENBOX LOANS INC,CA,LOS ANGELES,90010,3462
2021,549300Z4E78BSM0XM758,74-1142852,5,720791,720791,TEXAS BAY,TX,Houston,501806,0,-1,,-1,,2021,4,549300Z4E78BSM0XM758,5,TEXAS BAY CREDIT UNION,TX,HOUSTON,77034,895
2021,549300GIXEN5875K5W17,39-0356800,3,528849,528849,Horicon Bank,WI,Horicon,883530,0,1202883,,1202883,SWORD FINANCIAL CORPORATION,2021,4,549300GIXEN5875K5W17,3,HORICON BANK,WI,HORICON,53032,1158
2021,5493003QFITYKWYBFG30,66-0737374,7,4320573,4320573,VIG MORTGAGE CORPORATION,,GUAYNABO,-1,3,-1,,-1,,2021,4,5493003QFITYKWYBFG30,7,VIG Mortgage,PR,San Juan,00907,319
2021,RA4FKR1AA05ZK88M8034,74-0526885,1,474254,474254,Broadway National Bank,TX,San Antonio,3831907,0,1828005,,1106879,"BROADWAY BANCSHARES, INC.",2021,4,RA4FKR1AA05ZK88M8034,1,BROADWAY NATIONAL BANK,TX,SAN ANTONIO,78209,881
2021,254900N9T42X4VF8F740,43-1785814,3,2619714,2619714,Alliance Bank,MO,Cape Girardeau,253159,0,3253629,,3253629,"ALLIANCE BANCSHARES, INC.",2021,4,254900N9T42X4VF8F740,3,Alliance Bank,MO,Cape Girardeau,63701,473
2021,54930046UUU8KKVCYD66,58-0471127,1,828174,828174,First Federal Savings and Loan Association of Valdosta,GA,Valdosta,189219,0,-1,,-1,,2021,4,54930046UUU8KKVCYD66,1,FIRST FEDERAL S&L ASSOCIATION,GA,VALDOSTA,31603,210
2021,549300Q55VW95EP3CM33,31-0352330,1,785923,785923,LCNB National Bank,OH,Lebanon,1636413,0,2759900,,2759900,LCNB CORP.,2021,4,549300Q55VW95EP3CM33,1,LCNB NATIONAL BANK,OH,LEBANON,45036,731
2021,5493004JDNBZNOT8PR69,83-0176464,5,309682,309682,WYHY,WY,Cheyenne,245184,0,-1,,-1,,2021,4,5493004JDNBZNOT8PR69,5,WyHy Federal Credit Union,WY,Cheyenne,82009,272
2021,549300XUH8JG68U18S44,95-3597368,5,136981,136981,NORTH COUNTY CREDIT UNION,CA,SAN DIEGO,67332,0,-1,,-1,,2021,4,549300XUH8JG68U18S44,5,NORTH COUNTY CREDIT UNION,CA,SAN DIEGO,92127,40
2021,549300CXZHD5OTAISA91,20-8407655,7,,-1,MK LENDING CORP.,CA,LOS ANGELES,-1,3,-1,,-1,,2021,4,549300CXZHD5OTAISA91,7,MK LENDING CORP,CA,North Hollywood,91601,2784
2021,549300Q4JBLTKDC7J303,95-3741119,1,209362,209362,"Bank of Whittier, National Association",CA,Whittier,73884,0,1398692,,1398692,GREATER PACIFIC BANCSHARES,2021,4,549300Q4JBLTKDC7J303,1,"Bank of Whittier, Na",CA,Whittier,90603,435
2021,254900AASWOQ6SVWCG44,73-0582491,5,419590,419590,Tulsa Federal Credit Union,OK,Tulsa,772312,0,-1,,-1,,2021,4,254900AASWOQ6SVWCG44,5,Tulsa Federal Credit Union,OK,Tulsa,74129,962
2021,5493003B1W77K6SD3U22,45-0556976,7,,-1,Prime Choice Funding Inc.,CA,Irvine,-1,3,-1,,-1,,2021,4,5493003B1W77K6SD3U22,7,PRIME CHOICE FUNDING INC,CA,TUSTIN,92780,6178
2021,549300LGE7I6F2K89769,31-4379741,5,833178,833178,BMI Federal Credit Union,OH,Dublin,517710,0,-1,,-1,,2021,4,549300LGE7I6F2K89769,5,BMI Federal Credit Union,OH,Dublin,43016,969
2021,549300IPZIRQSNKHX741,47-0116167,5,812294,812294,LIBERTY FIRST,NE,Lincoln,305588,0,-1,,-1,,2021,4,549300IPZIRQSNKHX741,5,LIBERTY FIRST CREDIT UNION,NE,LINCOLN,68503,1618
2021,549300Q3FASY9ZW0JS02,44-0526700,5,682291,682291,GREATER KC PUBLIC SAFETY CREDIT UNION,MO,Kansas City,141647,0,-1,,-1,,2021,4,549300Q3FASY9ZW0JS02,5,GREATER KC PUBLIC SAFETY CU,MO,KANSAS CITY,64127,144
2021,254900Q9V3DYHBRTUH61,31-0383745,1,480723,480723,1st National Bank,OH,Lebanon,203154,0,-1,,-1,,2021,4,254900Q9V3DYHBRTUH61,1,1st National Bank,OH,Lebanon,45036,1805
2021,549300GZJ5RFM7VED177,74-2884353,7,4323846,4323846,PATRIOT MORTGAGE COMPANY,TX,EL PASO,-1,3,-1,,-1,,2021,4,549300GZJ5RFM7VED177,7,Patriot Mortgage Company,TX,El Paso,79903,362
2021,549300IJ5M3CD2DPIX47,41-1449276,1,306159,306159,American National Bank of Minnesota,MN,Baxter,306098,0,3047172,,3047172,"AMERICAN BANCORPORATION OF MINNESOTA, INC.",2021,4,549300IJ5M3CD2DPIX47,1,American National Bank of Minnesota,MN,Brainerd,56401,362
2021,549300K80E72C24ZOJ37,57-0621127,5,437192,437192,SRP Federal Credit Union,SC,North Augusta,1067078,0,-1,,-1,,2021,4,549300K80E72C24ZOJ37,5,SRP Federal Credit Union,SC,North Augusta,29841,797
2021,5493001P38O8QXGI6503,94-1480396,5,579887,579887,SEA WEST COAST GUARD FEDERAL CREDIT UNION,CA,Oakland,375013,0,-1,,-1,,2021,4,5493001P38O8QXGI6503,5,Sea West Coast Gurad FCU,CA,Oakland,94605,303
2021,549300IFOE4SCP384147,38-0875820,3,137652,137652,University Bank,MI,Ann Arbor,357751,0,1496253,,1496253,"UNIVERSITY BANCORP, INC.",2021,4,549300IFOE4SCP384147,3,UNIVERSITY BANK,MI,ANN ARBOR,48104,190
2021,5493005JXQCVNMUHBR38,91-0480760,3,809771,809771,Yakima Federal Savings and Loan Association,WA,Yakima,1799401,0,-1,,-1,,2021,4,5493005JXQCVNMUHBR38,3,YAKIMA FEDERAL SAVINGS & LOAN,WA,YAKIMA,98901,787
2021,549300RFLICNI75BG067,41-0531676,3,,310754,American Equity Bank,,,-1,-1,2967358,,-1,,2021,4,549300RFLICNI75BG067,3,American Equity Bank,MN,Minnetonka,55343,80
2021,549300DQ137S1HEMVL85,51-0069788,5,225876,225876,DEXSTA,DE,Wilmington,315096,0,-1,,-1,,2021,4,549300DQ137S1HEMVL85,5,DEXSTA Federal Credit Union,DE,Wilmington,19803,160
2021,2549007IU6SKFLLNKZ07,45-3726636,3,,-1,Pacific Lending LLC,CA,IRVINE,-1,3,-1,,-1,,2021,4,2549007IU6SKFLLNKZ07,3,Pacific Lending LLC,CA,Ontario,91276,1956
2021,254900TKL128GKFR9C87,38-0996065,5,547596,547596,Wildfire Credit Union,MI,Saginaw,844894,0,-1,,-1,,2021,4,254900TKL128GKFR9C87,5,Wildfire Credit Union,MI,Saginaw,48605-3285,773
2021,5493009ZQ1VZ1HZCL108,36-1950478,3,857576,857576,West Town Bank & Trust,IL,North Riverside,279086,0,4899640,,4899640,"INTEGRATED FINANCIAL HOLDINGS, INC.",2021,4,5493009ZQ1VZ1HZCL108,3,West Town Bank & Trust,NC,Raleigh,27615,623
2021,549300OPWL6MYY9SXF04,45-0216652,5,965396,965396,WESTERN COOPERATIVE CREDIT UNION,ND,Williston,358802,0,-1,,-1,,2021,4,549300OPWL6MYY9SXF04,5,Western Cooperative Credit Union,ND,Williston,58801,211
2021,549300OSYCBC27271359,39-0634490,3,63742,63742,Hometown Bank,WI,Fond du Lac,490588,0,2628453,,2628453,"HOMETOWN BANCORP, LTD.",2021,4,549300OSYCBC27271359,3,HOMETOWN BANK,WI,FOND DU LAC,54935,999
2021,549300D7GVUYHQEDEE56,87-0463610,7,3877632,3877632,UNITED SECURITY FINANCIAL CORP,UT,MURRAY,-1,3,-1,,-1,,2021,4,549300D7GVUYHQEDEE56,7,United Security Financial,UT,Murray,84121,1369
2021,254900LWEI3KP9RMPK59,42-0442354,3,901741,901741,Northwest Bank & Trust Company,IA,Davenport,167266,0,1020667,,1020667,NORTHWEST INVESTMENT CORP.,2021,4,254900LWEI3KP9RMPK59,3,Northwest Bank & Trust Company,IA,Davenport,52806,13
2021,5493007GBJOK22LYB425,48-0542670,5,436878,436878,Wichita Federal Credit Union,KS,Wichita,132334,0,-1,,-1,,2021,4,5493007GBJOK22LYB425,5,WICHITA FEDERAL CREDIT UNION,KS,WICHITA,67206,411
2021,549300CF5UDGUFHYM827,26-0189349,2,,3715444,CapStar Bank,TN,Nashville,2036608,0,4933272,,4933272,"CAPSTAR FINANCIAL HOLDINGS, INC.",2021,4,549300CF5UDGUFHYM827,2,CapStar Bank,TN,Nashville,37203,3581
2021,549300FAG4VH7YJ66576,71-0077631,3,261940,261940,Anstaff Bank,AR,Green Forest,715939,0,2619349,,2619349,"FIRST NATIONAL BANCORP, INC.",2021,4,549300FAG4VH7YJ66576,3,ANSTAFF BANK,AR,GREEN FOREST,72638,303
2021,549300WOW2HLRVN4O324,42-0686459,5,512875,512875,COMMUNITY 1ST CREDIT UNION,IA,Ottumwa,709695,0,-1,,-1,,2021,4,549300WOW2HLRVN4O324,5,Community 1st Credit Union,IA,Ottumwa,52501,1459
2021,254900I4Q994MFILTR26,42-0357560,3,931944,931944,Keystone Savings Bank,IA,Marengo,145431,0,1131367,,1131367,KEYSTONE COMMUNITY BANCORPORATION,2021,4,254900I4Q994MFILTR26,3,Keystone Savings Bank,IA,Keystone,52249,116
2021,549300C1FRYGOIEXG035,42-0356760,3,665146,665146,Kerndt Brothers Savings Bank,IA,Lansing,290000,0,1203590,,1203590,"KERNDT BANK SERVICES, INC.",2021,4,549300C1FRYGOIEXG035,3,KERNDT BROTHERS SAVINGS BANK,IA,LANSING,52151,210
2021,5493000FWM3I2HHQY149,91-0683062,5,608198,608198,WASHINGTON STATE EMPLOYEES Credit Union,WA,OLYMPIA,3338766,0,-1,,-1,,2021,4,5493000FWM3I2HHQY149,5,WSECU,WA,OLYMPIA,98507,6360
2021,549300GMQCJI1T3P3Z82,59-0626648,5,174778,174778,INSIGHT,FL,Winter Springs,553071,0,-1,,-1,,2021,4,549300GMQCJI1T3P3Z82,5,Insight Credit Union,FL,Leesburg,34748,362
2021,5493001EYKX1T5YCJ737,73-0668635,5,281180,281180,RED RIVER FEDERAL CREDIT UNION,OK,Altus,88573,0,-1,,-1,,2021,4,5493001EYKX1T5YCJ737,5,RED RIVER FEDERAL CREDIT UNION,OK,ALTUS,73521,61
2021,549300JFKW9425KOPI17,72-0454922,5,752596,752596,SOUTHWEST LOUISIANA CREDIT UNION,LA,Lake Charles,106029,0,-1,,-1,,2021,4,549300JFKW9425KOPI17,5,Southwest Louisiana Credit Union,LA,Lake Charles,70605,141
2021,549300B0SOOJLUT6U297,74-1241284,5,753584,753584,United Texas Credit Union,TX,San Antonio,250837,0,-1,,-1,,2021,4,549300B0SOOJLUT6U297,5,UNITED TEXAS CREDIT UNION,TX,SAN ANTONIO,78249,162
2021,549300TG5MQ8D4SYP955,95-2023588,5,866792,866792,ALTURA,CA,Riverside,1515289,0,-1,,-1,,2021,4,549300TG5MQ8D4SYP955,5,ALTURA CREDIT UNION,CA,RIVERSIDE,92507,964
2021,25490093XKEEYF9N9X26,01-0146437,5,464796,464796,Coast Line Credit Union,ME,PORTLAND,64404,0,-1,,-1,,2021,4,25490093XKEEYF9N9X26,5,Coast Line Credit Union,ME,South Portland,04106-3919,82
2021,549300YQJU3WVKMRXR40,20-2029302,7,3944673,3944673,"PATRIOT ONE MORTGAGE BANKERS, LLC",NY,MINEOLA,-1,3,-1,,-1,,2021,4,549300YQJU3WVKMRXR40,7,PATRIOT ONE MORTGAGE BANKERS,NY,MINEOLA,11501,219
2021,5493002HK8IUOTMHKS81,13-3432069,3,2318482,2318482,"EMIGRANT MORTGAGE COMPANY, INC.",NY,ELMSFORD,-1,2,2833136,,3212091,NEW YORK PRIVATE BANK & TRUST CORPORATION,2021,4,5493002HK8IUOTMHKS81,3,"Emigrant Mortgage Company, Inc",NY,New York,10017,428
2021,254900A1GT4B0CJ1GH46,42-1295132,2,276645,276645,American State Bank,IA,Osceola,221431,0,1144095,,1144095,OSCEOLA BANCORPORATION,2021,4,254900A1GT4B0CJ1GH46,2,American State Bank,IA,Osceola,50213,119
2021,5493000XYE7QL54NMB52,37-0863264,3,439338,439338,United Community Bank,IL,Chatham,2663225,0,1097182,,1097182,"UNITED COMMUNITY BANCORP, INC.",2021,4,5493000XYE7QL54NMB52,3,UNITED COMMUNITY BANK,IL,GILLESPIE,62033,3067
2021,549300RT11OX6LMLMX54,48-1091560,7,,-1,"Frontier Farm Credit, FLCA",KS,Manhattan,-1,3,-1,,-1,,2021,4,549300RT11OX6LMLMX54,7,Farm Credit Services of America,NE,Omaha,68137,2
2021,254900XIJWVBUNAUBG18,36-2659309,5,39587,39587,Rock Valley Credit Union,IL,Loves Park,117043,0,-1,,-1,,2021,4,254900XIJWVBUNAUBG18,5,Rock Valley Credit Union,IL,Loves Park,61111,247
2021,549300CUF3Q2PQGM9256,61-0671028,5,78193,78193,COMMONWEALTH,KY,Frankfort,1388018,0,-1,,-1,,2021,4,549300CUF3Q2PQGM9256,5,COMMONWEALTH CREDIT UNION,KY,FRANKFORT,40601,3236
2021,549300KCIGGEKYI5VM19,56-2148606,7,2399940,2399940,"Carolina Farm Credit, ACA",NC,Statesville,-1,3,-1,,-1,,2021,4,549300KCIGGEKYI5VM19,7,Carolina Farm Credit,NC,Lincolnton,28092,698
2021,549300XTSMAC5DOX6447,04-6017806,5,169596,169596,HARVARD UNIVERSITY EMPLOYEES,MA,Cambridge,815945,0,-1,,-1,,2021,4,549300XTSMAC5DOX6447,5,HARVARD UNIVERSITY EMPLOYEE CR,MA,CAMBRIDGE,02138,1229
2021,254900Y4P4X4Y1L26R43,73-0366010,5,759894,759894,Municipal Employees Credit Union of Oklahoma City,OK,Oklahoma City,154165,0,-1,,-1,,2021,4,254900Y4P4X4Y1L26R43,5,Municipal Employees Credit Union,OK,Oklahoma  City,73139-0000,125
2021,254900AECSSNLT5FBU41,48-0456400,2,736550,736550,The Union State Bank of Everest,KS,Horton,308913,0,1057515,,1057515,"EVEREST BANCSHARES, INC.",2021,4,254900AECSSNLT5FBU41,2,UNION STATE BANK OF EVEREST,KS,EVEREST,66424,280
2021,254900LGRONOY5BBXN36,26-4261029,5,4438450,4438450,"Premier Lending Alliance, LLC",IA,Des Moines,-1,3,-1,,-1,,2021,4,254900LGRONOY5BBXN36,5,Premier Lending Alliance,IA,Johnston,50131,36
2021,254900G3F37LO9XNZA95,38-1562639,5,742092,742092,Best Financial Credit Union,MI,Muskegon,93175,0,-1,,-1,,2021,4,254900G3F37LO9XNZA95,5,BEST FINANCIAL CREDIT UNION,MI,MUSKEGON,49444,82
2021,5493001VM8PTR1KD2A32,54-0526784,5,451479,451479,MEMBER ONE,VA,Roanoke,1125711,0,-1,,-1,,2021,4,5493001VM8PTR1KD2A32,5,MEMBER ONE FEDERAL CREDIT UNION,VA,ROANOKE,24024,2113
2021,549300W1AS8CZYV4MQ17,39-6086299,5,663692,663692,Blackhawk Community Credit Union,WI,Janesville,619877,0,-1,,-1,,2021,4,549300W1AS8CZYV4MQ17,5,BLACKHAWK COMMUNITY CREDIT UNI,WI,JANESVILLE,53547,1888
2021,254900V7NEE9M236MZ98,54-0132780,2,858528,858528,The Bank of Marion,VA,MARION,392344,0,1132391,,1132391,"SOUTHWEST VIRGINIA BANKSHARES, INC.",2021,4,254900V7NEE9M236MZ98,2,THE BANK OF MARION,VA,MARION,24354,561
2021,549300W5V403XF1RX254,14-1691162,7,3872226,3872226,"OWNERSCHOICE FUNDING, INCORPORATED",NY,ALBANY,-1,3,-1,,-1,,2021,4,549300W5V403XF1RX254,7,"OwnersChoice Funding, Inc.",NY,Albany,12205,1855
2021,549300BWRXVFSDCUUY93,72-1444588,3,2775179,2775179,Community First Bank,LA,New Iberia,390346,0,2775160,,2775160,"COMMUNITY FIRST BANCSHARES, INC.",2021,4,549300BWRXVFSDCUUY93,3,COMMUNITY FIRST BANK,LA,NEW IBERIA,70562,350
2021,549300N16X2LRUQEUQ50,04-2077206,5,167499,167499,BOSTON FIREFIGHTERS,MA,Boston,300084,0,-1,,-1,,2021,4,549300N16X2LRUQEUQ50,5,BOSTON FIREFIGHTERS CU,MA,60 HALLET ST,02124,346
2021,549300ZNV71J20M52A37,42-0173225,5,2693,2693,FIRST,IA,Hiawatha,173841,0,-1,,-1,,2021,4,549300ZNV71J20M52A37,5,First Federal Credit Union,IA,Cedar Rapids,52405,443
2021,95JW06YV3JUTCH0IJV88,15-0313410,3,900502,900502,Fulton Savings Bank,NY,Fulton,380185,0,-1,,-1,,2021,4,95JW06YV3JUTCH0IJV88,3,Fulton Savings Bank,NY,Fulton,13069,244
2021,254900WEP08K7U7S3A80,77-0605392,7,4183684,4183684,Nations Lending Corporation,OH,Independence,-1,3,-1,,-1,,2021,4,254900WEP08K7U7S3A80,7,NATIONS LENDING CORPORATION,OH,INDEPENDENCE,44131,26509
2021,549300JMT2KAYN9PTX82,36-4548399,7,36-4548399,-1,"Members Mortgage Services, L.L.C.",KS,Hutchinson,-1,3,-1,,-1,,2021,4,549300JMT2KAYN9PTX82,7,"MEMBERS MORTGAGE SERVICES, LLC",KS,HUTCHINSON,67501,4450
2021,549300BGJTHEIKSJJS77,66-0217490,7,4253439,3878750,COOPERATIVA DE AHORRO Y CREDITO DE AGUADA,,Aguada,-1,3,-1,,-1,,2021,4,549300BGJTHEIKSJJS77,7,COOPERATIVA DE AHORRO Y CREDIT,PR,Aguada,00602,42
2021,5493005JR8XLPW5ROU93,04-2023790,5,90391,90391,SOUTHBRIDGE CREDIT UNION,MA,Southbridge,188109,0,-1,,-1,,2021,4,5493005JR8XLPW5ROU93,5,Southbridge Credit Union,MA,Southbridge,01550,223
2021,549300FJI86JAMJGHR47,48-0428300,1,499855,499855,Southwest National Bank,KS,Wichita,461701,0,1131451,,1131451,REPUBLIC FINANCIAL CORPORATION,2021,4,549300FJI86JAMJGHR47,1,SOUTHWEST NATIONAL BANK,KS,WICHITA,67202-3408,85
2021,549300UICMP0IGY0RG32,59-0633865,5,72070,72070,TAMPA POSTAL FEDERAL CREDIT UNION,FL,Lutz,83775,0,-1,,-1,,2021,4,549300UICMP0IGY0RG32,5,TAMPA POSTAL FCU,FL,LUTZ,33549,50
2021,549300VP1VKDLSCAH317,36-0706170,3,647432,647432,Oxford Bank & Trust,IL,Oak Brook,614673,-1,1248032,,1248032,OXFORD FINANCIAL CORPORATION,2021,4,549300VP1VKDLSCAH317,3,Oxford Bank & Trust,IA,North Liberty,52317,2170
2021,254900639EOJ1QZC2567,27-2499211,2,947776,947776,Charles River Bank,MA,Medway,256886,0,3966031,,3966022,"CHARLES RIVER BANCORP, MHC",2021,4,254900639EOJ1QZC2567,2,CHARLES RIVER BANK,MA,MEDWAY,02053,262
2021,549300AX5UMUZ61L1X54,23-1278971,5,7997,7997,UTILITIES EMPLOYEES CREDIT UNION,PA,Wyomissing,1240524,0,-1,,-1,,2021,4,549300AX5UMUZ61L1X54,5,Utilities Employees Credit Union,PA,Wyomissing,19610,747
2021,5493003CEZ9JGZYJ4J88,64-0117340,3,118736,118736,Bank of Yazoo City,MS,Yazoo City,239217,0,1083402,,1083402,YAZOO CAPITAL CORPORATION,2021,4,5493003CEZ9JGZYJ4J88,3,Bank Of Yazoo,MS,Yazoo City,39194-4209,160
2021,549300ODM8A5T4RHPY32,55-0118850,3,1014125,1014125,Bank of Charles Town,WV,Charles Town,515715,0,2234920,,2234920,"POTOMAC BANCSHARES, INC.",2021,4,549300ODM8A5T4RHPY32,3,BANK OF CHARLES TOWN,WV,CHARLES TOWN,25414,190
2021,5493004UNRG4PWDF2K60,13-5562114,5,755878,755878,AFFINITY,NJ,Basking Ridge,3529015,0,-1,,-1,,2021,4,5493004UNRG4PWDF2K60,5,Affinity Federal Credit Union,NJ,Basking Ridge,08720,3845
2021,5493002GOGIUXB84JB89,37-0573575,1,145545,145545,First National Bank of Waterloo,IL,Waterloo,491832,0,1135404,,1135404,"FIRST WATERLOO BANCSHARES, INC.",2021,4,5493002GOGIUXB84JB89,1,First National Bank of Waterloo,IL,Waterloo,62298,703
2021,254900TGS0SDEDP36K37,26-2904689,3,3599804,3599804,Great Nations Bank,OK,Norman,65839,0,-1,,-1,,2021,4,254900TGS0SDEDP36K37,3,Great Nations Bank,OK,Norman,73071,4
2021,254900S1MZBA1L5LZF88,23-7100361,5,65586,65586,LUFTHANSA EMP.,NY,East Meadow,97733,0,-1,,-1,,2021,4,254900S1MZBA1L5LZF88,5,LUFTHANSA EMPLOYEE FEDERAL CREDIT UNION,NY,EAST MEADOW,11554,4
2021,549300S347HTLHLOC775,14-1667104,7,5163142,5163142,"FIRST CREDIT CORPORATION OF NEW YORK, INC.",NY,NEW YORK,-1,3,-1,,-1,,2021,4,549300S347HTLHLOC775,7,"First Credit Corporation of NY, Inc.",NY,Gloversville,12078,1454
2021,549300YJQ7L8XG0WT572,31-0859064,5,871787,871787,CINFED Federal Credit Union,OH,Cincinnati,498507,0,-1,,-1,,2021,4,549300YJQ7L8XG0WT572,5,Cinfed Federal Credit Union,OH,Cincinnati,45209-0000,931
2021,4LJGQ9KJ9S0CP4B1FY29,61-0354170,3,317342,317342,Stock Yards Bank & Trust Company,KY,Louisville,3720038,0,1249730,,1249730,"STOCK YARDS BANCORP, INC.",2021,4,4LJGQ9KJ9S0CP4B1FY29,3,Stock Yards Bank and Trust Co,KY,Louisville,40206,3238
2021,549300PH1RMZ3NKH2953,61-0297243,2,618740,618740,"FIELD & MAIN BANK, INC.",KY,HENDERSON,471940,0,4353049,,4353049,"FIELD & MAIN BANCORP, INC.",2021,4,549300PH1RMZ3NKH2953,2,FIELD & MAIN BANK,KY,HENDERSON,42420,409
2021,549300E05TZE9VHI0I91,35-0631260,1,857875,857875,"Mid-Southern Savings Bank, FSB",IN,Salem,208372,0,5213074,,5213074,"MID-SOUTHERN BANCORP, INC",2021,4,549300E05TZE9VHI0I91,1,Mid-Southern Savings Bank,IN,Salem,47167,124
2021,549300WETW159N5QFR97,23-1466903,5,289999,289999,FIRST CAPITAL Federal Credit Union,PA,York,211934,0,-1,,-1,,2021,4,549300WETW159N5QFR97,5,FIRST CAPITAL FEDERAL CREDIT UNION,PA,YORK,17404-0746,551
2021,549300KDR80I1ELW8D36,91-2006136,7,91-2006136,-1,"Northwest Farm Credit Services, FLCA",WA,Spokane,-1,3,-1,,-1,,2021,4,549300KDR80I1ELW8D36,7,"NORTHWEST FARM CREDIT SERVICES, FLCA",WA,SPOKANE,99224,1366
2021,549300TZUUEG8RUJI536,86-0741955,7,3876318,3876318,LHM FINANCIAL CORPORATION,AZ,PHOENIX,-1,3,-1,,-1,,2021,4,549300TZUUEG8RUJI536,7,LHM FINANCIAL CORPORATION,AZ,SCOTTSDALE,85254,4447
2021,549300G0QSZVT1E3RS89,14-0553610,1,214106,214106,The Bank of Greene County,NY,Catskill,1439651,0,2728607,,2728595,"GREENE COUNTY BANCORP, MHC",2021,4,549300G0QSZVT1E3RS89,1,THE BANK OF GREENE COUNTY,NY,CATSKILL,12414,748
2021,5493002B2O407LCTBX72,39-0978524,3,457752,457752,Coulee Bank,WI,La Crosse,386378,0,1126989,,1126989,"COULEE BANCSHARES, INC.",2021,4,5493002B2O407LCTBX72,3,Coulee Bank,WI,La Crosse,54601,611
2021,549300OH0GCHTF3S7J46,20-2684905,7,4324991,4324991,CHOICE LENDING CORP.,CA,VICTORVILLE,-1,3,-1,,-1,,2021,4,549300OH0GCHTF3S7J46,7,Choice Lending Corporation,CA,Victorville,92395,346
2021,549300W8MJBUGW3ZLQ95,73-0784198,5,148890,148890,WEOKIE,OK,Oklahoma City,1188467,0,-1,,-1,,2021,4,549300W8MJBUGW3ZLQ95,5,WEOKIE Federal Credit Union,OK,Oklahoma City,73127,1424
2021,549300Y817BTHHMVNH95,30-0382471,7,30-0382471,-1,PILGRIM MORTGAGE LLC,TX,SAN ANTONIO,-1,3,-1,,-1,,2021,4,549300Y817BTHHMVNH95,7,Pilgrim Mortgage LLC,TX,San Antonio,78232,2193
2021,549300M63SGBHKKBOE21,72-0155250,3,535034,535034,Landmark Bank,LA,Clinton,141820,0,1085460,,1085460,"CLINTON BANCSHARES, INC.",2021,4,549300M63SGBHKKBOE21,3,Landmark Bank,LA,CLINTON,70722,106
2021,549300IB375I8TZ2FA87,02-0182460,3,653134,653134,Farmers-Merchants Bank & Trust Company,LA,Breaux Bridge,334893,0,-1,,-1,,2021,4,549300IB375I8TZ2FA87,3,Farmers-Merchants Bank and Trust,LA,"Breaux Bridge, LA",70517,251
2021,549300CR6ELPCYKQRB34,23-1107072,3,641775,641775,Prudential Bank,PA,Philadelphia,1295401,0,3314584,,3314584,"PRUDENTIAL BANCORP, INC.",2021,4,549300CR6ELPCYKQRB34,3,Prudential Bank,PA,Huntingdon Valley,19006,201
2021,5493000IIYWBLONJVJ30,26-1193089,7,,-1,ROUNDPOINT MORTGAGE SERVICING CORPORATION,DE,WILMINGTON,-1,3,-1,,-1,,2021,4,5493000IIYWBLONJVJ30,7,RoundPoint Mortgage Servicing Corporation,SC,Fort Mill,29715,7617
2021,254900158KALQ2PWDU44,14-0458765,2,645317,645317,The Adirondack Trust Company,NY,Saratoga Springs,1237461,0,-1,,3138267,"ADIRONDACK TRUST COMPANY EMPLOYEE STOCK OWNERSHIP TRUST, THE",2021,4,254900158KALQ2PWDU44,2,THE ADIRONDACK TRUST COMPANY,NY,SARATOGA SPRINGS,12866,428
2021,549300V1GCCNY7J42I93,74-2231534,2,528960,528960,Texas Community Bank,TX,Laredo,1475841,0,3211012,,3211012,"VISION BANCSHARES, INC.",2021,4,549300V1GCCNY7J42I93,2,Texas Community Bank,TX,Laredo,78045,190
2021,549300AZBM8V8SE0IT33,61-0654642,5,751085,751085,"PARK COMMUNITY CREDIT UNION, INC.",KY,Louisville,975232,0,-1,,-1,,2021,4,549300AZBM8V8SE0IT33,5,PARK COMMUNITY CREDIT UNION,KY,LOUISVILLE,40299,1091
2021,5493005VBGFDRV6FSU19,99-0073431,5,249377,249377,HAWAII STATE FEDERAL CREDIT UNION,HI,Honolulu,1763409,0,-1,,-1,,2021,4,5493005VBGFDRV6FSU19,5,Hawaii State Federal Credit Union,HI,Honolulu,96813,2306
2021,549300XZNW8Y7BOTQ597,31-0375911,3,367178,367178,Miami Savings Bank,OH,Hamilton,129517,0,-1,,-1,,2021,4,549300XZNW8Y7BOTQ597,3,Miami Savings Bank,OH,Miamitown,45041,134
2021,5493001QR7MEE12WC276,45-3655786,7,,-1,BAYPORT FUNDING LLC,NY,GREAT NECK,-1,3,-1,,-1,,2021,4,5493001QR7MEE12WC276,7,Bayport Funding LLC,NY,Great Neck,11021,268
2021,549300PGWM7M3DKQ1F43,31-6077716,5,636995,636995,BRIDGE,OH,Columbus,90047,0,-1,,-1,,2021,4,549300PGWM7M3DKQ1F43,5,Bridge Credit Union,OH,Columbus,43223,98
2021,549300I3PFIO81O8JD40,03-0286322,3,333203,333203,Union Bank,VT,Morristown,872287,0,1114940,,1114940,"UNION BANKSHARES, INC.",2021,4,549300I3PFIO81O8JD40,3,Union Bank,VT,Morrisville,05661,1624
2021,2549003VS9H74R09MO48,41-0415875,5,657794,657794,Star Choice Credit Union,MN,Bloomington,64237,0,-1,,-1,,2021,4,2549003VS9H74R09MO48,5,Star Choice Credit Union,MN,Bloomington,55431,85
2021,549300DT7WZ1SOTNFJ62,43-0231490,2,169653,169653,First Bank,MO,Creve Coeur,6166684,0,1029286,,1118797,FB CORPORATION,2021,4,549300DT7WZ1SOTNFJ62,2,FIRST BANK,MO,HAZELWOOD,63042,6309
2021,549300TYBI78RNWPFB28,47-2559616,5,66873,66873,AMERICAN EAGLE FINANCIAL CREDIT UNION,CT,EAST HARTFORD,2045639,0,-1,,-1,,2021,4,549300TYBI78RNWPFB28,5,AMERICAN EAGLE FCU,CT,EAST HARTFORD,06108,2810
2021,549300K0WZYZ4I41CZ29,35-6025844,5,472698,472698,BEACON CREDIT UNION,IN,WABASH,1260999,0,-1,,-1,,2021,4,549300K0WZYZ4I41CZ29,5,Beacon Credit Union,IN,Wabash,46992,875
2021,549300J1JK4OE41PLT95,64-0134511,3,29636,29636,"The Citizens Bank of Philadelphia, Mississippi",MS,Philadelphia,1195261,0,1083475,,1083475,CITIZENS HOLDING COMPANY,2021,4,549300J1JK4OE41PLT95,3,THE CITIZENS BANK,MS,PHILADELPHIA,39350,341
2021,549300UI713YO3L6SF02,24-0840764,5,185989,185989,HORIZON Federal Credit Union,PA,Williamsport,78033,0,-1,,-1,,2021,4,549300UI713YO3L6SF02,5,Horizon Federal Credit Union,PA,Williamsport,17701,524
2021,549300JQGT4VX22XJ495,31-4271820,2,498317,498317,The Ohio Valley Bank Company,OH,Gallipolis,998211,0,2012436,,2012436,OHIO VALLEY BANC CORP.,2021,4,549300JQGT4VX22XJ495,2,The Ohio Valley Bank Company,OH,Gallipolis,45631,593
2021,254900W66Q12I4MV8X83,38-1401260,5,554099,554099,OMNI Community Credit Union,MI,Battle Creek,423516,0,-1,,-1,,2021,4,254900W66Q12I4MV8X83,5,OMNI Community Credit Union,MI,Battle Creek,49015,896
2021,549300DWS85AHLUZHB50,42-1410409,2,2142155,2142155,Quad City Bank and Trust Company,IA,Bettendorf,1701973,0,2125813,,2125813,"QCR HOLDINGS, INC.",2021,4,549300DWS85AHLUZHB50,2,QUAD CITY BANK AND TRUST COMPANY,IA,Bettendorf,52722,307
2021,5493004KGZVI015KO609,91-0672401,5,605580,605580,CANOPY FEDERAL CREDIT UNION,WA,Spokane,157928,-1,-1,,-1,,2021,4,5493004KGZVI015KO609,5,Canopy Federal Credit Union,WA,SPOKANE,99201,158
2021,0S8H5NJFLHEVJXVTQ413,91-0897063,3,2078290,2078290,Columbia State Bank,WA,Tacoma,14071995,0,2078816,,2078816,"COLUMBIA BANKING SYSTEM, INC.",2021,4,0S8H5NJFLHEVJXVTQ413,3,Columbia State Bank,OR,Portland,97205-3356,3676
2021,T68X8LLAQYRNDV034K14,58-0554454,9,1017939,1017939,United Community Bank,SC,Greenville,12887120,-1,1249347,,1249347,"UNITED COMMUNITY BANKS, INC.",2021,4,T68X8LLAQYRNDV034K14,9,UNITED COMMUNITY BANK,SC,Greenville,29601,15742
2021,254900PJ63T7KFSHAV90,31-0373340,1,701222,701222,The Merchants National Bank,OH,Hillsboro,933467,0,2485487,,2485487,"MERCHANTS BANCORP, INC.",2021,4,254900PJ63T7KFSHAV90,1,MERCHANTS NATIONAL BANK,OH,HILLSBORO,45133,921
2021,54930015NKWX0FSGV150,06-0405020,3,820301,820301,Jewett City Savings Bank,CT,Griswold,294988,0,-1,,-1,,2021,4,54930015NKWX0FSGV150,3,JEWETT CITY SAVINGS BANK,CT,JEWETT CITY,06351,392
2021,254900N10G1D8QK8M334,48-0292690,2,368951,368951,"THE KAW VALLEY STATE BANK AND TRUST COMPANY, OF WAMEGO, KANSAS",KS,Wamego,191653,0,1357103,,1357103,"KAW VALLEY BANCSHARES, INC.",2021,4,254900N10G1D8QK8M334,2,KAW VALLEY STATE BANK & TRUST,KS,WAMEGO,66547,205
2021,5493001YLK9E8PF87B85,36-6068452,5,337395,337395,Vibrant Credit Union,IL,Moline,809155,0,-1,,-1,,2021,4,5493001YLK9E8PF87B85,5,Vibrant Credit Union,IL,MOLINE,61265,1163
2021,549300UL8PI3UKDJT092,34-0165477,2,846619,846619,The Cortland Savings and Banking Company,OH,Cortland,733844,0,1130931,,1130931,CORTLAND BANCORP,2021,4,549300UL8PI3UKDJT092,2,The Cortland Savings and Banking Company,OH,Niles,44446,996
2021,254900FSTRXV05536767,39-0387690,3,35879,35879,East Wisconsin Savings Bank,WI,Kaukauna,241323,0,5095533,,5085990,"WISCONSIN MUTUAL BANCORP, MHC",2021,4,254900FSTRXV05536767,3,EAST WISCONSIN SAVINGS BANK,WI,KAUKAUNA,54130,430
2021,54930020VWE4K0ME5605,61-0284670,2,266945,266945,The Monticello Banking Company,KY,Monticello,766200,0,1097922,,1097922,"MONTICELLO BANKSHARES, INC.",2021,4,54930020VWE4K0ME5605,2,MONTICELLO BANKING COMPANY,KY,MONTICELLO,42633,574
2021,549300ZCC628OMXIBR11,04-2976591,3,1161216,1161216,Northmark Bank,MA,North Andover,358758,0,-1,,-1,,2021,4,549300ZCC628OMXIBR11,3,Northmark Bank,MA,North Andover,01845,290
2021,5493003B2LEGQHDWRN55,04-2175534,5,371184,371184,HANSCOM,MA,Bedford,1509707,0,-1,,-1,,2021,4,5493003B2LEGQHDWRN55,5,HANSCOM FEDERAL CREDIT UNION,MA,HANSCOM AFB,01731,3962
2021,254900PJVECT3YD6KY88,02-0155840,3,265407,265407,Bank of New Hampshire,NH,Laconia,1755545,0,2545831,,2545831,BNH FINANCIAL,2021,4,254900PJVECT3YD6KY88,3,BANK OF NEW HAMPSHIRE,NH,LACONIA,03246,1114
2021,TSQQR4KZYLBZ0MLQ5D71,39-0634030,3,120542,120542,State Bank of Chilton,WI,Chilton,327016,0,1133820,,1133820,"CALUMET BANCORPORATION, INC.",2021,4,TSQQR4KZYLBZ0MLQ5D71,3,State Bank of Chilton,WI,Chilton,53014,240
2021,549300KH5RQTNDNNHM28,37-0206222,1,209148,209148,The First National Bank of Carmi,IL,Carmi,426469,0,1098929,,1098929,"SOUTHERN ILLINOIS BANCORP, INC.",2021,4,549300KH5RQTNDNNHM28,1,THE FIRST NATIONAL BANK OF CAR,IL,CARMI,62821,231
2021,254900QRD0ZXHH08TX87,76-0561995,7,3845846,3845846,"Network Funding, L.P.",TX,Dallas,-1,3,-1,,-1,,2021,4,254900QRD0ZXHH08TX87,7,"Network Funding, L.P.",TX,Houston,77042,13010
2021,549300E76OWAX7HQJX42,73-0149048,3,320052,320052,Legacy Bank,OK,Hinton,463748,0,1054091,,1054091,"MIDSTATE BANCORP, INC.",2021,4,549300E76OWAX7HQJX42,3,Legacy Bank,OK,Hinton,73047,239
2021,549300M4E3MK3F5GQW40,74-2815524,3,2505460,2505460,The Bank,LA,Jennings,245436,0,2504874,,2504874,"BANCSHARES, INC., THE",2021,4,549300M4E3MK3F5GQW40,3,The Bank,LA,JENNINGS,70546,313
2021,254900Z8I9USTJ1JA072,58-0152760,3,204237,204237,Magnolia State Bank,GA,Eastman,161478,0,2453936,,2453936,"MAGNOLIA BANKSHARES, INC.",2021,4,254900Z8I9USTJ1JA072,3,Magnolia State Bank,GA,Eastman,31023,85
2021,5493001XRDEGNB7US825,38-1497358,5,1012998,1012998,VIBE CREDIT UNION,MI,Novi,913849,0,-1,,-1,,2021,4,5493001XRDEGNB7US825,5,VIBE CREDIT UNION,MI,NOVI,48377,1210
2021,5493000E527OH5Y8TR73,54-0314180,5,13390,13390,NEWPORT NEWS SHIPBUILDING EMPLOYEES,VA,Newport News,1743830,0,-1,,-1,,2021,4,5493000E527OH5Y8TR73,5,BayPort Credit Union,VA,Newport News,23606,1555
2021,549300CRPIDBSEMEY066,48-0612011,5,177498,177498,HEARTLAND CREDIT UNION,KS,Hutchinson,325706,0,-1,,-1,,2021,4,549300CRPIDBSEMEY066,5,HEARTLAND CREDIT UNION,KS,HUTCHINSON,67502,1906
2021,549300XOP6YO0UN0TY92,57-0310635,5,584171,584171,Spero Financial,SC,Greenville,388395,-1,-1,,-1,,2021,4,549300XOP6YO0UN0TY92,5,Spero Financial Federal Credit Union,SC,Greenville,29601,183
2021,549300B8JQ9XD5FQQH32,72-0643580,3,767554,767554,"Citizens Bank & Trust Company of Vivian, Louisiana",LA,Vivian,138624,0,3010288,,3010288,"C B & T BANCSHARES, INC.",2021,4,549300B8JQ9XD5FQQH32,3,CITIZENS BANK AND TRUST CO,LA,VIVIAN,71082,481
2021,549300V1ZDKDQXFW3339,72-6020667,5,23184,23184,La Capitol Federal Credit Union,LA,Baton Rouge,512686,0,-1,,-1,,2021,4,549300V1ZDKDQXFW3339,5,La Capitol Federal Credit Union,LA,Baton Rouge,70821,499
2021,549300LQBQA3XIDZPS96,23-1402813,5,983082,983082,WHITE ROSE CREDIT UNION,PA,York,82814,0,-1,,-1,,2021,4,549300LQBQA3XIDZPS96,5,WHITE ROSE CREDIT UNION,PA,YORK,17402,81
2021,549300CY7WNAHKHYSJ73,76-0236067,7,2891622,2891622,"CORNERSTONE HOME LENDING, INC.",TX,HOUSTON,-1,3,-1,,-1,,2021,4,549300CY7WNAHKHYSJ73,7,"CORNERSTONE HOME LENDING, INC.",TX,HOUSTON,77027,48170
2021,54930047C62INWFYCF40,92-0028428,5,234588,234588,SPIRIT OF ALASKA,AK,Fairbanks,159141,0,-1,,-1,,2021,4,54930047C62INWFYCF40,5,Spirit of Alaska Federal Credit Union,AK,Fairbanks,99701,187
2021,549300QLO8TSQW5JTK72,47-0523112,3,207050,207050,West Gate Bank,NE,Lincoln,737952,0,1061736,,1061736,"WEST GATE BANSHARES, INC.",2021,4,549300QLO8TSQW5JTK72,3,West Gate Bank,NE,Lincoln,68516,7637
2021,549300WJIJV987NXVC31,27-0746986,7,4438133,4438133,"SCENIC OAKS FUNDING, INC.",CA,MODESTO,-1,3,-1,,-1,,2021,4,549300WJIJV987NXVC31,7,"SCENIC OAKS FUNDING, INC.",CA,MODESTO,95350,1533
2021,254900ZKF687G440AJ92,72-1333433,7,3915374,3915374,"America's Mortgage Resource, Inc.",LA,NEW ORLEANS,-1,3,-1,,-1,,2021,4,254900ZKF687G440AJ92,7,America's Mortgage Resource,LA,Metairie,70002,474
2021,5493004T9SQFCNRQ2L76,43-0889809,7,3842443,3842443,DELMAR FINANCIAL COMPANY,MO,St. Louis,-1,3,-1,,-1,,2021,4,5493004T9SQFCNRQ2L76,7,Delmar Financial Company,MO,St Louis,63141,8621
2021,549300ANGNMQ8TDQAZ27,20-2715422,7,4438151,4438151,"SUNSTREET MORTGAGE, LLC",AZ,Phoenix,-1,3,-1,,-1,,2021,4,549300ANGNMQ8TDQAZ27,7,SUNSTREET MORTGAGE LLC,AZ,TUCSON,85718,3977
2021,54930074GUKXKBKNQI12,72-0768210,3,1007154,1007154,Progressive Bank,LA,Monroe,585336,0,1108659,,1108659,"PROGRESSIVE BANCORP, INC.",2021,4,54930074GUKXKBKNQI12,3,Progressive Bank,LA,Monroe,71201,232
2021,254900UD8AEXTVCVAF72,53-0201494,5,524775,524775,Transportation Federal Credit Union,DC,Washington,242456,0,-1,,-1,,2021,4,254900UD8AEXTVCVAF72,5,TRANSPORTATION FCU,VA,ALEXANDRIA,22314,214
2021,549300HV02VPA0FYR272,30-0149832,9,,-1,American Liberty Mortgage,,,-1,-1,-1,,-1,,2021,4,549300HV02VPA0FYR272,9,American Liberty Mortgage Inco,CO,Denver,80211,980
2021,5493007XXF5AWOEWTU94,36-1776229,1,235174,235174,Mutual Federal Bank,IL,Chicago,70824,0,3850130,,3849013,"MUTUAL FEDERAL BANCORP, MHC",2021,4,5493007XXF5AWOEWTU94,1,MUTUAL FEDERAL BANK,IL,CHICAGO,60608,1018
2021,254900PO1C5ZTB4V4859,47-0326425,2,540056,540056,FirstBank of Nebraska,NE,Wahoo,282384,0,1020854,,1020854,"BANK MANAGEMENT, INC.",2021,4,254900PO1C5ZTB4V4859,2,FirstBank of Nebraska,NE,Wahoo,68066,323
2021,549300JOT0D4J0SZIK67,11-3412303,7,3881732,3881732,THE MONEY SOURCE INC.,NY,NEW YORK,-1,3,-1,,-1,,2021,4,549300JOT0D4J0SZIK67,7,THE MONEY SOURCE,AZ,PHOENIX,85034,30186
2021,5493005EYZOUVJUXAX38,32-0517445,7,,-1,"Lakeview Community Capital, LLC",AZ,Phoenix,-1,3,-1,,-1,,2021,4,5493005EYZOUVJUXAX38,7,"Lakeview Community Capital, LL",PA,Horsham,19044,19071
2021,549300YJD6GFEQBIEF90,86-0098798,5,171777,171777,TUCSON,AZ,TUCSON,469496,0,-1,,-1,,2021,4,549300YJD6GFEQBIEF90,5,Tucson Federal Credit Union,AZ,Tucson,85716,471
2021,254900FMBXF85WQYV433,13-4920330,3,661308,661308,Amalgamated Bank,NY,New York,5324945,0,-1,,4400336,WORKERS UNITED,2021,4,254900FMBXF85WQYV433,3,Amalgamated Bank,NY,New York,10001,900
2021,254900N91HZUUV8IZM62,75-0830371,5,497477,497477,North East Texas Credit Union,TX,Lone Star,161716,0,-1,,-1,,2021,4,254900N91HZUUV8IZM62,5,North East Texas Credit Union,TX,Daingerfield,75638,141
2021,254900A9IPKYRVXEJ156,82-5309607,7,,-1,Preston Home Loans Inc,MI,GOODRICH,-1,3,-1,,-1,,2021,4,254900A9IPKYRVXEJ156,7,Legacy Mortgage,MI,Grand Blanc,48439,1054
2021,549300T7DF901BR7V258,11-1644859,5,823674,823674,Jovia Financial Credit Union,NY,Westbury,3481966,-1,-1,,-1,,2021,4,549300T7DF901BR7V258,5,JOVIA FINANCIAL CREDIT UNION,NY,WESTBURY,11590,4460
2021,549300XZEU2LB7FLWW04,47-0153475,5,1018918,1018918,FOUR POINTS,NE,Omaha,131983,0,-1,,-1,,2021,4,549300XZEU2LB7FLWW04,5,FOUR POINTS FEDERAL CREDIT UNION,NE,OMAHA,68154,273
2021,549300OBO7DOF2KOP535,62-0198265,3,436159,436159,FirstBank,TN,Nashville,6120102,0,1132104,,1132104,FB FINANCIAL CORPORATION,2021,4,549300OBO7DOF2KOP535,3,FirstBank,TN,Nashville,37221,40424
2021,5493009NZUFSRFRWTY71,84-0808889,5,499882,499882,Red Rocks Credit Union,CO,Littleton,342937,0,-1,,-1,,2021,4,5493009NZUFSRFRWTY71,5,Red Rocks Credit Union,CO,Littleton,80120,1160
2021,549300EL87GZMCVX0Q34,26-4803398,7,5163067,5163067,"BOND STREET MORTGAGE, LLC",DE,WILMINGTON,-1,3,-1,,-1,,2021,4,549300EL87GZMCVX0Q34,7,"Bond Street Mortgage, LLC",NJ,Paramus,07652,2355
2021,254900YLQBQNWLGKOI74,95-3763643,9,1015560,1015560,"Industrial and Commercial Bank of China USA, National Association",NY,New York,2899519,0,2403119,,4097978,CHINA INVESTMENT CORPORATION,2021,4,254900YLQBQNWLGKOI74,9,Industrial and Commercial Bank of China (USA) NA,NY,New York,10036,310
2021,549300DJS1VMO4NUS123,66-0190521,5,639893,639893,Cooperativa A/C de Arecibo,,Arecibo,-1,0,-1,,-1,,2021,4,549300DJS1VMO4NUS123,5,COOPACA,PR,ARECIBO,00613,288
2021,549300U65SW4VWXX3N34,71-0058360,2,314444,314444,FBT Bank & Mortgage,AR,Fordyce,161857,0,1099092,"FBT BANCSHARES, INC.",1099092,"FBT BANCSHARES, INC.",2021,4,549300U65SW4VWXX3N34,2,FBT Bank & Mortgage,AR,Fordyce,71742,93
2021,549300SY0ZRUCS4CSY07,53-0197895,5,792976,792976,LAFAYETTE FEDERAL CREDIT UNION,MD,Rockville,681421,0,-1,,-1,,2021,4,549300SY0ZRUCS4CSY07,5,LAFAYETTE FEDERAL CREDIT UNION,MD,ROCKVILLE,20852,315
2021,5493003GJY287GIWFH36,31-4376841,5,565376,565376,CME Federal Credit Union,OH,Columbus,297060,0,-1,,-1,,2021,4,5493003GJY287GIWFH36,5,CME FEDERAL CREDIT UNION,OH,COLUMBUS,43215,521
2021,549300HJSQXR32ZGFP55,65-0644585,3,2587916,2587916,Marine Bank & Trust Company,FL,Vero Beach,286174,0,5076215,,5076215,"MARINE BANCORP OF FLORIDA, INC.",2021,4,549300HJSQXR32ZGFP55,3,MARINE BANK & TRUST,FL,VERO BEACH,32963,126
2021,549300E2UX99HKDBR481,01-0726495,7,3955923,3955923,"Broker Solutions, Inc.",CA,Sacramento,-1,3,-1,,-1,,2021,4,549300E2UX99HKDBR481,7,"Broker Solutions, Inc",CA,Tustin,92780,190426
2021,549300LAQ3M8E5I08F43,71-0697350,7,4531575,4531575,"Farm Credit Services of Western Arkansas, ACA",AR,Russellville,-1,3,-1,,-1,,2021,4,549300LAQ3M8E5I08F43,7,Farm Credit Services of Western Arkansas,AR,Russellville,72801,293
2021,5493000OOREHUZON5E13,91-0419072,5,680699,680699,SPOKANE FIREFIGHTERS CREDIT UNION,WA,Spokane,58078,0,-1,,-1,,2021,4,5493000OOREHUZON5E13,5,Spokane Firefighters Credit Un,WA,Spokane,99205,123
2021,549300UV5JQXLGVWIP44,36-2030168,3,347639,347639,Devon Bank,IL,Chicago,291029,0,1131602,,1131602,"DEVON BANCORP, INC.",2021,4,549300UV5JQXLGVWIP44,3,Devon Bank,IL,Chicago,60645,1719
2021,5493004GXVRGCA238646,94-1215832,5,1007798,1007798,PREMIER COMMUNITY CREDIT UNION,CA,Stockton,154951,0,-1,,-1,,2021,4,5493004GXVRGCA238646,5,Premier Community Credit Union,CA,Stockton,95219,13
2021,549300STXRPOVDJ5GX04,26-0012825,7,5023563,5023563,"CHU & ASSOCIATES, INC.",CA,SACRAMENTO,-1,3,-1,,-1,,2021,4,549300STXRPOVDJ5GX04,7,FIDELITY FUNDING,CA,PASADENA,91107,68
2021,549300L44U62O7WHRR78,93-0468003,5,837484,837484,FIRST COMMUNITY,OR,Coquille,1168075,0,-1,,-1,,2021,4,549300L44U62O7WHRR78,5,FIRST COMMUNITY CREDIT UNION,OR,COQUILLE,97423,1356
2021,254900KOJTW8YS8AL287,34-4186000,1,243414,243414,First National Bank of Bellevue,OH,Bellevue,226981,0,1071258,,1071258,FIRST BANCSHARES INC.,2021,4,254900KOJTW8YS8AL287,1,First National Bank,OH,Bellevue,44811,183
2021,254900PCN2EQDRMIHV68,43-1897429,7,3849488,3849488,Mortgage Investment Services Corporation,KS,Shawnee,-1,3,-1,,-1,,2021,4,254900PCN2EQDRMIHV68,7,Mortgage Investment Services Corporation,KS,Shawnee,66226,1683
2021,549300TT6197INLGZW29,99-0073432,5,184571,184571,ALOHA PACIFIC,HI,Honolulu,968340,0,-1,,-1,,2021,4,549300TT6197INLGZW29,5,Aloha Pacific FCU,HI,Honolulu,96813,328
2021,5493009U3Z7T32DXL565,23-0993717,3,815277,815277,Quaint Oak Bank,PA,Southampton,300538,0,3681316,,3681316,QUAINT OAK BANCORP INC,2021,4,5493009U3Z7T32DXL565,3,Quaint Oak Bank,PA,Southampton,18966,52
2021,549300H1I95THVU5ZB04,41-1962072,3,2849285,2849285,BankVista,MN,Sartell,347062,0,2849276,,3368185,"ABDO INVESTMENTS, INC.",2021,4,549300H1I95THVU5ZB04,3,BANKVISTA,MN,Sartell,56377,414
2021,549300XHEKTWE48VS407,63-1254889,7,3914265,3914265,"Consumer First Mortgage, Inc.",AL,NORTHPORT,-1,3,-1,,-1,,2021,4,549300XHEKTWE48VS407,7,CONSUMER FIRST MORTGAGE INC,AL,NORTHPORT,35473,654
2021,549300DUOQ7XXHRKPG35,61-0260720,1,553944,553944,The Lincoln National Bank of Hodgenville,KY,Hodgenville,317051,0,1118911,,1118911,"HAMBAC, INC.",2021,4,549300DUOQ7XXHRKPG35,1,THE LINCOLN NATIONAL BANK OF HODGENVILLE,KY,Hodgenville,42748,340
2021,549300JL3TGNE3Y7PE33,26-2413396,3,3619216,3619216,Texas Security Bank,TX,Dallas,560499,0,4400354,,4400354,"TEXAS SECURITY BANKSHARES, INC.",2021,4,549300JL3TGNE3Y7PE33,3,TEXAS SECURITY BANK,TX,DALLAS,75207,271
2021,549300A5HHOL2ED18C72,36-3390401,7,3876895,3876895,AMERITRUST MORTGAGE CORPORATION,IL,CRYSTAL LAKE,-1,3,-1,,-1,,2021,4,549300A5HHOL2ED18C72,7,Ameritrust Mortgage Corporation,IL,Crystal Lake,60014,66
2021,5493000BAKE4VAHVCU55,91-0593941,5,706290,706290,SALAL,WA,Seattle,737188,0,-1,,-1,,2021,4,5493000BAKE4VAHVCU55,5,SALAL CREDIT UNION,WA,SEATTLE,98115,643
2021,5493007MVCEU8QCNWC60,74-2331408,3,956750,956750,Rio Bank,TX,McAllen,544956,-1,3193033,,3193033,"RIO FINANCIAL SERVICES, INC.",2021,4,5493007MVCEU8QCNWC60,3,Rio Bank,TX,McAllen,78501-1147,115
2021,549300157R33LDICP344,25-1447459,7,3837382,3837382,"HOWARD HANNA FINANCIAL SERVICES, INC.",PA,PITTSBURGH,-1,3,-1,,-1,,2021,4,549300157R33LDICP344,7,"HOWARD HANNA FINANCIAL SERVICES, INC",PA,PITTSBURGH,15238,6039
2021,5493007G2SOD8W9RK547,14-1345856,5,743174,743174,FIRST NEW YORK,NY,Albany,334575,0,-1,,-1,,2021,4,5493007G2SOD8W9RK547,5,FIRST NEW YORK FEDERAL CREDIT UNION,NY,ALBANY,12205,898
2021,254900XX2FPZR1Y4FO11,36-0939290,3,520777,520777,Community Savings Bank,IL,Chicago,404933,0,-1,,-1,,2021,4,254900XX2FPZR1Y4FO11,3,Community Savings Bank,IL,Chicago,60641,179
2021,2549008SGDIASSJGSR05,63-0901920,7,3914274,3914274,Liberty Mortgage Corporation,AL,Birmingham,-1,3,-1,,-1,,2021,4,2549008SGDIASSJGSR05,7,Liberty Mortgage Corporation,AL,Birmingham,35216-3610,278
2021,549300RBJCM5B02O5U05,42-1325507,3,1387605,1387605,Northwest Bank,IA,Spencer,1688814,-1,1978713,,1978713,NORTHWEST FINANCIAL CORP.,2021,4,549300RBJCM5B02O5U05,3,NORTHWEST BANK,IA,SPENCER,51301,4161
2021,549300IE8IEY5YINFE12,21-0468823,3,1008076,1008076,Haddon Savings Bank,NJ,Haddon Heights,326873,0,-1,,-1,,2021,4,549300IE8IEY5YINFE12,3,Haddon Savings Bank,NJ,Haddon Heights,08035,246
2021,254900G8Q3CAX7YWBK48,62-1526027,3,2037185,2037185,First Community Bank of East Tennessee,TN,Kingsport,162118,0,2224239,,2224239,FIRST COMMUNITY CORPORATION,2021,4,254900G8Q3CAX7YWBK48,3,FIRST COMMUNITY BANK OF EAST TENNESSEE,TN,ROGERSVILLE,37857,132
2021,549300VFIO7B8IHC0H05,48-0214960,3,788559,788559,Farmers and Drovers Bank,KS,Council Grove,188806,0,3566749,,3566749,FARMERS AND DROVERS FINANCIAL CORP,2021,4,549300VFIO7B8IHC0H05,3,Farmers and Drovers Bank,KS,Council Grove,66846,153
2021,549300P2GEYNMH5OQA71,91-0462347,3,58971,58971,Washington Trust Bank,WA,Spokane,7151922,0,1029464,,1029464,W.T.B. FINANCIAL CORPORATION,2021,4,549300P2GEYNMH5OQA71,3,Washington Trust Bank,WA,Spokane,99201,4148
2021,549300FOZZQIQVHMVH05,31-0868609,7,3837270,3837270,AMERICAN MORTGAGE SERVICE COMPANY,OH,CINCINNATI,-1,3,-1,,-1,,2021,4,549300FOZZQIQVHMVH05,7,American Mortgage Service Company,OH,Cincinnati,45246,7889
2021,5493008UAY9U03UGF223,59-0307893,5,,878599,CITY & POLICE,FL,Jacksonville,79108,0,-1,,-1,,2021,4,5493008UAY9U03UGF223,5,City & Police Federal Credit Union,FL,Jacksonville,32256,11
2021,5493007LG15SP6QAWL48,48-0456370,2,227151,227151,The Union State Bank,KS,Arkansas City,337360,-1,3094121,,3094121,"DOCKING BANCSHARES, INC.",2021,4,5493007LG15SP6QAWL48,2,UNION STATE BANK,KS,ARKANSAS CITY,67005,420
2021,5493003KBJMVUE7RQO90,54-0623618,5,497383,497383,1ST ADVANTAGE FEDERAL CREDIT UNION,VA,Yorktown,728598,0,-1,,-1,,2021,4,5493003KBJMVUE7RQO90,5,1ST ADVANTAGE FEDERAL CREDIT U,VA,YORKTOWN,23693,138
2021,549300K1K5K5L0W6QR97,39-0532570,3,443353,443353,Unity Bank,WI,Augusta,527192,0,1122990,,1122990,KIMBERLY LEASING CORPORATION,2021,4,549300K1K5K5L0W6QR97,3,Unity Bank,MN,Rush City,55069,84
2021,54930035X20L4YB6HD91,37-0572440,3,837448,837448,Warren-Boynton State Bank,IL,New Berlin,174165,0,1207459,,1207459,"WB BANCORP, INC.",2021,4,54930035X20L4YB6HD91,3,Warren Boynton State Bank,IL,New Berlin,62670,195
2021,254900XY9IETIM2DL872,23-0873877,3,212018,212018,Pennian Bank,PA,Mifflintown,541758,0,1132896,,1132896,FIRST COMMUNITY FINANCIAL CORPORATION,2021,4,254900XY9IETIM2DL872,3,Pennian Bank,PA,Mifflintown,17059,275
2021,254900X5VVSXLQGRTJ55,41-0557430,3,835257,835257,Community Bank Mankato,MN,Vernon Center,333412,0,1127847,,1127847,"VERNON CENTER BANCSHARES, INC.",2021,4,254900X5VVSXLQGRTJ55,3,COMMUNITY BANK MANKATO,MN,VERNON CENTER,56090,346
2021,549300TJF420N3F01V87,48-0987182,2,139656,139656,Equity Bank,KS,Andover,3946120,0,3180547,,3180547,"EQUITY BANCSHARES, INC.",2021,4,549300TJF420N3F01V87,2,Equity Bank,KS,Wichita,67207,2169
2021,WO4YNEKNSZNVVA7Q7C46,11-0804410,1,837000,837000,The First National Bank of Long Island,NY,Glen Head,4096811,0,1048894,,1048894,"FIRST OF LONG ISLAND CORPORATION, THE",2021,4,WO4YNEKNSZNVVA7Q7C46,1,THE FIRST NATIONAL BANK OF LI,NY,GLEN HEAD,11545,391
2021,549300D8S1ETG70FFW35,74-6067520,5,347880,347880,H E B,TX,San Antonio,182271,0,-1,,-1,,2021,4,549300D8S1ETG70FFW35,5,H-E-B Federal Credit Union,TX,San Antonio,78249,326
2021,549300ABEFRFKC9S8368,84-0174408,5,867995,867995,"CREDIT UNION OF COLORADO, A FEDERAL CREDIT UNION",CO,Denver,1626621,0,-1,,-1,,2021,4,549300ABEFRFKC9S8368,5,"CREDIT UNION OF COLORADO, A FEDERAL CREDIT UNION",CO,DENVER,80203,3881
2021,549300S4PNXPKYHHRE82,35-0779057,5,82275,82275,FORUM Credit Union,IN,Fishers,1489730,0,-1,,-1,,2021,4,549300S4PNXPKYHHRE82,5,FORUM Credit Union,IN,Indianapolis,46250,3966
2021,549300RM1IZYGQDSNL85,75-0269610,1,809650,809650,"Texana Bank, National Association",TX,Linden,217610,0,1104071,,1104071,"LINDEN BANCSHARES, INC.",2021,4,549300RM1IZYGQDSNL85,1,"Texana Bank, N.A.",TX,Texarkana,75503,1569
2021,5493007LCGK7U7USNX41,33-0834150,7,5023817,5023817,"LOANSNAP, INC.",CA,Sacramento,-1,3,-1,,-1,,2021,4,5493007LCGK7U7USNX41,7,"Loansnap, Inc.",CA,Costa Mesa,92626,1887
2021,54930015EUQKUCIRBQ14,47-6026142,5,461580,461580,METRO CU,NE,Omaha,398033,0,-1,,-1,,2021,4,54930015EUQKUCIRBQ14,5,Metro Credit Union Mortgage,NE,Omaha,68137,545
2021,FYRC3KHM4DQBX5PWG390,75-1051036,3,490450,490450,North Dallas Bank & Trust Co.,TX,Dallas,1307762,0,-1,,-1,,2021,4,FYRC3KHM4DQBX5PWG390,3,North Dallas Bank & Trust Co.,TX,Dallas,75230,199
2021,254900B7OQXWTD0I4K81,75-0348875,1,849357,849357,The First National Bank of Hughes Springs,TX,Hughes Springs,267974,0,1838068,,1838068,CHALYBEATE SPRINGS CORPORATION,2021,4,254900B7OQXWTD0I4K81,1,The First National Bank,TX,Hughes Springs,75656-3603,142
2021,549300DRZGISDSL1BX02,06-0659505,5,687278,687278,FINEX CREDIT UNION,CT,East Hartford,83286,0,-1,,-1,,2021,4,549300DRZGISDSL1BX02,5,Finex Credit Union,CT,East Hartford,06108,119
2021,254900CBU2F2TON68T25,75-0291493,1,445955,445955,First National Bank of East Texas,TX,Gilmer,469240,0,1246515,,1246515,"FIRST GILMER BANKSHARES, INC.",2021,4,254900CBU2F2TON68T25,1,FIRST NATIONAL BANK OF EAST TEXAS,TX,GILMER,75644,232
2021,549300GAX7IKJUKCJE72,94-1242831,5,212586,212586,TRAVIS CREDIT UNION,CA,Vacaville,3365006,0,-1,,-1,,2021,4,549300GAX7IKJUKCJE72,5,TRAVIS CREDIT UNION,CA,VACAVILLE,95687,2831
2021,549300GWE4NILBIKKI92,23-0586213,2,551016,551016,Fleetwood Bank,PA,Fleetwood,260199,0,1138768,,1138768,FLEETWOOD BANK CORPORATION,2021,4,549300GWE4NILBIKKI92,2,Fleetwood Bank,PA,Fleetwood,19522,182
2021,549300ELXS6PBT8OEE44,84-0468072,5,767581,767581,AIR ACADEMY,CO,Colorado Springs,639296,0,-1,,-1,,2021,4,549300ELXS6PBT8OEE44,5,AIR ACADEMY FEDERAL CREDIT UNION,CO,COLORADO SPRINGS,80924,736
2021,549300KWNJ4FMBSR4R65,59-3153355,7,3915093,3915093,"FIRST SECURITY MORTGAGE SERVICES, INC.",FL,TAMPA,-1,3,-1,,-1,,2021,4,549300KWNJ4FMBSR4R65,7,First Security Mortgage Services Inc.,FL,Tampa,33618,7
2021,549300WF6CI48BRR4W39,34-0295215,3,940674,940674,Hometown Bank,OH,Kent,206834,0,3311202,,3311202,"HOMETOWN BANCORP, INC.",2021,4,549300WF6CI48BRR4W39,3,HOMETOWN BANK,OH,KENT,44240,276
2021,5493003BXKRGHQHRJV38,59-1286880,5,908889,908889,ITHINK FINANCIAL Credit Union,FL,Delray Beach,1532195,0,-1,,-1,,2021,4,5493003BXKRGHQHRJV38,5,ITHINK FINANCIAL CREDIT UNION,FL,DELRAY BEACH,33445,1902
2021,254900CCA1QSI5J1ZY32,84-0424981,5,504580,504580,Space Age Federal Credit Union,CO,Aurora,146954,0,-1,,-1,,2021,4,254900CCA1QSI5J1ZY32,5,SPACE AGE FEDERAL CREDIT UNION,CO,AURORA,80015,109
2021,549300JUU7PS6Y4KM909,25-0997697,5,1013986,1013986,West-Aircomm Federal Credit Union,PA,Beaver,247139,0,-1,,-1,,2021,4,549300JUU7PS6Y4KM909,5,West Aircomm Federal Credit Union,PA,BEAVER,15009,166
2021,549300G12UU2EC2JM932,38-1628275,5,995991,995991,ALLIANCE CATHOLIC CREDIT UNION,MI,Southfield,462063,0,-1,,-1,,2021,4,549300G12UU2EC2JM932,5,Alliance Catholic Credit Union,MI,Farmington Hills,48334,216
2021,549300GRZDILCBTHSL98,37-1655726,7,4877732,4877732,RB MORTGAGE LLC,TX,AUSTIN,-1,3,-1,,-1,,2021,4,549300GRZDILCBTHSL98,7,RB MORTGAGE LLC,TX,LIVE OAK,78233,1090
2021,5493006P0JVBBAHVXV08,39-0493676,1,722544,722544,National Exchange Bank and Trust,WI,Fond du Lac,1903675,0,1202052,,1202052,NEB CORPORATION,2021,4,5493006P0JVBBAHVXV08,1,NATIONAL EXCHANGE BANK AND TRUST,WI,FOND DU LAC,54935,2808
2021,549300Y01XP7FO81MC08,47-0804165,3,976552,976552,Core Bank,NE,Omaha,593829,0,3428502,,3428502,"DS HOLDING COMPANY, INC.",2021,4,549300Y01XP7FO81MC08,3,CORE BANK,NE,OMAHA,68118,1379
2021,549300IZ5GOBKOERL931,42-0386770,3,674849,674849,Luana Savings Bank,IA,Luana,1523369,0,1209211,,1209211,LUANA BANCORPORATION,2021,4,549300IZ5GOBKOERL931,3,Luana Savings Bank,IA,Luana,52156,3151
2021,549300677KFX04XEUM68,84-2208949,7,,-1,YOUR HOME FINANCIAL LLC,DE,WILMINGTON,-1,3,-1,,-1,,2021,4,549300677KFX04XEUM68,7,YOUR HOME FINANCIAL LLC,SC,GREENVILLE,29601,862
2021,549300EHQ0Y7SP41BR91,20-8803449,7,20-8803449,-1,"ATHAS CAPITAL GROUP, INC.",CA,Sacramento,-1,3,-1,,-1,,2021,4,549300EHQ0Y7SP41BR91,7,"Athas Capital Group, Inc.",CA,Calabasas,91301,4817
2021,54930021QRU8VXNS6152,91-0557925,5,248473,248473,SOUND,WA,Tacoma,1839705,0,-1,,-1,,2021,4,54930021QRU8VXNS6152,5,SOUND CREDIT UNION,WA,TACOMA,98402,3058
2021,549300TWX04RHQV22578,30-0954104,7,,-1,Opendoor Home Loans LLC,DE,Dover,-1,3,-1,,-1,,2021,4,549300TWX04RHQV22578,7,Opendoor Home Loans LLC,CA,San Francisco,94105,1047
2021,549300EE4TIFHU1Z3G10,11-3654547,7,,-1,INTEGRITY MORTGAGE & FINANCIAL INCORPORATED,CO,Peyton,-1,3,-1,,-1,,2021,4,549300EE4TIFHU1Z3G10,7,"Integrity Mortgage & Financial, Inc",CO,Colorado Springs,80918,481
2021,549300RP3DLR09NF6157,62-1203303,1,87234,87234,The First National Bank of Middle Tennessee,TN,McMinnville,534265,0,1086449,,1086449,FIRST MCMINNVILLE CORPORATION,2021,4,549300RP3DLR09NF6157,1,FIRST NATIONAL BANK OF MIDDLE TENNESSEE,TN,MCMINNVILLE,37110,1619
2021,254900SRX8H2BWRMDQ91,55-0662270,2,417626,417626,Putnam County Bank,WV,Hurricane,589814,0,1139804,,1139804,"PUTNAM BANCSHARES, INC.",2021,4,254900SRX8H2BWRMDQ91,2,Putnam County Bank,WV,Hurricane,25526,258
2021,54930027H7CJF9GCDZ36,35-0868966,5,601171,601171,FORT FINANCIAL Federal Credit Union,IN,Fort Wayne,237809,0,-1,,-1,,2021,4,54930027H7CJF9GCDZ36,5,FORT FINANCIAL CREDIT UNION,IN,FORT WAYNE,46808,772
2021,5493009JZ6NIQL6RQT28,46-0242124,5,460079,460079,HIGHMARK,SD,Rapid City,142764,0,-1,,-1,,2021,4,5493009JZ6NIQL6RQT28,5,HIGHMARK FEDERAL CREDIT UNION,SD,Rapid City,57701,212
2021,54930041L7ZI432VT094,35-2010358,7,3871386,3871386,"TUCKER MORTGAGE, LLC",IN,INDIANAPOLIS,-1,3,-1,,-1,,2021,4,54930041L7ZI432VT094,7,TUCKER MORTGAGE LLC,IN,Indianapolis,46260,1398
2021,2549008684GZZI5B5H82,36-1855525,5,81885,81885,First Financial Credit Union,IL,Skokie,91880,0,-1,,-1,,2021,4,2549008684GZZI5B5H82,5,First Financial Credit Union,IL,Skokie,60077,226
2021,549300XYMV9W4308FO60,64-0157923,3,642437,642437,The Bank of Forest,MS,Forest,204622,0,1085518,,1085518,FIRST FOREST CORPORATION,2021,4,549300XYMV9W4308FO60,3,BANK OF FOREST,MS,FOREST,39074,83
2021,549300B5RA7BRG1R2728,57-0515148,5,1000584,1000584,GREENVILLE FEDERAL CREDIT UNION,SC,Greenville,261854,0,-1,,-1,,2021,4,549300B5RA7BRG1R2728,5,GREENVILLE FEDERAL CREDIT UNION,SC,GREENVILLE,29609,405
2021,549300J59XY2XA4OSM90,72-1189233,3,1862719,1862719,First Bank and Trust,LA,New Orleans,977512,0,2127657,,2127657,FIRST TRUST CORPORATION,2021,4,549300J59XY2XA4OSM90,3,First Bank and Trust,LA,New Orleans,70112,583
2021,549300Y7VXZSDR0D6I81,04-1802000,5,557595,557595,St. Mary's Credit Union,MA,Marlborough,877848,0,-1,,-1,,2021,4,549300Y7VXZSDR0D6I81,5,ST MARY'S CREDIT UNION,MA,MARLBOROUGH,01752,511
2021,549300MHH03ICJYEPE85,46-0530020,7,5163058,5163058,"LONGBRIDGE FINANCIAL, LLC",DE,NEWARK,-1,3,-1,,-1,,2021,4,549300MHH03ICJYEPE85,7,"Longbridge Financial, LLC",NJ,Mahwah,07495,10496
2021,549300SGD2RNJOEDDS24,94-1179501,5,324779,324779,SAFE CREDIT UNION,CA,Folsom,3097952,0,-1,,-1,,2021,4,549300SGD2RNJOEDDS24,5,SAFE Credit Union,CA,Folsom,95630,3418
2021,549300QCJE0X5P8H4Z85,61-0418959,2,,285740,The Paducah Bank and Trust Company,KY,Paducah,-1,3,-1,,-1,,2021,4,549300QCJE0X5P8H4Z85,2,The Paducah Bank and Trust Company,KY,Paducah,42002,470
2021,7DMUJTL9FFTVIAG9H788,48-0962626,9,601050,601050,Commerce Bank,MO,Kansas City,25955469,0,1056835,,1049341,"COMMERCE BANCSHARES, INC.",2021,4,7DMUJTL9FFTVIAG9H788,9,Commerce Bank,MO,Kansas City,64106,10651
2021,54930035WLX14VQW9V81,47-0275330,3,860259,860259,Premier Bank,NE,Omaha,309357,0,4458113,,4458113,"PREMIER BANCSHARES, INC.",2021,4,54930035WLX14VQW9V81,3,Premier Bank,NE,Omaha,68118,91
2021,549300U8R3GGLSE3HV47,74-1279922,5,628589,628589,HEART O' TEXAS Federal Credit Union,TX,Waco,-1,0,-1,,-1,,2021,4,549300U8R3GGLSE3HV47,5,Heart O' Texas Federal Credit Union,TX,Waco,76712,72
2021,549300EKGRBBO8HEKR21,37-0919766,3,258445,258445,Marine Bank,IL,Springfield,639675,0,1823608,,1823608,"MARINE BANCORP, INC.",2021,4,549300EKGRBBO8HEKR21,3,Marine Bank,IL,Springfield,62704,1987
2021,549300SO0M022D8D8358,20-5539935,3,3476192,3476192,Carter Bank & Trust,VA,Martinsville,4006108,0,5530258,,5530258,"CARTER BANKSHARES, INC.",2021,4,549300SO0M022D8D8358,3,Carter Bank & Trust,VA,Martinsville,24112,778
2021,549300KUYF5QOROM7N37,16-1490324,5,243179,243179,ESL Federal Credit Union,NY,Rochester,6813674,0,-1,,-1,,2021,4,549300KUYF5QOROM7N37,5,ESL Federal Credit Union,NY,Rochester,14604,10242
2021,OZ7MS5KHJY6WIPGXQW23,94-0467440,3,808260,808260,Farmers & Merchants Bank of Central California,CA,Lodi,3722917,0,2781910,,2781910,FARMERS & MERCHANTS BANCORP,2021,4,OZ7MS5KHJY6WIPGXQW23,3,Farmers & Merchants Bank of Ce,CA,Lodi,95240,557
2021,5493008P7IF5WNSI6V48,25-0472020,1,119528,119528,The Farmers National Bank of Emlenton,PA,Emlenton,909935,0,1480944,,1480944,EMCLAIRE FINANCIAL CORP,2021,4,5493008P7IF5WNSI6V48,1,THE FARMERS NATIONAL BANK OF E,PA,EMLENTON,16373,634
2021,549300IY3J6361R6MA88,39-0974444,5,798790,798790,PCM,WI,Green Bay,269256,0,-1,,-1,,2021,4,549300IY3J6361R6MA88,5,PCM CREDIT UNION,WI,GREEN BAY,54304,693
2021,2549003SYL72OG7Y6S21,38-1084525,1,,-1,Superior National Bank,,,-1,-1,-1,,-1,,2021,4,2549003SYL72OG7Y6S21,1,SUPERIOR NATIONAL BANK,MI,HANCOCK,49930,518
2021,254900Z5MXY02EYXAM91,63-6023153,5,486592,486592,North Alabama Educators Credit Union,AL,Huntsville,99939,0,-1,,-1,,2021,4,254900Z5MXY02EYXAM91,5,North Alabama Educators Credit Union,AL,Huntsville,35801,26
2021,5493001K6UOKMZBPMI34,92-0021481,5,418780,418780,CREDIT UNION 1,AK,Anchorage,1090014,0,-1,,-1,,2021,4,5493001K6UOKMZBPMI34,5,Credit Union 1,AK,Anchorage,99507,519
2021,5493006P5IHSK77SZ855,75-2674544,7,4185558,4185558,"SOUTHWEST FUNDING, LP",TX,DALLAS,-1,3,-1,,-1,,2021,4,5493006P5IHSK77SZ855,7,"Southwest Funding, LP",TX,Dallas,75240,6231
2021,549300T5QSL6MC8M4D04,22-2894356,7,4437565,4437565,"NORWICH COMMERCIAL GROUP, INC.",CT,AVON,-1,3,-1,,-1,,2021,4,549300T5QSL6MC8M4D04,7,NORWICH COMMERCIAL GROUP INC,CT,AVON,06001,6088
2021,254900SJONZGRA3CJM44,34-0070435,2,213912,213912,The Apple Creek Banking Company,OH,Apple Creek,144613,0,1248993,,1248993,APPLE CREEK BANC CORP,2021,4,254900SJONZGRA3CJM44,2,THE APPLE CREEK BANKING COMPANY,OH,APPLE CREEK,44606,178
2021,549300MNZECUR067HB12,73-1332918,3,1386251,1386251,BancFirst,OK,Oklahoma City,7724832,0,1133286,,1133286,BANCFIRST CORPORATION,2021,4,549300MNZECUR067HB12,3,BANCFIRST,OK,OKLAHOMA CITY,73102-8405,5936
2021,254900JG0TE6ZVYQ7857,42-0213720,3,220844,220844,Denver Savings Bank,IA,Denver,175440,0,1210468,,1210468,PSB CORPORATION,2021,4,254900JG0TE6ZVYQ7857,3,Denver Savings Bank,IA,Denver,50622,111
2021,254900GCM1G6FHLNYX50,43-0170030,2,704755,704755,Providence Bank,MO,Columbia,1070090,-1,3523359,,3523359,"LINCO BANCSHARES, INC.",2021,4,254900GCM1G6FHLNYX50,2,PROVIDENCE BANK,MO,COLUMBIA,65203,113
2021,01J4SO3XTWZF4PP38209,64-0180810,9,342634,342634,Trustmark National Bank,MS,Jackson,13495944,0,1079562,,1079562,TRUSTMARK CORPORATION,2021,4,01J4SO3XTWZF4PP38209,9,TRUSTMARK NATIONAL BANK,MS,JACKSON,39201,20439
2021,54930083ZNK6KPUJ7R29,26-0589597,3,3579589,3579589,Allegiance Bank,TX,Houston,4985690,0,3744239,,3744239,"ALLEGIANCE BANCSHARES, INC.",2021,4,54930083ZNK6KPUJ7R29,3,ALLEGIANCE BANK,TX,HOUSTON,77040,826
2021,549300AKQUNB6HFB7W73,01-0226596,5,365585,365585,SEBASTICOOK VALLEY Federal Credit Union,ME,PITTSFIELD,123896,0,-1,,-1,,2021,4,549300AKQUNB6HFB7W73,5,SEBASTICOOK VALLEY FCU,ME,PITTSFIELD,04967,194
2021,549300BAZS5RZ8O98A51,59-0690962,5,289681,289681,POWER FINANCIAL,FL,Pembroke Pines,840306,0,-1,,-1,,2021,4,549300BAZS5RZ8O98A51,5,POWER FINANCIAL CREDIT UNION,FL,PEMBROKE PINES,33028,535
2021,254900XA8J7Y4KR7AI02,47-0121680,3,529659,529659,CATTLE BANK & TRUST,NE,Seward,289150,0,1059555,,1059555,"CATTLE CROSSING, INC.",2021,4,254900XA8J7Y4KR7AI02,3,Cattle Bank & Trust,NE,Seward,68434,201
2021,254900IER2H3R8YLBW04,39-0452950,3,313577,313577,Forward Bank,WI,Marshfield,593817,0,3817115,,3851388,FORWARD MUTUAL HOLDING COMPANY,2021,4,254900IER2H3R8YLBW04,3,Forward Bank,WI,Marshfield,54449,1030
2021,5493005NIBYLNJC10826,95-4248183,7,4731003,4731003,"T. J. FINANCIAL, INC.",CA,MONROVIA,-1,3,-1,,-1,,2021,4,5493005NIBYLNJC10826,7,"T. J. FINANCIAL, INC.",CA,MONROVIA,91016,1486
2021,549300XL5688T9WLKS84,54-1969262,7,3883008,3883008,"Tidewater Home Funding, LLC",VA,CHESAPEAKE,-1,1,-1,,4553960,"FARMERS BANKSHARES, INC.",2021,4,549300XL5688T9WLKS84,7,"Tidewater Home Funding, LLC",VA,Chesapeake,23320,1602
2021,54930055WXO1SUC1AH62,37-0808754,2,590248,590248,Town and Country Bank,IL,Springfield,810200,0,1208531,,1208531,TOWN AND COUNTRY FINANCIAL CORPORATION,2021,4,54930055WXO1SUC1AH62,2,Town and Country Bank,IL,Springfield,62704,384
2021,549300OPZE52Y4J4QP25,63-0073830,3,672537,672537,The Exchange Bank of Alabama,AL,Altoona,283418,0,1079067,,1079067,"GADSDEN CORPORATION, THE",2021,4,549300OPZE52Y4J4QP25,3,THE EXCHANGE BANK OF ALABAMA,AL,GADSDEN,35902,84
2021,549300S1ULK3TJQ8I652,95-1679662,5,1004779,1004779,FIRST CITY,CA,Los Angeles,-1,0,-1,,-1,,2021,4,549300S1ULK3TJQ8I652,5,FIRST CITY CREDIT UNION,CA,ALTADENA,91109-3727,217
2021,254900QNIR86GUIRYH95,95-4575252,7,4730145,4730145,"FlexPoint, Inc.",CA,Valencia,-1,3,-1,,-1,,2021,4,254900QNIR86GUIRYH95,7,"FlexPoint, Inc.",CA,Costa Mesa,92626,7198
2021,549300SI264HNSER6O81,83-1826601,7,,-1,"K&G Capital Mortgage, LLC",,,-1,-1,-1,,-1,,2021,4,549300SI264HNSER6O81,7,"K&G Capital Mortgage, LLC",TX,Conroe,77303,180
2021,5493001ZUNE2DKEA4702,59-0678236,5,78773,78773,ADDITION FINANCIAL,FL,Lake Mary,2001706,0,-1,,-1,,2021,4,5493001ZUNE2DKEA4702,5,Addition Financial Credit Union,FL,Lake Mary,32746,2805
2021,549300FM2Y64BMWO8016,58-2163015,3,2349459,2349459,First Bank,GA,Dalton,408583,0,2349440,,2349440,"FBD HOLDING COMPANY, INC.",2021,4,549300FM2Y64BMWO8016,3,First Bank,GA,Dalton,30720,189
2021,254900YFG40I5QM6EX80,56-0384190,3,472979,472979,Roxboro Savings Bank SSB,NC,Roxboro,225877,0,-1,,-1,,2021,4,254900YFG40I5QM6EX80,3,Roxboro Savings Bank,NC,Roxboro,27573,167
2021,254900IHP9HX92C8DX39,20-8384720,3,3472046,3472046,Frontier Bank of Texas,TX,E Elgin,362484,0,4721291,,4721291,"FRONTIER COMMUNITY BANCSHARES, INC.",2021,4,254900IHP9HX92C8DX39,3,FRONTIER BANK OF TEXAS,TX,ELGIN,78621,157
2021,5493005T71YXBHEO2093,37-0767435,5,430791,430791,Credit Union 1,IL,Rantoul,958632,0,-1,,-1,,2021,4,5493005T71YXBHEO2093,5,CREDIT UNION 1,IL,RANTOUL,61866,4765
2021,549300OPB0G5OMY0SM65,82-1456336,7,82-1456336,-1,NEW WAVE LENDING GROUP INC,CA,Industry,-1,3,-1,,-1,,2021,4,549300OPB0G5OMY0SM65,7,NEW WAVE LENDING GROUP INC,CA,CITY OF INDUSTRY,91748,8631
2021,5493006FYXPLR221TS92,46-4770767,7,4877433,4877433,"COMPASS HOME LOANS, LLC",DE,DOVER,-1,3,-1,,-1,,2021,4,5493006FYXPLR221TS92,7,"COMPASS HOME LOANS, LLC",IL,CHICAGO,60613,732
2021,549300LR1ZETOWYE9Z89,04-3312097,3,473501,473501,Berkshire Bank,MA,Pittsfield,13181399,0,2333663,,2333663,"BERKSHIRE HILLS BANCORP, INC",2021,4,549300LR1ZETOWYE9Z89,3,BERKSHIRE BANK,NY,ALBANY,12207,2789
2021,549300EOHSB7M6IFW844,26-0813134,7,4533588,4533588,Mortgage Lenders Investment Trading Corporation,MS,Oxford,-1,3,-1,,-1,,2021,4,549300EOHSB7M6IFW844,7,MORTGAGE LENDERS INVESTMENT TR,FL,LAKE MARY,32746,8702
2021,5493003V40VGM7YDFM54,87-0415314,7,3877388,3877388,FIRST COLONY MORTGAGE CORPORATION,UT,OREM,-1,3,-1,,-1,,2021,4,5493003V40VGM7YDFM54,7,First Colony Mortgage Corporation,UT,Orem,84057,11219
2021,5493002MNKV62JMMPU16,38-0660120,1,132778,132778,Homestead Savings Bank,MI,Albion,65786,0,-1,,-1,,2021,4,5493002MNKV62JMMPU16,1,Homestead Savings Bank,MI,Albion,49224,195
2021,549300715JT4HMT74E48,91-0567788,5,820673,820673,HORIZON,WA,Spokane Valley,1121213,0,-1,,-1,,2021,4,549300715JT4HMT74E48,5,HORIZON CREDIT UNION,WA,SPOKANE VALLEY,99216,1725
2021,5493005MZZDC38IUOJ34,95-0952237,5,425993,425993,WATER AND POWER COMMUNITY,CA,Los Angeles,-1,0,-1,,-1,,2021,4,5493005MZZDC38IUOJ34,5,WATER AND POWER COMMUNITY CREDIT UNION,CA,LOS ANGELES,90012,489
2021,549300EP58VNEJR7BV48,42-0376810,2,671147,671147,Primebank,IA,Le Mars,499559,0,2700500,,2700500,"PRIMEBANK, INC.",2021,4,549300EP58VNEJR7BV48,2,Primebank,IA,Le Mars,51031,764
2021,549300ZWYZY3FEPUIJ64,56-2183600,3,2913887,2913887,Select Bank & Trust Company,NC,Dunn,1274031,0,3207659,,3207659,SELECT BANCORP INC.,2021,4,549300ZWYZY3FEPUIJ64,3,Select Bank and Trust,NC,Goldsboro,27534,128
2021,549300T7HRS5DVBUPQ06,84-4876397,7,,-1,"Boxcar Mortgage LLC, Dba Highland Mortgage",,,-1,-1,-1,,-1,,2021,4,549300T7HRS5DVBUPQ06,7,Highland Mortgage,GA,Atlanta,30309,1362
2021,549300XDZHJDR5G01Q52,63-0440014,5,253392,253392,ALABAMA CREDIT UNION,AL,Tuscaloosa,939531,0,-1,,-1,,2021,4,549300XDZHJDR5G01Q52,5,Alabama Credit Union,AL,Tuscaloosa,35401-2007,488
2021,254900L3N47KFV5KSJ32,16-0845154,5,575786,575786,Financial Trust,NY,Orchard Park,121891,0,-1,,-1,,2021,4,254900L3N47KFV5KSJ32,5,Financial Trust Federal Credit Union,NY,West Seneca,14224,62
2021,5493005NE66BD75BDB43,27-1026893,3,4264172,4264172,"Towne Mortgage of the Carolinas, LLC",NC,Raleigh,-1,3,-1,,-1,,2021,4,5493005NE66BD75BDB43,3,Towne Mtg of the Carolinas LLC,NC,Raleigh,27609,1058
2021,549300E5GFWPFRJR4I76,24-0579220,2,186717,186717,First Northern Bank and Trust Company,PA,Palmerton,720652,0,1117213,,1117213,PALM BANCORP,2021,4,549300E5GFWPFRJR4I76,2,First Northern Bank and Trust Company,PA,Palmerton,18071,284
2021,FT6J43S06X6CLJ0R0B48,95-2156738,9,595869,595869,Cathay Bank,CA,Los Angeles,18066529,0,1843080,,1843080,CATHAY GENERAL BANCORP,2021,4,FT6J43S06X6CLJ0R0B48,9,CATHAY BANK,CA,LOS ANGELES,90012,2974
2021,549300QEVTCM4MW2YI14,74-2099014,5,423289,423289,SYNERGY FEDERAL CREDIT UNION,TX,San Antonio,254698,0,-1,,-1,,2021,4,549300QEVTCM4MW2YI14,5,Synergy Federal Credit Union,TX,San Antonio,78249,174
2021,549300MP1N04YL1TZP61,42-0170040,3,859141,859141,Availa Bank,IA,Carroll,1083734,0,1203451,,1203451,"CARROLL COUNTY BANCSHARES, INC.",2021,4,549300MP1N04YL1TZP61,3,Availa Bank,IA,Carroll,51401,342
2021,549300OHIEQGELZVJP60,61-0508496,5,159588,159588,L & N Federal Credit Union,KY,LOUISVILLE,1365732,0,-1,,-1,,2021,4,549300OHIEQGELZVJP60,5,L&N FEDERAL CREDIT UNION,KY,LOUISVILLE,40229,2768
2021,254900V6GCDMRQZ34D96,06-1461914,7,3921647,3921647,Luxury Mortgage Corp.,DE,Dover,-1,3,-1,,-1,,2021,4,254900V6GCDMRQZ34D96,7,LUXURY MORTGAGE CORP.,CT,STAMFORD,06901,4594
2021,5493005XMJQ1GSXUGT67,26-2429669,7,4185400,4185400,"Wolfe Financial, Inc",NC,Raleigh,-1,3,-1,,-1,,2021,4,5493005XMJQ1GSXUGT67,7,"Wolfe Financial, Inc.",NC,Asheboro,27203,3666
2021,549300VRYDYOPWK5MO08,95-1897077,1,631570,631570,"Provident Savings Bank, F.S.B.",CA,Riverside,1107379,0,3632493,,3632493,"PROVIDENT FINANCIAL HOLDINGS, INC.",2021,4,549300VRYDYOPWK5MO08,1,"PROVIDENT SAVINGS BANK, F.S.B.",CA,RIVERSIDE,92506,475
2021,549300GY4NTTEM7WWB64,71-0009800,3,244149,244149,Bank of England,AR,England,464504,0,5081385,,2795083,MHBC INVESTMENTS LIMITED PARTNERSHIP I LLLP,2021,4,549300GY4NTTEM7WWB64,3,BANK OF ENGLAND,AR,ENGLAND,72046,27459
2021,5493009LKZIV63KY6458,54-0578719,5,807795,807795,"Virginia Credit Union, Inc.",VA,Richmond,3729406,0,-1,,-1,,2021,4,5493009LKZIV63KY6458,5,"Virginia Credit Union, Inc.",VA,Richmond,23225,7686
2021,Z867SNMO7WGY8TTGQG78,55-0744997,3,2372774,2372774,"Summit Community Bank, Inc.",WV,Moorefield,2401941,0,1247679,,1247679,"SUMMIT FINANCIAL GROUP, INC.",2021,4,Z867SNMO7WGY8TTGQG78,3,SUMMIT COMMUNITY BANK,WV,MOOREFIELD,26836,1687
2021,549300LL0P3NQ5Q2UF60,95-0944725,5,423793,423793,LONG BEACH FIREMEN S CREDIT UNION,CA,Long Beach,189774,0,-1,,-1,,2021,4,549300LL0P3NQ5Q2UF60,5,Long Beach Firemen's Credit Union,CA,Long Beach,90815,70
2021,549300ULZJK0NFBI8J68,59-1517872,5,1017975,1017975,ORLANDO CREDIT UNION,FL,Orlando,247619,0,-1,,-1,,2021,4,549300ULZJK0NFBI8J68,5,ORLANDO CREDIT UNION,FL,ORLANDO,32806,223
2021,549300HERTPSZ6EH0667,41-2062039,7,5026416,5026416,HOMEWAY MORTGAGE LLC,TX,KATY,-1,3,-1,,-1,,2021,4,549300HERTPSZ6EH0667,7,HomeWay Mortgage LLC,TX,Katy,77494,177
2021,549300ZYJFGBE3TBOR07,39-0355405,3,255873,255873,Home Savings Bank,WI,Madison,160931,0,4522199,,4522199,"HOME BANCORP WISCONSIN, INC.",2021,4,549300ZYJFGBE3TBOR07,3,HOME SAVINGS BANK,WI,MADISON,53717,98
2021,549300RO0FORROX83086,72-1176368,3,980531,980531,"Jeff Davis Bancshares, Inc.",LA,Jennings,881923,0,1833997,,1833997,"JD BANCSHARES, INC.",2021,4,549300RO0FORROX83086,3,JD BANK,LA,JENNINGS,70546,443
2021,54930025XJJO3T0M1A92,58-0147128,5,335092,335092,GEORGIA'S OWN,GA,Atlanta,2494603,0,-1,,-1,,2021,4,54930025XJJO3T0M1A92,5,GEORGIA'S OWN CREDIT UNION,GA,100 PEACHTREE ST. NW 2800,30303,6557
2021,254900PVPKN915ZIGZ02,23-0679657,1,995272,995272,"Hatboro Federal Savings, FA",PA,Hatboro,517318,0,-1,,-1,,2021,4,254900PVPKN915ZIGZ02,1,HATBORO FEDERAL SAVINGS,PA,HATBORO,19040,301
2021,254900EL4XB15QW2WI69,58-0446320,1,563233,563233,First National Bank of Griffin,GA,Griffin,277726,0,-1,,-1,,2021,4,254900EL4XB15QW2WI69,1,First National Bank of Griffin,GA,Griffin,30224,140
2021,549300UXZ76FJVM3UC43,39-1998382,3,2857600,2857600,Oak Bank,WI,Fitchburg,321362,0,2857598,,2857598,"OAK FINANCIAL, INC.",2021,4,549300UXZ76FJVM3UC43,3,Oak Bank,WI,Fitchburg,53719,261
2021,549300V7S0JJB4LU5J82,35-0901024,7,3871649,3871649,"WINTERWOOD MORTGAGE GROUP, LLC",IN,Greenwood,-1,3,-1,,-1,,2021,4,549300V7S0JJB4LU5J82,7,"WINTERWOOD MORTGAGE GROUP, LLC",IN,GREENWOOD,46142,877
2021,549300J2D35S72FE4K21,61-6034178,5,608899,608899,SERVICE ONE,KY,Bowling Green,175969,0,-1,,-1,,2021,4,549300J2D35S72FE4K21,5,Service One Credit Union,KY,Bowling Green,42102,195
2021,5493002578XYSRFY2C51,04-3413060,3,97804,97804,MountainOne Bank,MA,North Adams,892690,0,3100152,,2634212,"MOUNTAINONE FINANCIAL, MHC",2021,4,5493002578XYSRFY2C51,3,MountainOne Bank,MA,North Adams,01247,347
2021,254900UL88QFG0E40516,82-4227262,7,,-1,Figure Lending LLC,DE,Wilmington,-1,3,-1,,-1,,2021,4,254900UL88QFG0E40516,7,Figure Lending LLC.,NC,Charlotte,28277,37919
2021,549300LVO8UXHRM8O957,93-0562551,5,856186,856186,Wauna Federal Credit Union,OR,Clatskanie,257383,0,-1,,-1,,2021,4,549300LVO8UXHRM8O957,5,Wauna Federal Credit Union,OR,Clatskanie,97016,217
2021,549300L3O89DECR4DV44,20-3708208,7,4184775,4184775,FUNDING RESOURCES MORTGAGE CORPORATION,NJ,CLIFTON,-1,3,-1,,-1,,2021,4,549300L3O89DECR4DV44,7,FUNDING RESOURCES MORTGAGE COR,NJ,CLIFTON,07012,387
2021,5493006IT65TMGZIKY68,55-0727130,3,851239,851239,"The Poca Valley Bank, Inc.",WV,Walton,377146,0,2152734,,2152734,"POCA VALLEY BANKSHARES, INC., THE",2021,4,5493006IT65TMGZIKY68,3,THE POCA VALLEY BANK,WV,WALTON,25286,608
2021,549300BH0YWZLVL5VX60,20-1111927,7,,4533186,BRIGHTEN LENDING,CA,CITY OF INDUSTRY,-1,3,-1,,-1,,2021,4,549300BH0YWZLVL5VX60,7,BRIGHTEN LENDING,CA,CITY OF INDUSTRY,91746,503
2021,2549005NO86X9J3D1U18,41-6036540,5,296492,296492,Anoka Hennepin Credit Union,MN,Coon Rapids,202207,0,-1,,-1,,2021,4,2549005NO86X9J3D1U18,5,Anoka Hennepin Credit Union,MN,MINNEAPOLIS,55448,203
2021,549300FSZH0FMQ1T8Y90,42-1130287,7,3871359,3871359,IOWA BANKERS MORTGAGE CORPORATION,IA,JOHNSTON,-1,3,-1,,-1,,2021,4,549300FSZH0FMQ1T8Y90,7,IOWA BANKERS MORTGAGE CORPORATION,IA,JOHNSTON,50131,11424
2021,549300PDELOGUKYYDA02,43-0453370,3,948250,948250,Peoples Bank,MO,Cuba,215141,0,2618427,,2618427,"PEOPLES BANCORPORATION, INC.",2021,4,549300PDELOGUKYYDA02,3,Peoples Bank,MO,Cuba,65453,143
2021,549300BM425MCJXSCE36,82-3981522,7,,-1,"GENNEXT FUNDING, LLC",NJ,Middlesex,-1,3,-1,,-1,,2021,4,549300BM425MCJXSCE36,7,"GenNEXT FUNDING, LLC",NJ,Somerset,08873,395
2021,549300370QILXLFUWD20,48-1236121,7,3850082,3850082,"ZILLOW HOME LOANS, LLC",KS,TOPEKA,-1,3,-1,,-1,,2021,4,549300370QILXLFUWD20,7,"ZILLOW HOME LOANS, LLC",KS,OVERLAND PARK,66211,27599
2021,549300H3GIHYP3MB0302,35-0303690,3,113441,113441,Farmers State Bank,IN,Lagrange,836333,0,1245479,,1245479,FS BANCORP,2021,4,549300H3GIHYP3MB0302,3,FARMERS STATE BANK,IN,LAGRANGE,46761,607
2021,549300R0SXC1JU7ZU290,41-2031753,3,3120329,3120329,"FIRST COMMUNITY MORTGAGE, INC.",TN,SHELBYVILLE,-1,2,1188772,,2016340,"FIRST COMMUNITY BANCORP, INC.",2021,4,549300R0SXC1JU7ZU290,3,FIRST COMMUNITY MORTGAGE,TN,MURFREESBORO,37129,16053
2021,549300E035FX7XMJ6713,62-1580428,3,778738,778738,Citizens Bank,TN,Elizabethton,859865,0,2244545,,2244545,"CITCO COMMUNITY BANCSHARES, INC.",2021,4,549300E035FX7XMJ6713,3,Citizens Bank,TN,Elizabethton,37644,294
2021,OX3PU53ZLPQKJ4700D47,94-0304228,9,212465,212465,"MUFG Union Bank, National Association",CA,San Francisco,133193818,0,1378434,,2961897,"MITSUBISHI UFJ FINANCIAL GROUP, INC.",2021,4,OX3PU53ZLPQKJ4700D47,9,"MUFG Union Bank, NA",CA,San Diego,92121,30610
2021,254900TW8OMXXV334D32,58-6038163,5,1995,1995,Workmen's Circle Credit Union,GA,Savannah,74606,0,-1,,-1,,2021,4,254900TW8OMXXV334D32,5,Workmen's Circle Credit Union,GA,Savannah,31405,106
2021,254900FYIFXD18THEZ65,26-3660271,9,,-1,Litton Mortgage Inc.,,,-1,-1,-1,,-1,,2021,4,254900FYIFXD18THEZ65,9,"Litton Mortgage, Inc",LA,Shreveport,71105,510
2021,549300LDBCZGR7DW6211,58-0905515,5,396187,396187,THE SOUTHERN Credit Union,GA,Fayetteville,406673,0,-1,,-1,,2021,4,549300LDBCZGR7DW6211,5,The Southern Credit Union,GA,Fayetteville,30214,268
2021,549300WU17K1CLH8VI32,16-0380815,2,884303,884303,Chemung Canal Trust Company,NY,Elmira,1751794,0,1133594,CHEMUNG FINANCIAL CORPORATION,1133594,CHEMUNG FINANCIAL CORPORATION,2021,4,549300WU17K1CLH8VI32,2,Chemung Canal Trust Company,NY,Elmira,14901,940
2021,2549008CZOYIG4FIKS25,43-2022906,3,3187630,3187630,Forbright Bank,MD,Bethesda,1111391,-1,3391129,,3391129,"CONGRESSIONAL BANCSHARES, INC.",2021,4,2549008CZOYIG4FIKS25,3,Forbright Bank,MD,Chevy Chase,20815,1163
2021,5493005GVJZOXIAH3M79,38-1348208,7,,-1,"GreenStone Farm Credit Services, ACA",MI,East Lansing,-1,3,-1,,-1,,2021,4,5493005GVJZOXIAH3M79,7,GreenStone Farm Credit Services,MI,East Lansing,48823,36
2021,549300OQ3UC55Y6EPP22,03-0288082,1,270504,270504,Community National Bank,VT,Derby,737355,0,1115040,,1115040,COMMUNITY BANCORP,2021,4,549300OQ3UC55Y6EPP22,1,COMMUNITY NATIONAL BANK,VT,NEWPORT,05855,453
2021,549300K3VE61PXPZDV51,38-3434023,7,4325541,4325541,"J. VIRGIL, INC.",MI,FENTON,-1,2,-1,,-1,,2021,4,549300K3VE61PXPZDV51,7,MORTGAGE300 CORPORATION,FL,PALM BEACH GARDENS,33408,4644
2021,254900LXHR6OP0TSZ915,38-1565948,5,822387,822387,Circle Federal Credit Union,MI,Niles,71747,0,-1,,-1,,2021,4,254900LXHR6OP0TSZ915,5,Circle Federal Credit Union,MI,Niles,49120,608
2021,5493004J0RTXMDKIYB74,35-2352369,7,4320555,4320555,IDEAL HOME LOANS LLC,CO,Centennial,-1,3,-1,,-1,,2021,4,5493004J0RTXMDKIYB74,7,Ideal Home Loans LLC,CO,Denver,80237,1402
2021,549300Q16CNQMW0O1O02,35-0546040,3,305442,305442,The New Washington State Bank,IN,New Washington,343508,0,2257228,,2257228,"NEW INDEPENDENT BANCSHARES, INC.",2021,4,549300Q16CNQMW0O1O02,3,The New Washington State Bank,IN,Charlestown,47111,168
2021,549300V0XUOYKG376I21,54-1895449,2,2685296,2685296,"JOHNSON MORTGAGE COMPANY, L.L.C.",VA,NEWPORT NEWS,-1,1,-1,,1249918,PARTNERS BANCORP,2021,4,549300V0XUOYKG376I21,2,"JOHNSON MORTGAGE COMPANY, LLC",VA,NEWPORT NEWS,23606,464
2021,549300P7T76AWIP6QL35,23-0739565,3,653611,653611,"Jonestown Bank and Trust Company, of Jonestown, Pennsylvania",PA,Jonestown,626063,0,-1,,-1,,2021,4,549300P7T76AWIP6QL35,3,Jonestown Bank & Trust Co.,PA,Jonestown,17038,441
2021,549300Y5YUNNHUW2EQ06,74-1946814,1,774262,774262,"CommunityBank of Texas, N.A.",TX,Beaumont,3478802,0,3594872,,3594890,"HILLISTER ENTERPRISES II, INC.",2021,4,549300Y5YUNNHUW2EQ06,1,CommunityBank of Texas NA,TX,Houston,77046,381
2021,2549001VTOPU7JA6G249,24-0566588,3,239613,239613,FNCB Bank,PA,Dunmore,1191136,0,2560263,,2560263,"FNCB BANCORP, INC.",2021,4,2549001VTOPU7JA6G249,3,FNCB Bank,PA,Dunmore,18512,949
2021,549300DM47883NLNBK72,41-0376477,2,1387203,1387203,Liberty Bank Minnesota,MN,St. Cloud,218686,0,3800658,,3800658,"LIBERTY FINANCIAL SERVICES OF ST. CLOUD, INC.",2021,4,549300DM47883NLNBK72,2,LIBERTY BANK MINNESOTA,MN,ST CLOUD,56301,1295
2021,21380054U5NKZKBQ4128,36-0882755,1,467470,467470,Central Federal Savings and Loan Association,IL,Cicero,188835,0,-1,,-1,,2021,4,21380054U5NKZKBQ4128,1,Central Federal Savings & Loan Association,IL,Cicero,60804,131
2021,DZHW4H2BUS3DOGKT0727,01-0078890,3,241607,241607,Gorham Savings Bank,ME,Gorham,1256735,0,3444799,,3444717,"GORHAM BANCORP, MHC",2021,4,DZHW4H2BUS3DOGKT0727,3,GORHAM SAVINGS BANK,ME,GORHAM,04038,515
2021,549300XSS1CPK8G7B851,20-2451671,3,3348888,3348888,ServisFirst Bank,AL,Birmingham,8946415,0,3635319,,3635319,"SERVISFIRST BANCSHARES, INC.",2021,4,549300XSS1CPK8G7B851,3,ServisFirst Bank,AL,Birmingham,35209-1374,1553
2021,549300TMS3AOKJGVNU61,74-1110043,5,580276,580276,Sabine Federal Credit Union,TX,Orange,213774,0,-1,,-1,,2021,4,549300TMS3AOKJGVNU61,5,SABINE FEDERAL CREDIT UNION,TX,ORANGE,77631-3000,226
2021,549300BM59EMYEJ5Q179,35-0317770,3,145844,145844,The Fountain Trust Company,IN,Covington,406921,0,3033045,,3033045,"PIPER HOLDINGS, INC.",2021,4,549300BM59EMYEJ5Q179,3,THE FOUNTAIN TRUST COMPANY,IN,COVINGTON,47932,751
2021,549300NBUJWYNN8AXN69,11-3746866,7,,-1,"CBM Mortgage, Inc.",VA,FRONT ROYAL,-1,3,-1,,-1,,2021,4,549300NBUJWYNN8AXN69,7,"CBM MORTGAGE, INC",VA,FRONT ROYAL,22630,2349
2021,54930040I855W2FI0Y80,52-0651037,5,18489,18489,APL,MD,Laurel,480903,0,-1,,-1,,2021,4,54930040I855W2FI0Y80,5,APL Federal Credit Union,MD,Laurel,20723,147
2021,549300GV8F4RLYWAB272,74-1255147,5,521699,521699,MCT Credit Union,TX,Port Neches,299977,0,-1,,-1,,2021,4,549300GV8F4RLYWAB272,5,MCT CREDIT UNION,TX,PORT NECHES,77651,335
2021,5493007RCYAICJL91Z44,47-0485339,1,844053,844053,Security National Bank of Omaha,NE,Omaha,878098,0,1140323,,1140323,SECURITY NATIONAL CORPORATION,2021,4,5493007RCYAICJL91Z44,1,Security National Bank of Omaha,NE,Omaha,68124,186
2021,5493002G4JO4BZ22MC13,27-2105834,7,27-2105834,-1,"IVY MORTGAGE, INC.",MD,ELLICOTT CITY,-1,3,-1,,-1,,2021,4,5493002G4JO4BZ22MC13,7,"Ivy Mortgage, Inc.",MD,Fulton,20759,1580
2021,25490040IBIKTOL1DJ85,23-1582345,5,,426673,Upper Darby Belltelco Federal Credit Union,PA,UPPER DARBY,58812,0,-1,,-1,,2021,4,25490040IBIKTOL1DJ85,5,Upper Darby Belltelco FCU,PA,Upper Darby,19082,47
2021,549300GCNN38YBSHN374,23-7029725,5,670681,670681,FINGER LAKES,NY,Geneva,167333,0,-1,,-1,,2021,4,549300GCNN38YBSHN374,5,Finger Lakes Federal Credit Union,NY,Geneva,14456,204
2021,254900QH6Q6RHDLHEC77,01-6028792,5,306597,306597,University Credit Union,ME,Brunswick,330643,0,-1,,-1,,2021,4,254900QH6Q6RHDLHEC77,5,UNIVERSITY CREDIT UNION,ME,ORONO,04473,564
2021,549300SK2GVCQXPD4S58,95-3523796,7,3875713,3875713,"SUN WEST MORTGAGE COMPANY, INC.",CA,SACRAMENTO,-1,3,-1,,-1,,2021,4,549300SK2GVCQXPD4S58,7,"SUN WEST MORTGAGE COMPANY, INC",CA,Buena Park,90620,55343
2021,549300EEYVCFG0V6Z057,62-0866803,2,479839,479839,Tennessee State Bank,TN,Pigeon Forge,677820,0,1142242,,1142242,"TENNESSEE STATE BANCSHARES, INC.",2021,4,549300EEYVCFG0V6Z057,2,Tennessee State Bank,TN,Pigeon Forge,37868,299
2021,549300GY0I1WYYWYFS47,20-0241351,3,3280625,3280625,Providence Bank & Trust,IL,South Holland,1020305,0,4656964,,4656964,PROVIDENCE FINANCIAL CORPORATION,2021,4,549300GY0I1WYYWYFS47,3,PROVIDENCE BANK & TRUST,IL,SOUTH HOLLAND,60473,532
2021,213800QUAI2VH5YM6310,05-0402708,7,3246939,3246939,"EMBRACE HOME LOANS, INC.",RI,MIDDLETOWN,-1,3,-1,,-1,,2021,4,213800QUAI2VH5YM6310,7,"Embrace Home Loans, Inc.",RI,Middletown,02842,34959
2021,549300BNF25IPYUUCT31,36-3679626,7,4535416,4535416,"Chicago Financial Services, Inc.",IL,Chicago,-1,3,-1,,-1,,2021,4,549300BNF25IPYUUCT31,7,"Chicago Financial Services, Inc.",IL,Chicago,60642,2082
2021,254900R45W3ZMI3IVW43,37-0987743,3,453839,453839,First State Bank of Bloomington,IL,Bloomington,119465,0,1209471,,2310217,"FIRST STATE BANCORP OF MONTICELLO, INC. EMPLOYEE STOCK OWNERSHIP PLAN",2021,4,254900R45W3ZMI3IVW43,3,First State Bank Of Bloomington - 22034,IL,BLOOMINGOTN,61704,185
2021,549300QURAICH2YGJV94,75-2511480,7,3952128,3952128,"WILLOW BEND MORTGAGE COMPANY, LLC",TX,PLANO,-1,3,-1,,-1,,2021,4,549300QURAICH2YGJV94,7,Willow Bend Mortgage,TX,Plano,75093,5494
2021,5493008ZTV4S0W9DCX64,33-0231744,7,3881424,3881424,"INTERNATIONAL CITY MORTGAGE, INC.",CA,ORANGE,-1,3,-1,,-1,,2021,4,5493008ZTV4S0W9DCX64,7,"INTERNATIONAL CITY MORTGAGE, INC.",CA,SANTA ANA,92707,1727
2021,254900IHSZUFLA4J1Q14,01-0213357,5,474478,474478,Down East Credit Union,ME,Baileyville,203200,0,-1,,-1,,2021,4,254900IHSZUFLA4J1Q14,5,DOWNEAST CREDIT UNION,ME,BAILEYVILLE,04694,63
2021,254900NZOY3XB2DNSZ34,13-6256810,5,451189,451189,USAlliance Federal Credit Union,NY,Rye,1843868,0,-1,,-1,,2021,4,254900NZOY3XB2DNSZ34,5,USAlliance Federal Credit Union,MA,Chelmsford,01824,1787
2021,549300OBYIDGN0LRQS38,80-0733838,1,525053,525053,First National Bank Of Oklahoma,OK,Oklahoma City,573758,0,1058343,,1058343,"FIRST BANCORP OF OKLAHOMA, INC.",2021,4,549300OBYIDGN0LRQS38,1,First National Bank of Oklahoma,OK,Oklahoma City,73120,392
2021,549300ZSNURWJMU0YY46,61-0309650,2,110945,110945,United Southern Bank,KY,Hopkinsville,219336,0,1140574,,1140574,"TODD BANCSHARES, INC.",2021,4,549300ZSNURWJMU0YY46,2,United Southern Bank,KY,Hopkinsville,42241,122
2021,549300DNWSJUNAWUM003,54-1094297,7,3882421,-1,"CREDIT UNION MORTGAGE ASSOCIATION, INC.",DE,WILMINGTON,-1,3,-1,,-1,,2021,4,549300DNWSJUNAWUM003,7,CREDIT UNION MORTGAGE ASSOCIAT,VA,FAIRFAX,22030,6028
2021,549300SM9GB26JECOA70,20-1864413,7,20-1864413,-1,NEIGHBORHOOD MORTGAGE LLC,WA,BELLINGHAM,-1,3,-1,,-1,,2021,4,549300SM9GB26JECOA70,7,Neighborhood Mortgage,WA,Bellingham,98226,38
2021,54930062IKKOJW3K8L94,23-1357086,5,766892,766892,TRUMARK FINANCIAL CREDIT UNION,PA,Fort Washington,2366862,0,-1,,-1,,2021,4,54930062IKKOJW3K8L94,5,TruMark Financial Credit Union,PA,Fort Washington,19034,6008
2021,549300GJ4HU1Z8P2M254,45-4767165,7,45-4767165,-1,"Northeast Equitable Mortgage, LLC",PA,Blue Bell,-1,3,-1,,-1,,2021,4,549300GJ4HU1Z8P2M254,7,NORTHEAST EQUITABLE MORTGAGE,PA,BLUE BELL,19422,405
2021,549300GYMDP10GGMLF50,76-0127757,1,536059,536059,"Golden Bank, National Association",TX,Houston,1022609,0,-1,,-1,,2021,4,549300GYMDP10GGMLF50,1,GOLDEN BANK,TX,HOUSTON,77036-4503,37
2021,549300R4F5COFJE0DN81,27-0267182,7,4438067,4438067,"ONY GLO, INC.",CA,SANTA ANA,-1,3,-1,,-1,,2021,4,549300R4F5COFJE0DN81,7,"ONY GLO, INC.",CA,SANTA ANA,92707,6190
2021,549300LIZH7VW4DFJK44,73-0242063,2,64552,64552,Chickasaw Community Bank,OK,Oklahoma City,198963,0,3045721,,3045721,CHICKASAW BANC HOLDING COMPANY,2021,4,549300LIZH7VW4DFJK44,2,CHICKASAW COMMUNITY BANK,OK,OKLAHOMA CITY,73108,3444
2021,549300YDTDBXLK67CF48,22-2745048,7,5163085,5163085,"ATLANTIS MORTGAGE CO., INC.",NJ,WEST LONG BRANCH,-1,2,-1,,-1,,2021,4,549300YDTDBXLK67CF48,7,Atlantis Mortgage Co Inc,NJ,W Long Branch,07764,164
2021,549300G5VZZVVGOY0N31,75-1100957,5,658894,658894,MTCU,TX,Midland,129451,0,-1,,-1,,2021,4,549300G5VZZVVGOY0N31,5,MTCU,TX,MIDLAND,79703-4706,41
2021,2549004XJQQPBYQSMT39,20-2097129,1,3340725,3340725,Quontic Bank,NY,New York,394658,0,4098564,,4098537,QUONTIC BANK ACQUISITION CORP.,2021,4,2549004XJQQPBYQSMT39,1,Quontic Bank,NY,New York,10020,5693
2021,549300ELFWNRX6MLE444,58-0239830,3,763930,763930,Farmers & Merchants Bank,GA,Lakeland,497050,0,1086814,,1086814,"FMB BANCSHARES, INC.",2021,4,549300ELFWNRX6MLE444,3,FARMERS AND MERCHANTS BANK,GA,LAKELAND,31635,319
2021,549300P5F47MW3AQ2048,48-0542669,5,621991,621991,MID AMERICAN,KS,Wichita,315655,0,-1,,-1,,2021,4,549300P5F47MW3AQ2048,5,MID AMERICAN CREDIT UNION,KS,WICHITA,67209,296
2021,549300GJXNFP6TD1QN94,62-0678664,5,137090,137090,JOHNSONVILLE TVA EMPLOYEES CREDIT UNION,TN,CAMDEN,104277,0,-1,,-1,,2021,4,549300GJXNFP6TD1QN94,5,Johnsonville TVA Employees Cre,TN,Camden,38320,34
2021,549300YR7U7TZTQ1GH77,62-0198140,3,531250,531250,Centennial Bank,TN,Trezevant,587205,0,1135806,,1135806,"F & M BANCSHARES, INC.",2021,4,549300YR7U7TZTQ1GH77,3,CENTENNIAL BANK,TN,TREZEVANT,38258,291
2021,549300Z1HPXY3UYVL049,21-0454410,3,574079,574079,Franklin Bank,NJ,Pilesgrove,260313,0,-1,,-1,,2021,4,549300Z1HPXY3UYVL049,3,FRANKLIN BANK,NJ,WOODSTOWN,08098,208
2021,5493000SW5GLNL7VNX12,80-0873092,9,,-1,"State Financial Network, LLC",PA,Chadds Ford,-1,3,-1,,-1,,2021,4,5493000SW5GLNL7VNX12,9,State Financial Network LLC,PA,Chadds Ford,19317,1164
2021,549300EAO0HUFDR48U74,75-0813510,5,699178,699178,RED RIVER EMPLOYEES,TX,Texarkana,1005002,0,-1,,-1,,2021,4,549300EAO0HUFDR48U74,5,RED RIVER EMPLOYEES FCU,TX,TEXARKANA,75503,1216
2021,5493008HV53MEILG2D59,22-3621091,3,2764212,2764212,Parke Bank,NJ,Sewell,1680755,0,3347292,,3347292,"PARKE BANCORP, INC",2021,4,5493008HV53MEILG2D59,3,Parke Bank,NJ,Sewell,08080,976
2021,549300FQ2SN6TRRGB032,36-1947800,3,608844,608844,FNBC Bank & Trust,IL,La Grange,531146,0,1201532,,1201532,"F.N.B.C. OF LA GRANGE, INC.",2021,4,549300FQ2SN6TRRGB032,3,FNBC Bank and Trust,IL,LaGrange,60525,227
2021,549300JX8UXNIMMZYW86,76-0565087,7,76-0565087,-1,"CAPITAL CONCEPTS, INC.",TX,HOUSTON,-1,3,-1,,-1,,2021,4,549300JX8UXNIMMZYW86,7,CAPITAL CONCEPTS INC,TX,HOUSTON,77042,307
2021,549300FHWDJMELT59Z22,27-0414896,7,,-1,Efinity Mortgage,,,-1,-1,-1,,-1,,2021,4,549300FHWDJMELT59Z22,7,EFINITY MORTGAGE,TX,BEDFORD,76201,1892
2021,549300UF6Z8RGZ16RJ75,62-0123640,3,724230,724230,Simply Bank,TN,Spring City,361128,0,-1,,-1,,2021,4,549300UF6Z8RGZ16RJ75,3,SimplyBank.,TN,Benton,37307,144
2021,549300FX3J95NB1UTP88,37-0160000,3,924937,924937,Alliance Community Bank,IL,Petersburg,276227,0,1406971,,1406971,"AC BANCORP, INC.",2021,4,549300FX3J95NB1UTP88,3,ALLIANCE COMMUNITY BANK,IL,PETERSBURG,62675,402
2021,254900JM9VOQ8A8WF359,24-0525403,3,790918,790918,First Keystone Community Bank,PA,Berwick,1005156,0,1118265,,1118265,FIRST KEYSTONE CORPORATION,2021,4,254900JM9VOQ8A8WF359,3,First Keystone Community Bank,PA,Berwick,18603,722
2021,549300P6FMUCIYH31R36,64-0226300,3,875936,875936,First Bank,MS,Mccomb,561010,0,1082692,,1082692,FIRST SOUTHWEST CORPORATION,2021,4,549300P6FMUCIYH31R36,3,FIRST BANK,MS,MCCOMB,39648,214
2021,54930098QK48NVYBZC62,45-3777008,7,,-1,EZ Fundings Inc,,,-1,-1,-1,,-1,,2021,4,54930098QK48NVYBZC62,7,EZ FUNDINGS INC,CA,RANCHO CUCAMONGA,91730,659
2021,549300ZS1TR1B4LHX377,95-0949175,5,475895,475895,Firefighters First Federal Credit Union,CA,Los Angeles,1488662,0,-1,,-1,,2021,4,549300ZS1TR1B4LHX377,5,FIREFIGHTERS FIRST CREDITUNION,CA,LOS ANGELES,90041,1295
2021,254900QC9XDDY8OVYU54,25-0801550,1,568377,568377,Slovenian Savings & Loan Association of Franklin-Conemaugh,PA,Conemaugh,149592,0,-1,,-1,,2021,4,254900QC9XDDY8OVYU54,1,Slovenian Savings & Loan Association of Franklin-Conemaugh,PA,Johnstown,15902,171
2021,549300MD1OK70DH5EZ47,37-0560167,5,419992,419992,UNIVERSITY OF ILLINOIS COMMUNITY,IL,Champaign,372592,0,-1,,-1,,2021,4,549300MD1OK70DH5EZ47,5,University of Illinois Community Credit Union,IL,Champaign,61820,298
2021,549300FJJQP6TUP5U107,20-5959541,7,20-5959541,-1,Dominion Capital Mortgage Inc.,VA,RICHMOND,-1,3,-1,,-1,,2021,4,549300FJJQP6TUP5U107,7,"Dominion Capital Mortgage, Inc.",VA,Richmond,23233,171
2021,549300QRWA4IGMDEDT70,41-0519270,5,68297,68297,IDEAL,MN,Woodbury,763132,0,-1,,-1,,2021,4,549300QRWA4IGMDEDT70,5,IDEAL CREDIT UNION,MN,WOODBURY,55125,1406
2021,5493001M37Q8TJKTP708,62-0239150,1,105473,105473,Home Federal Bank of Tennessee,TN,Knoxville,2259866,0,-1,,-1,,2021,4,5493001M37Q8TJKTP708,1,Home Federal Bank of Tennessee,TN,Knoxville,37902,1426
2021,549300YMV5FVP7DXOG44,53-0197031,5,792172,792172,COMMONWEALTH ONE FEDERAL CREDIT UNION,VA,Alexandria,375381,0,-1,,-1,,2021,4,549300YMV5FVP7DXOG44,5,COMMONWEALTH ONE FEDERAL CREDIT UNION,VA,ALEXANDRIA,22304,206
2021,549300K3JILC7UMYWR39,39-0153770,1,505550,505550,Hiawatha National Bank,WI,Hager City,228164,0,4465559,,4465559,LAKE SHORE III CORPORATION,2021,4,549300K3JILC7UMYWR39,1,Hiawatha National Bank,WI,Hudson,54016,431
2021,5493004PU0PDR2NUYN54,66-0228613,7,4184841,4184841,COOPERATIVA DE AHORRO Y CREDITO DEL VALENCIANO,,Juncos,-1,3,-1,,-1,,2021,4,5493004PU0PDR2NUYN54,7,Cooperativa de AC Valenciano,PR,JUNCOS,00777,21
2021,549300WYC8C6REMY4E38,41-1571815,3,302656,302656,Minnwest Bank,MN,Redwood Falls,2068880,0,1141348,,1141348,MINNWEST CORPORATION,2021,4,549300WYC8C6REMY4E38,3,Minnwest Bank,MN,Redwood Falls,56283,189
2021,549300ZVE7XVH8GM5H22,35-6032041,5,1013089,1013089,MEMBERS ADVANTAGE CREDIT UNION,IN,Michigan City,99384,0,-1,,-1,,2021,4,549300ZVE7XVH8GM5H22,5,MEMBERS ADVANTAGE CREDIT UNION,IN,Michigan City,46360,71
2021,9845005965C5DE6H9F04,32-0123738,7,,-1,Midwest Lending Corporation,,,-1,-1,-1,,-1,,2021,4,9845005965C5DE6H9F04,7,Midwest Lending Corporation,IL,Chicago,60622,328
2021,5493005EWJNDWPLNG328,72-0306115,1,345877,345877,Century Next Bank,LA,Ruston,488828,0,4211831,,4211831,CENTURY NEXT FINANCIAL CORPORATION,2021,4,5493005EWJNDWPLNG328,1,Century Next Bank,LA,Ruston,71270,438
2021,549300IOVF643QHIZ598,38-3498118,1,38-3498118,2860459,"Auto Club Trust, FSB",MI,Dearborn,567245,0,3852040,,4265508,"AUTO CLUB GROUP, THE",2021,4,549300IOVF643QHIZ598,1,"AUTO CLUB TRUST, FSB",FL,ST. PETERSBURG,33716,1208
2021,549300LWR6X0ZAV34H19,62-0322970,3,277736,277736,Peoples Bank of the South,TN,La Follette,153694,0,-1,,-1,,2021,4,549300LWR6X0ZAV34H19,3,Peoples Bank of the South,TN,LaFollette,37766,269
2021,549300TWX5Q3V5VXNF89,41-0138390,2,126553,126553,North Shore Bank of Commerce,MN,Duluth,286645,-1,1136540,,1136540,NORTH SHORE FINANCIAL CORPORATION,2021,4,549300TWX5Q3V5VXNF89,2,North Shore Bank of Commerce,MN,Duluth,55802,1392
2021,5493002JNEZK52NOPC21,14-1708496,1,1211371,1211371,Saratoga National Bank and Trust Company,NY,Saratoga Springs,642968,0,1048812,,1048812,ARROW FINANCIAL CORPORATION,2021,4,5493002JNEZK52NOPC21,1,Saratoga National Bank,NY,Glens Falls,12801,641
2021,5493002J7RM1JLAXN553,01-0067810,1,439404,439404,First National Bank,ME,Damariscotta,2036932,0,1133932,,1133932,"FIRST BANCORP, INC., THE",2021,4,5493002J7RM1JLAXN553,1,FIRST NATIONAL BANK,ME,DAMARISCOTTA,04543,1484
2021,549300ZJ5NAXZUN3VF05,99-0073445,5,275778,275778,HONOLULU,HI,Honolulu,269132,0,-1,,-1,,2021,4,549300ZJ5NAXZUN3VF05,5,Honolulu Federal Credit Union,HI,Honolulu,96823,49
2021,5493003MAUCY3WMZY776,31-0239867,1,66677,66677,Cincinnati Federal,OH,Cincinnati,241951,0,4841564,,4841564,"CINCINNATI BANCORP, INC",2021,4,5493003MAUCY3WMZY776,1,Cincinnati Federal,OH,Cincinnati,45247,1546
2021,549300QWUZ3ZGKKC7W73,36-2664246,3,1008432,1008432,Merchants and Manufacturers Bank,IL,Joliet,274098,0,2022734,,2022734,MERCHANTS AND MANUFACTURERS BANK CORPORATION,2021,4,549300QWUZ3ZGKKC7W73,3,Merchants and Manufacturers Bank,IL,Joliet,60432-2908,71
2021,549300H88NIQ6005M718,54-0662923,5,678098,678098,DUPONT COMMUNITY,VA,Waynesboro,1271998,0,-1,,-1,,2021,4,549300H88NIQ6005M718,5,DUPONT COMMUNITY CREDIT UNION,VA,WAYNESBORO,22980,2331
2021,5493009OHBOFDUG78546,84-0187935,5,705293,705293,PARTNER COLORADO,CO,Arvada,448845,0,-1,,-1,,2021,4,5493009OHBOFDUG78546,5,PARTNER COLORADO CREDIT UNION,CO,ARVADA,80003,221
2021,549300ZM3TKJVUYB3676,36-0886040,3,931038,931038,Central Bank Illinois,IL,Geneseo,917280,0,1492273,,1492273,"CENTRAL BANC, INC.",2021,4,549300ZM3TKJVUYB3676,3,Central Bank Illinois,IL,Geneseo,61254,741
2021,254900OI3V8V16I60I06,44-0310650,3,814551,814551,Kearney Trust Company,MO,Kearney,208271,0,1063075,,1063075,"TRUSTCO BANKSHARES, INC.",2021,4,254900OI3V8V16I60I06,3,KEARNEY TRUST COMPANY,MO,KEARNEY,64060,75
2021,5493008RNHC5I1E3IZ56,14-1338566,5,954970,954970,STATE EMPLOYEES FEDERAL CREDIT UNION,NY,Albany,4055933,0,-1,,-1,,2021,4,5493008RNHC5I1E3IZ56,5,SEFCU,NY,ALBANY,12206,4748
2021,549300QWA589VRBWSZ92,74-1109927,5,505493,505493,COMMUNITY RESOURCE CREDIT UNION,TX,Baytown,564704,0,-1,,-1,,2021,4,549300QWA589VRBWSZ92,5,COMMUNITY RESOURCE CREDIT UNIO,TX,BAYTOWN,77520,734
2021,549300ZAI389CEN8VG51,39-1087461,3,198149,198149,AbbyBank,WI,Abbotsford,549882,0,3612794,,3612794,"ABBY BANCORP, INC.",2021,4,549300ZAI389CEN8VG51,3,ABBYBANK,WI,ABBOTSFORD,54405,806
2021,549300R9WS7FTSHD0V89,20-0987179,3,3270046,3270046,VISIONBank,ND,Fargo,200905,0,3270037,,3270037,"VISION BANK HOLDINGS, INC.",2021,4,549300R9WS7FTSHD0V89,3,VISIONBank,ND,Fargo,58103,103
2021,254900FK0S1L00V2UL14,25-0459150,3,282824,282824,Elderton State Bank,PA,Elderton,298675,0,3631012,,3631012,"KEYSTRONG FINANCIAL, INC.",2021,4,254900FK0S1L00V2UL14,3,Elderton State Bank,PA,Elderton,15736,138
2021,549300WJMSK78N2L9U23,38-3566754,3,3101065,3101065,"OAK MORTGAGE, LLC",MI,STURGIS,-1,2,-1,,3051571,"STURGIS BANCORP, INC.",2021,4,549300WJMSK78N2L9U23,3,"OAK MORTGAGE, LLC",MI,STURGIS,49091,1262
2021,5493008NQVB5ZOWYNU83,38-0536242,5,443193,443193,CREDIT UNION ONE,MI,Ferndale,1487658,0,-1,,-1,,2021,4,5493008NQVB5ZOWYNU83,5,CREDIT UNION ONE,MI,FERNDALE,48220,3346
2021,38CFVD4YYFWD1FV7IM34,39-1990426,1,2941068,2941068,Nicolet National Bank,WI,Green Bay,3570443,0,3103603,,3103603,"NICOLET BANKSHARES, INC.",2021,4,38CFVD4YYFWD1FV7IM34,1,NICOLET NATIONAL BANK,WI,GREEN BAY,54301,5353
2021,5Z1UQ1CWY0DQ3KJWDQ07,59-3531592,9,2735146,2735146,"TIAA, FSB",FL,Jacksonville,41950721,0,3838857,,3792687,TIAA BOARD OF OVERSEERS,2021,4,5Z1UQ1CWY0DQ3KJWDQ07,9,"TIAA, FSB",FL,Jacksonville,32202,16363
2021,549300B3LJV7BU7IY610,74-0766260,1,369659,369659,First National Bank of Central Texas,TX,Waco,878267,0,2348274,,4577984,"2013 MONTE HULSE FAMILY IRREVOCABLE TRUST I, THE",2021,4,549300B3LJV7BU7IY610,1,First National Bank of Central Texas,TX,WACO,76710,305
2021,254900Q8CQK28JPFK147,23-1514461,5,628598,628598,Superior Credit Union,PA,Collegeville,53902,0,-1,,-1,,2021,4,254900Q8CQK28JPFK147,5,Superior Credit Union,PA,Collegeville,19426,149
2021,254900I68BOSEM149Q58,26-2644338,7,,-1,"Encompass Lending Group, LP",TX,Katy,-1,3,-1,,-1,,2021,4,254900I68BOSEM149Q58,7,"ENCOMPASS LENDING GROUP, L.P.",TX,KATY,77494,1031
2021,5493002R8QX1FQSB8Z06,94-1019805,5,1016370,1016370,FIRST U.S. COMMUNITY CREDIT UNION,CA,Sacramento,409441,0,-1,,-1,,2021,4,5493002R8QX1FQSB8Z06,5,FIRST US COMMUNITY CREDIT UNION,CA,Sacramento,95825,261
2021,254900P86CWA5DCK0Y27,62-0459298,5,749073,749073,Clinchfield Federal Credit Union,TN,Erwin,85897,0,-1,,-1,,2021,4,254900P86CWA5DCK0Y27,5,Clinchfield Federal Credit Union,TN,Erwin,37650,73
2021,2549006L3U88MNTL7K26,36-1828310,1,407645,407645,Stillman BancCorp N.A.,IL,Stillman Valley,469014,0,1210646,,1210646,"STILLMAN BANCCORP, INC.",2021,4,2549006L3U88MNTL7K26,1,Stillman BancCorp NA,IL,Stillman Valley,61084,1074
2021,5493007UW5GSKHED2095,71-0009810,3,514048,514048,CS Bank,AR,Eureka Springs,336837,-1,2941769,,2941769,"EUREKA BANCSHARES, INC.",2021,4,5493007UW5GSKHED2095,3,CS Bank,AR,Eureka Springs,72632,326
2021,254900R24PHQB7GDFD26,73-0183780,2,139553,139553,Mabrey Bank,OK,Bixby,1173300,0,2052777,,2052777,"MABREY BANCORPORATION, INC.",2021,4,254900R24PHQB7GDFD26,2,Mabrey Bank,OK,Bixby,74008-3743,410
2021,549300EZG6KIP4HOUR65,15-0438700,2,101671,101671,Adirondack Bank,NY,Utica,815388,0,2467474,,2467474,"ADIRONDACK BANCORP, INC.",2021,4,549300EZG6KIP4HOUR65,2,ADIRONDACK BANK,NY,UTICA,13501,493
2021,549300HZKPV04SFK9K27,39-0745853,5,808998,808998,CO-OP Credit Union,WI,Black River Falls,369966,0,-1,,-1,,2021,4,549300HZKPV04SFK9K27,5,Co-op Credit Union,WI,Black River Falls,54615,739
2021,549300T5T60SK9MMCD03,04-2595494,5,591683,591683,SOUTHCOAST FEDERAL CREDIT UNION,MA,New Bedford,49070,0,-1,,-1,,2021,4,549300T5T60SK9MMCD03,5,Southcoast Federal Credit Union,MA,New Bedford,02740,49
2021,213800XA5M2HOWATHG59,35-0482724,3,176642,176642,LNB COMMUNITY BANK,IN,LYNNVILLE,124396,0,2807007,,2807007,LNB COMMUNITY BANCORP,2021,4,213800XA5M2HOWATHG59,3,LNB COMMUNITY BANK,IN,LYNNVILLE,47619,369
2021,549300SQ2G271NHKJQ07,35-0978599,5,181084,181084,CRANE,IN,Odon,617543,0,-1,,-1,,2021,4,549300SQ2G271NHKJQ07,5,CRANE CREDIT UNION,IN,ODON,47562,943
2021,254900AX2RRO2WMRP742,03-0194663,5,724397,724397,Vermont Federal Credit Union,VT,Burlington,588040,0,-1,,-1,,2021,4,254900AX2RRO2WMRP742,5,Vermont Federal Credit Union,VT,BURLINGTON,05401,1425
2021,5493006S869XKIESMV41,87-0172956,5,611198,611198,MOUNTAIN AMERICA,UT,Sandy,9348808,0,-1,,-1,,2021,4,5493006S869XKIESMV41,5,MOUNTAIN AMERICA FEDERAL CREDIT UNION,UT,SANDY,84091,37596
2021,549300SLOQGL2LEMSD33,74-1110254,5,503172,503172,EL PASO AREA TEACHERS,TX,El Paso,665398,0,-1,,-1,,2021,4,549300SLOQGL2LEMSD33,5,EL PASO AREA TEACHERS FEDERAL CREDIT UNION,TX,EL PASO,79936,383
2021,549300DDLYW49R2HCV81,62-6039479,5,263391,263391,EASTMAN,TN,Kingsport,5099588,0,-1,,-1,,2021,4,549300DDLYW49R2HCV81,5,EASTMAN CREDIT UNION,TN,KINGSPORT,37662,8653
2021,54930080KJR5G1HZVI89,73-0130930,1,984258,984258,First National Bank and Trust Company of Ardmore,OK,Ardmore,510897,0,1055726,"FIRST NATIONAL CORPORATION OF ARDMORE, INC.",1055726,"FIRST NATIONAL CORPORATION OF ARDMORE, INC.",2021,4,54930080KJR5G1HZVI89,1,First National Bank and Trust Company of Ardmore,OK,Ardmore,73401,176
2021,254900H0KR1EP2IS0Y73,43-0204426,2,719656,719656,The Callaway Bank,MO,Fulton,380135,0,1097098,,1097098,"CALLAWAY SECURITY BANKS, INC.",2021,4,254900H0KR1EP2IS0Y73,2,THE CALLAWAY BANK,MO,FULTON,65251,486
2021,549300IRRKG7NTX2YD83,59-0193780,3,701839,701839,Citizens Bank and Trust,FL,Frostproof,685963,0,3200874,,3200874,CITIZENS BANKING CORPORATION,2021,4,549300IRRKG7NTX2YD83,3,CITIZENS BANK AND TRUST,FL,FROSTPROOF,33843,213
2021,5493002JDOI3GTNVUD76,20-5480153,3,37640,37640,German American Bank,IN,Jasper,4385485,0,1098620,,1098620,"GERMAN AMERICAN BANCORP, INC.",2021,4,5493002JDOI3GTNVUD76,3,GERMAN AMERICAN BANK,IN,JASPER,47546,5193
2021,549300Z54IIB4Q3AKI90,74-0695355,5,787691,787691,SMART FINANCIAL CREDIT UNION,TX,Houston,699499,0,-1,,-1,,2021,4,549300Z54IIB4Q3AKI90,5,Smart Financial Credit Union,TX,houston,77072,538
2021,54930024QEEW6YDTWZ98,57-0377963,5,929987,929987,REV FEDERAL CREDIT UNION,SC,Summerville,645925,0,-1,,-1,,2021,4,54930024QEEW6YDTWZ98,5,REV FEDERAL CREDIT UNION,SC,SUMMERVILLE,29483,724
2021,54930076TYMG3Z3BO135,66-0226689,7,,-1,COOPERATIVA DE AHORRO Y CREDITO ROOSEVELT ROADS,,FAJARDO,-1,3,-1,,-1,,2021,4,54930076TYMG3Z3BO135,7,Cooperativa de A\C  Roosvelt R,PR,Fajardo,00738,57
2021,549300L0KQ09W67V4228,75-0256400,3,435059,435059,Ennis State Bank,TX,Ennis,261061,0,1131956,,1131956,"ENNIS BANCSHARES, INC.",2021,4,549300L0KQ09W67V4228,3,ENNIS STATE BANK,TX,ENNIS,75119,325
2021,5493000GDQJIBPCUBG13,04-1295190,3,197302,197302,Eagle Bank,MA,Everett,460438,0,-1,,-1,,2021,4,5493000GDQJIBPCUBG13,3,Eagle Bank,MA,Everett,02149,227
2021,549300LUOV7WW4BLH779,04-2832782,1,863607,863607,The National Grand Bank of Marblehead,MA,Marblehead,339933,0,1115406,,1115406,GRAND BANK CORPORATION,2021,4,549300LUOV7WW4BLH779,1,NATIONAL GRAND BANK,MA,MARBLEHEAD,01945,147
2021,2549005B6S44QVVMBU11,61-0208245,1,,610913,First Grayson Bancorp Inc.,KY,Grayson,250630,0,1823747,,1823747,"FIRST GRAYSON BANCORP, INC.",2021,4,2549005B6S44QVVMBU11,1,First National Bank of Grayson,KY,Grayson,41143,369
2021,549300RTWPH3HXUWR160,63-0041560,3,594433,594433,"CB&S Bank, Inc.",AL,Russellville,1898751,0,1493654,,1493654,CBS BANC-CORP.,2021,4,549300RTWPH3HXUWR160,3,CB&S Bank,AL,Russellville,35653,1336
2021,549300VA7HOYYKO7DN28,54-6039972,5,244998,244998,DOMINION ENERGY CREDIT UNION,VA,Richmond,301375,0,-1,,-1,,2021,4,549300VA7HOYYKO7DN28,5,Dominion Energy Credit Union,VA,Richmond,23261,218
2021,549300PLQ5DT613TXQ48,61-0126276,3,425818,425818,United Cumberland Bank,KY,Whitley City,297555,0,1071342,,1071342,MCCREARY BANCSHARES INC.,2021,4,549300PLQ5DT613TXQ48,3,United Cumberland Bank,KY,Whitley City,42653,396
2021,549300I43XQ9YFW0LV16,20-0344180,7,3915066,3915066,"GROUP ONE MORTGAGE, INC.",FL,PALM BEACH GARDENS,-1,3,-1,,-1,,2021,4,549300I43XQ9YFW0LV16,7,GOM - Main Office,FL,Jupiter,33477,1179
2021,54930020YWIK7HGH2R34,75-2700008,7,3843271,3843271,"SFMC, LP",TX,MCKINNEY,-1,3,-1,,-1,,2021,4,54930020YWIK7HGH2R34,7,"SFMC, LP",TX,MCKINNEY,75070,7999
2021,5493004RSPU71QRHYI22,74-1457691,5,647281,647281,JSC,TX,Houston,2248027,0,-1,,-1,,2021,4,5493004RSPU71QRHYI22,5,JSC FCU,TX,HOUSTON,77258,1414
2021,254900M8453FLU1TS434,27-1557165,7,,-1,"Gallic & Johnson, LLC",OR,Eugene,-1,3,-1,,-1,,2021,4,254900M8453FLU1TS434,7,Gallic & Johnson Financial,OR,Eugene,97401,122
2021,25490008Z6OW7HHL6478,53-0197027,5,,499275,Democracy Federal Credit Union,VA,Alexandria,154132,0,-1,,-1,,2021,4,25490008Z6OW7HHL6478,5,DEMOCRACY FEDERAL CREDIT UNION,VA,ALEXANDRA,22314,33
2021,549300C61LNGA8J8EF85,48-0160040,1,968070,968070,Capitol Federal Savings Bank,KS,Topeka,9255666,0,4226910,,4226910,"CAPITOL FEDERAL FINANCIAL, INC.",2021,4,549300C61LNGA8J8EF85,1,Capitol Federal Savings Bank,KS,Lawrence,66044,7649
2021,549300I8GW9QHQO63J05,61-0305650,3,,995517,"Peoples Bank of Kentucky, Inc.",,,-1,-1,2356701,,-1,,2021,4,549300I8GW9QHQO63J05,3,"Peoples Bank of Kentucky, Inc",KY,Flemingsburg,41041,262
2021,254900VYWY829DG3Z473,04-2039851,5,202493,202493,Members Plus Credit Union,MA,Medford,311791,0,-1,,-1,,2021,4,254900VYWY829DG3Z473,5,MEMBERS PLUS CREDIT UNION,MA,MEDFORD,02155,129
2021,5493008CIXOTKUFPFW43,59-3584666,1,2800491,2800491,Heartland National Bank,FL,Sebring,411250,0,2800482,,2800482,"HEARTLAND BANCSHARES, INC.",2021,4,5493008CIXOTKUFPFW43,1,HEARTLAND NATIONAL BANK,FL,SEBRING,33870,322
2021,549300C853H86L248593,61-0290000,1,702612,702612,First Southern National Bank,KY,Lancaster,895737,0,1247987,,1247987,"FIRST SOUTHERN BANCORP, INC.",2021,4,549300C853H86L248593,1,FIRST SOUTHERN NATIONAL BANK,KY,STANFORD,40484,574
2021,54930074SGHZL5IZGS24,35-0161700,2,539340,539340,DeMotte State Bank,IN,Jasper,446309,0,1130164,,1130164,DEMOTTE BANCORP,2021,4,54930074SGHZL5IZGS24,2,DeMotte State Bank,IN,DeMotte,46310,151
2021,549300EHZKNMEE6UUC83,42-0817536,5,45793,45793,CEDAR FALLS COMMUNITY CREDIT UNION,IA,Cedar Falls,127148,0,-1,,-1,,2021,4,549300EHZKNMEE6UUC83,5,Cedar Falls Community Credit Union,IA,Cedar Falls,50613,316
2021,549300HFXTV55C2HHM89,86-0096740,5,622475,622475,DESERT FINANCIAL FEDERAL CREDIT UNION,AZ,Phoenix,4964664,-1,-1,,-1,,2021,4,549300HFXTV55C2HHM89,5,Desert Financial Federal CU,AZ,Phoenix,85034,9597
2021,549300BXWU32AYWT1A56,20-4136310,3,3424821,3424821,UIF CORPORATION,MI,ANN ARBOR,-1,2,137652,,1496253,"UNIVERSITY BANCORP, INC.",2021,4,549300BXWU32AYWT1A56,3,UIF CORPORATION,MI,SOUTHFIELD,48034,5027
2021,5493004ZQGH3G6GHZ049,65-1211106,7,4877666,4877666,"GRANDE HOMES, INC.",CA,SAN DIEGO,-1,3,-1,,-1,,2021,4,5493004ZQGH3G6GHZ049,7,Grande Homes Inc,CA,San Diego,92126,555
2021,5493002OVIWOKVJME308,81-4360826,7,,-1,"NEST HOME LENDING, LLC",DE,WILMINGTON,-1,3,-1,,-1,,2021,4,5493002OVIWOKVJME308,7,"NEST HOME LENDING, LLC",TX,HOUSTON,77027,1899
2021,549300YPUST7CSVL4680,73-0127305,2,839255,839255,FNB Community Bank,OK,Midwest City,454526,0,1063619,,1063619,FIRST MIDWEST ACQUISITION CORPORATION,2021,4,549300YPUST7CSVL4680,2,FNB Community Bank,OK,Midwest City,73130,85
2021,549300K4ZLGS7SRDTL86,26-2053389,7,4184083,4184083,Equity Prime Mortgage LLC,GA,Atlanta,-1,3,-1,,-1,,2021,4,549300K4ZLGS7SRDTL86,7,Equity Prime Mortgage LLC,GA,Atlanta,30328,19365
2021,254900DNPJINSUKFZ002,35-0868189,5,294395,294395,Notre Dame Federal Credit Union Corporation,IN,Notre Dame,652360,0,-1,,-1,,2021,4,254900DNPJINSUKFZ002,5,Notre Dame Federal Credit Union,IN,Notre Dame,46556,2819
2021,549300WIE2SKOKI8PF63,36-1558290,1,775773,775773,North Shore Trust and Savings,IL,Waukegan,235429,0,3327650,,3849545,"NORTH SHORE, MHC",2021,4,549300WIE2SKOKI8PF63,1,NORTH SHORE TRUST & SAVINGS,IL,WAUKEGAN,60085,269
2021,549300IUMIMR7KEN9Z07,62-0192666,1,17978,17978,Elizabethton Federal Savings Bank,TN,Elizabethton,292783,0,-1,,-1,,2021,4,549300IUMIMR7KEN9Z07,1,Elizabethton Federal Savings Bank,TN,Elizabethton,37643,154
2021,549300BQPSF250Q8KQ79,84-0442238,5,25197,25197,ON TAP,CO,Golden,284237,0,-1,,-1,,2021,4,549300BQPSF250Q8KQ79,5,On Tap Credit Union,CO,GOLDEN,80401,352
2021,549300WN3VU197CXJH44,04-1677290,2,528102,528102,North Brookfield Savings Bank,MA,North Brookfield,323543,0,-1,,-1,,2021,4,549300WN3VU197CXJH44,2,NORTH BROOKFIELD SAVINGS BANK,MA,NORTH BROOKFIELD,01585,253
2021,5493000H6FXB15JQW781,75-0940724,5,771485,771485,COMMUNITIES OF ABILENE FEDERAL CREDIT UNION,TX,Abilene,142454,0,-1,,-1,,2021,4,5493000H6FXB15JQW781,5,Communities of Abilene Federal Credit Union,TX,Abilene,79603,29
2021,549300ENXD6MBH06E085,04-3317338,3,13103,13103,Bristol County Savings Bank,MA,Taunton,2297366,0,2388878,,2388878,BEACON BANCORP,2021,4,549300ENXD6MBH06E085,3,Bristol County Savings Bank,MA,Taunton,02780,1215
2021,2549007ZL90U2M5ZNA78,20-5439763,7,4182780,4182780,United Fidelity Funding Corp.,MO,Jefferson City,-1,3,-1,,-1,,2021,4,2549007ZL90U2M5ZNA78,7,"United Fidelity Funding, Corp",MO,Kansas City,64150,3885
2021,549300EWGL0JGA62YY67,82-0214626,5,593687,593687,ADVANTAGE PLUS,ID,Pocatello,164028,0,-1,,-1,,2021,4,549300EWGL0JGA62YY67,5,Advantage Plus FCU,ID,Pocatello,83201,670
2021,549300BM4NS8HDJT3X28,52-1597440,7,3088867,3088867,INTERCOASTAL MORTGAGE COMPANY,VA,FAIRFAX,-1,2,-1,,3211601,MVB FINANCIAL CORP.,2021,4,549300BM4NS8HDJT3X28,7,"Intercoastal Mortgage, LLC",VA,Fairfax,22030,13493
2021,549300JEBULFT3BSU682,01-0024610,3,419406,419406,Bangor Savings Bank,ME,Bangor,4733474,0,3547999,,3547999,"BANGOR BANCORP, MHC",2021,4,549300JEBULFT3BSU682,3,BANGOR SAVINGS BANK,ME,BANGOR,04401,9217
2021,5493006F1N8E3EEF3W63,94-1569025,3,739560,739560,Fremont Bank,CA,Fremont,4377727,0,1026801,,1026801,FREMONT BANCORPORATION,2021,4,5493006F1N8E3EEF3W63,3,FREMONT BANK,CA,LIVERMORE,94551,19562
2021,5493009KQ3D6Q5VM0B61,59-0815534,5,216089,216089,PUBLIX EMPLOYEES,FL,Lakeland,1047333,0,-1,,-1,,2021,4,5493009KQ3D6Q5VM0B61,5,PUBLIX EMPLOYEES FEDERAL CREDIT UNION,FL,LAKELAND,33802,595
2021,5493001DKNDZW3UIWI38,41-1230620,3,914853,914853,Cornerstone State Bank,MN,Montgomery,174136,0,1125423,,1125423,"CORNERSTONE BANCORPORATION, INC.",2021,4,5493001DKNDZW3UIWI38,3,Cornerstone State Bank,MN,Montgomery,56069,224
2021,549300EI8WIPSALARU71,72-0308220,1,194570,194570,Heritage Bank of St Tammany,LA,Covington,131421,0,5110324,,5110324,"HERITAGE NOLA BANCORP, INC.",2021,4,549300EI8WIPSALARU71,1,Heritage Bank of St. Tammany,LA,Covington,70433,252
2021,5493007QERYQSQ3QNH02,91-0176215,5,74793,74793,Seattle Metropolitan Credit Union,WA,Seattle,831540,0,-1,,-1,,2021,4,5493007QERYQSQ3QNH02,5,SEATTLE METROPOLITAN CREDIT UNION,WA,SEATTLE,98134,708
2021,549300GWJ5O0AQLJKV83,36-2282191,5,345493,345493,FINANCIAL PLUS,IL,Ottawa,337499,0,-1,,-1,,2021,4,549300GWJ5O0AQLJKV83,5,Financial Plus Credit Union,IL,Ottawa,61350-0000,335
2021,549300SHK8JZR89HEF81,72-0643664,3,135836,135836,South Lafourche Bank & Trust Company,LA,Larose,140565,0,1082236,,1082236,"LAFOURCHE BANCSHARES, INC.",2021,4,549300SHK8JZR89HEF81,3,South Lafourche Bank,LA,Larose,70373,131
2021,5493004R1ELTGT9LUL33,38-1444840,5,892894,892894,MARSHALL COMMUNITY CREDIT UNION,MI,Marshall,226939,0,-1,,-1,,2021,4,5493004R1ELTGT9LUL33,5,MARSHALL COMMUNITY CREDIT UNION,MI,Marshall,49068,572
2021,549300S8SHBRCI7UU819,23-7250155,5,858975,858975,Baxter Credit Union,IL,Vernon Hills,3921403,0,-1,,-1,,2021,4,549300S8SHBRCI7UU819,5,BAXTER CREDIT UNION,IL,340 N MILWAUKEE AVE,60061,12023
2021,254900LSUA7OOX54X398,52-0853115,5,737388,737388,HAR-CO Credit Union,MD,Bel Air,189256,0,-1,,-1,,2021,4,254900LSUA7OOX54X398,5,HARCO Credit Union,MD,Bel Air,21014,38
2021,549300OZ8A612R2D8J95,48-1293794,1,3140822,3140822,Liberty National Bank,IA,Sioux City,437989,0,3137701,,3137701,"LIBERTY FINANCIAL SERVICES, INC.",2021,4,549300OZ8A612R2D8J95,1,Liberty National Bank,SD,Dakota Dunes,57049,138
2021,549300JZD4L02YZI3Z50,22-3157857,7,3871603,3871603,NJ LENDERS CORP.,NJ,LITTLE FALLS,-1,3,-1,,-1,,2021,4,549300JZD4L02YZI3Z50,7,NJ LENDERS CORP,NJ,LITTLE FALLS,07424,17255
2021,5493005LWLLN6G3XQP35,95-2368050,3,996260,996260,CTBC Bank Corp. (USA),CA,Los Angeles,3666369,0,1486517,,3080209,"CTBC FINANCIAL HOLDING CO., LTD.",2021,4,5493005LWLLN6G3XQP35,3,CTBC Bank,CA,Los Angeles,90017,797
2021,549300URHBBJ2KIQ3616,46-1257779,3,755458,755458,Foresight Bank,MN,Plainview,262518,0,1485800,,1485800,"PLAINVIEW BANKSHARES, INC.",2021,4,549300URHBBJ2KIQ3616,3,FORESIGHT BANK,MN,PLAINVIEW,55964,256
2021,54930008MKP7T81OVK54,47-2565675,7,5138980,5138980,FAIR WAY LENDING LLC,KY,LOUISVILLE,-1,3,-1,,-1,,2021,4,54930008MKP7T81OVK54,7,"Fair Way Lending, LLC",KY,Louisville,40243,820
2021,549300W5E3L00UZ6F777,24-0568185,3,952677,952677,ESSA Bank & Trust,PA,Stroudsburg,1803988,0,3854268,,3854268,"ESSA BANCORP, INC.",2021,4,549300W5E3L00UZ6F777,3,ESSA Bank & Trust,PA,Stroudsburg,18360,1242
2021,549300RMW817W08PUN16,55-0148620,3,901134,901134,Community Bank of Parkersburg,WV,Parkersburg,255869,0,1479144,,1479144,"COMMUNITY BANKSHARES, INC.",2021,4,549300RMW817W08PUN16,3,Community Bank of Parkersburg,WV,PARKERSBURG,26101,301
2021,549300XO6U4LD9JWE008,81-0739863,7,,-1,"SWH FUNDING, LLC",AZ,PHOENIX,-1,3,-1,,-1,,2021,4,549300XO6U4LD9JWE008,7,"SWH Funding, LLC",AZ,Phoenix,85016,176
2021,549300PC4MFWQBNVKG88,42-1720343,7,3955361,3955361,"V.I.P. MORTGAGE, INC.",AZ,SCOTTSDALE,-1,3,-1,,-1,,2021,4,549300PC4MFWQBNVKG88,7,"V.I.P. MORTGAGE, INC.",AZ,SCOTTSDALE,85258,17678
2021,549300LBK5BTNFKZJD14,23-1171580,2,354310,354310,Univest Bank and Trust Co.,PA,Souderton,5361387,0,1116609,,1116609,UNIVEST FINANCIAL CORPORATION,2021,4,549300LBK5BTNFKZJD14,2,Univest Bank and Trust Co.,PA,Souderton,18964,4772
2021,549300TTP68WVF1GME12,20-4385274,2,3395293,3395293,Triumph Bank,TN,Memphis,837096,0,3409994,,3409994,"TRIUMPH BANCSHARES, INC.",2021,4,549300TTP68WVF1GME12,2,Triumph Bank,TN,Memphis,38119,2129
2021,8WH0EE09O9V05QJZ3V89,87-0189025,9,276579,276579,"Zions Bancorporation, N.A.",UT,Salt Lake City,69171552,0,-1,,-1,,2021,4,8WH0EE09O9V05QJZ3V89,9,"ZIONS BANCORPORATION, N.A.",TX,THE WOODLANDS,77381,33202
2021,549300HCNXMTNGIMAR91,13-1628594,5,752475,752475,United Nations Federal Credit Union,NY,New York,5980675,0,-1,,-1,,2021,4,549300HCNXMTNGIMAR91,5,UNITED NATIONS FEDERAL CU,NY,LONG ISLAND CITY,11101,2943
2021,254900T576VYG7I55390,59-0642991,5,964072,964072,Pen Air Federal Credit Union,FL,Pensacola,1550752,0,-1,,-1,,2021,4,254900T576VYG7I55390,5,Pen Air Federal Credit Union,FL,Pensacola,32514,1811
2021,549300MQEDQYDJR8CP22,47-1514565,7,,-1,COREVEST AMERICAN FINANCE LENDER LLC,DE,WILMINGTON,-1,3,-1,,-1,,2021,4,549300MQEDQYDJR8CP22,7,CoreVest American Finance Lender LLC,CA,Irvine,92614,839
2021,549300NG2D8XTAILV420,66-0699600,7,4185165,4185165,The Lending Center Corporation,,San Juan,-1,3,-1,,-1,,2021,4,549300NG2D8XTAILV420,7,The Lending Center Corporation,PR,San Juan,00918,155
2021,2549007AU24FVDMNUB40,39-0263945,5,987697,987697,Connexus Credit Union,WI,Wausau,2675632,0,-1,,-1,,2021,4,2549007AU24FVDMNUB40,5,Connexus Credit Union,WI,Wausau,54401,1054
2021,549300NBFJM2PBH24L77,48-0169210,3,273550,273550,The Citizens State Bank,KS,Moundridge,429499,0,1063039,,2961226,"GOERING MANAGEMENT COMPANY, LLC",2021,4,549300NBFJM2PBH24L77,3,The Citizens State Bank,KS,Moundridge,67107,322
2021,254900GP2576VSW7TS47,38-0855535,5,140791,140791,Adventure Credit Union,MI,Grand Rapids,356710,0,-1,,-1,,2021,4,254900GP2576VSW7TS47,5,Adventure Credit Union,MI,Grand Rapids,49548,651
2021,254900ICEZWRRYBRW481,31-4225037,1,966722,966722,Kingston National Bank,OH,Kingston,373148,0,2246400,,2246400,"KINGSTON BANCSHARES, INC.",2021,4,254900ICEZWRRYBRW481,1,KINGSTON NATIONAL BANK,OH,KINGSTON,45644,259
2021,549300611ME23N9Y4L70,66-0254756,7,,3873250,COOPERATIVA DE AHORRO Y CREDITO CAGUAS,,Caguas,-1,3,-1,,-1,,2021,4,549300611ME23N9Y4L70,7,CAGUAS COOP,PR,CAGUAS,00726-1252,26
2021,549300GZY55UGMUMI322,20-4091629,2,3532641,3532641,SmartBank,TN,Pigeon Forge,2449029,0,1131497,,1131497,"SMARTFINANCIAL, INC.",2021,4,549300GZY55UGMUMI322,2,SMARTBANK,TN,Pigeon Forge,37863,1295
2021,549300Q6YL1SFVPEGV90,95-4449805,7,3894714,3894714,"INTELLILOAN, INC.",CA,ORANGE,-1,3,-1,,-1,,2021,4,549300Q6YL1SFVPEGV90,7,"Intelliloan, Inc.",CA,Orange,92686,9137
2021,549300KTBKVRBY302A16,37-0611788,1,659341,659341,"Bank of Hillsboro, National Association",IL,Hillsboro,369667,0,1098581,,1098581,"COUNTRY BANCORP, INC.",2021,4,549300KTBKVRBY302A16,1,"BANK OF HILLSBORO, N.A.",IL,HILLSBORO,62049,564
2021,5493008HXD04SBQ82S85,58-1508166,5,400299,400299,Horizon Credit Union,TN,Kingsport,56294,0,-1,,-1,,2021,4,5493008HXD04SBQ82S85,5,HORIZON CREDIT UNION,TN,KINGSPORT,37664,50
2021,254900HA4DQWAE0W3342,38-2799035,7,3871751,3871751,"AmeriHome Mortgage Company, LLC",DE,Wilmington,-1,3,-1,,-1,,2021,4,254900HA4DQWAE0W3342,7,"AmeriHome Mortgage Company, LLC",CA,Thousand Oaks,91362,300026
2021,549300F6NSBOJBM9ED39,95-1644517,5,973775,973775,NuVision Federal Credit Union,CA,Huntington Beach,2369587,0,-1,,-1,,2021,4,549300F6NSBOJBM9ED39,5,NUVISION FEDERAL CREDIT UNION,CA,HUNTINGTON BEACH,92677,1783
2021,549300UBGGLZLZEY0M18,91-0440744,5,212193,212193,TWINSTAR,WA,LACEY,1453204,0,-1,,-1,,2021,4,549300UBGGLZLZEY0M18,5,TWINSTAR CREDIT UNION,WA,LACEY,98503,2340
2021,5493008RSN6F31BTGT93,72-1167423,3,1458608,1458608,Gulf Coast Bank and Trust Company,LA,New Orleans,1820602,0,-1,,-1,,2021,4,5493008RSN6F31BTGT93,3,GULF COAST BANK AND TRUST,LA,NEW ORLEANS,70130-2997,3952
2021,549300D064PXOX5JP483,44-0393970,3,,950141,Mid-Missouri Bank,MO,Springfield,652355,0,1133455,,1133455,"MID-MISSOURI BANCSHARES, INC.",2021,4,549300D064PXOX5JP483,3,Mid-Missouri Bank,MO,Springfield,65804,393
2021,549300T73HHIEIUU5F67,48-0266459,3,840251,840251,HOME BANK AND TRUST COMPANY,KS,EUREKA,111659,0,1141722,,1141722,"GREENWOOD COUNTY FINANCIAL SERVICES, INC.",2021,4,549300T73HHIEIUU5F67,3,HOME BANK & TRUST CO.,KS,EUREKA,67045,480
2021,5493004D0Z2WQR26VL57,06-0465530,3,,407506,Ion Bank,CT,Naugatuck,1362062,0,3912766,,3912766,ION FINANCIAL MHC,2021,4,5493004D0Z2WQR26VL57,3,ION BANK,CT,NAUGATUCK,06770,528
2021,549300XZGHPTWOJPDI31,24-0754330,3,59316,59316,Wayne Bank,PA,Honesdale,1231695,0,2365356,,2365356,NORWOOD FINANCIAL CORP.,2021,4,549300XZGHPTWOJPDI31,3,WAYNE BANK,PA,HONESDALE,18431,903
2021,5493002WXCO8XZD1EB38,31-0389975,1,646873,646873,New Carlisle Federal Savings Bank,OH,New Carlisle,133183,0,-1,,-1,,2021,4,5493002WXCO8XZD1EB38,1,New Carlisle Federal Savings Bank,OH,New Carlisle,45344,504
2021,549300HQW3FSOL75WC88,06-0547190,3,958204,958204,First County Bank,CT,Stamford,1755356,0,-1,,-1,,2021,4,549300HQW3FSOL75WC88,3,First County Bank,CT,Stamford,06901,578
2021,254900L3UJN7196A5W71,48-1174053,1,234355,234355,Central National Bank,KS,Junction City,947909,0,1064429,,1064429,"CENTRAL OF KANSAS, INC.",2021,4,254900L3UJN7196A5W71,1,CENTRAL NATIONAL BANK,KS,JUNCTION CITY,66441,1357
2021,5493009TOEDMWVNG1442,23-1357108,5,116778,116778,EAGLE ONE,DE,Claymont,79176,0,-1,,-1,,2021,4,5493009TOEDMWVNG1442,5,Eagle One FCU,PA,Philadelphia,19125,33
2021,549300HTRLFU2IIL4380,72-0506617,7,3917499,3917499,"UNITED BUILT HOMES, L.L.C.",LA,BATON ROUGE,-1,3,-1,,-1,,2021,4,549300HTRLFU2IIL4380,7,"United Built Homes, LLC",LA,Shreveport,71106,2555
2021,254900KI0CM65KPBM547,36-3842292,3,2006024,2006024,International Bank of Chicago,IL,Chicago,677878,0,2339759,,2339759,"IBC BANCORP, INC.",2021,4,254900KI0CM65KPBM547,3,International Bank of Chicago,IL,Chicago,60640-3014,365
2021,5493001PXRJMPLXPG540,82-0217065,5,322793,322793,IDAHO CENTRAL,ID,Chubbuck,5070732,0,-1,,-1,,2021,4,5493001PXRJMPLXPG540,5,Idaho Central Credit Union,ID,Chubbuck,83202,28099
2021,254900TY6UTJ321IPS13,36-1893040,1,656779,656779,Union Federal Savings and Loan Association,IL,Kewanee,151271,0,-1,,-1,,2021,4,254900TY6UTJ321IPS13,1,Union Federal Savings & Loan Association,IL,kewanee,61443,149
2021,5493005R34FLBMCPWB41,54-1870627,7,3883017,3883017,"TIDEWATER MORTGAGE SERVICES, INC.",VA,VIRGINIA BEACH,-1,3,-1,,-1,,2021,4,5493005R34FLBMCPWB41,7,"TIDEWATER MORTGAGE SERVICES, I",VA,VIRGINIA BEACH,23452,5776
2021,549300F52SJSXL6QRM73,74-1212168,5,794194,794194,FIRST COMMUNITY CREDIT UNION,TX,Houston,1541379,0,-1,,-1,,2021,4,549300F52SJSXL6QRM73,5,FIRST COMMUNITY CREDIT UNION,TX,HOUSTON,77095,1859
2021,5493003QPO86QUI9FJ04,42-0943319,1,418249,418249,"The Security National Bank of Sioux City, Iowa",IA,Sioux City,1035984,0,1200348,,1200348,SECURITY NATIONAL CORPORATION,2021,4,5493003QPO86QUI9FJ04,1,"THE SECURITY NATIONAL BANK OF SIOUX CITY, IOWA",IA,SIOUX CITY,51101,586
2021,549300WXO2FZYE7KAW26,95-6064741,5,345886,345886,CERTIFIED,CA,El Monte,618576,0,-1,,-1,,2021,4,549300WXO2FZYE7KAW26,5,CERTIFIED FEDERAL CREDIT UNION,CA,EL MONTE,91731,373
2021,549300CD29U5MGKVD387,64-0338438,5,849889,849889,STATEWIDE FEDERAL CREDIT UNION,MS,Flowood,134294,0,-1,,-1,,2021,4,549300CD29U5MGKVD387,5,STATEWIDE FEDERAL CREDIT UNION,MS,FLOWOOD,39232,23
2021,98450064457HF042AA24,83-2159068,9,,-1,Pacific Equity and loan LLC,WA,FEDERAL WAY,-1,3,-1,,-1,,2021,4,98450064457HF042AA24,9,Pacific Equity and loan LLC,WA,Federal Way,98003,198
2021,2549001FVJ5MZI4YAE11,66-0227873,7,4537317,4537317,COOPERATIVA DE AHORRO Y CREDITO DR. MANUEL ZENO GANDIA,,Arecibo,-1,3,-1,,-1,,2021,4,2549001FVJ5MZI4YAE11,7,Cooperativa de Ahorro y Credito Dr. Manuel Zeno Gandia,PR,Arecibo,00613,53
2021,549300P3JUY6QMZ8DY86,62-0167630,3,467658,467658,Commercial Bank & Trust Co.,TN,Paris,812750,0,1099382,,1099382,COMMERCIAL HOLDING COMPANY,2021,4,549300P3JUY6QMZ8DY86,3,COMMERCIAL BANK & TRUST COMPANY,TN,PARIS,38242,548
2021,549300YS7PW1Y7DQZG40,34-0712519,5,640376,640376,CENTURY,OH,Cleveland,413061,0,-1,,-1,,2021,4,549300YS7PW1Y7DQZG40,5,Century FCU,OH,Cleveland,44199,858
2021,549300M9RHNQ4107R694,59-0673306,5,617378,617378,GOLD COAST FEDERAL CREDIT UNION,FL,West Palm Beach,185007,0,-1,,-1,,2021,4,549300M9RHNQ4107R694,5,GOLD COAST FEDERAL CREDIT UNIO,FL,WEST PALM BEACH,33406,90
2021,5493007VDE1SMI6Z0Q04,20-3828708,7,,4185624,"VISION ONE MORTGAGE, INC.",CA,NEWPORT BEACH,-1,3,-1,,-1,,2021,4,5493007VDE1SMI6Z0Q04,7,"VISION ONE MORTGAGE, INC.",CA,"NEWPORT BEACH, CA",92660,1967
2021,549300WO9TX4YEFAC338,62-1501904,7,62-1501904,-1,AMERICAN MORTGAGE SERVICES INCORPORATED,TN,ATOKA,-1,3,-1,,-1,,2021,4,549300WO9TX4YEFAC338,7,AMERICAN MORTGAGE SERVICES INC,TN,ATOKA,38004,182
2021,549300DV8S0IJF2QWL30,47-0306960,3,982553,982553,Stockmens Bank,CO,Colorado Springs,353533,0,2484417,,2484417,"FIRST BANCSHARES, INC.",2021,4,549300DV8S0IJF2QWL30,3,Stockmens Bank,MO,Springfield,65804,136
2021,549300X01FL2VJJGCI54,91-1984151,3,2838207,2838207,Seattle Bank,WA,Seattle,715435,0,-1,,-1,,2021,4,549300X01FL2VJJGCI54,3,Seattle Bank,WA,Seattle,98101,36
2021,549300MMIZD8222YV754,54-1429575,7,3882515,3882515,First Guaranty Mortgage Corporation,VA,GLEN ALLEN,-1,3,-1,,-1,,2021,4,549300MMIZD8222YV754,7,FIRST GUARANTY MORTGAGE CORPOR,TX,Plano,75024,55759
2021,9845003EDC545AF61498,59-0968187,5,,-1,Community South Credit Union,FL,Chipley,-1,3,-1,,-1,,2021,4,9845003EDC545AF61498,5,Community South Credit Union,FL,Chipley,32428,81
2021,54930089UXPZ6O3RHG71,25-0851535,2,928618,928618,AmeriServ Financial Bank,PA,Johnstown,1156426,-1,1117316,,1117316,"AMERISERV FINANCIAL, INC",2021,4,54930089UXPZ6O3RHG71,2,AMERISERV FINANCIAL BANK,PA,JOHNSTOWN,15901,472
2021,5493003CWPNX7EZ46462,57-6020340,5,497990,497990,SPC Credit Union,SC,Hartsville,164826,0,-1,,-1,,2021,4,5493003CWPNX7EZ46462,5,SPC Credit Union,SC,Hartsville,29551,208
2021,549300R0CN5YKL3VTP86,11-1644848,5,382078,382078,PEOPLE'S ALLIANCE FEDERAL CREDIT UNION,NY,Hauppauge,269572,0,-1,,-1,,2021,4,549300R0CN5YKL3VTP86,5,People's Alliance Federal Credit Union,NY,Hauppauge,11788,128
2021,5493001W9K6LDV5X2H07,57-0345019,5,327891,327891,S. C. STATE FEDERAL CREDIT UNION,SC,Columbia,872784,0,-1,,-1,,2021,4,5493001W9K6LDV5X2H07,5,SC State Credit Union,SC,Columbia,29201,1361
2021,549300U0J1T0K63EKR14,84-4057020,7,,-1,SANCTUARY HOME MORTGAGE LLC,DE,WILMINGTON,-1,3,-1,,-1,,2021,4,549300U0J1T0K63EKR14,7,SANCTUARY HOME MORTGAGE LLC,SC,GREENVILLE,29601,350
2021,549300T560RY8NY4EY89,23-0559393,1,425911,425911,The Ephrata National Bank,PA,Ephrata,1171070,0,3695957,,1116681,"HIBSHMAN TRUST FOR EPHRATA NATIONAL BANK STOCK, THE",2021,4,549300T560RY8NY4EY89,1,The Ephrata National Bank,PA,Ephrata,17522,1892
2021,549300EHWBP6UP4Y8J37,37-1847422,7,,-1,"PLUS RELOCATION MORTGAGE, LLC",DE,WILMINGTON,-1,3,-1,,-1,,2021,4,549300EHWBP6UP4Y8J37,7,"PLUS RELOCATION MORTGAGE, LLC",SC,GREENVILLE,29601,416
2021,549300GSN9VF5S618659,52-2084053,7,,4293819,"GUARANTY MORTGAGE SERVICES, L.L.C.",IL,SPRINGFIELD,-1,3,-1,,-1,,2021,4,549300GSN9VF5S618659,7,"GUARANTY MORTGAGE SERVICES, LLC",SC,GREENVILLE,29601,541
2021,549300IJB00VM6H8PP97,16-1764661,3,3447576,3447576,American Momentum Bank,TX,College Station,1741998,0,3447567,,3447567,"ADAM BANK GROUP, INC.",2021,4,549300IJB00VM6H8PP97,3,AMERICAN MOMENTUM BANK,TX,COLLEGE STATION,77845,934
2021,549300PP6R8WIOP60124,56-2184826,3,2849801,2849801,Southern First Bank,SC,GREENVILLE,2267465,0,2849799,,2849799,"SOUTHERN FIRST BANCSHARES, INC.",2021,4,549300PP6R8WIOP60124,3,Southern First Bank,SC,Greenville,29607,3113
2021,25490007ROE3S0978636,94-6198351,5,940188,940188,Monterey Credit Union,CA,Monterey,248930,0,-1,,-1,,2021,4,25490007ROE3S0978636,5,MONTEREY CREDIT UNION,CA,MONTEREY,93940,103
2021,549300V422J2GUSZPZ35,74-6050685,5,580780,580780,Houston Federal Credit Union,TX,Sugar Land,700193,0,-1,,-1,,2021,4,549300V422J2GUSZPZ35,5,Houston Federal Credit Union,TX,Sugar Land,77479,742
2021,549300911X1OUPJU7Y90,75-0187997,3,296755,296755,Citizens State Bank,TX,Miles,158984,0,3647572,,3647572,CSB FINANCIAL CORPORATION,2021,4,549300911X1OUPJU7Y90,3,Citizens State Bank,TX,San Angelo,76903,91
2021,5493008ZGR745OCU3U41,04-1185690,3,179700,179700,Clinton Savings Bank,MA,Clinton,585883,0,3195765,,3195756,"CLINTON FINANCIAL SERVICES, MHC",2021,4,5493008ZGR745OCU3U41,3,CLINTON SAVINGS BANK,MA,CLINTON,01510,308
2021,5493000OM9RKJW8W5K82,94-2229242,7,3876082,3876082,ALAMEDA MORTGAGE CORPORATION,CA,SANTA ROSA,-1,3,-1,,-1,,2021,4,5493000OM9RKJW8W5K82,7,ALAMEDA MORTGAGE CORPORATION,CA,WALNUT CREEK,94596,6875
2021,549300S0KDQNIC08M074,04-2430894,5,472782,472782,UMASSFIVE COLLEGE Federal Credit Union,MA,Hadley,518349,0,-1,,-1,,2021,4,549300S0KDQNIC08M074,5,UMassFive College Federal Credit Union,MA,Hadley,01035,377
2021,254900ERAT50PIMMZH17,41-0429399,5,828099,828099,First Alliance Credit Union,MN,Rochester,207941,0,-1,,-1,,2021,4,254900ERAT50PIMMZH17,5,First Alliance Credit Union,MN,Stewartville,55976,277
2021,549300DFQK7P8BBRWA45,55-0362695,5,626679,626679,FIRST CHOICE AMERICA COMMUNITY FEDERAL CREDIT UNION,WV,Weirton,460985,0,-1,,-1,,2021,4,549300DFQK7P8BBRWA45,5,FIRST CHOICE AMERICA COMMUNITY,WV,WEIRTON,26062,163
2021,549300QU7HWSPH011Y56,02-0486480,7,02-0486480,3868797,"LENDUS, LLC",DE,WILMINGTON,-1,3,-1,,-1,,2021,4,549300QU7HWSPH011Y56,7,"LENDUS, LLC",CA,ALAMO,94507,22735
2021,549300B190GPYLAX3Y92,76-0555667,1,2694681,2694681,American First National Bank,TX,Houston,1904248,0,3472176,,3472176,"AFNB HOLDINGS, INC.",2021,4,549300B190GPYLAX3Y92,1,American First National Bank,TX,Houston,77036-3579,76
2021,549300BMJCCKS0LIQJ45,87-0262310,5,397595,397595,HORIZON UTAH Federal Credit Union,UT,Farmington,141994,0,-1,,-1,,2021,4,549300BMJCCKS0LIQJ45,5,HORIZON CREDIT UNION,UT,FARMINGTON,84025,33
2021,54930058F1PNDGW35714,44-0243090,3,757452,757452,Farmers State Bank,MO,Cameron,240118,0,1067000,,1067000,"FSC BANCSHARES, INC.",2021,4,54930058F1PNDGW35714,3,Farmers State Bank,MO,Cameron,64429,359
2021,549300XUMML1SMLTVQ62,06-0655039,5,857772,857772,NUTMEG STATE FINANCIAL,CT,Rocky Hill,448768,0,-1,,-1,,2021,4,549300XUMML1SMLTVQ62,5,Nutmeg State FCU,CT,Rocky Hill,06067,762
2021,LVR1UQE8OOCO93IHEB52,23-2790930,9,1002878,1002878,Northwest Bank,PA,Warren,10624748,0,4122722,,4122722,NORTHWEST BANCSHARES INC,2021,4,LVR1UQE8OOCO93IHEB52,9,Northwest Bank,PA,Warren,16365,14227
2021,549300D88XVKM6DJOC77,61-0284535,3,786210,786210,"Traditional Bank, Inc.",KY,Mount Sterling,1663066,0,1070420,,1070420,"TRADITIONAL BANCORPORATION, INC.",2021,4,549300D88XVKM6DJOC77,3,Traditional Bank Inc.,KY,Mt Sterling,40353,746
2021,549300Q2D3BVMIW11R02,36-6070077,5,948296,948296,PARTNERSHIP FINANCIAL,IL,Morton Grove,183831,0,-1,,-1,,2021,4,549300Q2D3BVMIW11R02,5,PARTNERSHIP FINANCIAL CREDIT UNION,IL,MORTON GROVE,60053,174
2021,54930087FQP1S845Z665,75-0187835,1,56351,56351,"VeraBank, National Association",TX,Henderson,2408053,0,1917600,,1917600,"VERABANK, INC.",2021,4,54930087FQP1S845Z665,1,"VERABANK,N.A.",TX,HENDERSON,75653-1009,1448
2021,549300LCMQJZBJE7EL26,15-0535535,5,430577,430577,GHS Federal Credit Union,NY,Binghamton,147782,0,-1,,-1,,2021,4,549300LCMQJZBJE7EL26,5,GHS Federal Credit Union,NY,Binghamton,13905,178
2021,549300SPVF3S3T0BYL87,14-0486900,3,767611,767611,Bank of Richmondville,NY,Cobleskill,141862,0,-1,,-1,,2021,4,549300SPVF3S3T0BYL87,3,Bank of Richmondville,NY,Cobleskill,12043,78
2021,549300XZ04HOB5HTR562,47-0328540,3,1000052,1000052,Washington County Bank,NE,Blair,441212,0,4771960,,4771960,"BLAIR HOLDINGS, INC.",2021,4,549300XZ04HOB5HTR562,3,Washington County Bank,NE,Blair,68008,207
2021,5493005DYVXTSXZPZF85,85-0308543,7,3850514,3850514,WESTSTAR MORTGAGE CORPORATION,NM,ALBUQUERQUE,-1,3,-1,,-1,,2021,4,5493005DYVXTSXZPZF85,7,Weststar Mortgage Corporation,NM,Albuquerque,87110,6792
2021,5493009IWRQ5BJEI4M92,04-1950840,2,886204,886204,Watertown Savings Bank,MA,Watertown,1274100,0,-1,,-1,,2021,4,5493009IWRQ5BJEI4M92,2,WATERTOWN SAVINGS BANK,MA,WATERTOWN,02472,202
2021,549300HOJG1DA7FIZ225,75-2821496,7,3844335,3844335,"LRS FINANCIAL NETWORK, INC.",TX,MIDLAND,-1,3,-1,,-1,,2021,4,549300HOJG1DA7FIZ225,7,LRS FINANCIAL NETWORK DBA HNB MORTGAGE,TX,Midland,79705,953
2021,549300AT7EB9FJAF0E61,35-1729164,9,208244,208244,Old National Bank,IN,Evansville,20311535,0,1098303,,1098303,OLD NATIONAL BANCORP,2021,4,549300AT7EB9FJAF0E61,9,Old National Bank,IN,Evansville,47708,16875
2021,5493001NJEVHTZW7FG34,95-1068595,5,937898,937898,SCHOOLSFIRST,CA,Santa Ana,16761722,-1,-1,,-1,,2021,4,5493001NJEVHTZW7FG34,5,SCHOOLSFIRST FCU,CA,TUSTIN,92780,17798
2021,5493000TY1MM1LLTM666,36-1385954,3,757377,757377,Liberty Bank for Savings,IL,Chicago,844942,0,-1,,-1,,2021,4,5493000TY1MM1LLTM666,3,LIBERTY BANK FOR SAVINGS,IL,CHICAGO,60656,830
2021,549300MKO88C3VZKD418,06-0592775,1,92676,92676,Windosr Federal Savings & Loan Association,CT,Windsor,543344,0,3792360,,3920118,"WINDSOR FEDERAL, MHC",2021,4,549300MKO88C3VZKD418,1,WINDSOR FEDERAL SAVINGS & LOAN,CT,WINDSOR,06095,329
2021,6BYL5QZYBDK8S7L73M02,31-0841368,9,504713,504713,U.S. Bank National Association,OH,Cincinnati,456025829,0,1119794,U.S. BANCORP,1119794,U.S. BANCORP,2021,4,6BYL5QZYBDK8S7L73M02,9,"US BANK, N.A.",OH,CINCINNATI,45202,492078
2021,549300QU641Z70NA3W22,56-1579850,7,4877974,4877974,Alpha Mortgage Corporation,NC,Wilmington,-1,3,-1,,-1,,2021,4,549300QU641Z70NA3W22,7,Alpha Mortgage Corporation,NC,Wilmington,28403,2217
2021,549300VZN1TWBN1WY406,75-2623852,7,4531810,4531810,INTEGRITY MORTGAGE CORPORATION OF TEXAS,TX,DALLAS,-1,3,-1,,-1,,2021,4,549300VZN1TWBN1WY406,7,INTEGRITY MORTGAGE CORPORATION OF TEXAS,TX,HEATH,75032,2002
2021,549300J1354ZHZC8JP58,22-2011545,5,,761084,Princeton Federal Credit Union,NJ,Princeton,131725,0,-1,,-1,,2021,4,549300J1354ZHZC8JP58,5,Princeton Federal Credit Union,NJ,Princeton,08540,219
2021,5493002P2P2WON3W9P39,59-0706843,5,144388,144388,Innovations Federal Credit Union,FL,Panama City Beach,253639,0,-1,,-1,,2021,4,5493002P2P2WON3W9P39,5,Innovations Federal Credit Union,FL,Panama City Beach,32408,257
2021,5493005WWQ2221ORBN75,81-4970104,7,81-4970104,-1,"SHELTER HOME MORTGAGE, LLC",DE,WILMINGTON,-1,3,-1,,-1,,2021,4,5493005WWQ2221ORBN75,7,"SHELTER HOME MORTGAGE, LLC",SC,GREENVILLE,29601,2674
2021,549300EYKSNFOZRIBC29,59-0705380,5,403496,403496,FIRST FLORIDA Credit Union,FL,Jacksonville,1055950,0,-1,,-1,,2021,4,549300EYKSNFOZRIBC29,5,First Florida Credit Union,FL,Jacksonville,32202,1055
2021,549300UJJ1Q3YTRSGM27,38-1712660,5,760489,760489,GERBER FEDERAL CREDIT UNION,MI,Fremont,162579,0,-1,,-1,,2021,4,549300UJJ1Q3YTRSGM27,5,Gerber Federal Credit Union,MI,Fremont,49412,303
2021,549300H6J0XZXQGKDW16,85-0102181,5,752176,752176,U.S. EAGLE,NM,Albuquerque,1069474,-1,-1,,-1,,2021,4,549300H6J0XZXQGKDW16,5,U.S. Eagle Federal Credit Union,NM,Albuquerque,87120,736
2021,5493005F145IP6JL7314,91-1873460,3,2642598,2642598,Community First Bank,WA,Kennewick,353466,0,3294556,,3294556,"COMMUNITY FIRST BANCORPORATION, INC.",2021,4,5493005F145IP6JL7314,3,Community First Bank,WA,Kennewick,99336,284
2021,549300HZMPZC336WP721,39-0147950,3,797140,797140,The Bank of New Glarus,WI,New Glarus,317438,0,2339544,,2339544,"BANCORP OF NEW GLARUS, INC.",2021,4,549300HZMPZC336WP721,3,THE BANK OF NEW GLARUS,WI,NEW GLARUS,53574,874
2021,549300BY8DZPEK4ZR022,34-0825291,5,667195,667195,"CARDINAL CREDIT UNION, INC.",OH,Mentor,236222,0,-1,,-1,,2021,4,549300BY8DZPEK4ZR022,5,"Cardinal Credit Union, Inc",OH,Mentor,44060,509
2021,549300EKFFG3BU8DNX74,46-5671661,7,46-5671661,-1,NEXERA HOLDING LLC,DE,DOVER,-1,3,-1,,-1,,2021,4,549300EKFFG3BU8DNX74,7,NEXERA HOLDING LLC,CA,EMERYVILLE,94608,4921
2021,549300FHTPSIK7LBKD38,35-1079936,5,117485,117485,PARTNERS 1ST Federal Credit Union,IN,Fort Wayne,374350,0,-1,,-1,,2021,4,549300FHTPSIK7LBKD38,5,Partners 1st Federal Credit Union,IN,Fort Wayne,46808,696
2021,549300KLGM1W030VUP23,84-0435858,3,206473,206473,EQUITABLE SAVINGS AND LOAN ASSOCIATION,CO,Sterling,164036,0,3835155,,3835155,FARMERS REALTY CO.,2021,4,549300KLGM1W030VUP23,3,Equitable Savings & Loan Assoc,CO,Sterling,80751,460
2021,549300461TECLDDGNF98,38-1358859,7,3173727,3173727,"GreenStone Farm Credit Services, FLCA",MI,East Lansing,-1,3,-1,,-1,,2021,4,549300461TECLDDGNF98,7,GreenStone Farm Credit Services,MI,East Lansing,48823,1775
2021,549300LP0CV2MNC1GV68,84-0567796,1,535753,535753,"Academy Bank, National Association",MO,Kansas City,2095381,0,1399484,,2107707,DICKINSON FINANCIAL CORPORATION II,2021,4,549300LP0CV2MNC1GV68,1,Academy Bank NA,MO,Kansas City,64105,1230
2021,5493002JA8HUVL2CRT33,31-0985486,7,2277093,2277093,DEVELOPER'S MORTGAGE COMPANY,OH,COLUMBUS,-1,3,-1,,-1,,2021,4,5493002JA8HUVL2CRT33,7,Developer's Mortgage Company,OH,Columbus,43231,1382
2021,5493006EB8YM4CB8V697,37-0693937,5,136598,136598,Redbrand Credit Union,IL,Bartonville,59126,0,-1,,-1,,2021,4,5493006EB8YM4CB8V697,5,Redbrand Credit Union,IL,Bartonville,61607,38
2021,549300256FCWXUM5FR50,14-0970570,3,237619,237619,Pioneer Bank,NY,Albany,1390142,-1,5374452,,5374461,PIONEER BANCORP MHC,2021,4,549300256FCWXUM5FR50,3,Pioneer Savings Bank,NY,Albany,12211,497
2021,549300RVA0V4U2J29Q12,75-2518067,7,,-1,"EXPRESS FUNDING, INC.",TX,PLANO,-1,3,-1,,-1,,2021,4,549300RVA0V4U2J29Q12,7,EXPRESS FUNDING INC,TX,DALLAS,75252,42
2021,549300KGMIRA554NW480,38-1524325,5,548799,548799,TLC COMMUNITY Credit Union,MI,Adrian,525007,0,-1,,-1,,2021,4,549300KGMIRA554NW480,5,TLC COMMUNITY CREDIT UNION,MI,ADRIAN,49221,1171
2021,5493000B61DDZ2PG1515,75-1745500,3,766164,766164,"TBK BANK, SSB",TX,Dallas,5037604,0,3233126,,3233126,"TRIUMPH BANCORP, INC.",2021,4,5493000B61DDZ2PG1515,3,"TBK BANK, SSB",TX,DALLAS,75251,344
2021,549300D6JK30QTSRHB52,16-1074769,5,741385,741385,OSWEGO COUNTY,NY,Oswego,97884,0,-1,,-1,,2021,4,549300D6JK30QTSRHB52,5,OSWEGO COUNTY FCU,NY,OSWEGO,13126,87
2021,5493007WOQE7MEFUB492,76-0002250,2,473266,473266,Texas First Bank,TX,Texas City,1472498,0,1103878,,1103878,"TEXAS INDEPENDENT BANCSHARES, INC.",2021,4,5493007WOQE7MEFUB492,2,Texas First Bank,TX,Texas City,77590,202
2021,549300NWKILSNQAIG053,54-0674620,5,804981,804981,CHARTWAY FEDERAL CREDIT UNION,VA,Virginia Beach,2173636,0,-1,,-1,,2021,4,549300NWKILSNQAIG053,5,CHARTWAY FCU,VA,VIRGINIA BEACH,23462,2068
2021,549300JDWM7YJVNPMR47,44-0444355,5,341299,341299,FOUNDATION CREDIT UNION,MO,Springfield,-1,0,-1,,-1,,2021,4,549300JDWM7YJVNPMR47,5,Foundation Credit Union,MO,Springfield,65807-1289,44
2021,5493007WEU5TWM8J0Z93,16-1074204,7,3873700,3873700,PARAGON HOME LOANS INC.,NY,EAST SYRACUSE,-1,3,-1,,-1,,2021,4,5493007WEU5TWM8J0Z93,7,"Paragon Home Loans, Inc.",NY,Liverpool,13088,2379
2021,549300QZDX4UOTILVF25,22-1218380,3,148809,148809,RSI BANK,NJ,Rahway,547953,0,2702223,,2702232,"RSI BANCORP, MHC",2021,4,549300QZDX4UOTILVF25,3,RSI Bank,NJ,Rahway,07065,283
2021,549300EWO1QALFC6LE98,02-0166030,3,,576608,Meredith Village Savings Bank,NH,Meredith,985274,0,4436559,,4436559,NEW HAMPSHIRE MUTUAL BANCORP,2021,4,549300EWO1QALFC6LE98,3,MEREDITH VILLAGE SAVINGS BANK,NH,MEREDITH,03253,1077
2021,25490049RRVB8S6CG210,95-0726412,2,871769,871769,Farmers and Merchants Bank of Long Beach,CA,Long Beach,7605569,0,-1,,3649950,"PALOMAR ENTERPRISES, LLC",2021,4,25490049RRVB8S6CG210,2,Farmers and Merchants Bank,CA,Long Beach,90802-2326,643
2021,549300DEVPMBR765WH45,87-0212719,5,734976,734976,UTAH FIRST,UT,Salt Lake City,501692,0,-1,,-1,,2021,4,549300DEVPMBR765WH45,5,Utah First Credit Union,UT,SALT LAKE CITY,84111,1500
2021,549300GXRG31CBWWTR70,61-0130310,3,696047,696047,Bedford Loan & Deposit Bank,KY,Bedford,95873,0,2513214,,1100309,"MEADE BANCORP, INC.",2021,4,549300GXRG31CBWWTR70,3,BEDFORD LOAN & DEPOSIT BANK,KY,BEDFORD,40006,134
2021,5493001YBS0V28ZNVE97,73-1171113,2,256058,256058,American Nation Bank,OK,Ardmore,445868,0,1131853,,1131853,"AMCORP FINANCIAL, INC.",2021,4,5493001YBS0V28ZNVE97,2,American Nation Bank,OK,Ardmore,73401,159
2021,549300DXF2FQC64H6G42,38-1569911,5,671996,671996,Zeal Credit Union,MI,Livonia,613902,0,-1,,-1,,2021,4,549300DXF2FQC64H6G42,5,Zeal CU,MI,Livonia,48152,488
2021,549300G6F5FVAHSGKU13,41-0870606,1,705556,705556,Neighborhood National Bank,MN,Mora,221715,0,1124024,,1124024,"PEOPLES BANKSHARES, INC.",2021,4,549300G6F5FVAHSGKU13,1,NEIGHBORHOOD NATIONAL BANK,MN,MORA,55051,163
2021,549300LI5KT42YX5L588,36-2009178,5,874890,874890,FIRST NORTHERN Credit Union,IL,Chicago,302808,0,-1,,-1,,2021,4,549300LI5KT42YX5L588,5,First Northern Credit Union,IL,Chicago,60606,801
2021,549300K6L4VXCXWN4205,62-0476738,5,825379,825379,ORNL Federal Credit Union,TN,Oak Ridge,2344884,0,-1,,-1,,2021,4,549300K6L4VXCXWN4205,5,ORNL FEDERAL CREDIT UNION,TN,OAK RIDGE,37830,3947
2021,549300V71V12DS7RW675,73-0582460,5,603670,603670,COMMUNICATION,OK,Oklahoma City,1309884,0,-1,,-1,,2021,4,549300V71V12DS7RW675,5,Communication Federal Credit Union,OK,Oklahoma City,73162,635
2021,254900DOBILWQF3MQ479,38-1878763,5,221793,221793,PREFERRED CREDIT UNION,MI,Grand Rapids,179422,0,-1,,-1,,2021,4,254900DOBILWQF3MQ479,5,Preferred Credit Union,MI,Grand Rapids,49546,458
2021,254900G7NNSN8LRSPM89,20-2931597,3,,3314043,First Resource Bank,MN,Lino Lakes,223215,0,4974293,,4974293,"AMERI FINANCIAL GROUP, INC.",2021,4,254900G7NNSN8LRSPM89,3,FIRST RESOURCE BANK,MN,LINO LAKES,55014,140
2021,2549005Q4HZ55QX7YC64,20-4255880,7,4730172,4730172,"Watermark Capital, Inc.",CA,Irvine,-1,3,-1,,-1,,2021,4,2549005Q4HZ55QX7YC64,7,"Watermark Capital, Inc.",CA,Irvine,92618,10855
2021,549300D2IR01BV6NPA49,22-1085787,3,548771,548771,Magyar Bank,NJ,New Brunswick,640927,0,3382846,,3382855,"MAGYAR BANCORP, MHC",2021,4,549300D2IR01BV6NPA49,3,Magyar Bank,NJ,New Brunswick,08901,176
2021,549300RDGRWJXEQOEC49,54-1561741,7,,-1,"PRUDENTIAL MULTIFAMILY MORTGAGE, LLC",DE,WILMINGTON,-1,3,-1,,-1,,2021,4,549300RDGRWJXEQOEC49,7,"Prudential Multifamily Mortgage, LLC.",NJ,Newark,07102,168
2021,549300ZGTXNHL5BKQZ27,26-0848316,7,,-1,"DIRECTIONS EQUITY, LLC",TX,SAN ANTONIO,-1,3,-1,,-1,,2021,4,549300ZGTXNHL5BKQZ27,7,Directions Equity LLC,TX,San Antonio,78248,2412
2021,549300CZVVHZY16D5T08,31-0278853,5,173173,173173,CINCINNATI OHIO POLICE,OH,Cincinnati,125791,0,-1,,-1,,2021,4,549300CZVVHZY16D5T08,5,Cincinnati Ohio Police Federal Credit Union,OH,Cincinnati,45203-1203,124
2021,5493003VEEM09F16U659,04-1104060,5,22196,22196,MASS BAY Credit Union,MA,Boston,262584,0,-1,,-1,,2021,4,5493003VEEM09F16U659,5,MASS BAY CREDIT UNION,MA,SOUTH BOSTON,02127,146
2021,5493004CZUGDTDC6QB68,95-6045547,5,792284,792284,AEROSPACE FEDERAL CREDIT UNION,CA,El Segundo,382111,0,-1,,-1,,2021,4,5493004CZUGDTDC6QB68,5,Aerospace Federal Credit Union,CA,El Segundo,90245,275
2021,254900XLI9RP3F9A2J72,39-0744482,5,199397,199397,Valley Communities Credit Union,WI,Mosinee,180512,0,-1,,-1,,2021,4,254900XLI9RP3F9A2J72,5,Valley Communities Credit Union,WI,Mosinee,54455,370
2021,54930095UWUUXAWASB02,61-1645461,7,4533841,4533841,"Atlantic Coast Mortgage, LLC",VA,GLEN ALLEN,-1,3,-1,,-1,,2021,4,54930095UWUUXAWASB02,7,"Atlantic Coast Mortgage, LLC",VA,Fairfax,22030,10256
2021,2549006MTEQ1VE0AAQ20,58-0232548,3,366238,366238,Pinnacle Bank,GA,ELBERTON,1030715,0,3145966,,3145966,PINNACLE FINANCIAL CORPORATION,2021,4,2549006MTEQ1VE0AAQ20,3,Pinnacle Bank,GA,Elberton,30635,708
2021,549300WC15MLNUIZYR16,63-0328360,5,748692,748692,APCO EMPLOYEES,AL,Birmingham,3006802,0,-1,,-1,,2021,4,549300WC15MLNUIZYR16,5,APCO EMPLOYEES CREDIT UNION,AL,BIRMINGHAM,35203,720
2021,20TVKH7M13MUBGE80C53,38-0861665,2,636771,636771,Independent Bank,MI,Grand Rapids,3563694,0,1201925,,1201925,INDEPENDENT BANK CORPORATION,2021,4,20TVKH7M13MUBGE80C53,2,Independent Bank,MI,Grand Rapids,49525,9809
2021,549300WTVIGCZ5GK4376,23-1381955,5,324078,324078,NORRISTOWN BELL,PA,Blue Bell,54004,0,-1,,-1,,2021,4,549300WTVIGCZ5GK4376,5,Norristown Bell Credit Union,PA,Blue Bell,19422,21
2021,549300VWVLYULYLIAM42,84-3226150,7,,-1,"HOMEOWNERS FIRST MORTGAGE, LLC",DE,WILMINGTON,-1,3,-1,,-1,,2021,4,549300VWVLYULYLIAM42,7,"HOMEOWNERS FIRST MORTGAGE, LLC",SC,GREENVILLE,29601,482
2021,5493000EAQ6YVQD0ZB49,74-0962510,3,199463,199463,Western Bank,TX,Lubbock,341499,0,4442523,,4442523,"CIRCLE I BANK GROUP, INC.",2021,4,5493000EAQ6YVQD0ZB49,3,WESTERN BANK,TX,LUBBOCK,79401,102
2021,549300EZ060LDD77JC03,13-3581762,3,1494914,1494914,Shinhan Bank America,NY,New York,1627721,0,1242825,,3107964,"SHINHAN FINANCIAL GROUP CO., LTD.",2021,4,549300EZ060LDD77JC03,3,Shinhan Bank America,NY,New York,10016,178
2021,5493005ICQ3QGEIWV618,11-3073502,7,3873447,3873447,UNITED MORTGAGE CORP.,NY,MELVILLE,-1,3,-1,,-1,,2021,4,5493005ICQ3QGEIWV618,7,UNITED MORTGAGE CORP,NY,MELVILLE,11747,8082
2021,549300RMPGD5KKS1RR35,35-0576640,3,107570,107570,First Federal Savings Bank,IN,Huntington,353875,0,2514136,,2514136,"NORTHEAST INDIANA BANCORP, INC.",2021,4,549300RMPGD5KKS1RR35,3,First Federal Savings Bank,IN,Huntington,46750,613
2021,549300FVHSR5J0LNLQ61,23-1491457,5,763088,763088,HERSHEY,PA,Hummelstown,68382,0,-1,,-1,,2021,4,549300FVHSR5J0LNLQ61,5,Hershey Federal Credit Union,PA,Hershey,17033,125
2021,254900QPQ7RHWVUGYW23,46-4124053,7,46-4124053,-1,"Pivotal Capital Group II, LLC",DE,Wilmington,-1,3,-1,,-1,,2021,4,254900QPQ7RHWVUGYW23,7,Pivotal Capital Group II LLC,CA,Ladera Ranch,92694,186
2021,549300NZ2IPWRMLAYZ30,11-2108436,7,3873607,3873607,MID-ISLAND MORTGAGE CORP.,NY,WESTBURY,-1,3,-1,,-1,,2021,4,549300NZ2IPWRMLAYZ30,7,MID-ISLAND MORTGAGE CORP.,NY,WESTBURY,11590,1876
2021,5493009B17HXCVXTD608,26-0707492,7,3885187,3885187,"JMAC LENDING, INC.",CA,Sacramento,-1,3,-1,,-1,,2021,4,5493009B17HXCVXTD608,7,"JMAC Lending, Inc.",CA,Santa Ana,92705,6811
2021,549300WUGYTMN4HIT493,36-2499724,5,79396,79396,DuPage Credit Union,IL,Naperville,385503,0,-1,,-1,,2021,4,549300WUGYTMN4HIT493,5,DuPage Credit Union,IL,Naperville,60563,1012
2021,549300ZX4OGRPOOEH505,20-3405719,2,3374412,3374412,Oakstar Bank,MO,Springfield,995772,0,3376452,,3376452,"OAKSTAR BANCSHARES, INC.",2021,4,549300ZX4OGRPOOEH505,2,OAKSTAR BANK,MO,SPRINGFIELD,65807,2373
2021,549300BM1JKSQR7HI756,52-0535830,3,406022,406022,Woodsboro Bank,MD,Woodsboro,262655,0,-1,,-1,,2021,4,549300BM1JKSQR7HI756,3,Woodsboro Bank,MD,Woodsboro,21798,116
2021,562V2SM4I80MJO5HYB83,05-0488784,2,2434113,2434113,Bank Rhode Island,RI,Providence,2537097,0,2631510,,2631510,"BROOKLINE BANCORP, INC.",2021,4,562V2SM4I80MJO5HYB83,2,Bank Rhode Island,RI,Providence,02903,878
2021,549300TN9GZ5XRCOXX47,75-2930700,7,3845837,3845837,"CERTIFIED FUNDING, L.P.",TX,DALLAS,-1,3,-1,,-1,,2021,4,549300TN9GZ5XRCOXX47,7,"CERTIFIED FUNDING, L.P.",TX,DALLAS,75252,2216
2021,54930067KY3OO1D8HC58,73-1407968,7,3850617,3850617,ASSOCIATED MORTGAGE CORPORATION,OK,TULSA,-1,3,-1,,-1,,2021,4,54930067KY3OO1D8HC58,7,ASSOCIATED MORTGAGE CORPORATON,OK,TULSA,74136,6062
2021,549300MUMD1WPCSXT518,48-1038713,1,923752,923752,Community National Bank & Trust,KS,Chanute,1323331,0,1247398,,1247398,"COMMUNITY BANCORP, INC.",2021,4,549300MUMD1WPCSXT518,1,Community National Bank & Trust,KS,Chanute,66720,1403
2021,549300RUF3KS47ETXV22,14-1407700,5,324283,324283,CAPITAL COMMUNICATIONS Federal Credit Union,NY,Albany,1943306,0,-1,,-1,,2021,4,549300RUF3KS47ETXV22,5,CAPITAL COMMUNICATIONS FEDERAL CREDIT UNION,NY,ALBANY,12205,2565
2021,5493001HYUPH0X6FT603,54-1050774,2,658924,658924,Farmers and Miners Bank,VA,Pennington Gap,133374,0,-1,,-1,,2021,4,5493001HYUPH0X6FT603,2,Farmers and Miners Bank,VA,Pennington Gap,24290,121
2021,54930040PPD1PTCFI313,95-1652773,5,222875,222875,FIRST IMPERIAL Credit Union,CA,El Centro,127232,0,-1,,-1,,2021,4,54930040PPD1PTCFI313,5,First Imperial Credit Union,CA,El Centro,92243-0000,33
2021,549300XCHJ481RPPSP63,83-0117330,2,64150,64150,Wyoming Bank & Trust,WY,Cheyenne,206728,0,1061996,,1061996,"FARMERS STATE BANKSHARES, INC.",2021,4,549300XCHJ481RPPSP63,2,Wyoming Bank & Trust,WY,Cheyenne,82009,451
2021,549300WW4OBT30G5DK23,46-1316895,5,4457536,4457536,THRIVENT Federal Credit Union,WI,Appleton,629553,0,-1,,-1,,2021,4,549300WW4OBT30G5DK23,5,Thrivent Credit Union,MN,Minneapolis,55415-4402,1463
2021,549300311KRYLZVODK22,63-0288902,5,879381,879381,COOSA PINES,AL,Childersburg,250740,0,-1,,-1,,2021,4,549300311KRYLZVODK22,5,Coosa Pines Federal Credit Union,AL,Childersburg,35044,143
2021,549300OSS620JYU5KR81,43-0663009,5,4893,4893,ARSENAL CREDIT UNION,MO,Arnold,258490,0,-1,,-1,,2021,4,549300OSS620JYU5KR81,5,Arsenal Credit Union,MO,Arnold,63010,69
2021,549300D6J5NNUQ1QZ810,39-0281110,3,801047,801047,First State Bank,WI,New London,299849,0,1975459,,1975459,"FIRST STATE BANCSHARES, INC.",2021,4,549300D6J5NNUQ1QZ810,3,First State Bank,WI,New London,54961,223
2021,549300L1DBFIJZI8LA40,26-0777326,7,3944226,3944226,"ACOPIA, LLC",TN,NASHVILLE,-1,3,-1,,-1,,2021,4,549300L1DBFIJZI8LA40,7,"ACOPIA, LLC",TN,GOODLETTSVILLE,37072,6440
2021,549300QHFDNFAMLATM94,02-0235380,1,119872,119872,First Seacoast Bank,NH,Dover,410216,0,5372010,,5371479,"FIRST SEACOAST BANCORP, MHC",2021,4,549300QHFDNFAMLATM94,1,FIRST SEACOAST BANK,NH,DOVER,03820,351
2021,5493003I8WZ248FUMI85,04-3114448,7,3953031,3953031,NEW ENGLAND REGIONAL MORTGAGE CORPORATION,NH,SALEM,-1,3,-1,,-1,,2021,4,5493003I8WZ248FUMI85,7,New England Regional Mortgage,NH,Salem,03079,4
2021,549300SK3VKN3E1SZ562,58-2059073,7,3913884,3913884,"SOUTHEAST MORTGAGE OF GEORGIA, INC.",GA,DULUTH,-1,3,-1,,-1,,2021,4,549300SK3VKN3E1SZ562,7,"SOUTHEAST MORTGAGE OF GEORIGA, INC.",GA,DULUTH,30096,5388
2021,254900XN7UWEWK13RO81,16-1566654,7,4437640,4437640,Premium Mortgage Corporation,NY,Rochester,-1,3,-1,,-1,,2021,4,254900XN7UWEWK13RO81,7,PREMIUM MORTGAGE CORPORATION,NY,ROCHESTER,14618,8077
2021,549300Q3ROEQU3D1IW91,74-0956027,5,460592,460592,CREDIT HUMAN FEDERAL CREDIT UNION,TX,San Antonio,3210474,0,-1,,-1,,2021,4,549300Q3ROEQU3D1IW91,5,CREDIT HUMAN FEDERAL CU,TX,SAN ANTONIO,78215,21729
2021,549300JBZ3MK7Z4FI764,06-0561730,3,120609,120609,Thomaston Savings Bank,CT,Thomaston,1110732,0,-1,,-1,,2021,4,549300JBZ3MK7Z4FI764,3,Thomaston Savings Bank,CT,Thomaston,06787,852
2021,549300NBSU5FHMDN5F74,15-0535531,5,695376,695376,FIRST SOURCE,NY,New Hartford,656261,0,-1,,-1,,2021,4,549300NBSU5FHMDN5F74,5,FIRST SOURCE FEDERAL CREDIT UNION,NY,New Hartford,13413,1535
2021,549300U5KJDUGZIWF098,94-1366983,5,931597,931597,MERCO Credit Union,CA,Merced,118782,0,-1,,-1,,2021,4,549300U5KJDUGZIWF098,5,MERCO Credit Union,CA,Merced,95340,82
2021,2549009RNMXHS9AICA61,94-1437566,5,250083,250083,Kaiperm Diablo Federal Credit Union,CA,Walnut Creek,72392,0,-1,,-1,,2021,4,2549009RNMXHS9AICA61,5,Kaiperm Diablo FCU,CA,Walnut Creek,94598,19
2021,549300GG5XNEIGHQTG04,47-0679592,2,582953,582953,CHARTER WEST BANK,NE,West Point,288563,0,1132579,,1132579,"NATIONWIDE BANKSHARES, INC.",2021,4,549300GG5XNEIGHQTG04,2,Charter West Bank,NE,West Point,68788,3802
2021,254900JXCS783CPF1D02,27-2811354,7,,-1,"RCN Capital, LLC",CT,Vernon,-1,3,-1,,-1,,2021,4,254900JXCS783CPF1D02,7,"RCN Capital, LLC",CT,South Windsor,06074,10095
2021,549300HK8HC6F50IC896,01-0029610,3,499501,499501,Maine Community Bank,ME,Biddeford,516973,0,4902652,,4902643,"MAINE COMMUNITY BANCORP, MHC",2021,4,549300HK8HC6F50IC896,3,MAINE COMMUNITY BANK,ME,BIDDEFORD,04005,619
2021,549300Z6CULHNPDHYI25,25-6053277,5,796488,796488,FRICK FINANCIAL FEDERAL CREDIT UNION,PA,Uniontown,91571,0,-1,,-1,,2021,4,549300Z6CULHNPDHYI25,5,FRICK TRI COUNTY FCU,PA,UNIONTOWN,15401,126
2021,2549006VBLRP288VX853,74-2218943,1,307361,307361,"American Bank, N.A.",TX,Waco,445540,0,1110045,,1110045,"AMERICAN NATIONAL BANCSHARES, INC.",2021,4,2549006VBLRP288VX853,1,American Bank NA,TX,Waco,76710-5579,188
2021,549300RP7VACH3GG5E95,62-0676416,5,522593,522593,NORTHEAST COMMUNITY,TN,Elizabethton,121166,0,-1,,-1,,2021,4,549300RP7VACH3GG5E95,5,Northeast Community Credit Union,TN,Elizabethton,37643,92
2021,5493007ZNQ6MSZ2J3966,23-1381044,5,335382,335382,PEOPLE FIRST,PA,Allentown,617766,0,-1,,-1,,2021,4,5493007ZNQ6MSZ2J3966,5,People First Federal Credit Union,PA,Allentown,18103,704
2021,549300M4MFIHXLR7AI37,43-0389170,3,,35057,Alliant Bank,MO,Madison,160401,0,2352253,,2352253,"NEMO BANCSHARES, INC",2021,4,549300M4MFIHXLR7AI37,3,Alliant Bank,MO,Kirksville,63501,439
2021,5493007XQ02VMXYJYJ21,04-1149070,3,664206,664206,The Cape Cod Five Cents Savings Bank,MA,Hyannis,3658361,0,4369808,,4369808,CAPE COD FIVE MUTUAL COMPANY,2021,4,5493007XQ02VMXYJYJ21,3,CAPE COD FIVE CENTS SAVINGS BA,MA,HYANNIS,02601,4917
2021,549300FQS3UXEAID1Q88,04-1734980,5,,485193,POLISH NATIONAL,MA,Chicopee,615320,0,-1,,-1,,2021,4,549300FQS3UXEAID1Q88,5,Polish National Credit Union,MA,Chicopee,01020,1222
2021,5493009DTDMV4MI5MT96,37-1493496,7,3897452,3897452,"PARKSIDE LENDING, LLC",CA,Sacramento,-1,3,-1,,-1,,2021,4,5493009DTDMV4MI5MT96,7,"PARKSIDE LENDING, LLC",CA,SAN FRANCISCO,94102,11404
2021,549300XR3B6372SESA46,94-6061277,5,673299,673299,PACIFIC SERVICE,CA,Concord,1166912,0,-1,,-1,,2021,4,549300XR3B6372SESA46,5,Pacific Service Credit union,CA,Concord,94519,867
2021,549300JD1162QW84ZO34,05-0254228,5,54898,54898,GREENWOOD,RI,Warwick,580205,0,-1,,-1,,2021,4,549300JD1162QW84ZO34,5,GREENWOOD CREDIT UNION,RI,WARWICK,02886,1472
2021,549300ZOW5Z4AZ36M223,55-0170680,3,170332,170332,First Exchange Bank,WV,Fairmont,301043,0,2257116,,2257116,"HERITAGE BANCSHARES, INC.",2021,4,549300ZOW5Z4AZ36M223,3,First Exchange Bank,WV,White Hall,26554,337
2021,5493002RF1ERFA2XR050,64-0220550,3,749242,749242,Renasant Bank,MS,Tupelo,13387533,0,1098844,,1098844,RENASANT CORPORATION,2021,4,5493002RF1ERFA2XR050,3,RENASANT BANK,MS,TUPELO,38802-0709,27860
2021,25490099UNYWX2PZ4J91,41-0616710,1,,220059,"WNB Financial, N.A.",MN,Winona,415474,0,1133660,,1133660,WNB HOLDING COMPANY,2021,4,25490099UNYWX2PZ4J91,1,WNB Financial,MN,Winona,55987,657
2021,254900G3JF710WUIHN65,59-2976493,3,1436071,1436071,DRUMMOND COMMUNITY BANK,FL,Chiefland,655274,0,1493579,,1493579,DRUMMOND BANKING COMPANY,2021,4,254900G3JF710WUIHN65,3,Drummond Community Bank,FL,Chiefland,32644,577
2021,549300QJ1W5RNY1X4D75,42-0175420,2,678744,678744,Central State Bank,IA,Elkader,331179,0,2253734,,2253734,"AJJ BANCORP, INC.",2021,4,549300QJ1W5RNY1X4D75,2,Central State Bank,IA,Elkader,52043,116
2021,549300KO4HWF5JO6UV73,03-6008252,5,669395,669395,ONE Credit Union,VT,SPRINGFIELD,175041,0,-1,,-1,,2021,4,549300KO4HWF5JO6UV73,5,One Credit Union,VT,Springfield,05156,238
2021,549300RYTR2RVL4SFJ90,81-4108518,7,,-1,"TEMPLE VIEW CAPITAL FUNDING, LP",DE,WILMINGTON,-1,3,-1,,-1,,2021,4,549300RYTR2RVL4SFJ90,7,Temple View Capital Funding LP,MD,Bethesda,20814,4230
2021,549300GYQ8ZT1NUXRM52,84-0188017,5,235594,235594,WESTERRA CREDIT UNION,CO,Denver,1571774,0,-1,,-1,,2021,4,549300GYQ8ZT1NUXRM52,5,WESTERRA CREDIT UNION,CO,DENVER,80209,3520
2021,549300VSOJCMQO84C619,55-0199620,1,609476,609476,Huntington Federal Savings Bank,WV,Huntington,544632,0,-1,,-1,,2021,4,549300VSOJCMQO84C619,1,HUNTINGTON FEDERAL,WV,HUNTINGTON,25701,499
2021,549300FOPGYPVP42FW34,75-0813379,5,972394,972394,DATCU,TX,Corinth,1044507,0,-1,,-1,,2021,4,549300FOPGYPVP42FW34,5,DATCU,TX,Corinth,76210,1055
2021,549300SH2PPMV71O6830,04-3414490,5,391285,391285,TREMONT CREDIT UNION,MA,Milton,203588,0,-1,,-1,,2021,4,549300SH2PPMV71O6830,5,TREMONT CREDIT UNION,MA,MILTON,02186,146
2021,549300OTLWFQPOOSC346,04-1178460,3,771609,771609,BayCoast Bank,MA,FALL RIVER,1782088,0,2623430,,2623430,NARRAGANSETT FINANCIAL CORP,2021,4,549300OTLWFQPOOSC346,3,BAYCOAST BANK,MA,SWANSEA,02777,3980
2021,549300PI7Z6DG3QE2087,72-0307730,3,885430,885430,St Landry Bank & Trust Company,LA,Opelousas,273965,0,1417203,,1417203,"ST. LANDRY BANCSHARES, INC.",2021,4,549300PI7Z6DG3QE2087,3,St Landry Bank & Trust Co,LA,Opelousas,70570,20
2021,549300ZD18AVSD0OG331,22-2999585,7,4878850,4878850,GLENDENNING MORTGAGE CORPORATION,NJ,TOMS RIVER,-1,3,-1,,-1,,2021,4,549300ZD18AVSD0OG331,7,Glendenning Mortgage Corporation,NJ,Toms River,08753,410
2021,549300OWUY97LHFQ0512,56-2596258,7,,-1,"LENDERFI, INC.",CA,Calabasas,-1,3,-1,,-1,,2021,4,549300OWUY97LHFQ0512,7,"LENDERFI, INC",FL,DELRAY BEACH,33483-3344,7746
2021,254900ZKVJDEYHV22276,72-0838126,5,,822882,Onpath Federal Credit Union,LA,Harahan,349969,0,-1,,-1,,2021,4,254900ZKVJDEYHV22276,5,OnPath Federal Credit Union,LA,Harahan,70123,274
2021,254900YOL8EJ9NBHIE43,43-0241720,2,487357,487357,Town & Country Bank,MO,Salem,526271,0,1095722,,1095722,"TOWN & COUNTRY BANCSHARES, INC",2021,4,254900YOL8EJ9NBHIE43,2,Town & Country Bank,MO,Pevely,63070,639
2021,254900VX7NAZSPBPUE16,45-2448130,7,,-1,"Constant Investments, Inc.",CA,CYPRESS,-1,3,-1,,-1,,2021,4,254900VX7NAZSPBPUE16,7,"CONSTANT INVESTMENTS, INC.",CA,LA MIRADA,90638,862
2021,549300YXOCZOXWKDIT11,44-0170910,3,,1009242,BTC BANK,MO,Bethany,563361,0,1905009,,1905009,"BETHANY BANKSHARES, INC.",2021,4,549300YXOCZOXWKDIT11,3,BTC Bank,MO,Carrollton,64633,317
2021,549300YEC4OVVYQB2849,38-2718800,7,3871854,3871854,"MMS MORTGAGE SERVICES, LTD.",MI,FARMINGTON HILLS,-1,3,-1,,-1,,2021,4,549300YEC4OVVYQB2849,7,"MMS Mortgage Services, Ltd",MI,Farmington Hills,48331,845
2021,25490046GL77VSFSYG24,71-0182340,3,3350724,3350724,Signature Bank of Arkansas,AR,Fayetteville,701538,0,3306589,,3306589,WHITE RIVER BANCSHARES COMPANY,2021,4,25490046GL77VSFSYG24,3,Signature Bank of Arkansas,AR,Fayetteville,72703,666
2021,549300ZPJVCRRFETOG85,76-0578435,7,3844812,3844812,HOMETRUST MORTGAGE COMPANY,TX,HOUSTON,-1,3,-1,,-1,,2021,4,549300ZPJVCRRFETOG85,7,HOMETRUST MORTGAGE COMPANY,TX,HOUSTON,77056,4609
2021,2549001SI0EMFPT39035,26-0728895,7,26-0728895,5023581,"Cornerstone First Mortgage, Inc",CA,San Diego,-1,3,-1,,-1,,2021,4,2549001SI0EMFPT39035,7,CORNERSTONE FIRST MORTGAGE INC,CA,SAN DIEGO,92108,3331
2021,5493009L8OBHJQW5DQ13,41-0257190,3,746157,746157,Sentry Bank,MN,Saint Joseph,237881,0,3348011,,3348011,"SAINT JOSEPH BANCSHARES ACQUISITIONS, INC.",2021,4,5493009L8OBHJQW5DQ13,3,SENTRY BANK,MN,ST. JOSEPH,56374,192
2021,549300HIVO8XPBPNVG69,86-0415227,7,3876345,3876345,NOVA FINANCIAL & INVESTMENT CORPORATION,AZ,TUCSON,-1,3,-1,,-1,,2021,4,549300HIVO8XPBPNVG69,7,NOVA HOME LOANS,AZ,TUCSON,85711,34732
2021,549300Q4IFHVIODLF616,04-2297446,5,26886,26886,SHREWSBURY Federal Credit Union,MA,SHREWSBURY,154213,0,-1,,-1,,2021,4,549300Q4IFHVIODLF616,5,SHREWSBURY FEDERAL CREDIT UNION,MA,SHREWSBURY,01545,127
2021,549300ZZIAVB1U6Z4S78,15-0574036,5,272281,272281,CFCU Community Credit Union,NY,Ithaca,1092445,0,-1,,-1,,2021,4,549300ZZIAVB1U6Z4S78,5,CFCU COMMUNITY CREDIT UNION,NY,ITHACA,14850,728
2021,5493009UERHLQ7BG5D32,59-3225526,7,3915039,3915039,FIDELITY FUNDING MORTGAGE CORP.,FL,Lake Mary,-1,3,-1,,-1,,2021,4,5493009UERHLQ7BG5D32,7,FIDELITY FUNDING MORTGAGE CORP,FL,Maitland,32751,958
2021,5493006O6Q2F0MR0ZM22,37-1739594,7,,-1,Visio Financial Services Inc.,DE,Wilmington,-1,3,-1,,-1,,2021,4,5493006O6Q2F0MR0ZM22,7,Visio Financial Services Inc.,TX,Austin,78758-4063,2685
2021,254900MTK16R8D6JG571,66-0217489,7,,4537308,Cooperativa Ahorro y Credito Aguadilla,,Aguadilla,-1,3,-1,,-1,,2021,4,254900MTK16R8D6JG571,7,Cooperativa Ahorro y Credito Aguadilla,PR,Aguadilla,00603,30
2021,549300PYZVSM1PP3GI62,25-0977919,5,542377,542377,ALLEGENT COMMUNITY,PA,Pittsburgh,141591,0,-1,,-1,,2021,4,549300PYZVSM1PP3GI62,5,Allegent Community Federal Credit Union,PA,Wexford,15090,220
2021,549300BWXUPDS3PDOL40,63-0237528,3,501132,501132,West Alabama Bank & Trust,AL,Reform,644050,0,1085255,,1085255,WEST ALABAMA CAPITAL CORP.,2021,4,549300BWXUPDS3PDOL40,3,West Alabama Bank & Trust,AL,Reform,35481,167
2021,549300FVJ3IB88LTR841,81-0213402,3,651859,651859,Stockman Bank of Montana,MT,Miles City,3986026,0,1126046,,1126046,STOCKMAN FINANCIAL CORPORATION,2021,4,549300FVJ3IB88LTR841,3,Stockman Bank,MT,Miles City,59301-0250,5556
2021,254900QQIJN4KR6ZBW98,44-0200190,3,246451,246451,Citizens Bank of Rogersville,MO,Rogersville,94627,0,4504917,,4504917,"WILDCAT BANCSHARES, INC.",2021,4,254900QQIJN4KR6ZBW98,3,Citizens Bank of Rogersville,MO,Rogersville,65742,175
2021,549300P6LWTHH4GFWX19,20-2389773,1,,3955857,"MANHATTAN FINANCIAL GROUP, INC.",CA,REDLANDS,-1,3,-1,,-1,,2021,4,549300P6LWTHH4GFWX19,1,"MANHATTAN FINANCIAL GROUP, INC",CA,ESCONDIDO,92025,20
2021,549300D5DG8D4966HK70,74-1197940,5,385284,385284,GREATER TEXAS FEDERAL CREDIT UNION,TX,Austin,688131,0,-1,,-1,,2021,4,549300D5DG8D4966HK70,5,Greater Texas FCU,TX,Austin,78752,1106
2021,549300WKOE38PNUSOD49,59-0650052,5,39970,39970,JAX,FL,Jacksonville,415224,0,-1,,-1,,2021,4,549300WKOE38PNUSOD49,5,JAX FEDERAL CREDIT UNION,FL,JACKSONVILLE,32232,687
2021,549300VWURV8LBNGQ353,73-0741121,3,427353,427353,Firstar Bank,OK,Sallisaw,710305,0,3017915,,3017915,FIRSTAR FINANCIAL CORP.,2021,4,549300VWURV8LBNGQ353,3,Firstar Bank,OK,Roland,74954,1647
2021,549300U620B2MZKUUZ24,23-7089505,5,208084,208084,Emory Alliance Credit Union,GA,Decatur,157145,0,-1,,-1,,2021,4,549300U620B2MZKUUZ24,5,Emory Alliance Credit Union,GA,Decatur,30030,252
2021,549300HKYBSATM44Q425,05-0235370,3,816603,816603,"The Washington Trust Company, of Westerly",RI,Westerly,5291910,0,1115349,,1115349,"WASHINGTON TRUST BANCORP, INC.",2021,4,549300HKYBSATM44Q425,3,"The Washington Trust Company, of Westerly",RI,Westerly,02891,4060
2021,549300EBXH41OP56DQ10,34-1815339,1,3837588,3837588,UNION CAPITAL MORTGAGE CORPORATION,OH,COLUMBUS,-1,3,-1,,-1,,2021,4,549300EBXH41OP56DQ10,1,UNION CAPITAL MORTGAGE CORP,OH,WESTLAKE,44145,1272
2021,549300CWZXP5LD3GVV26,58-0152750,3,546535,546535,Bank of Dudley,GA,Dudley,222824,0,2631444,,2631435,"HOGAN INVESTMENTS I, INC.",2021,4,549300CWZXP5LD3GVV26,3,Bank of Dudley,GA,Dublin,31021,118
2021,254900ALCPGGRYFG8I88,42-0166023,3,193247,193247,Fidelity Bank,IA,West Des Moines,85216,0,3231382,,3231382,"MAXIMUM BANCSHARES, INC.",2021,4,254900ALCPGGRYFG8I88,3,Fidelity Bank,IA,West Des Moines,50266,1966
2021,549300R4IPEM23JRUH35,23-1041020,3,777870,777870,Altoona First Savings Bank,PA,Altoona,233490,0,-1,,-1,,2021,4,549300R4IPEM23JRUH35,3,Altoona First Savings Bank,PA,Altoona,16602,255
2021,549300QQT0E10LWS3326,75-0297800,2,327855,327855,Ciera Bank,TX,Graham,631956,0,1107700,,1107700,"FIRST GRAHAM BANCORP, INC.",2021,4,549300QQT0E10LWS3326,2,Ciera Bank,TX,Graham,76450,84
2021,549300F04B6FGYBJY412,43-0688689,3,707354,707354,First State Community Bank,MO,Farmington,2622768,0,1099917,,1099917,"FIRST STATE BANCSHARES, INC.",2021,4,549300F04B6FGYBJY412,3,FIRST STATE COMMUNITY BANK,MO,FARMINGTON,63640,3618
2021,5493002UNUIL8WHZAD63,61-1100657,3,396244,396244,"River City Bank, Inc.",KY,Louisville,310425,0,1119404,,1119404,"FIRST BRECKINRIDGE BANCSHARES, INC.",2021,4,5493002UNUIL8WHZAD63,3,"River City Bank, Inc.",KY,Louisville,40202,525
2021,549300MD3D3OC2CSGX39,94-1509091,5,438797,438797,SANTA CLARA COUNTY,CA,San Jose,807096,0,-1,,-1,,2021,4,549300MD3D3OC2CSGX39,5,SANTA CLARA COUNTY FEDERAL CREDIT UNION,CA,SAN JOSE,95112,645
2021,549300D6BCLQFX6G1K95,34-1797868,7,3837001,3837001,THE EQUITABLE MORTGAGE CORPORATION,OH,CLEVELAND,-1,3,-1,,-1,,2021,4,549300D6BCLQFX6G1K95,7,The Equitable Mortgage Corporation,OH,Columbus,43235,2402
2021,549300R4XILOL7HDRE77,32-0412177,3,4536084,4536084,Bank of Bird-in-Hand,PA,Lancaster,466312,0,-1,,-1,,2021,4,549300R4XILOL7HDRE77,3,Bank of Bird-in-Hand,PA,Bird in Hand,17505,472
2021,3T5M8FX6V6B82KVKOB17,13-3148430,3,538802,538802,Interaudi Bank,NY,New York,2119692,0,-1,,-1,,2021,4,3T5M8FX6V6B82KVKOB17,3,Interaudi Bank,NY,New York,10022,79
2021,54930091CYUK2SDZ6D37,33-0886403,7,3877173,3877173,"BM Real Estate Services, Inc.",CA,Calabasas,-1,3,-1,,-1,,2021,4,54930091CYUK2SDZ6D37,7,"BM Real Estate Services, Inc.",CA,Calabasas,91302,5831
2021,549300A7PPGN7EQJ6578,64-0333575,5,960298,960298,MUTUAL,MS,Vicksburg,216098,0,-1,,-1,,2021,4,549300A7PPGN7EQJ6578,5,Mutual Credit Union,MS,Vicksburg,39180,152
2021,549300ZA8T2KGQF6JK55,31-4379753,5,773078,773078,"EDUCATION FIRST CREDIT UNION, INC.",OH,Columbus,112558,0,-1,,-1,,2021,4,549300ZA8T2KGQF6JK55,5,Education First Credit Union,OH,Columbus,43215,151
2021,5493000HR6P25A740Y77,25-0328590,3,269571,269571,Armstrong County Building and Loan Association,PA,Ford City,86776,0,-1,,-1,,2021,4,5493000HR6P25A740Y77,3,Armstrong County Building and Loan Association,PA,Ford City,16226,80
2021,549300BYZ5JSI6TQMS54,34-4427757,5,610874,610874,GLASS CITY Federal Credit Union,OH,Maumee,229568,0,-1,,-1,,2021,4,549300BYZ5JSI6TQMS54,5,Glass City Federal Credit Union,OH,Maumee,43537,193
2021,549300FGGERPRKXH7V65,63-0207315,5,630993,630993,AVADIAN,AL,Hoover,867917,0,-1,,-1,,2021,4,549300FGGERPRKXH7V65,5,AVADIAN CREDIT UNION,AL,HOOVER,35244,1198
2021,549300EY247F6R5IHX75,71-0031350,2,192147,192147,Citizens' Bank & Trust Co.,AR,Van Buren,404066,0,1491360,,1491360,FIRST BANK CORP,2021,4,549300EY247F6R5IHX75,2,Citizens Bank & Trust Company,AR,Van Buren,72956,455
2021,549300Q1QXZDN5R0UD44,14-0779859,3,306908,306908,Jeff Bank,NY,Jeffersonville,505973,0,1048504,,1048504,JEFFERSONVILLE BANCORP,2021,4,549300Q1QXZDN5R0UD44,3,Jeff Bank,NY,Jeffersonville,12748,352
2021,549300MXJM8O856QJU62,51-0622760,7,,-1,BLUE BRICK FINANCIAL LLC,AZ,MESA,-1,3,-1,,-1,,2021,4,549300MXJM8O856QJU62,7,BLUE BRICK FINANCIAL LLC,AZ,MESA,85215,1126
2021,54930021DZJ9CEN11D61,75-3197409,7,75-3197409,-1,"TJC Mortgage, Inc.",AL,BIRMINGHAM,-1,3,-1,,-1,,2021,4,54930021DZJ9CEN11D61,7,TJC MORTGAGE INC,AL,BIRMINGHAM,35243,10687
2021,549300567BJCXPG9IV35,34-0825325,5,306298,306298,Seven Seventeen Credit Union,OH,Warren,1114662,0,-1,,-1,,2021,4,549300567BJCXPG9IV35,5,Seven Seventeen Credit Union,OH,Warren,44483-2498,3478
2021,254900CHU7PX7ZS6RI74,37-0532990,3,266244,266244,State Bank of Waterloo,IL,Waterloo,195645,0,3939473,,3939473,"SBW BANCSHARES, INC.",2021,4,254900CHU7PX7ZS6RI74,3,State Bank,IL,WATERLOO,62298,303
2021,5493008B783OSGFDLN78,57-0645910,7,3882681,3882681,MIDLAND MORTGAGE CORPORATION,SC,COLUMBIA,-1,3,-1,,-1,,2021,4,5493008B783OSGFDLN78,7,Midland Mortgage Corporation of SC,SC,Columbia,29201,1820
2021,549300XSSWN02I2YO728,05-0490825,7,4533690,4533690,"Homestar Mortgage, Inc.",RI,PROVIDENCE,-1,3,-1,,-1,,2021,4,549300XSSWN02I2YO728,7,"Homestar Mortgage, Inc.",RI,Providence,02908,82
2021,549300ODHOF8ORD47F11,26-1105824,3,3623969,3623969,"First New Mexico Bank, Las Cruces",NM,Las Cruces,114986,0,1107830,,1107830,FIRST NEW MEXICO FINANCIAL CORPORATION,2021,4,549300ODHOF8ORD47F11,3,"FIRST NEW MEXICO BANK, LAS CRU",NM,LAS CRUCES,88011,218
2021,549300ZCR1XCLNEEI724,65-0882429,7,4878047,4878047,FOUNDATION MORTGAGE CORPORATION,FL,MIAMI BEACH,-1,3,-1,,-1,,2021,4,549300ZCR1XCLNEEI724,7,Foundation Mortgage Corporation,FL,Miami Beach,33139,421
2021,254900O28OG3UMHXQY81,82-2650124,7,,-1,"Strong Home Mortgage, LLC",VA,Richmond,-1,3,-1,,-1,,2021,4,254900O28OG3UMHXQY81,7,"Strong Home Mortgage, LLC",VA,Manassas,20110,21039
2021,03D0JEWFDFUS0SEEKG89,01-0137770,9,,497404,"TD Bank, National Association",DE,Wilmington,320471996,-1,1249196,,1238565,"TORONTO-DOMINION BANK, THE",2021,4,03D0JEWFDFUS0SEEKG89,9,TD Bank,NJ,Mount Laurel,08054,66213
2021,549300P0EVSTBKD8HJ82,31-4400124,5,811493,811493,C E S,OH,Mount Vernon,148510,0,-1,,-1,,2021,4,549300P0EVSTBKD8HJ82,5,CES CU,OH,Mount Vernon,43050,125
2021,549300SVSM8JMOZJXF07,01-0026120,3,433505,433505,Bath Savings Institution,ME,Bath,937261,0,-1,,-1,,2021,4,549300SVSM8JMOZJXF07,3,Bath Savings Institution,ME,Bath,04530,770
2021,549300BDZCCADL2HG292,32-0539871,1,7072,7072,Wallkill Valley Federal Savings and Loan Association,NY,Wallkill,327786,0,5117565,,5117592,WALLKILL VALLEY BANCORP MHC,2021,4,549300BDZCCADL2HG292,1,Wallkill Valley Federal Savings & Loan Association,NY,Wallkill,12589,246
2021,549300M5D5Q2KMDSMP10,38-3378283,3,2634351,2634351,Macatawa Bank,MI,Holland,2068014,0,2634696,,2634696,MACATAWA BANK CORPORATION,2021,4,549300M5D5Q2KMDSMP10,3,MACATAWA BANK,MI,HOLLAND,49422,944
2021,549300MY7KEVWMI4DF64,43-1779519,7,4880750,4880750,"ACCESS CAPITAL FUNDING, L.L.C.",MO,Chesterfield,-1,3,-1,,-1,,2021,4,549300MY7KEVWMI4DF64,7,Access Capital Funding LLC,MO,Chesterfield,63017,995
2021,5493002QP2ONO47G5R24,23-1505475,5,84989,84989,APCI Federal Credit Union,PA,Allentown,612359,0,-1,,-1,,2021,4,5493002QP2ONO47G5R24,5,APCI Federal Credit Union,PA,LEHIGH VALLEY,18002-0147,338
2021,549300WN576XI5QFH005,75-2945170,7,3844689,3844689,"ASPIRE FINANCIAL, INC.",TX,DALLAS,-1,3,-1,,-1,,2021,4,549300WN576XI5QFH005,7,"Aspire Financial, Inc.",TX,Dallas,75244,13130
2021,5493007CXTOHZ2JBEJ61,59-3345547,7,4878038,4878038,"THE MORTGAGE FIRM, INC.",FL,LOXAHATCHEE,-1,3,-1,,-1,,2021,4,5493007CXTOHZ2JBEJ61,7,"The Mortgage Firm, Inc.",FL,Altamonte Springs,32714,16782
2021,549300J9E3YDKIBPUY45,45-0192700,3,812557,812557,Bank Forward,ND,Hannaford,717012,0,1124257,,4932798,BANK FORWARD EMPLOYEE STOCK OWNERSHIP PLAN AND TRUST,2021,4,549300J9E3YDKIBPUY45,3,Bank Forward,ND,Fargo,58103,514
2021,254900MY1ZANX8HECH55,39-0147720,3,167453,167453,Bluff View Bank,WI,Galesville,107274,0,1127249,,1127249,"GALE BANK HOLDING COMPANY, INC.",2021,4,254900MY1ZANX8HECH55,3,Bluff View Bank,WI,Galesville,54630,152
2021,254900T1NXF0ZR9PMX05,36-2494471,5,,925578,Streator Onized Credit Union,IL,Streator,254906,0,-1,,-1,,2021,4,254900T1NXF0ZR9PMX05,5,STREATOR ONIZED CREDIT UNION,IL,STREATOR,61364,227
2021,549300A6NF3MQMOHKJ20,20-4094899,9,,-1,Foote Capital Mortgage Company,PA,Carlisle,-1,3,-1,,-1,,2021,4,549300A6NF3MQMOHKJ20,9,Foote Capital Mortgage Company,PA,Carlisle,17013,332
2021,CKVBED0S4DMLKJJ5XH28,43-1950333,9,3076248,3076248,Stifel Bank and Trust,MO,Saint Louis,14144676,0,3189728,,3063622,STIFEL FINANCIAL CORP.,2021,4,CKVBED0S4DMLKJJ5XH28,9,STIFEL BANK & TRUST,MO,ST. LOUIS,63141,11106
2021,549300WQC1VYOW0EW528,42-0802188,5,273390,273390,FINANCIAL PLUS Credit Union,IA,West Des Moines,172187,0,-1,,-1,,2021,4,549300WQC1VYOW0EW528,5,FINANCIAL PLUS CREDIT UNION,IA,West Des Moines,50266,236
2021,5493007CLWQN2S6IZK91,48-0124710,1,983457,983457,"Armed Forces Bank, National Association",MO,Kansas City,1074320,0,1399484,,2107707,DICKINSON FINANCIAL CORPORATION II,2021,4,5493007CLWQN2S6IZK91,1,Armed Forces Bank,MO,Kansas City,64105,1161
2021,549300QAJ2SD5X8T7X10,72-1433422,3,2748502,2748502,Synergy Bank,LA,Houma,556820,0,2748490,,2748490,"SYNERGY BANCSHARES, INC.",2021,4,549300QAJ2SD5X8T7X10,3,Synergy Bank,LA,Houma,70360,286
2021,5493002PHB6PE87OB729,15-0620348,2,910118,910118,Tioga State Bank,NY,Spencer,487977,0,1048858,,1048858,"TSB SERVICES, INC.",2021,4,5493002PHB6PE87OB729,2,"Tioga State Bank, N.A.",NY,Spencer,14883,419
2021,54930045EHC4UJU3BP73,72-0465556,3,1003839,1003839,M C Bank & Trust Company,LA,Morgan City,306917,-1,1841732,,1841732,"M C BANCSHARES, INC.",2021,4,54930045EHC4UJU3BP73,3,M C Bank & Trust Company,LA,Morgan City,70380,169
2021,549300HD6DNX0QP0Z775,52-2075704,7,4438254,4438254,"APEX HOME LOANS, INC.",MD,POTOMAC,-1,3,-1,,-1,,2021,4,549300HD6DNX0QP0Z775,7,"APEX HOME LOANS, INC.",MD,ROCKVILLE,20850,5399
2021,254900MNIT450KPDA114,93-0251640,5,323996,323996,ADVANTIS,OR,Milwaukie,1478812,0,-1,,-1,,2021,4,254900MNIT450KPDA114,5,Advantis Credit Union,OR,Milwaukie,97222,2950
2021,1TMVIO1SD0RLIPEIW803,44-0267430,3,572374,572374,Great Southern Bank,MO,Reeds Spring,5014991,0,2339133,,2339133,"GREAT SOUTHERN BANCORP, INC.",2021,4,1TMVIO1SD0RLIPEIW803,3,Great Southern Bank,MO,Springfield,65802,4052
2021,NSGZD26XPW2CUM2JKU70,64-0169065,9,463735,463735,Hancock Whitney Bank,MS,Gulfport,30597146,0,1086533,,1086533,HANCOCK WHITNEY CORPORATION,2021,4,NSGZD26XPW2CUM2JKU70,9,HANCOCK WHITNEY BANK,MS,GULFPORT,39501,11720
2021,254900YJQZQTI7TUKN67,30-0889616,7,30-889616,-1,"Trinity Oaks Mortgage, LLC",TX,Red Oak,-1,3,-1,,-1,,2021,4,254900YJQZQTI7TUKN67,7,Trinity Oaks Mortgage,TX,Red Oak,75154,1902
2021,5493007DIB8YPDM6NR52,39-0827305,5,209595,209595,MARINE,WI,La Crosse,857609,0,-1,,-1,,2021,4,5493007DIB8YPDM6NR52,5,MARINE CREDIT UNION,WI,Onalaska,54650,3415
2021,549300278QYT0O65D265,84-0660269,5,379386,379386,COLORADO CREDIT UNION,CO,Littleton,219119,0,-1,,-1,,2021,4,549300278QYT0O65D265,5,COLORADO CREDIT UNION,CO,LITTLETON,80127,1688
2021,549300NG6J01HLGSZW49,72-0258810,3,136338,136338,Merchants & Farmers Bank & Trust Company,LA,Leesville,408091,0,1084203,,1084203,"MERCHANTS & FARMERS BANCSHARES, INC.",2021,4,549300NG6J01HLGSZW49,3,MERCHANTS & FARMERS BANK & TC,LA,LEESVILLE,71446,193
2021,5493001LOTO6OW0LKT63,20-0235207,3,3217957,3217957,Mainstreet Community Bank of Florida,FL,Deland,488367,0,-1,,-1,,2021,4,5493001LOTO6OW0LKT63,3,MAINSTREET COMMUNITY  BANK OF FLORIDA,FL,DELAND,32720,459
2021,549300AR4BCLQFU47165,36-2523206,5,131892,131892,I. H. MISSISSIPPI VALLEY CREDIT UNION,IL,Moline,1474943,0,-1,,-1,,2021,4,549300AR4BCLQFU47165,5,I H MISSISSIPPI VALLEY CREDIT UNION,IL,MOLINE,61265,4521
2021,254900FN90BBXGBCPB30,63-0095181,1,112332,112332,The First National Bank of Hartford,AL,Hartford,121847,0,1084052,,1084052,"FIRST HARTFORD BANCSHARES, INC.",2021,4,254900FN90BBXGBCPB30,1,First National Bank Of Hartford,AL,Hartford,36344,119
2021,254900XASC5S67PMPM58,58-1743960,1,1163283,1163283,"Citizens Bank & Trust, Inc.",GA,Trenton,105180,0,3839313,,3839313,TAG BANCSHARES INC.,2021,4,254900XASC5S67PMPM58,1,"Citizens Bank & Trust, Inc.",GA,Trenton,30752,180
2021,549300IKS3MMB5YK6T18,95-6038909,5,277473,277473,KINECTA,CA,Manhattan Beach,4703101,0,-1,,-1,,2021,4,549300IKS3MMB5YK6T18,5,KINECTA FEDERAL CREDIT UNION,CA,MANHATTAN BEACH,90266,4879
2021,549300H3IZO24NSOO931,59-1494026,7,3966143,3966143,"LENNAR MORTGAGE, LLC",FL,NORTH PALM BEACH,-1,3,-1,,-1,,2021,4,549300H3IZO24NSOO931,7,"Lennar Mortgage, LLC",FL,Miami,33172,54437
2021,254900SUZ313OILKVD67,52-2178654,7,,-1,"Residential Mortgage Solutions, Inc.",MD,Baltimore,-1,3,-1,,-1,,2021,4,254900SUZ313OILKVD67,7,"Cazle Mortgage, Inc.",MD,Baltimore,21220,785
2021,5493000L4JCTDWD6WT73,66-0220429,7,4985619,4985619,COOPERATIVA DE AHORRO Y CREDITO DE MANATI INC.,,Manati,-1,0,-1,,-1,,2021,4,5493000L4JCTDWD6WT73,7,Cooperativa de A\C Manati,PR,Manati,00674,40
2021,254900HUD7SD8U5L3C11,35-0889144,5,969871,969871,PrimeTrust Financial Federal Credit Union,IN,Muncie,163275,0,-1,,-1,,2021,4,254900HUD7SD8U5L3C11,5,PrimeTrust Financial Federal C,IN,Muncie,47304,102
2021,549300DDDXGC8OXLNZ36,75-0270800,3,578255,578255,First United Bank,TX,Dimmitt,1370041,0,1108163,,1108163,"PLAINS BANCORP, INC.",2021,4,549300DDDXGC8OXLNZ36,3,First United Bank,TX,Lubbock,79416,790
2021,2549006IYID0ECYSJU25,25-1613078,7,3837485,3837485,Sail Mortgage Corp.,PA,Wexford,-1,3,-1,,-1,,2021,4,2549006IYID0ECYSJU25,7,Sail Mortgage Corp,PA,Wexford,15009,1082
2021,549300ENNFGLHCMQ1U82,31-0471850,3,727174,727174,"Guardian Savings Bank, A Federal Savings Bank",OH,West Chester,997561,-1,3827927,,3828018,BECK FAMILY TRUST,2021,4,549300ENNFGLHCMQ1U82,3,Guardian Savings Bank,OH,West Chester,45069,10260
2021,WV0OVGBTLUP1XIUJE722,06-0273620,9,761806,761806,"Webster Bank, National Association",CT,Waterbury,30412303,0,1145476,,1145476,WEBSTER FINANCIAL CORPORATION,2021,4,WV0OVGBTLUP1XIUJE722,9,"Webster Bank, N.A.",CT,Stamford,06901,14091
2021,549300AT4QWHFZ83D635,95-1790568,5,987286,987286,VENTURA COUNTY,CA,Ventura,904609,0,-1,,-1,,2021,4,549300AT4QWHFZ83D635,5,Ventura County Credit Union,CA,Ventura,93001,800
2021,254900CNZPI5WN45KW48,71-0056740,2,48374,48374,First Financial Bank,AR,El Dorado,1416850,0,2568102,,2568102,FIRST FINANCIAL BANC CORPORATION,2021,4,254900CNZPI5WN45KW48,2,FIRST FINANCIAL BANK,AR,EL DORADO,71730,1031
2021,549300PRPWWDL1RI5M21,01-0099500,3,327305,327305,Katahdin Trust Company,ME,Patten,850692,0,1140127,,1140127,KATAHDIN BANKSHARES CORPORATION,2021,4,549300PRPWWDL1RI5M21,3,KATAHDIN TRUST COMPANY,ME,PATTEN,04765,489
2021,5493005JSMO6YKNVQ426,34-4360015,5,149299,149299,"Bay Area Credit Union, Inc.",OH,Oregon,66096,0,-1,,-1,,2021,4,5493005JSMO6YKNVQ426,5,Bay Area Credit Union,OH,Oregon,43616,52
2021,5493008XQDQ2YZPQKX53,20-2272566,7,20-2272566,-1,"PROVINCE MORTGAGE ASSOCIATES, INC.",MA,ATTLEBORO,-1,3,-1,,-1,,2021,4,5493008XQDQ2YZPQKX53,7,"PROVINCE MORTGAGE ASSOCIATES, INC.",RI,EAST PROVIDENCE,02914,1398
2021,549300VG0KDMI6ULUX54,75-0693720,5,647094,647094,Education Credit Union,TX,Amarillo,278059,0,-1,,-1,,2021,4,549300VG0KDMI6ULUX54,5,EDUCATION CREDIT UNION,TX,AMARILLO,79106,593
2021,5493004R22HRZXTXSR64,03-0143997,1,173306,173306,The National Bank of Middlebury,VT,Middlebury,389872,0,1136214,,1136214,MIDDLEBURY NATIONAL CORPORATION,2021,4,5493004R22HRZXTXSR64,1,National Bank of Middlebury,VT,Middlebury,05753,400
2021,549300Q76VHK6FGPX546,42-0191897,2,546544,546544,Central Bank,IA,Storm Lake,929943,0,1978674,,1978674,COMMERCIAL FINANCIAL CORP.,2021,4,549300Q76VHK6FGPX546,2,Central Bank,IA,Storm Lake,50588,1730
2021,2549007JQKHU8KQ0FC19,84-1628152,7,5139026,5139026,"FirstTrust Home Loans, Inc.",AR,Sheridan,-1,3,-1,,-1,,2021,4,2549007JQKHU8KQ0FC19,7,"FirstTrust Home Loans, Inc.",AR,Sheridan,72150,4344
2021,549300A4ZI1DF2OO1B51,94-1521987,5,537681,537681,MERIWEST,CA,San Jose,1678538,0,-1,,-1,,2021,4,549300A4ZI1DF2OO1B51,5,MERIWEST CREDIT UNION,CA,SAN JOSE,95123,1005
2021,549300ZM3AIJAKZITQ95,53-0186303,5,999672,999672,Signal Financial Federal Credit Union,MD,Kensington,427113,0,-1,,-1,,2021,4,549300ZM3AIJAKZITQ95,5,SIGNAL FINANCIAL FCU,MD,KENSINGTON,20895,448
2021,IWRZQFYIRJ0IMURZBB68,39-1141446,2,58243,58243,Johnson Bank,WI,Racine,5209882,0,1490701,,1490701,"JOHNSON FINANCIAL GROUP, INC.",2021,4,IWRZQFYIRJ0IMURZBB68,2,JOHNSON BANK,WI,RACINE,53403,8849
2021,549300JVYWDXYVB8EM70,16-1313078,7,5163151,5163151,FFC Mortgage Corp.,NY,Rochester,-1,3,-1,,-1,,2021,4,549300JVYWDXYVB8EM70,7,FFC Mortgage Corp.,CA,Irvine,92618,273
2021,549300GJHCU3PV11PY25,25-0400413,1,100777,100777,CFSBANK,PA,Charleroi,480892,0,3831278,,3831269,CHARLEROI FINANCIAL MHC,2021,4,549300GJHCU3PV11PY25,1,cfsbank,PA,Charleroi,15022,427
2021,549300UONVHJ0G6DSL23,45-0342587,3,971959,971959,Bravera Bank,ND,Dickinson,1671850,-1,1133781,,1133781,"AMERICAN BANCOR, LTD.",2021,4,549300UONVHJ0G6DSL23,3,Bravera Bank,ND,DICKINSON,58601,909
2021,254900E8KW1VR97KFU45,62-0262707,5,274098,274098,TNConnect Credit Union,TN,Knoxville,55846,0,-1,,-1,,2021,4,254900E8KW1VR97KFU45,5,TNConnect Credit Union,TN,Knoxville,37909,49
2021,254900LNRKOG7TRURB32,16-0799792,5,331889,331889,Ukrainian Federal Credit Union,NY,Rochester,271039,0,-1,,-1,,2021,4,254900LNRKOG7TRURB32,5,UKRAINIAN FEDERAL CREDIT UNION,NY,ROCHESTER,14621,579
2021,549300HC145ABINEFL26,36-3144306,3,460332,460332,Municipal Trust and Savings Bank,IL,Bourbonnais,312961,0,-1,,-1,,2021,4,549300HC145ABINEFL26,3,Municipal Trust and Savings Bank,IL,Bourbonnais,60914,402
2021,54930015645SYPOM7220,26-4193875,7,4438124,4438124,"ISERVE RESIDENTIAL LENDING, LLC",AZ,PHOENIX,-1,3,-1,,-1,,2021,4,54930015645SYPOM7220,7,ISERVE RESIDENTIAL LENDING,CA,SAN DIEGO,92127,2687
2021,5493003EW6T31TGECO83,71-0397846,1,42448,42448,First National Bank,AR,Paragould,1627120,0,1119383,,1119383,"FIRST PARAGOULD BANKSHARES, INC.",2021,4,5493003EW6T31TGECO83,1,First National Bank,AR,Paragould,72451,711
2021,593C3GZG957YOJPS2Z63,95-1780067,9,63069,63069,City National Bank,CA,Los Angeles,61390143,0,3226762,,1232497,ROYAL BANK OF CANADA,2021,4,593C3GZG957YOJPS2Z63,9,CITY NATIONAL BANK,CA,LOS ANGELES,90071,9935
2021,549300I0JGZE27J13Z50,75-0224670,5,688396,688396,NEIGHBORHOOD,TX,Dallas,810063,0,-1,,-1,,2021,4,549300I0JGZE27J13Z50,5,Neighborhood Credit Union,TX,Dallas,75240-4503,93
2021,549300YCCZTMBHGTNQ79,75-2694563,3,122854,122854,Independent Bank,TX,Mckinney,14953260,0,3140288,,3140288,"INDEPENDENT BANK GROUP, INC.",2021,4,549300YCCZTMBHGTNQ79,3,INDEPENDENT BANK,TX,MCKINNEY,75070,3991
2021,549300NZ54QGM0WNLC84,35-0472900,3,157744,157744,Hoosier Heartland State Bank,IN,Crawfordsville,203283,0,3823657,,3823657,HOOSIER HEARTLAND STATE BANCORP,2021,4,549300NZ54QGM0WNLC84,3,HOOSIER HEARTLAND STATE BANK,IN,CRAWFORDSVILLE,47933,310
2021,549300LE3ZOZXUS7W648,72-0184470,3,255574,255574,FIDELITY BANK,LA,New Orleans,760123,0,-1,,-1,,2021,4,549300LE3ZOZXUS7W648,3,Fidelity Bank,LA,New Orleans,70130,6368
2021,254900VKT2R0R20CR104,62-0198110,2,150035,150035,First Farmers and Merchants Bank,TN,Columbia,1401842,0,1083783,,1083783,FIRST FARMERS AND MERCHANTS CORPORATION,2021,4,254900VKT2R0R20CR104,2,FIRST FARMERS AND MERCHANTS BANK,TN,Columbia,38401,325
2021,549300S93XI20FLTGK89,20-0137049,7,20-0137049,-1,"Aurora Financial, LLC",VA,MECHANICSVILLE,-1,3,-1,,-1,,2021,4,549300S93XI20FLTGK89,7,AURORA FINANCIAL,VA,MCLEAN,22102,867
2021,254900DNLSAVSRPDRK61,15-0263165,1,900678,900678,Carthage Federal Savings and Loan Association,NY,Carthage,245980,0,3793901,,3793862,"RIVERBANK FINANCIAL, MHC",2021,4,254900DNLSAVSRPDRK61,1,Carthage Federal Savings & Loan Assoc,NY,Carthage,13619,325
2021,5493006Y55XBWPK4OX71,38-2849685,7,3871975,3871975,St James Mortgage Corporation,MI,Bloomfield Hills,-1,3,-1,,-1,,2021,4,5493006Y55XBWPK4OX71,7,ST. JAMES MORTGAGE CORPORATION,MI,BLOOMFIELD HILLS,48304,473
2021,5493006GBLIRNKHYD764,20-5036036,9,3446636,3446636,Aquesta Bank,NC,Cornelius,523606,-1,4566232,,4566232,"AQUESTA FINANCIAL HOLDINGS, INC.",2021,4,5493006GBLIRNKHYD764,9,Aquesta Bank,SC,Greenville,29601,26
2021,5493006J2ROMTD5Q0731,25-0326730,2,368522,368522,APOLLO TRUST COMPANY,PA,APOLLO,159201,0,1139000,,1139000,"APOLLO BANCORP, INC.",2021,4,5493006J2ROMTD5Q0731,2,APOLLO TRUST COMPANY,PA,APOLLO,15613,130
2021,549300KYZ21NWSUOYP36,34-4369660,3,110413,110413,Sutton Bank,OH,Attica,642970,0,1134500,,1134500,"SUTTON BANCSHARES, INC.",2021,4,549300KYZ21NWSUOYP36,3,Sutton Bank,OH,Attica,44807,167
2021,549300UBM8OIENB7BQ09,36-1297405,3,948036,948036,Farmers-Merchants Bank of Illinois,IL,Joy,204066,0,3530786,,3530786,MERCHANTS BANCORP,2021,4,549300UBM8OIENB7BQ09,3,Farmers-Merchants Bank of Illinois,IL,Joy,61260,58
2021,54930038YN5XV3SDVZ83,42-0247350,3,737548,737548,BankIowa of Cedar Rapids,IA,Cedar Rapids,678657,0,1204337,,1204337,FIDELITY BAN CORPORATION,2021,4,54930038YN5XV3SDVZ83,3,BANKIOWA,IA,CEDAR RAPIDS,52402,678
2021,UPMVBH3EU3LS6P1KR697,59-1846933,1,83638,83638,"AMERANT BANK, NATIONAL ASSOCIATION",FL,Coral Gables,7975320,0,3882739,,1135972,AMERANT BANCORP INC.,2021,4,UPMVBH3EU3LS6P1KR697,1,Amerant,FL,Miami,33182,1218
2021,549300YSLPB4FWL34Z59,61-0575996,5,47788,47788,MEMBERS HERITAGE Credit Union,KY,Lexington,387236,0,-1,,-1,,2021,4,549300YSLPB4FWL34Z59,5,Members Heritage CU,KY,Lexington,40511,381
2021,5493000BIR9N6Y5KFV24,37-0205706,1,613343,613343,"CNB Bank And Trust, N.A.",IL,Carlinville,1333230,0,1245460,,1245460,"CNB BANK SHARES, INC.",2021,4,5493000BIR9N6Y5KFV24,1,"CNB Bank & Trust, NA",IL,Carlinville,62626,1049
2021,254900G9IPJDT4OZYN57,58-0872500,5,523385,523385,Marshland Credit Union,GA,Brunswick,148211,0,-1,,-1,,2021,4,254900G9IPJDT4OZYN57,5,MARSHLAND Credit Union,GA,BRUNSWICK,31520,53
2021,5493002JV15GSVFKZW34,39-0846228,3,1016941,1016941,Intercity State Bank,WI,Schofield,199304,0,1124163,,1124163,"BOSSHARD BANCO, LTD.",2021,4,5493002JV15GSVFKZW34,3,Intercity State Bank,WI,Schofield,54476,353
2021,549300G2LV8W3C1G3762,31-1401378,7,3837038,3837038,"EQUITY RESOURCES, INC.",OH,NEWARK,-1,3,-1,,-1,,2021,4,549300G2LV8W3C1G3762,7,EQUITY RESOURCES INC,OH,NEWARK,43055,13992
2021,549300H12E7AUMUHP294,20-1792214,7,20-1792214,-1,"FIRST ALLIANCE HOME MORTGAGE, LLC",NJ,Cranford,-1,3,-1,,-1,,2021,4,549300H12E7AUMUHP294,7,First Alliance Home Mortgage,NJ,Crandford,07016,3251
2021,549300UBL8B7C63DKZ49,64-0236520,3,924843,924843,Sycamore Bank,MS,Senatobia,227265,0,1119589,,1119589,TATE FINANCIAL CORPORATION,2021,4,549300UBL8B7C63DKZ49,3,SYCAMORE BANK,MS,SENATOBIA,38668,213
2021,549300M2H0S2WWYNUO61,20-8169449,7,,-1,"GOLDEN WEST ALLIANCE, INC.",CA,GLENDALE,-1,3,-1,,-1,,2021,4,549300M2H0S2WWYNUO61,7,"GOLDEN WEST ALLIANCE, INC. DBA PROVIDENT LENDING G",CA,GLENDALE,91203,382
2021,5493007VW2EU20PZYU97,81-4312733,7,81-4312733,-1,INSPIRE HOME LOANS INC.,DE,WILMINGTON,-1,3,-1,,-1,,2021,4,5493007VW2EU20PZYU97,7,Inspire Home Loans Inc.,CA,Newport Beach,92660,10531
2021,549300M16XETIG2Z5N24,75-0203352,1,885869,885869,"Commercial Bank of Texas, National Association",TX,Nacogdoches,787183,0,1107595,,1107595,"NACOGDOCHES COMMERCIAL BANCSHARES, INC.",2021,4,549300M16XETIG2Z5N24,1,"COMMERCIAL BNAK OF TEXAS, NA",TX,NACOGDOCHES,75961-5257,1486
2021,254900Q6IHGQO7INVC79,15-0372430,1,323204,323204,The Lyons National Bank,NY,Lyons,1163579,0,1246476,,1246476,"LYONS BANCORP, INC.",2021,4,254900Q6IHGQO7INVC79,1,The Lyons National Bank,NY,Lyons,14489,2079
2021,549300U3NIUGN9OO4407,01-0239313,5,50180,50180,CUMBERLAND COUNTY,ME,Falmouth,288165,0,-1,,-1,,2021,4,549300U3NIUGN9OO4407,5,Cumberland County Federal Credit Union,ME,Falmouth,04105,388
2021,5493001A8DPRB21YBS87,51-0155270,5,977885,977885,PARSONS Federal Credit Union,CA,Pasadena,228113,0,-1,,-1,,2021,4,5493001A8DPRB21YBS87,5,Parsons Federal Credit Union,CA,Pasadena,91124,331
2021,549300Q2EZNO3H86ED06,76-0752296,2,3221468,3221468,Veritex Community Bank,TX,Dallas,7951294,0,4105266,,4105266,"VERITEX HOLDINGS, INC.",2021,4,549300Q2EZNO3H86ED06,2,VERITEX COMMUNITY BANK,TX,DALLAS,75214,706
2021,5493007SM4YPKQOQCT10,46-5455337,7,46-5455337,-1,"ANGLIA FINANCIAL, LLC",TX,HOUSTON,-1,3,-1,,-1,,2021,4,5493007SM4YPKQOQCT10,7,"ANGLIA FINANCIAL, LLC",TX,HOUSTON,77024,38
2021,549300J6N77Q8OHYNF23,76-0700342,7,4379151,3844492,"ENVOY MORTGAGE, LTD",TX,AUSTIN,-1,3,-1,,-1,,2021,4,549300J6N77Q8OHYNF23,7,"ENVOY MORTGAGE, LTD",TX,HOUSTON,77043,23705
2021,549300G3WIMVDYUYQC27,41-0138450,1,61757,61757,American Heritage National Bank,MN,Long Prairie,378582,0,4520953,,4520953,AMERICAN HERITAGE HOLDING COMPANY,2021,4,549300G3WIMVDYUYQC27,1,American Heritage National Bank,MN,Long Prairie,56347,82
2021,254900P6952HH7CVAC87,42-0181990,3,795548,795548,Citizens State Bank,IA,Monticello,421275,0,1245741,,1245741,HERKY HAWK FINANCIAL CORP.,2021,4,254900P6952HH7CVAC87,3,CITIZENS STATE BANK,IA,MONTICELLO,52310,284
2021,549300H0B8QZSS10X971,16-0802201,5,949284,949284,FIRST HERITAGE FEDERAL CREDIT UNION,NY,Painted Post,492964,0,-1,,-1,,2021,4,549300H0B8QZSS10X971,5,First Heritage Federal CU,NY,Corning,14830,977
2021,5493009HUMWCHFRDKF12,91-1569077,7,91-1569077,-1,SAMMAMISH MORTGAGE COMPANY,WA,FALL CITY,-1,3,-1,,-1,,2021,4,5493009HUMWCHFRDKF12,7,Sammamish Mortgage Company,WA,Bellevue,98004,1431
2021,25490076YOMAEM6W0N66,37-0532580,3,920733,920733,West Central Bank,IL,Ashland,187309,0,1129944,,1129944,"WEST CENTRAL BANCSHARES, INC.",2021,4,25490076YOMAEM6W0N66,3,WEST CENTRAL BANK,IL,ASHLAND,62612,215
2021,549300IFAGUDY5MUY541,42-0329305,5,1010798,1010798,AIM Credit Union,IA,Dubuque,130499,-1,-1,,-1,,2021,4,549300IFAGUDY5MUY541,5,AIM Credit Union,IA,Dubuque,52002,173
2021,549300PM3R14MRQSOJ39,37-0661473,5,882578,882578,MIDWEST MEMBERS Credit Union,IL,Wood River,136797,0,-1,,-1,,2021,4,549300PM3R14MRQSOJ39,5,Midwest Members Credit Union,IL,Wood River,62095,28
2021,549300WEZMN6QE5IIH42,22-2985976,7,3873906,3873906,"JERSEY MORTGAGE COMPANY OF NEW JERSEY, INC.",NJ,CRANFORD,-1,3,-1,,-1,,2021,4,549300WEZMN6QE5IIH42,7,JERSEY MORTGAGE COMPANY,NJ,CRANFORD,07016,1592
2021,549300179EG8J5FHBS95,25-0415360,3,945026,945026,Commercial Bank and Trust of PA,PA,Latrobe,419315,0,1823738,,1823738,COMMERCIAL NATIONAL FINANCIAL CORPORATION,2021,4,549300179EG8J5FHBS95,3,Commercial Bank & Trust of PA,PA,Latrobe,15650,226
2021,549300VUQ4KD10YTTM53,36-3351119,3,852704,852704,Genesee Regional Bank,NY,Rochester,574696,0,3644722,,3644722,"GREATER ROCHESTER BANCORP, INC.",2021,4,549300VUQ4KD10YTTM53,3,GENESEE REGIONAL BANK,NY,ROCHESTER,14618,2593
2021,549300BPOIHOHG3TPP54,39-0545620,3,937740,937740,The Port Washington State Bank,WI,Port Washington,637425,0,1208577,,1208577,"PORT BANCSHARES, INC.",2021,4,549300BPOIHOHG3TPP54,3,PORT WASHINGTON STATE BANK,WI,PORT WASHINGTON,53074,1028
2021,254900RZAKWEVNKBVY93,44-0161720,3,,579140,Regional Missouri Bank,MO,Marceline,374290,0,1904963,,1904963,"RMB BANCSHARES, INC.",2021,4,254900RZAKWEVNKBVY93,3,Regional Missouri Bank,MO,Marceline,64658,481
2021,549300VYEO55JM1VUZ93,16-0977338,5,783983,783983,GREATER WOODLAWN FEDERAL CREDIT UNION,NY,BLASDELL,126040,0,-1,,-1,,2021,4,549300VYEO55JM1VUZ93,5,GREATER WOODLAWN FEDERAL CREDIT UNION,NY,BLASDELL,14219,50
2021,54930065TMWOWFAXBL88,31-4344400,3,294023,294023,First State Bank,OH,Winchester,494299,0,2376941,,2376941,"FIRST STATE BANCORP, INC.",2021,4,54930065TMWOWFAXBL88,3,FIRST STATE BANK,OH,WINCHESTER,45697,608
2021,549300P3STF5YYEJYO93,23-7059570,5,996381,996381,Pittsford Federal Credit Union,NY,Pittsford,418586,0,-1,,-1,,2021,4,549300P3STF5YYEJYO93,5,Pittsford Federal Credit Union,NY,Pittsford,14534,671
2021,549300095ABBENNWE160,62-0201130,2,831576,831576,BankTennessee,TN,Collierville,324447,0,3610437,,3610437,"BANKTENNESSEE BANCSHARES, INC.",2021,4,549300095ABBENNWE160,2,BANKTENNESSEE,TN,COLLIERVILLE,38017,137
2021,549300Z4HQ7YDKUVEW39,86-0120482,5,162980,162980,VANTAGE WEST,AZ,Tucson,2015563,0,-1,,-1,,2021,4,549300Z4HQ7YDKUVEW39,5,VANTAGE WEST CREDIT UNION,AZ,TUCSON,85708,2407
2021,549300WEOD0TL2O6EU67,33-0419992,7,3896071,3896071,"MOUNTAIN WEST FINANCIAL, INC.",CA,Westlake Village,-1,3,-1,,-1,,2021,4,549300WEOD0TL2O6EU67,7,"MOUNTAIN WEST FINANCIAL, INC.",CA,REDLANDS,92374,9229
2021,O4XVIZ10YPQYFKUKCF76,42-0223620,3,642549,642549,Dubuque Bank and Trust Company,IA,Dubuque,1646105,0,1206546,,1206546,"HEARTLAND FINANCIAL USA, INC.",2021,4,O4XVIZ10YPQYFKUKCF76,3,DUBUQUE BANK & TRUST CO.,IA,DUBUQUE,52001,198
2021,549300DK682S26NIMG70,57-0116890,3,591320,591320,Arthur State Bank,SC,Union,516369,0,3196584,,3137019,"HAO MANAGEMENT COMPANY, LLC",2021,4,549300DK682S26NIMG70,3,ARTHUR STATE BANK,SC,WOODRUFF,29388,665
2021,549300C1ICNCM0V37Y02,43-0492450,3,345756,345756,"First State Bank of St. Charles, Missouri",MO,St. Charles,383892,0,1416550,,1416550,"FIRST STATE BANCSHARES, INC.",2021,4,549300C1ICNCM0V37Y02,3,FIRST STATE BANK OF ST CHARLES,MO,ST CHARLES,63301,7953
2021,549300CYXW7LD00YCQ70,86-0134699,5,340489,340489,PINAL COUNTY,AZ,Casa Grande,155653,0,-1,,-1,,2021,4,549300CYXW7LD00YCQ70,5,Pinal County Federal Credit Union,AZ,Casa Grande,85122-4630,113
2021,549300HNQDVXN8569N58,01-0079380,5,831099,831099,CPORT,ME,Portland,246436,0,-1,,-1,,2021,4,549300HNQDVXN8569N58,5,cPort Credit Union,ME,Portland,04103,387
2021,549300QNSC8YFY70QR51,20-3326484,7,3953013,3953013,"ATLANTIC HOME LENDING, INC.",MA,CANTON,-1,3,-1,,-1,,2021,4,549300QNSC8YFY70QR51,7,"Atlantic Home Lending, Inc.",MA,Canton,02021,276
2021,5493001WRXQTCKCA6205,94-1244186,5,238791,238791,REDWOOD,CA,Santa Rosa,4989061,0,-1,,-1,,2021,4,5493001WRXQTCKCA6205,5,REDWOOD CREDIT UNION,CA,SANTA ROSA,95406,5815
2021,549300DP6NUMG3X4JQ52,66-0269897,7,3944749,3944749,COOPERATIVA DE CREDITO LA SAGRADA FAMILIA,,Corozal,-1,3,-1,,-1,,2021,4,549300DP6NUMG3X4JQ52,7,COOPERATIVA LA SAGRADA FAMILIA,PR,Corozal,00783-0102,90
2021,549300PI8J8CV6B53I58,38-3252110,3,2390929,2390929,Bank of Ann Arbor,MI,Ann Arbor,1756512,0,2454380,,2454380,"ARBOR BANCORP, INC.",2021,4,549300PI8J8CV6B53I58,3,Bank of Ann Arbor,MI,Plymouth,48170,1178
2021,54930011U6TQ5MJCDV15,48-0209570,3,918954,918954,ESB Financial,KS,Emporia,243612,0,1051670,,1051670,"NAMYAW CORPORATION, INC.",2021,4,54930011U6TQ5MJCDV15,3,ESB Financial,KS,Emporia,66801,243
2021,254900L9ZR7FYE68H705,37-1301157,3,2007991,2007991,Citizens Community Bank,IL,Mascoutah,403279,0,2550143,,2550143,"CITIZENS BANCORPORATION, INC.",2021,4,254900L9ZR7FYE68H705,3,Citizens Community Bank,IL,Freeburg,62243,367
2021,549300K6AZER0SHGEN26,46-3061185,7,3297191,3297191,"SUMMIT HOME MORTGAGE, LLC",DE,WILMINGTON,-1,3,-1,,-1,,2021,4,549300K6AZER0SHGEN26,7,"SUMMIT HOME MORTGAGE, LLC",SC,GREENVILLE,29601,278
2021,549300CLRXFVF83ZL806,45-2969502,7,45-2969502,-1,"NATIONWIDE MORTGAGE BANKERS, INC.",DE,WILMINGTON,-1,3,-1,,-1,,2021,4,549300CLRXFVF83ZL806,7,"NATIONWIDE MORTGAGE BANKERS, INC.",NY,Melville,11747,11910
2021,254900O2K17TNH5CL873,47-2790264,9,,-1,"RF Renovo Management Company, LLC",DE,Dover,-1,3,-1,,-1,,2021,4,254900O2K17TNH5CL873,9,"RF Renovo Management Company, LLC",IL,Chicago,60606,1972
2021,549300S70UD2GFALPM46,22-3537421,7,4437622,4437622,"MILLENIUM HOME MORTGAGE, LLC",NJ,Parsippany,-1,3,-1,,-1,,2021,4,549300S70UD2GFALPM46,7,Millenium Home Mortgage,NJ,Parsippany,07054,1264
2021,25490087M8OYX68SQN42,20-2938436,7,,-1,"ISB Capital, LLC",TX,Friendswood,-1,3,-1,,-1,,2021,4,25490087M8OYX68SQN42,7,"ISB Capital, LLC",TX,Friendswood,77546,27
2021,549300I3SDXHG6BUD309,74-6054885,5,629894,629894,CAPITOL CREDIT UNION,TX,Austin,141044,0,-1,,-1,,2021,4,549300I3SDXHG6BUD309,5,CAPITOL CREDIT UNION,TX,AUSTIN,78758,186
2021,549300IWE0Y507LPF493,38-3133176,7,3871920,3871920,MORTGAGE 1 INCORPORATED,MI,STERLING HEIGHTS,-1,3,-1,,-1,,2021,4,549300IWE0Y507LPF493,7,Mortgage 1 Incorporated,MI,Sterling Heights,48314,12659
2021,549300E51HYVR7T2SU19,95-1184903,5,301190,301190,SAN DIEGO COUNTY CREDIT UNION,CA,San Diego,8467119,0,-1,,-1,,2021,4,549300E51HYVR7T2SU19,5,SAN DIEGO COUNTY CREDIT UNION,CA,SAN DIEGO,92121,7151
2021,254900GHFQ9KF6G4PN32,74-1137995,5,979197,979197,First Central Credit Union,TX,Waco,96926,0,-1,,-1,,2021,4,254900GHFQ9KF6G4PN32,5,First Central Credit Union,TX,Waco,76710,157
2021,5493001MZ7BCQZ336S33,22-3665409,7,3878657,3878657,"ATLANTIC HOME LOANS, INC.",NJ,Parsippany-Troy Hills,-1,3,-1,,-1,,2021,4,5493001MZ7BCQZ336S33,7,"Atlantic Home Loans, Inc.",NJ,Parsippany,07054,5014
2021,5493004T38NMC864VL66,27-0441646,7,,-1,"RAIN CITY CAPITAL, LLC",WA,SEATTLE,-1,3,-1,,-1,,2021,4,5493004T38NMC864VL66,7,"Rain City Capital, LLC",WA,Kirkland,98034,864
2021,549300TE5E6DWAI74K71,58-0800932,5,319083,319083,GEORGIA UNITED,GA,Duluth,1414020,0,-1,,-1,,2021,4,549300TE5E6DWAI74K71,5,GEORGIA UNITED CREDIT UNION,GA,DULUTH,30097,3196
2021,549300CUL44QXBGFJM68,75-0568556,1,591366,591366,The First National Bank of Sonora,TX,Sonora,451485,0,2184333,,2184333,"FIRST SONORA BANCSHARES, INC.",2021,4,549300CUL44QXBGFJM68,1,The First National Bank of Sonora,TX,Boerne,78006,141
2021,549300167EZ5P8B06R34,64-0330253,5,303381,303381,SUNBELT Federal Credit Union,MS,Hattiesburg,226245,0,-1,,-1,,2021,4,549300167EZ5P8B06R34,5,SUNBELT FEDERAL CREDIT UNION,MS,HATTIESBURG,39402,133
2021,549300MJGHTLBSL8LJ59,47-0529225,3,,117458,BankFirst,NE,Norfolk,765384,0,2834076,,2834076,"NORTH CENTRAL BANCORP, INC.",2021,4,549300MJGHTLBSL8LJ59,3,BankFirst,NE,Norfolk,68701,364
2021,549300NLS4UT5V6RUS41,23-0953930,3,664176,664176,William Penn Bank,PA,Levittown,444604,0,3846656,,3846713,"WILLIAM PENN, MHC",2021,4,549300NLS4UT5V6RUS41,3,William Penn Bank,PA,Levittown,19057,158
2021,549300ASIS4D2QDWH380,75-0109799,1,353555,353555,Amarillo National Bank,TX,Amarillo,5700689,0,1107205,,1107205,"AMARILLO NATIONAL BANCORP, INC.",2021,4,549300ASIS4D2QDWH380,1,AMARILLO NATIONAL BANK,TX,AMARILLO,79101,5906
2021,FDXQ75GPEQKRPWABYN63,36-3722148,9,1842065,1842065,CIBC Bank USA,IL,Chicago,33588619,0,5014141,,1231342,CANADIAN IMPERIAL BANK OF COMMERCE,2021,4,FDXQ75GPEQKRPWABYN63,9,CIBC Bank USA,IL,Chicago,60603,1972
2021,25490047DXSX2HF6QY47,54-1713356,2,899428,899428,First Bank,VA,Strasburg,799639,0,1076123,,1076123,FIRST NATIONAL CORPORATION,2021,4,25490047DXSX2HF6QY47,2,FIRST BANK,VA,STRASBURG,22657,356
2021,549300J8HNLGP2HYNE66,53-0088120,3,536527,536527,Industrial Bank,DC,Washington,530919,0,2326179,,2326179,IBW FINANCIAL CORPORATION,2021,4,549300J8HNLGP2HYNE66,3,Industrial Bank,DC,Washington,20011,244
2021,549300LDC5KWHWDXTW48,59-1009532,5,373795,373795,USF Federal Credit Union,FL,Tampa,709527,0,-1,,-1,,2021,4,549300LDC5KWHWDXTW48,5,USF FEDERAL CREDIT UNION,FL,TAMPA,33612,735
2021,5493000FSTFO9AWR2J40,04-1782360,5,114998,114998,ROCKLAND,MA,Rockland,1944192,0,-1,,-1,,2021,4,5493000FSTFO9AWR2J40,5,ROCKLAND FEDERAL CREDIT UNION,MA,ROCKLAND,02370,2351
2021,549300GS0W0TEUQS8571,22-3458456,9,2489805,2489805,"Morgan Stanley Private Bank, National Association",NY,New York,83036000,0,3820272,,2162966,MORGAN STANLEY,2021,4,549300GS0W0TEUQS8571,9,Morgan Stanley Private Bank NA,NY,Purchase,10577,17249
2021,549300UG1DH7RQL41718,06-0844560,5,121697,121697,SCIENT Federal Credit Union,CT,Groton,253174,0,-1,,-1,,2021,4,549300UG1DH7RQL41718,5,SCIENT FEDERAL CREDIT UNION,CT,GROTON,06340,306
2021,254900WJGWD3H4OFK051,75-0870102,5,429889,429889,The People's Federal Credit Union,TX,Amarillo,194358,0,-1,,-1,,2021,4,254900WJGWD3H4OFK051,5,THE PEOPLE'S FEDERAL CREDIT UNION,TX,AMARILLO,79109,52
2021,549300GBZNWRGLS7CP89,04-1118820,2,699105,699105,Bluestone Bank,MA,Raynham,632446,-1,3134102,,3134102,"BLUESTONE FINANCIAL, MHC",2021,4,549300GBZNWRGLS7CP89,2,Bluestone Bank,MA,Raynham,02767,1879
2021,549300E3A68XVBMBX690,05-0447801,7,3868902,3868902,"Shamrock Home Loans, Inc.",RI,EAST PROVIDENCE,-1,3,-1,,-1,,2021,4,549300E3A68XVBMBX690,7,"SHAMROCK HOME LOANS, INC.",RI,Rumford,02916,2845
2021,549300DG3IV05V4C4E03,72-0484657,7,3915468,3915468,EUSTIS AND AMERICAN MORTGAGE COMPANY,LA,NEW ORLEANS,-1,3,-1,,-1,,2021,4,549300DG3IV05V4C4E03,7,EUSTIS MORTGAGE CORPORATION,LA,NEW ORLEANS,70113,7158
2021,549300RNPYOEZNJPTF08,24-0655715,2,920210,920210,Jim Thorpe Neighborhood Bank,PA,Jim Thorpe,198115,0,1406935,,1406935,"JTNB BANCORP, INC.",2021,4,549300RNPYOEZNJPTF08,2,Jim Thorpe Neighborhood Bank,PA,Jim Thorpe,18229,123
2021,549300LM58V37XNHOB58,64-0116870,2,398837,398837,Copiah Bank,MS,Hazlehurst,227306,0,3319972,,3319972,"COPIAH BANCSHARES, INC.",2021,4,549300LM58V37XNHOB58,2,COPIAH BANK,MS,HAZLEHURST,39083,145
2021,549300K74HMS2QKZU479,15-0536972,5,671473,671473,COUNTRYSIDE Federal Credit Union,NY,East Syracuse,150837,0,-1,,-1,,2021,4,549300K74HMS2QKZU479,5,Countryside Federal Credit Union,NY,East Syracuse,13057,152
2021,5493001BHN5KL2O67M10,38-1777731,5,959797,959797,UNITED FINANCIAL Credit Union,MI,Saginaw,233338,0,-1,,-1,,2021,4,5493001BHN5KL2O67M10,5,United Financial Credit Union,MI,Saginaw,48603,318
2021,5493007RSKYSDHRL7N78,39-0226090,3,463342,463342,Wisconsin Bank & Trust,WI,Madison,1090679,0,1206546,,1206546,"HEARTLAND FINANCIAL USA, INC.",2021,4,5493007RSKYSDHRL7N78,3,WISCONSIN BANK & TRUST,WI,MADISON,53717,242
2021,549300IPUHFA5O769M51,81-5318646,7,,-1,"Vellum Mortgage, Inc.",VA,Fairfax,-1,3,-1,,-1,,2021,4,549300IPUHFA5O769M51,7,"VELLUM MORTGAGE, INC.",VA,FARFAX,22033,3119
2021,549300OBLIP1F3NM5751,75-0910774,2,637451,637451,PlainsCapital Bank,TX,Dallas,11335522,0,4414137,,5213690,"DIAMOND HTH STOCK COMPANY GP, LLC",2021,4,549300OBLIP1F3NM5751,2,PLAINSCAPITAL BANK,TX,DALLAS,75201,2528
2021,549300O5WDIJU8S7OI05,73-0783952,1,278555,278555,"Stride Bank, National Association",OK,Enid,699498,0,1051465,,1051465,CENTRAL SERVICE CORPORATION,2021,4,549300O5WDIJU8S7OI05,1,"Stride Bank, National Association",OK,Tulsa,74137,1857
2021,5493007H0KZ81N1H6352,56-2545442,3,951102,951102,Monson Savings Bank,MA,Monson,432998,0,3370496,,3370508,MONSON FINANCIAL SERVICES MHC,2021,4,5493007H0KZ81N1H6352,3,MONSON SAVINGS BANK,MA,MONSON,01057,556
2021,549300FRF7HYNM1S7Y12,75-0491670,3,840363,840363,FirstBank Southwest,TX,Amarillo,1036653,0,1108707,,1108707,"FIRSTPERRYTON BANCORP, INC.",2021,4,549300FRF7HYNM1S7Y12,3,FIRSTBANK SOUTHWEST,TX,AMARILLO,79109,639
2021,549300X50UOL0Z4M1J25,83-2995967,3,,-1,C&F Select LLC,VA,WEST POINT,-1,3,-1,,-1,,2021,4,549300X50UOL0Z4M1J25,3,C&F Select LLC,VA,Midlothian,23114,299
2021,2549002IXACRD1HE6A92,42-0296630,1,728948,728948,"Midstates Bank, National Association",IA,Council Bluffs,608281,0,1825367,,1825367,"MIDSTATES BANCSHARES, INC.",2021,4,2549002IXACRD1HE6A92,1,Midstates Bank NA,IA,Council Bluffs,51503,178
2021,5493002PR22PLR6S8J02,24-0578040,3,1007819,1007819,The Fidelity Deposit and Discount Bank,PA,Dunmore,1013614,0,2858773,,2858773,"FIDELITY D&D BANCORP, INC.",2021,4,5493002PR22PLR6S8J02,3,The Fidelity Deposit and Discount Bank,PA,Dunmore,18512,1574
2021,549300KJ8PAJ7E52HG32,46-0108210,3,593052,593052,Plains Commerce Bank,SD,Gettysburg,707275,0,5331286,,5331286,"PLAINS COMMERCE FINANCIAL, INC.",2021,4,549300KJ8PAJ7E52HG32,3,Plains Commerce Bank,SD,Hoven,57450,28455
2021,5493000IRWB5WYTD2P48,26-0698083,7,26-0698083,-1,"AMERICAS MORTGAGE PROFESSIONALS, LLC",FL,FT. LAUDERDALE,-1,3,-1,,-1,,2021,4,5493000IRWB5WYTD2P48,7,"Americas Mortgage Professionals, LLC",FL,Fort Lauderdale,33306,134
2021,5493007Z7FTUKQGFMZ98,58-1865166,7,,4438290,GREYSTONE SERVICING COMPANY LLC,DE,WILMINGTON,-1,3,-1,,-1,,2021,4,5493007Z7FTUKQGFMZ98,7,"Greystone Servicing Corporation, Inc.",TN,Memphis,38120,979
2021,254900WBAI0VC58ALC63,27-3095238,7,4531799,4531799,"Sierra Lending Group, LLC",TX,Houston,-1,3,-1,,-1,,2021,4,254900WBAI0VC58ALC63,7,Sierra Lending Group,TX,Houston,77027,105
2021,549300XKEC7P1D7OKJ16,73-1500129,1,2482824,2482824,Great Plains National Bank,OK,Elk City,814382,0,1060355,,1060355,"GREAT PLAINS BANCSHARES, INC.",2021,4,549300XKEC7P1D7OKJ16,1,GREAT PLAINS NATIONAL BANK,OK,OKLAHOMA CITY,73116,382
2021,549300COV0JSM0J8GP39,23-0914898,2,331713,331713,New Tripoli Bank,PA,Lynn Township,500382,0,1138106,,1138106,"NEW TRIPOLI BANCORP, INC.",2021,4,549300COV0JSM0J8GP39,2,New Tripoli Bank,PA,New Tripoli,18066-0468,258
2021,549300SNBYRUG0BK5T32,31-0714622,5,868488,868488,KH NETWORK CREDIT UNION,OH,Dayton,55080,0,-1,,-1,,2021,4,549300SNBYRUG0BK5T32,5,KH Network CU,OH,Dayton,45459,71
2021,549300QD5CQZ9PPP5B09,95-2622194,5,761486,761486,PARTNERS,CA,Burbank,1907070,0,-1,,-1,,2021,4,549300QD5CQZ9PPP5B09,5,Partners Federal Credit Union,FL,Orlando,32821,3222
2021,549300J51TCIL2CWJP16,39-6049660,5,958996,958996,GOVERNMENTAL EMPLOYEES,WI,La Crosse,73583,0,-1,,-1,,2021,4,549300J51TCIL2CWJP16,5,Governmental Employees Credit Union,WI,La Crosse,54601,165
2021,254900HQK1GFTN5BRG15,36-4485107,7,,-1,Chicago Mortgage Solutions LLC,IL,Rosemont,-1,3,-1,,-1,,2021,4,254900HQK1GFTN5BRG15,7,CHICAGO MORTGAGE SOLUTIONS LLC,IL,ROSEMONT,60018,29734
2021,25490010UA3IZPDO2Q49,04-2164659,5,225380,225380,Westport Federal Credit Union,MA,Westport,61498,0,-1,,-1,,2021,4,25490010UA3IZPDO2Q49,5,Westport Federal Credit Union,MA,Westport,02790,27
2021,2549001XVX1R2ITF6935,61-0305840,3,902672,902672,Hearthside Bank Corporation,KY,Middlesboro,389907,-1,3066977,,3066977,HFB FINANCIAL CORPORATION,2021,4,2549001XVX1R2ITF6935,3,Hearthside Bank,KY,Middlesboro,40965,343
2021,54930051L9BKHSHDSD90,74-1325622,5,851695,851695,INVESTEX CREDIT UNION,TX,Humble,222388,0,-1,,-1,,2021,4,54930051L9BKHSHDSD90,5,InvesTex Credit Union,TX,Humble,77338-4012,71
2021,549300QX5KH5JXXMYU41,35-0227920,3,1000641,1000641,Citizens State Bank of New Castle,IN,New Castle,577892,0,1200405,,1200405,TOWN FINANCIAL CORPORATION,2021,4,549300QX5KH5JXXMYU41,3,CITIZENS STATE BANK OF NEW CASTLE,IN,NEW CASTLE,47362,284
2021,549300LTKCJV903ZQR25,56-2136525,3,2871099,2871099,TriStar Bank,TN,Dickson,308137,0,3442795,,3442795,"TRISTAR BANCSHARES, INC.",2021,4,549300LTKCJV903ZQR25,3,TRISTAR BANK,TN,DICKSON,37055,531
2021,549300C232ZWY1I57C16,95-1288265,5,344692,344692,WESCOM CENTRAL CREDIT UNION,CA,Pasadena,3690408,0,-1,,-1,,2021,4,549300C232ZWY1I57C16,5,Wescom Central Credit Union,CA,PASADENA,91101,4511
2021,254900R3GSQ9SP0VJU09,73-0666790,5,816984,816984,The Focus Federal Credit Union,OK,Oklahoma City,112769,0,-1,,-1,,2021,4,254900R3GSQ9SP0VJU09,5,THE FOCUS FEDERAL CREDIT UNION,OK,OKLAHOMA CITY,73104,153
2021,549300PBL633P0UGLP11,23-3081363,3,3068579,3068579,Embassy Bank For The Lehigh Valley,PA,Bethlehem,1176422,0,3806511,,3806511,"EMBASSY BANCORP, INC",2021,4,549300PBL633P0UGLP11,3,EMBASSY BANK FOR THE LEHIGH VALLEY,PA,BETHLEHEM,18017,1261
2021,549300HGCEIBDGBU7E37,48-0663659,5,546991,546991,FRONTIER COMMUNITY CREDIT UNION,KS,Leavenworth,147452,0,-1,,-1,,2021,4,549300HGCEIBDGBU7E37,5,Frontier Community Credit Union,KS,Leavenworth,66048,299
2021,549300HIDQ8IRRU12455,35-0418300,3,884442,884442,Jackson County Bank,IN,Seymour,589584,0,1098590,,1098590,BANCORP OF SOUTHERN INDIANA,2021,4,549300HIDQ8IRRU12455,3,JACKSON COUNTY BANK,IN,SEYMOUR,47274,1026
2021,549300L4YRGOSZO6BP34,38-3024363,3,1930074,1930074,"MIDWEST LOAN SOLUTIONS, INC.",MI,ANN ARBOR,-1,2,137652,,1496253,"UNIVERSITY BANCORP, INC.",2021,4,549300L4YRGOSZO6BP34,3,MIDWEST LOAN SOLUTIONS,MI,SOUTHFIELD,48034,237
2021,549300SJTLYB6ZWKPR88,56-1362282,5,815398,815398,LOCAL GOVERNMENT FEDERAL CREDIT UNION,NC,Raleigh,2234264,0,-1,,-1,,2021,4,549300SJTLYB6ZWKPR88,5,Local Gov't Federal C U,NC,Raleigh,27611,8535
2021,549300CGP3B8XPP1N814,04-1859690,5,343396,343396,ARRHA Credit Union,MA,Springfield,132240,0,-1,,-1,,2021,4,549300CGP3B8XPP1N814,5,Arrha Credit Union,MA,Springfield,01104,313
2021,5493006ZPOXWU5V4FT07,71-0089220,3,458142,458142,Horatio State Bank,AR,Horatio,225655,0,1139091,,1139091,"PIONEER BANCSHARES, INC. OF HORATIO, ARK",2021,4,5493006ZPOXWU5V4FT07,3,HORATIO STATE BANK,AR,HORATIO,71842,217
2021,549300XYX207IABFXL60,38-0681630,2,74140,74140,Isabella Bank,MI,Mount Pleasant,1763432,0,1401118,,1401118,ISABELLA BANK CORPORATION,2021,4,549300XYX207IABFXL60,2,ISABELLA BANK,MI,MT. PLEASANT,48858,1403
2021,549300249G20MDIDRR27,52-2321476,7,3876390,3876390,"SOUTHWEST STAGE FUNDING, LLC",AZ,SCOTTSDALE,-1,3,-1,,-1,,2021,4,549300249G20MDIDRR27,7,SOUTHWEST STAGE FUNDING LLC,AZ,CHANDLER,85286,9371
2021,549300GKMQB8BGTSPK09,84-1674410,7,4320612,4320612,"WELCOME HOME FINANCE, L.P.",PA,Butler,-1,3,-1,,-1,,2021,4,549300GKMQB8BGTSPK09,7,"Welcome Home Finance, LP",PA,Cranberry Township,16066,400
2021,549300RBN5KM5RUFOE42,62-1730983,3,2666400,2666400,Independent Bank,TN,Memphis,1110566,0,3121193,,3121193,"INDEPENDENT HOLDINGS, INC",2021,4,549300RBN5KM5RUFOE42,3,Independent Bank,TN,Memphis,38157,1010
2021,549300EWYXV06QXJH078,38-0495567,5,496096,496096,DOW CHEMICAL EMPLOYEES',MI,Midland,1766990,0,-1,,-1,,2021,4,549300EWYXV06QXJH078,5,Dow Chemical Employees' Credit Union,MI,Midland,48641-1649,1754
2021,549300CWXIPLEXBPNY95,54-6042665,5,734284,734284,Topside Federal Credit Union,VA,Dahlgren,394920,-1,-1,,-1,,2021,4,549300CWXIPLEXBPNY95,5,TOPSIDE FEDERAL CREDIT UNION,VA,DAHLGREN,22448,178
2021,254900WEQ8ITQNQ9AQ74,84-3839155,7,,-1,"Total Quality Financial, Inc.",,,-1,-1,-1,,-1,,2021,4,254900WEQ8ITQNQ9AQ74,7,Total Quality Financial,CA,Irvine,92618,294
2021,254900R9A6TW85BTVS20,95-4523866,7,3876381,3876381,Shea Mortgage Inc.,CA,Walnut,-1,3,-1,,-1,,2021,4,254900R9A6TW85BTVS20,7,SHEA MORTGAGE INC.,AZ,SUITE 150,85260,1999
2021,5493008H38W2EPJ8ZQ43,04-2348884,5,430595,430595,LEOMINSTER CREDIT UNION,MA,Leominster,707477,0,-1,,-1,,2021,4,5493008H38W2EPJ8ZQ43,5,LEOMINSTER CREDIT UNION,MA,LEOMINSTER,01453,574
2021,549300QRLVIA94OVXY15,20-4949947,7,3845396,3845396,"AMERICAN HOMESTAR MORTGAGE, L.L.C.",TX,LEAGUE CITY,-1,3,-1,,-1,,2021,4,549300QRLVIA94OVXY15,7,"AMERICAN HOMESTAR MORTGAGE, LLC",TX,LEAGUE CITY,77573,704
2021,549300VUVWGNUHYOLA93,58-6054977,5,990482,990482,COCA-COLA,GA,Atlanta,186384,0,-1,,-1,,2021,4,549300VUVWGNUHYOLA93,5,COCA COLA FEDERAL CREDIT UNION,GA,ATLANTA,30313,162
2021,5493001QVY14BXG42N39,04-1471660,3,272302,272302,Institution for Savings in Newburyport and Its Vicinity,MA,Newburyport,3717267,0,-1,,-1,,2021,4,5493001QVY14BXG42N39,3,INSTITUTION FOR SAVINGS,MA,NEWBURYPORT,01950,1866
2021,549300MK77IBUMJBI791,43-0170310,3,436953,436953,Sullivan Bank,MO,Sullivan,527864,0,2300768,,2300768,"MID-MISSOURI HOLDING COMPANY, INC",2021,4,549300MK77IBUMJBI791,3,SULLIVAN BANK,MO,SULLIVAN,63080,846
2021,D38AC76TAMYI50NBPX33,91-0135860,9,656377,656377,"Washington Federal Bank, National Association",WA,Seattle,16420261,0,3065617,,3065617,"WASHINGTON FEDERAL, INC.",2021,4,D38AC76TAMYI50NBPX33,9,WaFd Bank,WA,Seattle,98101,9668
2021,549300TLGCPJTEG3WN76,03-0213411,5,169989,169989,NEW ENGLAND FEDERAL CREDIT UNION,VT,Williston,1415180,0,-1,,-1,,2021,4,549300TLGCPJTEG3WN76,5,NEW ENGLAND FEDERAL CREDIT UNI,VT,WILLISTON,05495,5442
2021,549300Q3RKNDNMSDEE10,61-0305975,3,129910,129910,Peoples Exchange Bank,KY,Winchester,416824,0,1246944,,1246944,"GENBEACH CO., INC.",2021,4,549300Q3RKNDNMSDEE10,3,Peoples Exchange Bank,KY,Winchester,40932,925
2021,5493006Z74IVZXJ0XO35,06-0634736,5,766874,766874,SIKORSKY FINANCIAL,CT,Stratford,775533,0,-1,,-1,,2021,4,5493006Z74IVZXJ0XO35,5,SIKORKSY FINANCIAL CREDIT UNION,CT,STRATFORD,06614,1874
2021,5493007L3DI2JM8OHN91,30-0376657,7,3954346,3954346,"MEMBER ADVANTAGE MORTGAGE, LLC",MI,EAST LANSING,-1,3,-1,,-1,,2021,4,5493007L3DI2JM8OHN91,7,MEMBER ADVANTAGE MORTGAGE,MI,GRAND RAPIDS,49512,2173
2021,254900SK7KTN4QNPHP32,24-0756925,3,895710,895710,Citizens & Northern Bank,PA,Wellsboro,1638285,0,1143623,,1143623,CITIZENS & NORTHERN CORPORATION,2021,4,254900SK7KTN4QNPHP32,3,Citizens & Northern Bank,PA,Wellsboro,16901,1348
2021,549300L4Z4LTG4TJTM66,76-0024722,3,339456,339456,First Community Bank,TX,Corpus Christi,428897,0,2505929,,2505929,"COASTAL BEND BANCSHARES, INC.",2021,4,549300L4Z4LTG4TJTM66,3,FIRST COMMUNITY BANK,TX,CORPUS CHRISTI,78401-2533,503
2021,549300TUISK0W7DE2464,36-1197840,3,800134,800134,The Harvard State Bank,IL,Harvard,259771,0,1209604,,1209604,"HARVARD BANCSHARES, INC.",2021,4,549300TUISK0W7DE2464,3,THE HARVARD STATE BANK,IL,HARVARD,60033,207
2021,25490053H6JWQDX4RM47,23-1320654,5,748571,748571,Diamond Credit Union,PA,Pottstown,678645,0,-1,,-1,,2021,4,25490053H6JWQDX4RM47,5,DIAMOND CREDIT UNION,PA,POTTSTOWN,19464,1022
2021,54930088NZQ6CDL0WA10,04-1120944,5,214795,214795,FIRST CITIZENS' FEDERAL CREDIT UNION,MA,FAIRHAVEN,786775,0,-1,,-1,,2021,4,54930088NZQ6CDL0WA10,5,First Citizens' Federal Credit Union,MA,Fairhaven,02719,269
2021,2549006QZTQTY9OK5S30,23-0867965,3,678717,678717,VIST Bank,PA,Wyomissing,1769026,0,2367921,,2367921,TOMPKINS FINANCIAL CORPORATION,2021,4,2549006QZTQTY9OK5S30,3,VIST Bank,PA,Wyomissing,19610,448
2021,549300WB418SBFX6YI35,46-4474238,9,,-1,MORTGAGE LENDING GROUP LLC,WA,LYNNWOOD,-1,3,-1,,-1,,2021,4,549300WB418SBFX6YI35,9,Mortgage Lending Group LLC,WA,Edmonds,98020,130
2021,549300TQWW6MLVH6KY61,56-6087383,5,228596,228596,ALLEGACY FEDERAL CREDIT UNION,NC,Winston-Salem,1636541,0,-1,,-1,,2021,4,549300TQWW6MLVH6KY61,5,ALLEGACY FEDERAL CREDIT UNION,NC,WINSTON SALEM,27114,4247
2021,2549006YTBW0GRVA9N57,43-0453725,3,242257,242257,People's Savings Bank of Rhineland,MO,Rhineland,288674,0,4902906,,4902906,"RHINELAND BANCSHARES, INC",2021,4,2549006YTBW0GRVA9N57,3,PEOPLES SAVINGS BANK,MO,RHINELAND,65069,306
2021,549300D7AV8NGI6N3S98,03-0145560,3,520003,520003,Northfield Savings Bank,VT,Northfield,1059033,0,2934314,,2934305,NORTHFIELD MHC,2021,4,549300D7AV8NGI6N3S98,3,NORTHFIELD SAVINGS BANK,VT,BERLIN,05602,808
2021,5493005YTC55FC2VCK79,56-2488476,7,,-1,"GUARANTY MORTGAGE SERVICE, INC.",IA,WATERLOO,-1,3,-1,,-1,,2021,4,5493005YTC55FC2VCK79,7,"Guaranty Mortgage Service, Inc.",AK,Anchorage,99503,51
2021,549300V1JRN7CMTCF305,20-8802502,7,5019379,5019379,"First Mortgage Solutions, LLC",MO,LEES SUMMIT,-1,3,-1,,-1,,2021,4,549300V1JRN7CMTCF305,7,FIRST MORTGAGE SOLUTIONS LLC,MO,KANSAS CITY,64114,6550
2021,549300STHIK6SGJQIY70,58-6034116,5,246880,246880,CREDIT UNION OF GEORGIA,GA,Woodstock,353481,0,-1,,-1,,2021,4,549300STHIK6SGJQIY70,5,Credit Union of Georgia,GA,WOODSTOCK,30189,823
2021,549300YYJWBT2GH5DS80,22-1532980,5,631075,631075,PICATINNY FEDERAL CREDIT UNION,NJ,Dover,352639,0,-1,,-1,,2021,4,549300YYJWBT2GH5DS80,5,Picatinny Federal Credit Union,NJ,Dover,07801,430
2021,549300MRNL011DYRV285,93-0323668,5,135993,135993,NW PRIORITY CREDIT UNION,OR,Portland,247876,0,-1,,-1,,2021,4,549300MRNL011DYRV285,5,NW Priority CU,OR,Portland,97236,73
2021,254900FWMAL9Q1TY2667,35-0309780,1,32971,32971,Security Federal Savings Bank,IN,Logansport,293748,0,-1,,-1,,2021,4,254900FWMAL9Q1TY2667,1,SECURITY FEDERAL SAVINGS BANK,IN,LOGANSPORT,46947,555
2021,549300465MKS092D5K02,73-0138430,1,68756,68756,Liberty National Bank,OK,Lawton,596367,0,1065172,,1065172,"B.O.E. BANCSHARES, INC.",2021,4,549300465MKS092D5K02,1,LIBERTY NATIONAL BANK,OK,LAWTON,73501,255
2021,549300N968Y85YXDX139,63-0212370,3,134437,134437,Troy Bank and Trust Company,AL,Troy,898839,0,2349703,,1080139,TRUST NO. 3 UNDER THE WILL OF CHARLES HENDERSON,2021,4,549300N968Y85YXDX139,3,Troy Bank and Trust,AL,Ariton,36311,268
2021,54930023C70YMJJDRL61,06-0523870,3,626101,626101,Savings Bank of Danbury,CT,Danbury,1117094,0,-1,,-1,,2021,4,54930023C70YMJJDRL61,3,SAVINGS BANK OF DANBURY,CT,Danbury,06810,806
2021,5493002QRULT2T40BH09,44-6015072,5,524494,524494,COMMUNITYAMERICA,KS,Lenexa,2956628,0,-1,,-1,,2021,4,5493002QRULT2T40BH09,5,COMMUNITYAMERICA CREDIT UNION,KS,LENEXA,66219,11377
2021,549300ZFJ1696ECS0S38,47-0244065,2,580155,580155,Platte Valley Bank,WY,Torrington,452945,0,2511014,,2511014,"PLATTE VALLEY FINANCIAL SERVICE COMPANIES, INC.",2021,4,549300ZFJ1696ECS0S38,2,Platte Valley Bank,NE,Scottsbluff,69361,387
2021,549300P1347BFCBHJV60,04-2128083,5,243777,243777,MASS. INSTITUTE OF TECH. FEDERAL CREDIT UNION,MA,Cambridge,583180,0,-1,,-1,,2021,4,549300P1347BFCBHJV60,5,MIT FEDERAL CREDIT UNION,MA,LEXINGTON,02421,668
2021,254900DEALZYZM93S163,47-5510498,7,,-1,"Eave, Inc.",,,-1,-1,-1,,-1,,2021,4,254900DEALZYZM93S163,7,Eave Inc,AR,Scottsdale,85257,538
2021,25490099XNQQU8T3WI97,66-0236963,7,,3944721,"Cooperativa de Ahoro y Crédito Bo. Quebrada de Camuy, P.R.",,Camuy,-1,3,-1,,-1,,2021,4,25490099XNQQU8T3WI97,7,Cooperativa de Ahorro y Credito del Bo. Quebrada de Camuy,PR,CAMUY,00627,22
2021,549300R9B3X06XL9UX62,81-0305978,3,663058,663058,Rocky Mountain Bank,MT,Billings,533129,0,1206546,,1206546,"HEARTLAND FINANCIAL USA, INC.",2021,4,549300R9B3X06XL9UX62,3,ROCKY MOUNTAIN BANK,MT,BILLINGS,59102,130
2021,549300FQD0RJERL83Q30,71-0697352,7,,-1,"Farm Credit Services of Western Arkansas, PCA",AR,Russellville,-1,3,-1,,-1,,2021,4,549300FQD0RJERL83Q30,7,Farm Credit Services of Western Arkansas,AR,Russellville,72801,18
2021,549300V8Q7G5JIPNF396,58-0153030,3,,-1,Bank of Newington,,,-1,-1,-1,,-1,,2021,4,549300V8Q7G5JIPNF396,3,Bank of Newington,GA,Newington,30446,120
2021,2549006II76YXSS5XM65,54-2024584,2,1864722,1864722,"George Mason Mortgage, LLC",VA,Fairfax,-1,1,-1,,1076217,"UNITED BANKSHARES, INC.",2021,4,2549006II76YXSS5XM65,2,"GEORGE MASON MORTGAGE, LLC.",VA,FAIRFAX,22030,16088
2021,549300PL8ER6H23P0Z91,26-0360466,7,4186573,4186573,BAY EQUITY LLC,CA,Los Angeles,-1,3,-1,,-1,,2021,4,549300PL8ER6H23P0Z91,7,Bay Equity LLC,CA,Corte Madera,94925,32544
2021,254900LIEBWBUKVDWP33,42-0670685,5,362098,362098,DuTrac Community Credit Union,IA,Dubuque,756261,0,-1,,-1,,2021,4,254900LIEBWBUKVDWP33,5,DUTRAC COMMUNITY CREDIT UNION,IA,DUBUQUE,52002,610
2021,254900JZN2V0PWFMW808,47-3906904,7,,-1,AHL FUNDING,WI,MADISON,-1,3,-1,,-1,,2021,4,254900JZN2V0PWFMW808,7,AHL Funding,CA,Irvine,92618,2421
2021,2549003GSJF52BBIBW81,82-2937768,3,,-1,LENDING CAPITAL GROUP Inc,PA,Feasterville Trevose,-1,3,-1,,-1,,2021,4,2549003GSJF52BBIBW81,3,"Lending Capital Group, Inc",PA,Southampton,18966,1157
2021,254900VELJPWWT51WN03,47-0953861,7,,-1,General Mortgage Capital Corporation,CA,Burlingame,-1,3,-1,,-1,,2021,4,254900VELJPWWT51WN03,7,GENERAL MORTGAGE CAPITAL CORPORATION,CA,BURLINGAME,94010,9241
2021,549300D003QRZFSQ4N43,74-2139516,9,664756,664756,Prosperity Bank,TX,El Campo,32184416,0,1109599,,1109599,"PROSPERITY BANCSHARES, INC.",2021,4,549300D003QRZFSQ4N43,9,PROSPERITY BANK,TX,VICTORIA,77901,11666
2021,549300CB67L6KPJLHE19,59-1515932,7,4320902,4320902,"TRIAD FINANCIAL SERVICES, INC.",FL,JACKSONVILLE,-1,3,-1,,-1,,2021,4,549300CB67L6KPJLHE19,7,"TRIAD FINANCIAL SERVICES, INC.",FL,JACKSONVILLE,32224,66079
2021,254900XSTAR7AIPG0A39,72-0124950,3,974754,974754,Community Bank of Louisiana,LA,Mansfield,532833,0,1106365,,1106365,"MANSFIELD BANCSHARES, INC.",2021,4,254900XSTAR7AIPG0A39,3,Community Bank of Louisiana,LA,Mansfield,71052,184
2021,549300HVFLWKU7133506,95-3442691,5,96487,96487,PREMIER AMERICA,CA,Los Angeles,2832870,0,-1,,-1,,2021,4,549300HVFLWKU7133506,5,PREMIER AMERICA CREDIT UNION,CA,CHATSWORTH,91311,933
2021,254900X5QCTPBYKG4S42,39-0508245,3,625757,625757,Northern State Bank,WI,Ashland,241921,0,1127799,,1127799,"BAY AREA BANKING SHARES, INC.",2021,4,254900X5QCTPBYKG4S42,3,Northern State Bank,WI,Ashland,54806,181
2021,5493007669OVCSCATP45,62-0156595,5,426374,426374,TENNESSEE VALLEY,TN,Chattanooga,1594769,0,-1,,-1,,2021,4,5493007669OVCSCATP45,5,TENNESSEE VALLEY FEDERAL C U,TN,CHATTANOOGA,37402,2496
2021,549300QCYEU2QLIWN517,20-8157645,7,20-8157645,-1,LEGEND LENDING CORPORATION,TX,HOUSTON,-1,3,-1,,-1,,2021,4,549300QCYEU2QLIWN517,7,Legend Home Lending,TX,Houston,77058,2276
2021,549300I042YER7UC6Y64,83-0257173,2,,898458,Bank of Jackson Hole,,,-1,-1,-1,,-1,,2021,4,549300I042YER7UC6Y64,2,Bank of Jackson Hole,WY,Jackson,83001,470
2021,549300N3JBQ15RQ7AV97,86-0431588,7,3876354,3876354,"MORIA DEVELOPMENT, INC.",AZ,TEMPE,-1,3,-1,,-1,,2021,4,549300N3JBQ15RQ7AV97,7,PEOPLES MORTGAGE COMPANY,AZ,TEMPE,85284,10228
2021,254900IUXHAK73AEH918,62-0123320,3,,166531,Bank of Frankewing,,,-1,-1,1136447,,-1,,2021,4,254900IUXHAK73AEH918,3,Bank of Frankewing,TN,Frankewing,38459,159
2021,549300KJAE0JN2Z6YV76,64-0117150,2,101738,101738,Great Southern Bank,MS,Meridian,294044,0,1080568,,1080568,GREAT SOUTHERN CAPITAL CORPORATION,2021,4,549300KJAE0JN2Z6YV76,2,Great Southern Bank,MS,Meridian,39301,123
2021,549300MHRZRWDY7LRR86,23-0581420,3,757612,757612,Riverview Bank,PA,Marysville,1080138,-1,2727495,,2727495,RIVERVIEW FINANCIAL CORPORATION,2021,4,549300MHRZRWDY7LRR86,3,Riverview Bank,PA,Marysville,17053,306
2021,254900S7X9G17L8QBB81,94-1696676,5,197384,197384,PremierOne Credit Union,CA,SAN JOSE,429075,0,-1,,-1,,2021,4,254900S7X9G17L8QBB81,5,PremierOne Credit Union,CA,San Jose,95119,313
2021,5493009TVPZT8PYBF879,04-1963710,2,772008,772008,South Shore Bank,MA,Weymouth,1566357,0,3212952,,3212943,SOUTH SHORE BANCORP MHC,2021,4,5493009TVPZT8PYBF879,2,South Shore Bank,MA,Weymouth,02190,440
2021,549300V6HTJCSW4YN309,04-1400390,2,326979,326979,Greenfield Co-operative Bank,MA,Greenfield,663548,0,3736690,,3736690,GREENFIELD BANCORP MHC,2021,4,549300V6HTJCSW4YN309,2,GREENFIELD COOPERATIVE BANK,MA,GREENFIELD,01301,507
2021,549300C8GOC4OYUV0Z32,75-3021949,7,,-1,"DOMINION FINANCIAL SERVICES, LLC",MD,CHEVY CHASE,-1,3,-1,,-1,,2021,4,549300C8GOC4OYUV0Z32,7,"Dominion Financial Services, LLC",MD,Baltimore,21202,3173
2021,5493006HFDG31YJ3MM36,31-1690008,5,3844111,3844111,"MYCUMORTGAGE, LLC",OH,BEAVERCREEK,-1,1,-1,,-1,,2021,4,5493006HFDG31YJ3MM36,5,"MYCUMORTGAGE, LLC",OH,BEAVERCREEK,45431,6261
2021,254900FJRICL380R4T46,62-0681671,5,117391,117391,Leaders Credit Union,TN,Jackson,441962,0,-1,,-1,,2021,4,254900FJRICL380R4T46,5,LEADERS CREDIT UNION,TN,JACKSON,38305,1878
2021,549300NNL9H573MWO110,87-0218467,3,933975,933975,Bank of Utah,UT,Ogden,1423151,-1,2935142,,2935142,"BOU BANCORP, INC.",2021,4,549300NNL9H573MWO110,3,Bank of Utah,UT,Ogden,84401,1733
2021,549300L6YKIXOYQ57883,81-0669576,3,632607,632607,Greenfield Savings Bank,MA,Greenfield,869479,0,3309889,,3309889,"GSB, MHC",2021,4,549300L6YKIXOYQ57883,3,GREENFIELD SAVINGS BANK,MA,GREENFIELD,01302-1537,788
2021,549300UHLXT004ITEJ56,71-0128070,1,251745,251745,First National Bank of Eastern Arkansas,AR,Forrest City,416870,0,1099449,"BANCSHARES OF EASTERN ARKANSAS, INC.",1099449,"BANCSHARES OF EASTERN ARKANSAS, INC.",2021,4,549300UHLXT004ITEJ56,1,First National Bank of Eastern Arkansas,AR,Forrest City,72336,119
2021,5493007XQ4LU452LQJ67,38-1447620,5,607388,607388,COMMUNITY FINANCIAL CREDIT UNION,MI,PLYMOUTH,1013236,0,-1,,-1,,2021,4,5493007XQ4LU452LQJ67,5,COMMUNITY FINANCIAL,MI,Plymouth,48170-8050,3679
2021,2549002N9QET42VCAS33,41-0257135,3,,165758,New Market Bank,MN,Elko New Market,112702,0,1143904,"MARKET BANCORPORATION, INC.",1143904,"MARKET BANCORPORATION, INC.",2021,4,2549002N9QET42VCAS33,3,New Market Bank,MN,Elko New Market,55054,558
2021,549300OMMGCT35VSS514,73-0522050,3,953852,953852,YNB,OK,Yukon,217656,0,1062975,,1062975,"INTERNATIONAL BANCSHARES OF OKLAHOMA, INC.",2021,4,549300OMMGCT35VSS514,3,YNB,OK,yukon,73099,146
2021,549300L0EV5UM3IRHJ33,37-1072798,2,1093317,1093317,"Town & Country Banc Mortgage Services, Inc.",DE,Wilmington,-1,1,590248,,1208531,TOWN AND COUNTRY FINANCIAL CORPORATION,2021,4,549300L0EV5UM3IRHJ33,2,"TOWN AND COUNTRY BANC MORTGAGE SERVICES, INC.",IL,SPRINGFIELD,62704,2267
2021,254900BX43CTU32Z6G15,43-0379825,2,185859,185859,Lindell Bank & Trust Company,MO,St. Louis,517968,0,1095889,,1095889,"FIRST ILLINOIS BANCORP, INC.",2021,4,254900BX43CTU32Z6G15,2,Lindell Bank & Trust Company,MO,St. Peters,63376,220
2021,549300A7BPOO2YO2YE30,95-2900153,3,514066,514066,Montecito Bank & Trust,CA,Santa Barbara,1608513,0,1138919,,1138919,MONTECITO BANCORP,2021,4,549300A7BPOO2YO2YE30,3,Montecito Bank and Trust,CA,Goleta,93117,256
2021,549300CABYW2DE2UTD57,35-0227210,3,44741,44741,Citizens Bank,IN,Mooresville,486622,0,1207208,,1207208,CITBA FINANCIAL CORPORATION,2021,4,549300CABYW2DE2UTD57,3,CITIZENS BANK,IN,MOORESVILLE,46158,464
2021,549300ZDIZM7Y1MHKG98,01-0267010,5,18788,18788,Maine Savings Federal Credit Union,ME,Hampden,452482,0,-1,,-1,,2021,4,549300ZDIZM7Y1MHKG98,5,MAINE SAVINGS FEDERAL CREDIT UNION,ME,HAMPDEN,04444,613
2021,549300ULM1VXY8SV3Z64,04-6279799,5,110785,110785,LUSO,MA,Ludlow,226254,0,-1,,-1,,2021,4,549300ULM1VXY8SV3Z64,5,LUSO FEDERAL CREDIT UNION,MA,LUDLOW,01056,356
2021,5493004K0Z4RFJSPYT52,36-1936022,5,271396,271396,CONSUMERS COOPERATIVE CREDIT UNION,IL,Gurnee,1332601,0,-1,,-1,,2021,4,5493004K0Z4RFJSPYT52,5,Consumers Cooperative Credit Union,IL,Gurnee,60031,2971
2021,549300TB3TMP4RV5T078,04-3508773,7,3868863,3868863,"NEW FED MORTGAGE, CORP.",MA,DANVERS,-1,3,-1,,-1,,2021,4,549300TB3TMP4RV5T078,7,NEW FED MORTGAGE CORP.,MA,DANVERS,01923,5442
2021,549300TWHZRVTZ8RYT46,35-0722410,2,139843,139843,First Farmers Bank and Trust Company,IN,Converse,1907914,0,1249039,,1249039,FIRST FARMERS FINANCIAL CORPORATION,2021,4,549300TWHZRVTZ8RYT46,2,First Farmers Bank & Trust,IN,Converse,46919,2575
2021,254900FIT283V26LD641,59-1008568,1,,408875,"Axiom Bank, N.A.",FL,Maitland,672019,0,3837962,,3837962,"AXIOM BANCSHARES, INC.",2021,4,254900FIT283V26LD641,1,AXIOM BANK,FL,MAITLAND,32751,181
2021,5493003NV9L53LK1XI52,51-0474304,9,,-1,Royal Pacific Funding Corporation,,,-1,-1,-1,,-1,,2021,4,5493003NV9L53LK1XI52,9,Royal Pacific Funding,CA,Newport Beach,92660,8915
2021,5493002RL75O2Y62Z184,31-4147910,3,578116,578116,The Savings Bank,OH,Circleville,352429,0,2950716,,2950716,"SAVINGS BANCORP, INC.",2021,4,5493002RL75O2Y62Z184,3,The Savings Bank,OH,Circleville,43113,303
2021,549300JGMQJ4R419LR70,31-1712553,7,2917915,2917915,"ORIX REAL ESTATE CAPITAL, LLC",DE,DOVER,-1,3,-1,,-1,,2021,4,549300JGMQJ4R419LR70,7,"ORIX Real Estate Capital, LLC",OH,Columbus,43215,292
2021,549300BUVM9AXNUI6G83,62-0160633,5,406590,406590,CITY EMPLOYEES CREDIT UNION,TN,KNOXVILLE,82216,0,-1,,-1,,2021,4,549300BUVM9AXNUI6G83,5,CITY EMPLOYEES CREDIT UNION,TN,KNOXVILLE,37921,75
2021,549300YKMWXBZEEA1471,39-0147700,3,532042,532042,Royal Bank,WI,Elroy,468037,0,1491904,,1491904,"ROYAL BANCSHARES, INC.",2021,4,549300YKMWXBZEEA1471,3,Royal Bank,WI,Elroy,53929,918
2021,549300RA3E0BUFO7YZ21,43-1937428,7,4183509,4183509,"Hometown Equity Mortgage, LLC",MO,Clayton,-1,3,-1,,-1,,2021,4,549300RA3E0BUFO7YZ21,7,"Hometown Equity Mortgage, LLC",CA,Lake Forest,92630,12855
2021,549300OS8C7J7ZWMNL70,54-0155785,3,933621,933621,Burke & Herbert Bank & Trust Company,VA,Alexandria,2865974,0,-1,,-1,,2021,4,549300OS8C7J7ZWMNL70,3,BURKE & HERBERT BK & TR CO,VA,Alexandria,22314,336
2021,549300C5YLTTVIWX4J11,83-2591297,7,,-1,"PREFERRED LENDING SERVICES, LLC",DE,WILMINGTON,-1,3,-1,,-1,,2021,4,549300C5YLTTVIWX4J11,7,"PREFERRED LENDING SERVICES, LLC",SC,GREENVILLE,29601,820
2021,549300RD5IG88VPO6P22,52-2323186,7,3882588,3882588,"GUIDANCE RESIDENTIAL, LLC",DE,WILMINGTON,-1,3,-1,,-1,,2021,4,549300RD5IG88VPO6P22,7,"GUIDANCE RESIDENTIAL, LLC",VA,RESTON,20190,7287
2021,549300OEXPP23JR0L272,95-4462959,7,3876064,3876064,SRE MORTGAGE ALLIANCE INC.,CA,SACRAMENTO,-1,3,-1,,-1,,2021,4,549300OEXPP23JR0L272,7,SRE Mortgage Alliance Inc.,CA,El Segundo,90245,555
2021,549300ZK7CUY4GNBNC41,65-0924915,3,2920072,2920072,"MORTGAGE ONE OF THE SOUTH, INC.",FL,Fort Walton Beach,-1,2,697231,,1129823,"SOUTHERN NATIONAL BANKS, INC.",2021,4,549300ZK7CUY4GNBNC41,3,"MORTGAGE ONE OF THE SOUTH, INC",FL,FORT WALTON BEACH,32548,577
2021,549300P4RGN7F1H2N265,45-0192710,3,693952,693952,Security First Bank of North Dakota,ND,New Salem,185281,0,1127409,,1127409,"OLIVER BANCORPORATION, INC.",2021,4,549300P4RGN7F1H2N265,3,Security First Bank of North Dakota,ND,Mandan,58554,163
2021,549300DE8TS4EYTPX729,20-1830388,7,5082645,5082645,"AFFORDABLE MORTGAGE ADVISORS, LLC.",PA,Pittsburgh,-1,3,-1,,-1,,2021,4,549300DE8TS4EYTPX729,7,AFFORDABLE MORTGAGE ADVISORS,PA,PITTSBURGH,15205,2361
2021,5493001IWK74A5N1RE93,54-0835790,7,3882467,3882467,DRAGAS MORTGAGE COMPANY,VA,Virginia Beach,-1,3,-1,,-1,,2021,4,5493001IWK74A5N1RE93,7,DRAGAS MORTGAGE COMPANY,VA,VIRGINIA BEACH,23462,173
2021,5493006MFBT1AI7V3W25,16-6041830,5,871282,871282,SERVU FEDERAL CREDIT UNION,NY,Painted Post,320929,0,-1,,-1,,2021,4,5493006MFBT1AI7V3W25,5,ServU Federal Credit Union,NY,Painted Post,14870,459
2021,KV8W1JTB8FZ821S5ED75,36-1495255,9,1007846,1007846,First Midwest Bank,IL,Chicago,17757753,0,1208184,,1208184,"FIRST MIDWEST BANCORP, INC.",2021,4,KV8W1JTB8FZ821S5ED75,9,First Midwest Bank,IL,Chicago,60631,11996
2021,254900GMDWB9051H7297,84-0311998,2,,479370,High Country Bank,,,-1,-1,-1,,-1,,2021,4,254900GMDWB9051H7297,2,High Country Bank,CO,Salida,81201,814
2021,54930030C6U0HERIQ090,59-0860768,5,248295,248295,COMMUNITY CREDIT UNION OF FLORIDA,FL,Rockledge,809921,0,-1,,-1,,2021,4,54930030C6U0HERIQ090,5,COMMUNITY CREDIT UNION OF FLORIDA,FL,ROCKLEDGE,32955,601
2021,254900F8XCJE1G9OYR92,73-0489468,5,508690,508690,TTCU Federal Credit Union,OK,Tulsa,2019745,0,-1,,-1,,2021,4,254900F8XCJE1G9OYR92,5,TTCU Federal Credit Union,OK,Tulsa,74133,2825
2021,5493003Q218ZJ8R1WN88,39-0210180,3,846945,846945,Badger Bank,WI,Fort Atkinson,136705,0,1208951,,1247727,CITIZENS FINANCIAL CORPORATION EMPLOYEE STOCK OWNERSHIP PLAN AND TRUST,2021,4,5493003Q218ZJ8R1WN88,3,Badger Bank,WI,Fort Atkinson,53538,243
2021,5493005GHHD2LL3US857,43-1994736,3,3174920,3174920,Citizens Bank & Trust,AL,Guntersville,559654,0,3439179,,3439179,"CITIZENS B & T HOLDINGS, INC.",2021,4,5493005GHHD2LL3US857,3,CITIZENS BANK & TRUST,AL,GUNTERSVILLE,35976,235
2021,549300CVK4UVTLHJ0R80,61-1366198,3,2919898,2919898,"American Bank & Trust Company, Inc.",KY,Bowling Green,436372,0,1119404,,1119404,"FIRST BRECKINRIDGE BANCSHARES, INC.",2021,4,549300CVK4UVTLHJ0R80,3,American Bank & Trust Company Inc.,KY,Bowling Green,42102,237
2021,549300PW1OR537MRMS88,86-0619371,7,3876402,3876402,"SUBURBAN MORTGAGE, INC.",AZ,PHOENIX,-1,3,-1,,-1,,2021,4,549300PW1OR537MRMS88,7,"Suburban Mortgage, Inc.",AZ,Phoenix,85020,1832
2021,549300GFM3T3SN2KS138,59-0729366,5,551490,551490,ACHIEVA CREDIT UNION,FL,Dunedin,1780626,0,-1,,-1,,2021,4,549300GFM3T3SN2KS138,5,ACHIEVA CREDIT UNION,FL,DUNEDIN,34698,3055
2021,2549004O2ZT0HSAP5S70,38-1910391,3,254849,254849,First Independence Bank,MI,Detroit,295951,0,1134564,,1134564,FIRST INDEPENDENCE CORPORATION,2021,4,2549004O2ZT0HSAP5S70,3,First Independence Bank,MI,Detroit,48202,156
2021,549300R20AB76CQEH402,23-0741266,3,215710,215710,The Juniata Valley Bank,PA,Mifflintown,669402,0,1117512,,1117512,JUNIATA VALLEY FINANCIAL CORP.,2021,4,549300R20AB76CQEH402,3,THE JUNIATA VALLEY BANK,PA,MIFFLINTOWN,17059,433
2021,5493004NO7XCFVG4KD53,62-0473619,5,940786,940786,Y-12 Federal Credit Union,TN,Oak Ridge,1226617,0,-1,,-1,,2021,4,5493004NO7XCFVG4KD53,5,Y 12 FEDERAL CREDIT UNION,TN,OAK RIDGE,37830,1921
2021,54930074FI0I2Q6G5S43,95-2653867,5,144089,144089,THE FIRST FINANCIAL Federal Credit Union,CA,West Covina,604385,0,-1,,-1,,2021,4,54930074FI0I2Q6G5S43,5,The First Financial Federal Credit Union,CA,West Covina,91793,866
2021,254900QWNWNPOWGOC273,63-0288906,5,758093,758093,Eco Credit Union,AL,Birmingham,144668,0,-1,,-1,,2021,4,254900QWNWNPOWGOC273,5,eCO Credit Union,AL,Birmingham,35211,97
2021,254900EZRN0CBEP77K34,53-0197045,5,730772,730772,State Department Federal Credit Union,VA,Alexandria,2166050,0,-1,,-1,,2021,4,254900EZRN0CBEP77K34,5,STATE DEPARTMENET FEDERAL CREDIT UNION,VA,ALEXANDRIA,22314,1192
2021,254900KLIC284KZ5U646,94-6093763,5,614395,614395,Upward Credit Union,CA,Burlingame,79000,0,-1,,-1,,2021,4,254900KLIC284KZ5U646,5,Upward Credit Union,CA,Burlingame,94010,56
2021,549300IBT3SCF2K09D58,74-3240504,7,,-1,"CBRE MULTIFAMILY CAPITAL, INC.",DE,WILMINGTON,-1,3,-1,,-1,,2021,4,549300IBT3SCF2K09D58,7,"CBRE Multifamily Capital, Inc.",TX,Houston,77024,258
2021,549300VQ0V62WHMGY629,46-1389922,7,,5023602,EVERLEND MORTGAGE COMPANY,UT,Salt Lake City,-1,3,-1,,-1,,2021,4,549300VQ0V62WHMGY629,7,EVERLEND MORTGAGE COMPANY,UT,SALT LAKE CITY,84123,457
2021,5493009FTGT1RX4J7Y04,35-0997583,5,66284,66284,Solidarity Community Federal Credit Union,IN,Kokomo,284038,0,-1,,-1,,2021,4,5493009FTGT1RX4J7Y04,5,Solidarity Community Federal Credit Union,IN,Kokomo,46902,740
2021,549300ZIXM1VUXPG4D03,59-2475686,1,188430,188430,"Florida Capital Bank, National Association",FL,Jacksonville,496400,0,3223828,,3223828,"FLORIDA CAPITAL GROUP, INC.",2021,4,549300ZIXM1VUXPG4D03,1,"FLORIDA CAPITAL BANK, N.A",FL,JACKSONVILLE,32256,3474
2021,254900PTELTRJ8RGJD53,26-3746837,3,260868,260868,"Spirit of Texas Bank, SSB",TX,College Station,2384705,0,3818390,,3818390,"SPIRIT OF TEXAS BANCSHARES, INC.",2021,4,254900PTELTRJ8RGJD53,3,Spirit of Texas Bank,TX,College Station,77840,406
2021,549300FFPMB9B7FHNR61,52-2276553,7,3883026,3883026,"UNIVERSAL MORTGAGE & FINANCE, INC.",MD,LUTHERVILLE,-1,3,-1,,-1,,2021,4,549300FFPMB9B7FHNR61,7,Universal Mortgage and Finance Inc,MD,Edgewater,21037,388
2021,2549006MX2M0D119SZ27,51-0083276,5,336884,336884,Dover Federal Credit Union,DE,Dover,486605,0,-1,,-1,,2021,4,2549006MX2M0D119SZ27,5,DOVER FEDERAL CREDIT UNION,DE,DOVER,19904,473
2021,254900DP7U0NF7JQDX23,38-1395220,5,957298,957298,FinancialEdge Community Credit Union,MI,Bay City,95015,0,-1,,-1,,2021,4,254900DP7U0NF7JQDX23,5,FinancialEdge Community Credit,MI,Bay City,48706,191
2021,549300MQDQ3TUIDR0R90,63-0924907,7,,-1,Castle Mortgage Corporation,,,-1,-1,-1,,-1,,2021,4,549300MQDQ3TUIDR0R90,7,"Castle Mortgage Corporation, dba Excelerate Capital",CA,Newport Beach,92660,2868
2021,5493001P6QB5ISAUNV97,58-2657635,3,3016347,3016347,Georgia Banking Company,GA,Atlanta,474830,0,3016338,,3016338,"GEORGIA BANKING COMPANY, INC.",2021,4,5493001P6QB5ISAUNV97,3,Georgia Banking Company,GA,Atlanta,30309,959
2021,549300Y6X9E8QVGNA045,52-1951694,1,,-1,"City First Bank, National Association",,,-1,-1,-1,,-1,,2021,4,549300Y6X9E8QVGNA045,1,"City First Bank, National Association",DC,Washington,20009,119
2021,254900UEAUWHP0CJXA09,43-0338550,3,975153,975153,Unico Bank,MO,Mineral Point,338140,0,1119525,,1119525,"WASHCO BANCSHARES, INC.",2021,4,254900UEAUWHP0CJXA09,3,Unico Bank,MO,Desloge,63601,291
2021,549300TGWKRP2P13MO72,20-1022853,3,3288452,3288452,Paragon Bank,TN,Memphis,404214,0,4645324,,4645324,"PARAGON FINANCIAL SOLUTIONS, INC",2021,4,549300TGWKRP2P13MO72,3,Paragon Bank,TN,Memphis,38119,374
2021,549300N1LBROQFJ7YJ64,73-0646603,5,775689,775689,FORT SILL,OK,Fort Sill,290735,0,-1,,-1,,2021,4,549300N1LBROQFJ7YJ64,5,Fort Sill Federal Credit Union,OK,Lawton,73505,25
2021,549300WPNSM7RIMWRQ79,58-1253290,7,3914658,3914658,AUGUSTA MORTGAGE CO.,GA,AUGUSTA,-1,3,-1,,-1,,2021,4,549300WPNSM7RIMWRQ79,7,AUGUSTA MORTGAGE COMPANY,GA,AUGUSTA,30907,497
2021,549300E4I5AJ7XJ4DL31,04-1978070,3,268976,268976,Winchester Co-operative Bank,MA,Winchester,705345,0,-1,,-1,,2021,4,549300E4I5AJ7XJ4DL31,3,WINCHESTER CO-OPERATIVE BANK,MA,WINCHESTER,01890,405
2021,LCUAWMT4M5H8DJ8DFH49,35-0309575,2,991340,991340,1st Source Bank,IN,South Bend,6622194,0,1199602,,1199602,1ST SOURCE CORPORATION,2021,4,LCUAWMT4M5H8DJ8DFH49,2,1ST SOURCE BANK,IN,SOUTH BEND,46634-1602,4251
2021,549300UXTDELQS5SLF91,42-0674206,5,305693,305693,DUPACO COMMUNITY,IA,Dubuque,1888189,0,-1,,-1,,2021,4,549300UXTDELQS5SLF91,5,Dupaco Community Credit Union,IA,Dubuque,52004,5671
2021,5493007BX4I89K17ZM64,20-1255434,7,4730154,4730154,"ALL REVERSE MORTGAGE, INC.",CA,ORANGE,-1,3,-1,,-1,,2021,4,5493007BX4I89K17ZM64,7,"ALL REVERSE MORTGAGE, INC.",CA,ORANGE,92868,784
2021,5493001X0T84TYRJ5Y59,85-1354090,9,,-1," Vista Point Mortgage, LLC",,,-1,-1,-1,,-1,,2021,4,5493001X0T84TYRJ5Y59,9,"Vista Point Mortgage, LLC",CA,Irvine,92614,919
2021,549300GB84TJEK0SHQ79,57-0421351,5,530196,530196,MID CAROLINA Credit Union,SC,Lugoff,135073,0,-1,,-1,,2021,4,549300GB84TJEK0SHQ79,5,MID CAROLINA CREDIT UNION,SC,LUGOFF,29078,54
2021,549300U55IW4J0F8P008,72-0433985,5,491578,491578,LOUISIANA USA Federal Credit Union,LA,Baton Rouge,-1,0,-1,,-1,,2021,4,549300U55IW4J0F8P008,5,LOUISIANA USA FCU,LA,BATON ROUGE,70816,128
2021,549300LU20D3H1812W20,27-0429529,7,,-1,"WALL FINANCIAL, INC.",CA,LOS ANGELES,-1,3,-1,,-1,,2021,4,549300LU20D3H1812W20,7,WALL FINANCIAL INC. DBA WINPRIME LENDING,CA,LOS ANGELES,90005,1786
2021,549300K3SVNVK97FCP36,72-0376293,3,55336,55336,Metairie Bank & Trust Company,LA,Metairie,394487,0,5164541,,5164541,"MBT BANCSHARES, INC.",2021,4,549300K3SVNVK97FCP36,3,Metairie Bank and Trust Company,LA,Metairie,70001,196
2021,549300E0S1LZYZ9QNX81,35-0704860,1,693345,693345,"First Financial Bank, National Association",IN,Terre Haute,3918468,0,1208595,,1208595,FIRST FINANCIAL CORPORATION,2021,4,549300E0S1LZYZ9QNX81,1,"First Financial Bank, NA",IN,Terre Haute,47802,2411
2021,549300O12EJ1HE3YIK24,31-0411290,3,278872,278872,EAGLE.bank,OH,Cincinnati,142769,-1,5112542,,5112542,EAGLE FINANCIAL BANCORP INC,2021,4,549300O12EJ1HE3YIK24,3,EAGLE.BANK,OH,CINCINNATI,45248,683
2021,5493007YWPQ2TU6YIG45,64-0565094,3,34434,34434,Magnolia State Bank,MS,Bay Springs,339343,0,1084016,,1084016,"MAGNOLIA STATE CORPORATION, THE",2021,4,5493007YWPQ2TU6YIG45,3,Magnolia State Bank,MS,Laurel,39402,247
2021,5493005HCI0Y8LUK5S48,62-1259997,7,1223440,1223440,GUARANTY HOME MORTGAGE CORPORATION,TN,NASHVILLE,-1,3,-1,,-1,,2021,4,5493005HCI0Y8LUK5S48,7,GUARANTY HOME MORTGAGE CORPORATION,TN,NASHVILLE,37210,9758
2021,549300FS35FQXZRU4Z45,39-0555293,5,915298,915298,EDUCATORS CREDIT UNION,WI,Mount Pleasant,2171954,0,-1,,-1,,2021,4,549300FS35FQXZRU4Z45,5,EDUCATORS CREDIT UNION,WI,MOUNT PLEASANT,53177,8907
2021,5493003L2LYA333BZY52,71-0054310,3,325141,325141,Farmers Bank,AR,Greenwood,219322,0,1417511,,1417511,WILKINSON BANKING CORPORATION,2021,4,5493003L2LYA333BZY52,3,Farmers Bank,AR,Greenwood,72936,205
2021,549300XYOAX0LV89BL94,35-0320211,1,321947,321947,"FCN Bank, National Association",IN,Brookville,472152,0,1134069,,1134069,FCN BANC CORP.,2021,4,549300XYOAX0LV89BL94,1,"FCN Bank, N.A.",IN,Brookville,47012,583
2021,54930083D8Q8RK84Y448,91-0620623,5,12188,12188,"AMERICA'S CREDIT UNION, A",WA,Dupont,-1,0,-1,,-1,,2021,4,54930083D8Q8RK84Y448,5,AMERICA'S CREDIT UNION,WA,DUPONT,98327,299
2021,5493003K5GJU8VB60Z66,37-0588160,3,365848,365848,Williamsville State Bank & Trust,IL,Williamsville,96416,0,1248872,WSB FINANCIAL LTD.,1248872,WSB FINANCIAL LTD.,2021,4,5493003K5GJU8VB60Z66,3,Williamsville State Bank & Trust,IL,Williamsville,62693,89
2021,254900PRB9DTJAHMMZ45,04-3579800,7,3868881,3868881,"Ross Mortgage Company, Inc.",MA,Westborough,-1,3,-1,,-1,,2021,4,254900PRB9DTJAHMMZ45,7,"ROSS MORTGAGE COMPANY, INC",MA,WESTBOROUGH,01581,1374
2021,549300ZZZUYWXK72JD21,41-0947097,2,751656,751656,Frandsen Bank & Trust,MN,Lonsdale,1708246,0,1128358,,1128358,FRANDSEN FINANCIAL CORPORATION,2021,4,549300ZZZUYWXK72JD21,2,FRANDSEN BANK & TRUST,MN,LONSDALE,55046,2492
2021,5493000I54FJ7EG6WZ24,58-0237890,3,613839,613839,Exchange Bank,GA,Milledgeville,259367,0,1085862,,1085862,"EXCHANGE BANKSHARES, INC.",2021,4,5493000I54FJ7EG6WZ24,3,Exchange Bank,GA,Milledgeville,31059,392
2021,549300WBJK857X8MNU96,36-1120219,5,511999,511999,GAS AND ELECTRIC CREDIT UNION,IL,ROCK ISLAND,82392,0,-1,,-1,,2021,4,549300WBJK857X8MNU96,5,Gas & Electric Credit Union,IL,Rock Island,61201,64
2021,254900JCTXBH1WCEWG62,27-0022323,7,4726876,4726876,"Florida Home Trust Mortgage, Inc.",FL,Weston,-1,3,-1,,-1,,2021,4,254900JCTXBH1WCEWG62,7,Florida Home Trust Mortgage Inc,FL,Weston,33331,322
2021,5493000FRWKMPAALEY22,39-0402815,5,50993,50993,Kohler Credit Union,WI,Sheboygan,429077,0,-1,,-1,,2021,4,5493000FRWKMPAALEY22,5,KOHLER CREDIT UNION,WI,SHEBOYGAN,53083,934
2021,549300LG73ZJO2VYV440,57-1100416,7,3074196,3074196,"AgSouth Farm Credit, ACA",GA,Statesboro,-1,3,-1,,-1,,2021,4,549300LG73ZJO2VYV440,7,"AgSouth Farm Credit, ACA",GA,Statesboro,30459-0718,478
2021,549300KM40FP4MSQU941,91-0219435,9,972590,972590,Boeing Employees Credit Union,WA,Tukwila,22178675,0,-1,,-1,,2021,4,549300KM40FP4MSQU941,9,Boeing Employees' Credit Union (BECU),WA,Tukwila,98168,35331
2021,7G95BGMCIZTO8KTOM640,22-1296609,3,845573,845573,"Spencer Savings Bank, SLA",NJ,Elmwood Park,3041795,0,-1,,-1,,2021,4,7G95BGMCIZTO8KTOM640,3,"SPENCER SAVINGS BANK, SLA",NJ,ELMWOOD PARK,07407,752
2021,549300VZCSVVY5P73G51,34-0728231,5,930693,930693,Community Star Credit Union,OH,Elyria,72265,0,-1,,-1,,2021,4,549300VZCSVVY5P73G51,5,Community Star Credit Union,OH,Elyria,44035,100
2021,254900W4EKVR6GZ0KS84,06-0448680,3,545604,545604,Northwest Community Bank,CT,Winsted,417934,0,2937100,,2937100,CONNECTICUT MUTUAL HOLDING COMPANY,2021,4,254900W4EKVR6GZ0KS84,3,Northwest Community Bank,CT,Canton,06019,626
2021,549300P5P3TETH14UB50,41-0122040,3,716655,716655,American Bank of the North,MN,Nashwauk,529062,0,2217503,,4792022,"PARK FINANCIAL GROUP, INC.",2021,4,549300P5P3TETH14UB50,3,AMERICAN BANK OF THE NORTH,MN,NASHWAUK,55769,379
2021,5493005XMSZYL5SAEF41,20-5104953,3,3594005,3594005,CrossFirst Bank,KS,Leawood,4929892,0,3903661,,3903661,"CROSSFIRST BANKSHARES, INC.",2021,4,5493005XMSZYL5SAEF41,3,CROSSFIRST BANK,KS,LEAWOOD,66211,212
2021,549300F0QYLUOR9SYB86,03-6005430,5,73796,73796,802 Credit Union,VT,BARRE,138905,-1,-1,,-1,,2021,4,549300F0QYLUOR9SYB86,5,802 Credit Union,VT,South Burlington,05403,190
2021,54930067K4Z4NIZ4W068,04-6061145,5,196499,196499,RIVER WORKS,MA,Lynn,102310,0,-1,,-1,,2021,4,54930067K4Z4NIZ4W068,5,River Works Credit Union,MA,Lynn,01905,205
2021,549300KQQRECSLK8ID57,38-1968360,7,3870558,3870558,"STAUNTON FINANCIAL, INC.",MI,SOUTHFIELD,-1,3,-1,,-1,,2021,4,549300KQQRECSLK8ID57,7,"STAUNTON FINANCIAL, INC.",MI,SOUTHFIELD,48075,3224
2021,54930002ZF7XTZGVKY26,41-0393345,2,920854,920854,Pioneer Bank,MN,Mapleton,658193,0,1964668,,1964668,"CITIZENS BANK GROUP, INC.",2021,4,54930002ZF7XTZGVKY26,2,Pioneer Bank,MN,Mankato,56001,135
2021,549300N34GCCEN8EJE06,75-2044948,1,375566,375566,First National Bank,TX,Wichita Falls,527259,0,1137538,,1137538,"WICHITA FALLS BANCSHARES, INC.",2021,4,549300N34GCCEN8EJE06,1,First National Bank Mortgage,TX,Southlake,76092,1274
2021,549300SVLCM6NZQ53P14,86-0634557,7,3876112,3876112,"Amerifirst Financial, Inc.",AZ,Phoenix,-1,3,-1,,-1,,2021,4,549300SVLCM6NZQ53P14,7,"AmeriFirst Financial, Inc.",AZ,Mesa,85203,16577
2021,5493009U7VIT7UF4QH15,16-0871756,5,363385,363385,ONTARIO SHORES,NY,Newfane,102064,0,-1,,-1,,2021,4,5493009U7VIT7UF4QH15,5,Ontario Shores FCU,NY,Newfane,14108-0009,175
2021,2549006P8VW9SIT9YP64,99-0087313,5,744984,744984,University of Hawaii Federal Credit Union,HI,Honolulu,660944,0,-1,,-1,,2021,4,2549006P8VW9SIT9YP64,5,University of Hawaii Federal Credit Union,HI,Honolulu,96826,76
2021,5493002LW7G8E8SHWC88,95-1722855,5,37079,37079,SESLOC,CA,San Luis Obispo,853910,0,-1,,-1,,2021,4,5493002LW7G8E8SHWC88,5,SESLOC FEDERAL CREDIT UION,CA,SAN LUIS OBISPO,93401,605
2021,254900O6ESF124P8HR04,02-0227484,5,124193,124193,Granite State Credit Union,NH,Manchester,433003,0,-1,,-1,,2021,4,254900O6ESF124P8HR04,5,GRANITE STATE CREDIT UNION,NH,MANCHESTER,03101,951
2021,549300LK4WOVIJ8FAK87,48-0417970,3,326054,326054,Silver Lake Bank,KS,Topeka,293802,0,2839781,,3015582,GIDEON MANAGEMENT L.L.C.,2021,4,549300LK4WOVIJ8FAK87,3,Silver Lake Bank,KS,Topeka,66608-0330,160
2021,549300DL7AWRPX6NXO12,36-1588745,1,856243,856243,The First National Bank of Ottawa,IL,Ottawa,452096,0,2791816,,2791816,"FIRST OTTAWA BANCSHARES, INC.",2021,4,549300DL7AWRPX6NXO12,1,American Commercial Bank & Trust,IL,Ottawa,61350,1118
2021,5493002PPPIVY6G0AH03,14-1339924,5,196172,196172,COMMUNITY RESOURCE FEDERAL CREDIT UNION,NY,Albany,93347,-1,-1,,-1,,2021,4,5493002PPPIVY6G0AH03,5,Community Resource Federal Credit Union,NY,Latham,12110,92
2021,2549007RR4DXYXPJCZ82,43-1862603,3,2835103,2835103,Freedom Bank of Southern Missouri,MO,Cassville,292218,0,3216754,,3216754,"FREEDOM BANCSHARES OF SOUTHERN MISSOURI, INC.",2021,4,2549007RR4DXYXPJCZ82,3,Freedom Bank of Southern Missouri,MO,Cassville,65625,258
2021,549300P4SRSJ2Z85RM43,24-0670470,3,141211,141211,The Muncy Bank and Trust Company,PA,Muncy,489424,0,1364035,,1364035,"MUNCY BANK FINANCIAL, INC.",2021,4,549300P4SRSJ2Z85RM43,3,THE MUNCY BANK AND TRUST COMPANY,PA,MUNCY,17756,693
2021,549300ZUF2EI6H23YK94,82-0277291,5,550185,550185,BEEHIVE FEDERAL CREDIT UNION,ID,Rexburg,311575,-1,-1,,-1,,2021,4,549300ZUF2EI6H23YK94,5,BEEHIVE FEDERAL CREDIT UNION,ID,REXBURG,83440,723
2021,254900YJPIZ3RCMEM452,54-0276760,2,214722,214722,Chesapeake Bank,VA,Kilmarnock,955048,0,1075881,,1075881,"CHESAPEAKE FINANCIAL SHARES, INC.",2021,4,254900YJPIZ3RCMEM452,2,CHESAPEAKE BANK,VA,KILMARNOCK,22482,608
2021,549300032FNX4IOT2T93,37-0461490,3,602543,602543,"Petefish, Skiles & Co.",IL,Virginia,193834,0,2728652,,2728652,"PETEFISH, SKILES BANCSHARES, INC.",2021,4,549300032FNX4IOT2T93,3,Petefish Skiles & Co. Bank,IL,Virginia,62691,1080
2021,549300KEXKSBTXDVT278,73-0258330,3,75259,75259,First Oklahoma Bank,OK,Jenks,749930,0,3957589,,3957589,"FIRST OKLAHOMA HOLDINGS, INC.",2021,4,549300KEXKSBTXDVT278,3,FIRST OKLAHOMA BANK,OK,JENKS,74037,179
2021,549300WRB87J6ZL6CO07,83-0169225,5,320575,320575,WESTERN VISTA,WY,Cheyenne,178108,0,-1,,-1,,2021,4,549300WRB87J6ZL6CO07,5,WESTERN VISTA FEDERAL CREDIT UNION,WY,CHEYENNE,82001,370
2021,549300S99IK3EU11AS13,35-0997241,5,215484,215484,INDIANA MEMBERS CREDIT UNION,IN,Indianapolis,2049132,0,-1,,-1,,2021,4,549300S99IK3EU11AS13,5,INDIANA MEMBERS CREDIT UNION,IN,INDIANAPOLIS,46240,4002
2021,549300KJC5JP9WEY3D46,86-0628165,7,4183451,4183451,"CLEARPOINTE CAPITAL, LLC",AZ,PHOENIX,-1,3,-1,,-1,,2021,4,549300KJC5JP9WEY3D46,7,"CLEARPOINTE CAPITAL, LLC",WI,MENOMONEE FALLS,53051-3246,204
2021,549300TKFZR4QBNE5D40,01-0737466,7,4438487,4438487,"1ST SIGNATURE LENDING, LLC",IN,Indianapolis,-1,2,-1,,3921816,COMMUNITY FIRST FINANCIAL CORPORATION,2021,4,549300TKFZR4QBNE5D40,7,"1st Signature Lending, LLC",IN,Indianapolis,46256,2628
2021,549300XWC8ZG8WYKWG35,81-4648698,3,,5084546,"Towne First Mortgage, LLC",VA,SUFFOLK,-1,3,-1,,-1,,2021,4,549300XWC8ZG8WYKWG35,3,"Towne First Mortgage, LLC",VA,Glen Allen,23060,1101
2021,549300VZDEK4QLTWSL15,91-0176216,5,662396,662396,TAPCO Credit Union,WA,Fircrest,394891,0,-1,,-1,,2021,4,549300VZDEK4QLTWSL15,5,TAPCO Credit Union,WA,Tacoma,98466,463
2021,3XATK28RYORGPDF31217,64-0156695,9,4262534,4262534,"Cadence Bank, N.A.",GA,Atlanta,17778013,0,4882802,,4882802,CADENCE BANCORPORATION,2021,4,3XATK28RYORGPDF31217,9,"CADENCE BANK, N.A.",GA,Atlanta,30309,3088
2021,5493007B7MEWKMDWUZ73,64-0166511,3,84541,84541,Guaranty Bank and Trust Company,MS,Belzoni,1040564,0,1096952,,1096952,GUARANTY CAPITAL CORPORATION,2021,4,5493007B7MEWKMDWUZ73,3,GUARANTY BANK & TRUST COMPANY,MS,BELZONI,39038,822
2021,254900SL0H3ZRSDNV180,39-0147790,3,518354,518354,Park Bank,WI,Holmen,58395,0,4281197,,4281197,"GOLDEN OAK BANCSHARES, INC.",2021,4,254900SL0H3ZRSDNV180,3,Park Bank,WI,LaCrosse,54601,315
2021,549300VNVP1PTYHESA41,61-0549795,5,371586,371586,CLASS ACT FEDERAL CREDIT UNION,KY,Louisville,227053,0,-1,,-1,,2021,4,549300VNVP1PTYHESA41,5,Class Act Federal Credit Union,KY,Louisville,40219,317
2021,549300X7PN8KSYQHY415,75-1254812,2,819855,819855,Peoples Bank,TX,Lubbock,570840,0,2814528,,2814528,"PEOPLES BANCORP, INC.",2021,4,549300X7PN8KSYQHY415,2,Peoples Bank,TX,Lubbock,79424,489
2021,254900ZOIZTP7ZF6AH17,36-1077820,1,235530,235530,"Resource Bank, National Association",IL,DeKalb,473305,0,1207945,"RESOURCE BANCSHARES, INC.",1207945,"RESOURCE BANCSHARES, INC.",2021,4,254900ZOIZTP7ZF6AH17,1,"Resource Bank, N.A.",IL,DeKalb,60115,196
2021,549300MVSM4XYFQL3X62,72-0475038,5,979889,979889,BARKSDALE,LA,Bossier City,1467907,0,-1,,-1,,2021,4,549300MVSM4XYFQL3X62,5,BARKSDALE FEDERAL CREDIT UNION,LA,BOSSIER CITY,71171,1771
2021,5493001F7QT2YW3K8D98,26-2434560,7,,4437499,"DSLD MORTGAGE, LLC",DE,DOVER,-1,3,-1,,-1,,2021,4,5493001F7QT2YW3K8D98,7,DSLD Mortgage LLC,LA,Baton Rouge,70809,3923
2021,549300OQHPN4174TOC36,94-1664405,5,325486,325486,SAFEAMERICA CREDIT UNION,CA,PLEASANTON,471627,0,-1,,-1,,2021,4,549300OQHPN4174TOC36,5,SAFEAMERICA CREDIT UNION,CA,PLEASANTON,94588-9732,143
2021,549300VIZR4H7AB15496,38-0541400,2,113740,113740,First State Bank,MI,Eastpointe,772133,0,1204177,,1204177,FIRST STATE FINANCIAL CORPORATION,2021,4,549300VIZR4H7AB15496,2,FIRST STATE BANK,MI,ST CLAIR SHORES,48080,1123
2021,254900ARL5FDX2OOH702,34-4455780,5,958585,958585,"Superior Credit Union, Inc.",OH,Lima,1034678,0,-1,,-1,,2021,4,254900ARL5FDX2OOH702,5,"SUPERIOR CREDIT UNION, INC.",OH,LIMA,45807,5519
2021,549300TYV7NDBX6FUR63,82-2245447,7,,-1,"JET HOMELOANS, LLC",DE,WILMINGTON,-1,3,-1,,-1,,2021,4,549300TYV7NDBX6FUR63,7,"Jet HomeLoans, LLC",FL,Jacksonville,32256,2874
2021,549300VDK2EPK7QQKY80,23-0835060,1,676478,676478,Malvern Bank N.A.,PA,Paoli,1257391,0,3805279,,3805279,"MALVERN BANCORP, INC",2021,4,549300VDK2EPK7QQKY80,1,"Malvern Bank, National Association",PA,Paoli,19301,126
2021,254900AX110CHF6FVV28,58-2307082,7,4185521,4185521,"Town Square Mortgage & Investments, Inc.",TX,Dallas,-1,3,-1,,-1,,2021,4,254900AX110CHF6FVV28,7,"Town Square Mortgage & Investments, Inc.",TX,Dallas,75248,6122
2021,254900TM81D0YC1B9584,76-0819027,3,3437456,3437456,Metro City Bank,GA,Doraville,1636039,0,4750086,,4750086,"METROCITY BANKSHARES, INC.",2021,4,254900TM81D0YC1B9584,3,METRO CITY BANK,GA,DORAVILLE,30340,4071
2021,549300LF0MZUT1N6QL28,26-1284444,7,,-1,"PACIFIC HOME LOANS, INC.",HI,KIHEI,-1,3,-1,,-1,,2021,4,549300LF0MZUT1N6QL28,7,"Pacific Home Loans, Inc.",HI,Kihei,96753,245
2021,549300NT030LXB2A8T82,83-1304415,7,,-1,"MY MORTGAGE, INC.",MD,CROFTON,-1,3,-1,,-1,,2021,4,549300NT030LXB2A8T82,7,"My Mortgage, Inc",MD,Crofton,21114,4241
2021,2549004WBDC394DA3W87,42-0127275,5,85696,85696,Premier Credit Union,IA,Des Moines,211526,0,-1,,-1,,2021,4,2549004WBDC394DA3W87,5,PREMIER CREDIT UNION,IA,DES MOINES,50309,510
2021,549300O4KTZGM04CCZ47,36-3679911,5,,-1,Abbott Laboratories Employees Credit Union,IL,Gurnee,-1,3,-1,,-1,,2021,4,549300O4KTZGM04CCZ47,5,ABBOTT LABORATORIES EMPLOYEES CREDIT UNION,IL,GURNEE,60031,1067
2021,549300VJ9DGB4OZNPL63,41-0257370,3,16551,16551,Northview Bank,MN,Sandstone,327028,0,1126037,,1126037,"FINLAYSON BANCSHARES, INC.",2021,4,549300VJ9DGB4OZNPL63,3,NORTHVIEW BANK,MN,FINLAYSON,55735,990
2021,549300TTNSX94TR06G13,47-0376036,5,953375,953375,CENTRIS FEDERAL CREDIT UNION,NE,Omaha,768593,0,-1,,-1,,2021,4,549300TTNSX94TR06G13,5,Centris Federal Credit Union,NE,Omaha,68137,1802
2021,54930057XF33SONJFP81,95-1321381,5,2198,2198,UNIVERSAL CITY STUDIOS Federal Credit union,CA,Burbank,71204,0,-1,,-1,,2021,4,54930057XF33SONJFP81,5,Universal City Studios Credit Union,CA,Universal City,92608,14
2021,549300RJW4T6MPVUPK44,01-0940996,5,4320256,4320256,"SEFCU SERVICES, LLC",NY,NEW YORK,-1,3,-1,,-1,,2021,4,549300RJW4T6MPVUPK44,5,SEFCU Services LLC,NY,Albany,12206,6345
2021,254900M984EPKRAPEO90,41-0752677,5,350488,350488,Minnesota Valley Federal Credit Union,MN,Mankato,182880,0,-1,,-1,,2021,4,254900M984EPKRAPEO90,5,Minnesota Valley Federal Credit Union,MN,Mankato,56001,417
2021,PS6WLKTYGZOKK05G5O59,42-1524302,2,3029589,3029589,Cedar Rapids Bank and Trust Company,IA,Cedar Rapids,1575250,0,2125813,,2125813,"QCR HOLDINGS, INC.",2021,4,PS6WLKTYGZOKK05G5O59,2,Cedar Rapids Bank and Trust,IA,Cedar Rapids,52401,281
2021,549300ZJ3ZL66QGSGO48,22-1867508,3,687009,687009,Lakeland Bank,NJ,Newfoundland,6706430,0,1404799,,1404799,"LAKELAND BANCORP, INC.",2021,4,549300ZJ3ZL66QGSGO48,3,Lakeland Bank,NJ,Oak Ridge,07438,2658
2021,549300I67S0IYUQWFJ07,43-0496315,5,831491,831491,NEIGHBORS,MO,Saint Louis,403704,0,-1,,-1,,2021,4,549300I67S0IYUQWFJ07,5,Neighbors Credit Union,MO,Saint Louis,63123,293
2021,549300TN38DPH732VI61,13-1726107,9,125471,125471,Sterling National Bank,NY,Pearl River,30566521,0,3083291,,3083291,STERLING BANCORP,2021,4,549300TN38DPH732VI61,9,Sterling National Bank,NY,Pearl River,10965,410
2021,549300ZBBGOL4MIK0L71,35-0885395,5,899576,899576,Three Rivers Federal Credit Union,IN,Fort Wayne,1208245,0,-1,,-1,,2021,4,549300ZBBGOL4MIK0L71,5,THREE RIVERS FEDERAL CREDIIT U,IN,FORT WAYNE,46825,5272
2021,54930083CVF047DLXL67,04-1875980,2,164975,164975,Stoughton Co-Operative Bank,MA,Stoughton,118497,0,-1,,-1,,2021,4,54930083CVF047DLXL67,2,STOUGHTON CO-OPERATIVE BANK,MA,STOUGHTON,02072,108
2021,549300YVM8B4UQC5DK40,20-0711554,7,,-1,WESTCOAST MORTGAGE GROUP AND REALTY COMPANY,CA,SACRAMENTO,-1,3,-1,,-1,,2021,4,549300YVM8B4UQC5DK40,7,WEST COAST MORTGAGE GROUP AND REALTY COMPANY,CA,SACRAMENTO,95818,1283
2021,254900NCN3B66MYC3145,63-0767402,5,239695,239695,New Horizons Credit Union,AL,Mobile,196684,0,-1,,-1,,2021,4,254900NCN3B66MYC3145,5,New Horizons Credit Union,AL,Mobile,36652,127
2021,549300FOHR7SBPQ7WJ92,62-1775888,3,2820604,2820604,MILLENNIUM BANK,TN,Ooltewah,206065,0,4947541,,5216570,"PBD HOLDINGS, LLC",2021,4,549300FOHR7SBPQ7WJ92,3,Millennium Bank,TN,Ooltewah,37363,129
2021,549300N53R53ZHSNZ234,85-0119233,5,453781,453781,White Sands Federal Credit Union,NM,Las Cruces,318093,0,-1,,-1,,2021,4,549300N53R53ZHSNZ234,5,WHITE SANDS FEDERAL CREDIT UNION,NM,LAS CRUCES,88004,152
2021,549300RC1JITZLHVLH66,27-3382969,7,,-1,"EQUITY WAVE LENDING, INC.",CA,IRVINE,-1,3,-1,,-1,,2021,4,549300RC1JITZLHVLH66,7,"Equity Wave Lending, Inc.",CA,Irvine,92614,310
2021,25490089V5DJHFQMOA03,92-0006595,1,114260,114260,First National Bank Alaska,AK,Anchorage,3808254,0,-1,,-1,,2021,4,25490089V5DJHFQMOA03,1,FIRST NATIONAL BANK ALASKA,AK,ANCHORAGE,99510,873
2021,254900PS2KU65ZEUOA41,35-0144969,3,1010574,1010574,American Community Bank of Indiana,IN,Munster,228408,0,3848267,,3848267,AMB FINANCIAL CORP.,2021,4,254900PS2KU65ZEUOA41,3,American Community Bank of Indiana,IN,St John,46373,460
2021,549300CR5XDK0TP7I727,83-0345906,7,3845873,3845873,"OPEN MORTGAGE, LLC",TX,AUSTIN,-1,3,-1,,-1,,2021,4,549300CR5XDK0TP7I727,7,"OPEN MORTGAGE, LLC",TX,AUSTIN,78737,10093
2021,254900D8UVDBN0LNLV64,43-1653688,7,3876934,3876934,Platinum Home Mortgage Corporation,IL,Chicago,-1,3,-1,,-1,,2021,4,254900D8UVDBN0LNLV64,7,PLATINUM HOME MORTGAGE CORP,IL,Hoffman Estates,60192,5737
2021,5493009JEKX81THMLH86,01-0211682,5,169578,169578,ATLANTIC REGIONAL FEDERAL CREDIT UNION,ME,Brunswick,748759,0,-1,,-1,,2021,4,5493009JEKX81THMLH86,5,Atlantic Federal Credit Union,ME,Brunswick,04011,1304
2021,549300XAJENHWRM32Z86,37-0865074,3,248240,248240,Bank of Springfield,IL,Springfield,1040288,0,1247361,,1247361,"SPRING BANCORP, INC.",2021,4,549300XAJENHWRM32Z86,3,Bank of Springfield,IL,Springfield,62703,2609
2021,549300Z2IS3ZCJG3OT45,14-6036899,5,,-1,SeaComm FCU,,,-1,-1,-1,,-1,,2021,4,549300Z2IS3ZCJG3OT45,5,SeaComm Federal Credit Union,NY,Massena,13662,346
2021,549300RUVVJLHQM71O74,22-3760320,3,2954059,2954059,BCB Community Bank,NJ,Bayonne,2906653,0,3170539,,3170539,"BCB BANCORP, INC.",2021,4,549300RUVVJLHQM71O74,3,BCB COMMUNITY BANK,NJ,BAYONNE,07002,375
2021,5493002FSR6V2NM1K863,39-0210030,3,783844,783844,Citizens Bank,WI,Mukwonago,792997,0,1207132,,1207132,"CITIZENS BANK HOLDING, INC.",2021,4,5493002FSR6V2NM1K863,3,Citizens Bank,WI,Mukwonago,53149,839
2021,254900QPRPHIXEAX3L37,91-6035907,5,553980,553980,Qualstar Credit Union,WA,Redmond,630256,0,-1,,-1,,2021,4,254900QPRPHIXEAX3L37,5,Qualstar Credit Union,WA,BOTHELL,98041,695
2021,54930009M8OIJWECQX81,52-0267925,1,933023,933023,Shore United Bank,MD,Easton,1558945,-1,2429838,,2429838,"SHORE BANCSHARES, INC.",2021,4,54930009M8OIJWECQX81,1,"Shore United Bank, N.A.",MD,Easton,21601,573
2021,254900EQ47K76CF2A976,47-0157560,2,544652,544652,CORNHUSKER BANK,NE,Lincoln,658357,0,2022529,,2022529,CORNHUSKER GROWTH CORPORATION,2021,4,254900EQ47K76CF2A976,2,Cornhusker Bank,NE,Lincoln,68510,1128
2021,549300EBN45MAXGIP071,31-0241873,3,815772,815772,The Cincinnatus Savings & Loan Co.,OH,Cincinnati,97404,0,4300968,,4301394,"CINCINNATUS COMMUNITY BANCORP, MHC",2021,4,549300EBN45MAXGIP071,3,Cincinnatus Savings & Loan Co,OH,Cincinnati,45211,190
2021,5493003X6Y6JGJKHPA25,11-3217224,7,3872299,3872299,"INTERSTATE HOME LOAN CENTER, INC.",NY,MELVILLE,-1,3,-1,,-1,,2021,4,5493003X6Y6JGJKHPA25,7,"Interstate Home Loan Center, Inc.",NY,Melville,11747,948
2021,549300W2LKZKSX67ZU02,71-0336112,3,458544,458544,First Service Bank,AR,Greenbrier,364497,0,1137266,,1137266,"FIRST SERVICE BANCSHARES, INC.",2021,4,549300W2LKZKSX67ZU02,3,First Service Bank,AR,Greenbrier,72058,351
2021,549300GCUYVW860UOZ07,20-2453966,2,3325759,3325759,Primis Bank,VA,Tappahannock,2723850,-1,3325740,,3325740,"SOUTHERN NATIONAL BANCORP OF VIRGINIA, INC.",2021,4,549300GCUYVW860UOZ07,2,Primis,VA,ASHLAND,23005,424
2021,5493000D7DINI9PZN749,37-0732817,5,614199,614199,SCOTT CREDIT UNION,IL,Edwardsville,1268134,0,-1,,-1,,2021,4,5493000D7DINI9PZN749,5,SCOTT CREDIT UNION,IL,EDWARDSVILLE,62025,1522
2021,549300N6U5XCH70TOK35,22-1032860,3,633378,633378,Kearny Bank,NJ,Kearny,6589030,0,3099443,,3099443,KEARNY FINANCIAL CORPORATION,2021,4,549300N6U5XCH70TOK35,3,KEARNY BANK,NJ,FAIRFIELD,07004,2166
2021,254900TG3REX549BAZ53,87-0271990,3,622774,622774,Central Bank,UT,Provo,1195612,0,1025662,,1025662,CENTRAL BANCORPORATION,2021,4,254900TG3REX549BAZ53,3,CENTRAL BANK,UT,PROVO,84601,420
2021,254900048S1FLI3G2922,34-0394160,3,943675,943675,Mechanics Bank,OH,Mansfield,562888,0,2395326,,2395326,MECHANICS FINANCIAL CORPORATION,2021,4,254900048S1FLI3G2922,3,Mechanics Bank,OH,Mansfield,44902,1243
2021,549300XR0EY1M0FVG232,20-3655285,7,,-1,Mortgage Bank of California,,,-1,-1,-1,,-1,,2021,4,549300XR0EY1M0FVG232,7,MORTGAGE BANK OF CALIFORNIA,CA,MANHATTAN BEACH,90266,469
2021,5493005A0757T9GRRI44,45-0279825,2,687951,687951,First Western Bank & Trust,ND,Minot,1089559,-1,1127650,,1127650,"WESTBRAND, INC.",2021,4,5493005A0757T9GRRI44,2,FIRST WESTERN BANK & TRUST,ND,MINOT,58701,1616
2021,549300ZN5MIVRMVHJS09,27-4370581,1,4346818,4346818,"BANKSOUTH MORTGAGE COMPANY, LLC",GA,Greensboro,-1,1,88231,,1134313,BANKSOUTH HOLDING COMPANY,2021,4,549300ZN5MIVRMVHJS09,1,"BankSouth Mortgage Company, LL",GA,Atlanta,30327,7780
2021,549300EMNDEK4BA8WB53,54-2070914,7,4187235,4187235,EMM LOANS LLC,NJ,Cherry Hill,-1,3,-1,,-1,,2021,4,549300EMNDEK4BA8WB53,7,EMM LOANS LLC,NJ,CHERRY HILL,08003,13837
2021,549300BN4MNW5KE16X83,13-5578494,1,28013,28013,Northfield Bank,NY,New York,5059460,0,3132863,,3132863,"NORTHFIELD BANCORP, INC.",2021,4,549300BN4MNW5KE16X83,1,Northfield Bank,NJ,Woodbridge,07095,1457
2021,254900N4XMPM37K77D58,37-0612480,3,899642,899642,First State Bank,IL,Monticello,272037,0,1209471,,2310217,"FIRST STATE BANCORP OF MONTICELLO, INC. EMPLOYEE STOCK OWNERSHIP PLAN",2021,4,254900N4XMPM37K77D58,3,First State Bank,IL,Monticello,61856,476
2021,254900IHGFQJY2WUC891,48-0359685,2,285852,285852,First Option Bank,KS,Osawatomie,434907,0,1053777,,1053777,"OSAWATOMIE AGENCY, INC., THE",2021,4,254900IHGFQJY2WUC891,2,First Option Bank,KS,Osawatomie,66064,353
2021,549300GH41JLTHV1SQ41,83-0794303,7,,-1,"Welcome Home Funding, LLC",,,-1,-1,-1,,-1,,2021,4,549300GH41JLTHV1SQ41,7,WELCOME HOME FUNDING LLC,CA,Alameda,94502,1151
2021,5493002B3KWBDNOTY262,55-0251555,3,370020,370020,"Pendleton Community Bank, Inc.",WV,Franklin,442153,0,3137082,,3137082,"ALLEGHENY BANCSHARES, INC.",2021,4,5493002B3KWBDNOTY262,3,Pendleton Community Bank,WV,Franklin,26807,262
2021,5493008KJFFG6PYZ5914,01-0153690,3,339607,339607,Saco & Biddeford Savings Institution,ME,Saco,1031633,-1,-1,,-1,,2021,4,5493008KJFFG6PYZ5914,3,Saco & Biddeford Savings Institution,ME,Saco,04072,701
2021,25490053QEQO83AZIX15,58-0192880,3,564838,564838,Citizens Community Bank,GA,Valdosta,138127,0,1084696,,1084696,"CCB BANCSHARES, INC.",2021,4,25490053QEQO83AZIX15,3,Citizens Community Bank,GA,Hahira,31632-0000,125
2021,5493009RSCJ6Y7LUWJ31,75-3036920,7,,-1,FEDERATED MORTGAGE CORP.,PA,PITTSBURGH,-1,3,-1,,-1,,2021,4,5493009RSCJ6Y7LUWJ31,7,Federated Mortgage Corp.,PA,Pittsburgh,15211,1381
2021,549300EJ89CA12ZT7X03,24-0648945,3,501815,501815,The Luzerne Bank,PA,Luzerne,453131,0,1117688,,1117688,"PENNS WOODS BANCORP, INC.",2021,4,549300EJ89CA12ZT7X03,3,LUZERNE BANK,PA,LUZERNE,18709,585
2021,5493006S21NZTF9Y1L04,39-0273610,3,79145,79145,Farmers & Merchants State Bank,WI,Waterloo,179274,0,3087039,,3087039,"MAUNESHA BANCSHARES, INC.",2021,4,5493006S21NZTF9Y1L04,3,FARMERS & MERCHANTS STATE BANK,WI,WATERLOO,53594,366
2021,549300H83ZXQ4TDSXI83,95-1593663,5,,-1,Wheelhouse Credit Union,,,-1,-1,-1,,-1,,2021,4,549300H83ZXQ4TDSXI83,5,Wheelhouse Credit Union,CA,San Diego,92171-9099,130
2021,254900Q8CADD47BK7T92,38-1370951,5,,-1,First United Credit Union,,,-1,-1,-1,,-1,,2021,4,254900Q8CADD47BK7T92,5,First United Credit Union,MI,Grandville,49418-1445,287
2021,549300AN5V81GRYDJ823,53-0196968,5,75473,75473,FEDCHOICE Federal Credit Union,MD,Lanham,357133,0,-1,,-1,,2021,4,549300AN5V81GRYDJ823,5,FedChoice FCU,MD,Lanham,20706,527
2021,5493008TO7JB5Q4IKZ94,16-1222429,7,3872262,3872262,HUNT MORTGAGE CORPORATION,NY,LANCASTER,-1,3,-1,,-1,,2021,4,5493008TO7JB5Q4IKZ94,7,Hunt Mortgage Corporation,NY,Buffalo,14203,3235
2021,254900FSIRD1E5MR0U30,88-0354299,7,3877016,3877016,RMS & Associates,NV,LAS VEGAS,-1,3,-1,,-1,,2021,4,254900FSIRD1E5MR0U30,7,RMS & ASSOCIATES,NV,LAS VEGAS,89121,743
2021,549300QBMI3P6JWI9Q86,54-0169510,3,928421,928421,Citizens and Farmers Bank,VA,West Point,1625536,0,2183493,,2183493,C&F FINANCIAL CORPORATION,2021,4,549300QBMI3P6JWI9Q86,3,Citizens & Farmers Bank,VA,West Point,23181,601
2021,549300LYVRGGGBBPPV22,31-0352755,1,352370,352370,Southern Hills Community Bank,OH,Leesburg,160712,0,-1,,-1,,2021,4,549300LYVRGGGBBPPV22,1,Southern Hills Community Bank,OH,Ripley,45167,149
2021,254900JOP4NNUK6I6R61,84-2472187,7,,-1,Colina Mortgage Group,,,-1,-1,-1,,-1,,2021,4,254900JOP4NNUK6I6R61,7,COLINA Mortgage Group,TX,Houston,77042,726
2021,549300UR5AOWTJJ7KZ64,47-3566124,7,47-3566124,-1,LENDSURE MORTGAGE CORP.,DE,CAMDEN,-1,3,-1,,-1,,2021,4,549300UR5AOWTJJ7KZ64,7,LENDSURE MORTGAGE CORP.,CA,SAN DIEGO,92128,4419
2021,549300WLIZIEVZY2IG91,66-0563608,7,3873634,3873634,"METRO ISLAND MORTGAGE, INC.",,SAN JUAN,-1,3,-1,,-1,,2021,4,549300WLIZIEVZY2IG91,7,Metro Island Mortgage,PR,Rio Piedras,00927,968
2021,25490010EMNKWA8L9813,95-2036330,5,952985,952985,Downey Federal Credit Union,CA,Downey,226044,0,-1,,-1,,2021,4,25490010EMNKWA8L9813,5,Downey Federal Credit Union,CA,Downey,90241,96
2021,549300W3T1IBMEUW8789,75-1794257,7,3845556,3845556,"GREAT WESTERN FINANCIAL SERVICES, INC.",TX,PLANO,-1,3,-1,,-1,,2021,4,549300W3T1IBMEUW8789,7,"Great Western Financial Services, Inc.",TX,Plano,75093,3063
2021,549300R0SQ8LYM3HBY12,38-0960035,5,1008991,1008991,COMMUNITY CHOICE CREDIT UNION,MI,Farmington Hills,1163544,0,-1,,-1,,2021,4,549300R0SQ8LYM3HBY12,5,COMMUNITY CHOICE CREDIT UNION,MI,FARMINGTON HILLS,48334,947
2021,549300G4JDIJPBEO8J84,77-0174529,7,3876121,3876121,GENHOME MORTGAGE CORPORATION,CA,Redding,-1,3,-1,,-1,,2021,4,549300G4JDIJPBEO8J84,7,GENHOME MORTGAGE CORPORATION,CA,IRVINE,92614,4604
2021,549300JXG84BHZE66C26,04-1669070,3,67209,67209,Newburyport Five Cents Savings Bank,MA,Newburyport,1032018,0,4267481,,4267472,NEWBURYPORT FIVE CENTS BANCORP MHC,2021,4,549300JXG84BHZE66C26,3,NEWBURYPORT FIVE CENTS SAVINGS BANK,MA,NEWBURYPORT,01950,573
2021,54930001LYHHRVGJ6B97,36-4388788,1,2929392,2929392,Cornerstone National Bank & Trust Company,IL,Palatine,631327,0,2929383,,2929383,"CORNERSTONE BANCORP, INC.",2021,4,54930001LYHHRVGJ6B97,1,CORNERSTONE NATIONAL BANK & TRUST COMPANY,IL,PALATINE,60067,611
2021,549300W7XZMMFOVY0Z37,26-1146120,3,4264154,4264154,"NewTowne Mortgage, LLC",VA,SUFFOLK,-1,3,-1,,-1,,2021,4,549300W7XZMMFOVY0Z37,3,"NewTowne Mortgage, LLC",VA,Virginia Beach,23451,1166
2021,549300KL7MLR63WYCF68,31-0475308,3,320070,320070,Valley Central Bank,OH,Liberty Township,152116,0,4352538,,4352574,"VALLEY CENTRAL, MHC",2021,4,549300KL7MLR63WYCF68,3,Valley Central Bank,OH,Liberty Township,45011-9061,360
2021,5493009EEWZ9S4F2BE94,73-0789115,3,67151,67151,Kirkpatrick Bank,OK,Edmond,818584,0,1136269,,1136269,"AMERICAN BANCORP OF OKLAHOMA, INC.",2021,4,5493009EEWZ9S4F2BE94,3,KIRKPATRICK BANK,OK,EDMOND,73013,409
2021,54930072H82Z2RZW3210,86-1039547,5,592381,592381,AERO Federal Credit Union,AZ,Glendale,239815,0,-1,,-1,,2021,4,54930072H82Z2RZW3210,5,AERO Federal Credit Union,AZ,Glendale,85306,219
2021,549300WOJH0MSG0OIM41,63-0353833,5,561387,561387,Alabama One Credit Union,AL,Tuscaloosa,630401,0,-1,,-1,,2021,4,549300WOJH0MSG0OIM41,5,Alabama One Credit Union,AL,Tuscaloosa,35404,632
2021,254900SBY94JVYQ1Y131,23-0725980,3,45775,45775,Iron Workers Savings Bank,PA,Aston,180163,0,-1,,-1,,2021,4,254900SBY94JVYQ1Y131,3,Iron Workers Bank,PA,Aston,19014,121
2021,6354007NTMKKVRFIIP73,39-0148140,3,124344,124344,Bank of Sun Prairie,,Sun Prairie,440454,0,3808113,,3808113,"BOSP BANCSHARES, INC.",2021,4,6354007NTMKKVRFIIP73,3,Bank of Sun Prairie,WI,Sun Prairie,53590,596
2021,549300M30GL2Z6BZD736,43-1720231,3,131173,131173,Guaranty Bank,MO,Springfield,1010051,0,2618940,,2618940,"GUARANTY FEDERAL BANCSHARES, INC.",2021,4,549300M30GL2Z6BZD736,3,Guaranty Bank,MO,Springfield,65804,1209
2021,MCXHCL35UUWDZK7NCQ61,25-0776600,3,936426,936426,S&T Bank,PA,Indiana,8747957,0,1071397,,1071397,"S&T BANCORP, INC.",2021,4,MCXHCL35UUWDZK7NCQ61,3,S&T Bank,PA,Indiana,15701,6848
2021,549300TR6SGFPJQYJS20,22-1861352,5,722281,722281,UNITED TELETECH FINANCIAL,NJ,TINTON FALLS,283507,0,-1,,-1,,2021,4,549300TR6SGFPJQYJS20,5,UNITED TELETECH FINANCIAL FEDERAL CREDIT UNION,NJ,TINTON FALLS,07724,297
2021,254900VECGAWC5CPU773,59-0793427,5,803489,803489,Tyndall Federal Credit Union,FL,Panama City,1634283,0,-1,,-1,,2021,4,254900VECGAWC5CPU773,5,Tyndall Federal Credit Union,FL,Panama City,32405,2164
2021,549300HIQFQDTNNY6967,01-0263578,5,950486,950486,LISBON COMMUNITY,ME,Lisbon,118247,0,-1,,-1,,2021,4,549300HIQFQDTNNY6967,5,Lisbon Community FCU,ME,"Lisbon, ME 04250-0878",04250-0878,129
2021,254900B631B05UVLUA59,72-0158690,3,,819556,Concordia Bank and Trust Company,LA,Vidalia,-1,3,2557414,,-1,,2021,4,254900B631B05UVLUA59,3,Concordia Bank & Trust Company,LA,Vidalia,71373,279
2021,54930076PACNHY6U9F09,74-1110193,5,840998,840998,BP Federal Credit Union,TX,Houston,-1,0,-1,,-1,,2021,4,54930076PACNHY6U9F09,5,BP FEDERAL CREDIT UNION,TX,HOUSTON,77094,85
2021,549300EM8ID8J7F8OM55,54-1822464,7,3882524,3882524,"First Heritage Mortgage, LLC",VA,RESTON,-1,3,-1,,-1,,2021,4,549300EM8ID8J7F8OM55,7,"First Heritage Mortgage, LLC",VA,Fairfax,22030,11584
2021,549300E8HNQO52YYHI82,56-2148428,7,3882001,3882001,American Security Mortgage Corp.,NC,Charlotte,-1,3,-1,,-1,,2021,4,549300E8HNQO52YYHI82,7,AMERICAN SECURITY MORTGAGE COR,NC,CHARLOTTE,28207,7111
2021,549300NBFK4GO76FTE84,25-0422340,3,399517,399517,CNB Bank,PA,Clearfield,3740508,0,1118340,,1118340,CNB FINANCIAL CORPORATION,2021,4,549300NBFK4GO76FTE84,3,CNB Bank,PA,Clearfield,16830,3247
2021,549300CEGE3J950SQK51,72-0252110,3,678454,678454,Marion State Bank,LA,Marion,174763,0,-1,,-1,,2021,4,549300CEGE3J950SQK51,3,Marion State Bank,LA,Marion,71260,233
2021,549300U0JNFQTFMNJ219,73-0131240,3,262059,262059,AVB Bank,OK,Broken Arrow,404630,0,1057980,,1057980,"ARKANSAS VALLEY BANCSHARES, INC.",2021,4,549300U0JNFQTFMNJ219,3,AVB BANK,OK,BROKEN ARROW,74012,224
2021,COINQMNIM6RBU631DD85,71-0118700,9,311845,311845,Arvest Bank,AR,Fayetteville,19445554,0,1845673,,1095674,"ARVEST BANK GROUP, INC.",2021,4,COINQMNIM6RBU631DD85,9,ARVEST BANK,OK,TULSA,74103,40105
2021,254900VNHREN5BIMTO39,03-0213165,5,,-1,Green Mountain Credit Union,VT,South Burlington,-1,3,-1,,-1,,2021,4,254900VNHREN5BIMTO39,5,Green Mountain Credit Union,VT,Barre,05641,217
2021,549300K31SPZG5JQ7275,75-1522822,3,457060,457060,Spring Hill State Bank,TX,Longview,195044,0,2693929,,2693929,SPRING HILL HOLDINGS CORPORATION,2021,4,549300K31SPZG5JQ7275,3,SPRING HILL STATE BANK,TX,LONGVIEW,75608-9580,128
2021,5493006HAFES1LQ18W28,20-4303726,3,3437157,3437157,River Bank & Trust,AL,Prattville,1364103,0,4422851,,4422851,RIVER FINANCIAL CORPORATION,2021,4,5493006HAFES1LQ18W28,3,River Bank & Trust,AL,Gadsden,35901,964
2021,5493000LMWUP8XI9UY21,43-0300770,5,778194,778194,United Credit Union,MO,Mexico,182226,0,-1,,-1,,2021,4,5493000LMWUP8XI9UY21,5,United Credit Union,MO,Mexico,65265,399
2021,254900ASL383AJ6GSJ43,45-0455253,7,2944818,2944818,"AgCountry Farm Credit Services, FLCA",ND,Fargo,-1,3,-1,,-1,,2021,4,254900ASL383AJ6GSJ43,7,"AgCountry Farm Credit Services, FLCA",MN,Olivia,56277,261
2021,549300D1PL8LHKCBST97,25-0807970,3,212522,212522,SOMERSET TRUST COMPANY,PA,SOMERSET,1335090,0,2914857,,2914857,SOMERSET TRUST HOLDING COMPANY,2021,4,549300D1PL8LHKCBST97,3,SOMERSET TRUST COMPANY,PA,SOMERSET,15501,1503
2021,549300WWLOUWIJ1Q0H29,38-1629793,5,763695,763695,MICHIGAN SCHOOLS AND GOVERNMENT,MI,Clinton Township,2370725,0,-1,,-1,,2021,4,549300WWLOUWIJ1Q0H29,5,Michigan Schools & Government Credit Union,MI,Clinton Township,48044,5690
2021,549300SNZET0P5BZ3J56,37-0808298,3,825146,825146,Morton Community Bank,IL,Morton,4048788,0,2592714,,2762795,"HOMETOWN COMMUNITY BANCORP, INC. EMPLOYEE STOCK OWNERSHIP PLAN AND TRUST",2021,4,549300SNZET0P5BZ3J56,3,Morton Community Bank,IL,Morton,61550,2251
2021,5493000GQ5D5YW5QID32,23-2551885,7,3885721,3885721,"Mortgage America, Inc.",PA,Whitehall,-1,3,-1,,-1,,2021,4,5493000GQ5D5YW5QID32,7,"MORTGAGE AMERICA, INC.",PA,Whitehall,18052,4830
2021,549300M0I314MIP2FT97,66-0690568,7,4185008,4185008,"RM ACTUAL MORTGAGE, INC.",,BAYAMON,-1,3,-1,,-1,,2021,4,549300M0I314MIP2FT97,7,ACTUAL MORTGAGE BANKERS,PR,BAYAMON,00960,392
2021,5493005QZNPGRQNTRB15,37-0348120,3,760434,760434,Ipava State Bank,IL,Ipava,141878,0,2067771,,2067771,"ISB BANCSHARES, INC.",2021,4,5493005QZNPGRQNTRB15,3,Ipava State Bank,IL,Lewistown,61542,171
2021,549300NWYTCEH9RSSW54,11-2200411,5,847586,847586,SUFFOLK,NY,Medford,1227734,0,-1,,-1,,2021,4,549300NWYTCEH9RSSW54,5,SUFFOLK FEDERAL CREDIT UNION,NY,MEDFORD,11763,2107
2021,549300CV1BZKP1QUDZ13,20-0321413,7,3882690,3882690,"MILLENNIUM FINANCIAL GROUP, INC.",MD,MIDDLETOWN,-1,3,-1,,-1,,2021,4,549300CV1BZKP1QUDZ13,7,Millennium Financial Group Inc dba Mlend,MD,Middletown,21769,750
2021,5493000H6DFDDJRORG89,45-2481499,7,45-2481499,-1,"LADERA LENDING, INC.",CA,Sacramento,-1,3,-1,,-1,,2021,4,5493000H6DFDDJRORG89,7,"Ladera Lending, Inc.",CA,Ladera Ranch,92694,15883
2021,549300SELI3XCH3UZW80,36-4176531,7,4325514,4325514,FIRST CENTENNIAL MORTGAGE CORPORATION,IL,CHICAGO,-1,2,-1,,-1,,2021,4,549300SELI3XCH3UZW80,7,FIRST CENTENNIAL MORTGAGE CORPORATION,IL,AURORA,60510,16435
2021,549300UG7QXKM7KGV847,26-1773722,7,4325626,4325626,ROYAL UNITED MORTGAGE LLC,IN,Indianapolis,-1,2,-1,,-1,,2021,4,549300UG7QXKM7KGV847,7,Royal United Mortgage LLC,IN,Indianapolis,46250,18137
2021,254900R1UY5PAEIHXX38,54-0228860,1,90328,90328,Skyline National Bank,VA,Independence,705459,0,4949303,,4949303,PARKWAY ACQUISITION CORP,2021,4,254900R1UY5PAEIHXX38,1,Skyline National Bank,VA,Independence,24348,390
2021,549300C88V21IBGP5Y54,61-1051197,3,,812614,The Commercial Bank of Grayson,KY,Grayson,178804,0,1071810,,1071810,COMMERCIAL GRAYSON BANCSHARES INC.,2021,4,549300C88V21IBGP5Y54,3,Commercial Bank of Grayson,KY,Grayson,41143,162
2021,549300FOCEH0X0ZOR362,59-0772528,5,929585,929585,Grow Financial Federal Credit Union,FL,Tampa,2714880,0,-1,,-1,,2021,4,549300FOCEH0X0ZOR362,5,GROW FINANCIAL FCU,FL,TAMPA,33619,1655
2021,549300XQ7B5FIVUNFE29,38-2749215,7,3872039,3872039,VAN DYK MORTGAGE CORPORATION,MI,GRAND RAPIDS,-1,3,-1,,-1,,2021,4,549300XQ7B5FIVUNFE29,7,VANDYK MORTGAGE,MI,GRAND RAPIDS,49546,13612
2021,549300QJN5U13Y9HAW42,56-2149229,3,2903123,2903123,Bank of Oak Ridge,NC,Oak Ridge,471940,0,3587427,,3587427,"OAK RIDGE FINANCIAL SERVICES, INC.",2021,4,549300QJN5U13Y9HAW42,3,BANK OF OAK RIDGE,NC,8050 FOGLEMAN RD.,27310,58
2021,54930079VLB4FPPZ7Y58,75-0270410,2,435750,435750,First State Bank,TX,Gainesville,1147965,0,1132243,,1132243,"RED RIVER BANCORP, INC.",2021,4,54930079VLB4FPPZ7Y58,2,First State Bank,TX,Gainesville,76240,1161
2021,254900JKWAH734HBIE78,02-0163906,2,,268006,Mascoma Bank,NH,Lebanon,-1,3,-1,,-1,,2021,4,254900JKWAH734HBIE78,2,Mascoma Bank,VT,White River Junction,05001,2312
2021,254900Y0J7L9XMNKTX90,84-0186846,5,466099,466099,Credit Union of Denver,CO,Lakewood,885470,0,-1,,-1,,2021,4,254900Y0J7L9XMNKTX90,5,CREDIT UNION OF DENVER,CO,LAKEWOOD,80226,1434
2021,5493007XV974105FQA68,81-0611149,7,5163133,5163133,BRIDGEVIEW MORTGAGE CORP.,NY,FRANKLIN SQUARE,-1,3,-1,,-1,,2021,4,5493007XV974105FQA68,7,Bridgeview Mortgage Corp.,NY,Franklin Square,11010,145
2021,VMDPCBOQ43W3PZTYZL93,27-0402195,3,888002,888002,Middlesex Savings Bank,MA,Natick,4954135,0,3932072,,3932072,MIDDLESEX BANCORP MHC,2021,4,VMDPCBOQ43W3PZTYZL93,3,MIDDLESEX SAVINGS BANK,MA,NATICK,01760,1777
2021,549300QLLCMT1VD4OD25,83-3831116,7,,-1,"Sprout Mortgage, LLC",,,-1,-1,-1,,-1,,2021,4,549300QLLCMT1VD4OD25,7,"SPROUT MORTGAGE, LLC",FL,PORT LUCIE,34986,13353
2021,549300AIZH87CMSYX861,95-1658623,5,1000173,1000173,AltaOne Federal Credit Union,CA,Ridgecrest,612723,0,-1,,-1,,2021,4,549300AIZH87CMSYX861,5,AltaOne Federal Credit Union,CA,Ridgecrest,93556-1209,196
2021,549300DBE56TS8LE1K36,87-0238380,5,308498,308498,Jordan Federal Credit Union,UT,Sandy,291677,0,-1,,-1,,2021,4,549300DBE56TS8LE1K36,5,Jordan Credit Union,UT,Sandy,84070,74
2021,549300L8JRY60EOROT34,37-0458520,3,1459717,1459717,FCB Banks,IL,Collinsville,1749595,0,1250473,,1250473,"FIRST CO BANCORP, INC.",2021,4,549300L8JRY60EOROT34,3,FCB BANKS,IL,COLLINSVILLE,62234,3618
2021,549300CDGL2OULMP7388,24-0674260,1,828473,828473,Citizens Savings Bank,PA,Clarks Summit,318303,0,-1,,-1,,2021,4,549300CDGL2OULMP7388,1,CITIZENS SAVINGS BANK,PA,CLARKS SUMMIT,18411,350
2021,549300CSKW4TNZHEOO36,37-0601973,1,621441,621441,Buena Vista National Bank,IL,Chester,212348,0,1399578,,1399578,"BUENA VISTA BANCORP, INC.",2021,4,549300CSKW4TNZHEOO36,1,BUENA VISTA NATIONAL BANK,IL,CHESTER,62233,352
2021,254900F5ZZOQMXYF0M92,39-0936429,5,752792,752792,Brokaw Credit Union,WI,Weston,53771,0,-1,,-1,,2021,4,254900F5ZZOQMXYF0M92,5,Brokaw Credit Union,WI,Weston,54476,121
2021,549300FNQXUCMCVLKL76,22-3110915,3,1890525,1890525,Unity Bank,NJ,Clinton,1712368,0,2181426,,2181426,"UNITY BANCORP, INC.",2021,4,549300FNQXUCMCVLKL76,3,UNITY BANK,NJ,CLINTON,08809,1197
2021,549300KHXD7JSQUZIJ22,75-2269700,7,4437770,4437770,"HIGHLANDS RESIDENTIAL MORTGAGE, LTD.",TX,AUSTIN,-1,3,-1,,-1,,2021,4,549300KHXD7JSQUZIJ22,7,Highlands Residential Mortgage,TX,Dallas,75243,21225
2021,254900GKRYTQSJG61D90,74-2440392,2,380458,380458,Texas Regional Bank,TX,McAllen,1020128,0,4076937,,4076937,"TEXAS STATE BANKSHARES, INC.",2021,4,254900GKRYTQSJG61D90,2,Texas Regional Bank,TX,McAllen,78503,436
2021,549300PFJ7GCGDLB2E65,68-0570826,7,3914564,3914564,"First Option Mortgage, LLC",GA,Atlanta,-1,3,-1,,-1,,2021,4,549300PFJ7GCGDLB2E65,7,"FIRST OPTION MORTGAGE, LLC",GA,ATLANTA,30339,6596
2021,549300C20KZIWPASBC15,76-0629353,7,3845855,3845855,"FIRST CONTINENTAL MORTGAGE, LTD.",TX,HOUSTON,-1,3,-1,,-1,,2021,4,549300C20KZIWPASBC15,7,"First Continental Mortgage, Ltd.",TX,Houston,77072,5414
2021,5493003XFPPSO0JVIB33,06-6039973,5,574097,574097,"The Dutch Point Credit Union, Inc.",CT,Wethersfield,338763,0,-1,,-1,,2021,4,5493003XFPPSO0JVIB33,5,DUTCH POINT CU,CT,Wethersfield,06109,377
2021,54930038EHCQQEFKUW36,38-0546210,5,521194,521194,SOVITA Credit Union,MI,Flint,436243,0,-1,,-1,,2021,4,54930038EHCQQEFKUW36,5,Sovita Credit Union,MI,Flint,48532-3516,103
2021,984500F053B54C884C79,46-0108170,3,,95051,One American Bank,,,-1,-1,5536791,,-1,,2021,4,984500F053B54C884C79,3,One American Bank,SD,Sioux Falls,57104,12433
2021,549300XV8D5BHDJZY155,54-1918361,2,2787770,2787770,Bank of the James,VA,Lynchburg,725686,0,3217032,,3217032,"BANK OF THE JAMES FINANCIAL GROUP, INC.",2021,4,549300XV8D5BHDJZY155,2,Bank of the James,VA,Lynchburg,24504,103
2021,549300HLPEQ31HY26E57,04-1953445,2,,1004470,Hometown Bank,MA,Oxford,1018606,0,3728958,,3728930,HOMETOWN FINANCIAL GROUP MHC,2021,4,549300HLPEQ31HY26E57,2,HOMETOWN BANK,MA,OXFORD,01540,457
2021,2549000VVDQ9NNW01Q23,63-0333902,5,109592,109592,Listerhill Credit Union,AL,Muscle Shoals,876029,0,-1,,-1,,2021,4,2549000VVDQ9NNW01Q23,5,Listerhill Credit Union,AL,Sheffield,35660,879
2021,5493006JV2DB2OI1FI31,94-1476759,5,169381,169381,MOCSE Federal Credit Union,CA,Modesto,305994,0,-1,,-1,,2021,4,5493006JV2DB2OI1FI31,5,Mocse Federal Credit Union,CA,MODESTO,95355,26
2021,254900YY36UO9MBPH808,71-0141380,2,27847,27847,Diamond Bank,AR,Murfreesboro,642288,0,1491333,,1491333,BAINUM BANCORP,2021,4,254900YY36UO9MBPH808,2,DIAMOND BANK,AR,GLENWOOD,71943,417
2021,549300NK4UZYJMJIC252,84-3763142,7,,-1,LANDED HOME LOANS LLC,DE,WILMINGTON,-1,3,-1,,-1,,2021,4,549300NK4UZYJMJIC252,7,LANDED HOME LOANS LLC,SC,GREENVILLE,29601,349
2021,549300I3HDJ5QJNFPZ87,95-4196389,7,3876149,3876149,AMERICAN FINANCE HOUSE LARIBA,CA,WHITTIER,-1,3,-1,,-1,,2021,4,549300I3HDJ5QJNFPZ87,7,American Finance House Lariba,CA,Whittier,90603-2165,704
2021,549300IEP77RKJ87Z176,93-0492535,5,603483,603483,OREGON COMMUNITY,OR,Eugene,1889384,0,-1,,-1,,2021,4,549300IEP77RKJ87Z176,5,OREGON COMMUNITY CREDIT UNION,OR,EUGENE,97408,4419
2021,549300XP1CH1D03J6778,87-0212887,5,314097,314097,TRANSWEST CREDIT UNION,UT,Salt Lake City,146976,0,-1,,-1,,2021,4,549300XP1CH1D03J6778,5,Transwest Credit Union,UT,Salt Lake City,84115,124
2021,549300KTSX5SM2W0VV58,35-1131741,3,228279,228279,Crossroads Bank,IN,Wabash,419028,0,3848258,,3848258,FFW CORPORATION,2021,4,549300KTSX5SM2W0VV58,3,Crossroads Bank,IN,Wabash,46992,739
2021,549300MP59Z6SRKSVR49,47-1922435,7,47-1922435,-1,FIRST CHOICE MH LLC,IL,OAK BROOK,-1,3,-1,,-1,,2021,4,549300MP59Z6SRKSVR49,7,First Choice MH LLC,IL,Oak Brook,60523,344
2021,54930021WPEXNHYZUL09,26-0362771,7,4889892,4889892,"PLANET HOME LENDING, LLC",DE,WILMINGTON,-1,3,-1,,-1,,2021,4,54930021WPEXNHYZUL09,7,"Planet Home Lending, LLC",CT,Meriden,06450,101716
2021,254900XM56YJW3X8VP97,94-1552333,1,229070,229070,First Federal Savings and Loan Association of San Rafael,CA,San Rafael,201472,0,-1,,-1,,2021,4,254900XM56YJW3X8VP97,1,First Federal Savings and Loan Association of San Rafael,CA,San Rafael,94901-3108,35
2021,549300FWQNRPTKXB8G79,83-0171636,7,3851557,3851557,"Wallick & Volk, Inc.",WY,Cheyenne,-1,3,-1,,-1,,2021,4,549300FWQNRPTKXB8G79,7,"WALLICK & VOLK, INC.",WY,CHEYENNE,82001,8570
2021,54930097J3TUZXBXXE75,91-1792217,5,714389,714389,HAPO COMMUNITY CREDIT UNION,WA,Richland,1799616,0,-1,,-1,,2021,4,54930097J3TUZXBXXE75,5,Hapo Community Credit Union,WA,Kennewick,99336,931
2021,984500A9F1AADF548748,20-8780109,7,,-1,Commercial Loan Corporation,CA,NEWPORT BEACH,-1,3,-1,,-1,,2021,4,984500A9F1AADF548748,7,Commercial Loan Corporation,CA,Newport Beach,92660,4
2021,5493001U0HWKEN6OLT59,33-0633741,7,3877472,3877472,Crestline Funding Corporation,CA,Irvine,-1,3,-1,,-1,,2021,4,5493001U0HWKEN6OLT59,7,Crestline Funding Corporation,CA,Irvine,92612,271
2021,549300NPANOIK7XYK714,11-1644017,5,308573,308573,N C P D Federal Credit Union,NY,Plainview,764862,0,-1,,-1,,2021,4,549300NPANOIK7XYK714,5,NCPD Federal Credit Union,NY,Plainview,11803,138
2021,5493004TN1RD20MW1Y08,75-0803279,5,664970,664970,CONCHO EDUCATORS Federal Credit Union,TX,San Angelo,81911,0,-1,,-1,,2021,4,5493004TN1RD20MW1Y08,5,CONCHO EDUCATORS FEDERAL CREDIT UNION,TX,San Angelo,76904,19
2021,549300LG7IO23TN5LR98,58-0214350,3,210238,210238,Southeastern Bank,GA,Darien,455282,0,1082058,,1082058,SOUTHEASTERN BANKING CORPORATION,2021,4,549300LG7IO23TN5LR98,3,SOUTHEASTERN BANK,GA,DARIEN,31305,245
2021,254900HI61SSH8KEBQ58,38-0869023,3,,355559,Range Bank,MI,Marquette,-1,3,1139868,,-1,,2021,4,254900HI61SSH8KEBQ58,3,RANGE BANK,MI,MARQUETTE,49855,881
2021,2549009X2AG1P20YAJ63,33-0904883,1,2917317,2917317,Axos Bank,CA,San Diego,11550782,0,3814310,,3814310,"AXOS FINANCIAL, INC.",2021,4,2549009X2AG1P20YAJ63,1,Axos Bank,CA,San Diego,92122,9123
2021,549300JPWAKLM047FK81,74-0625605,3,564463,564463,Crossroads Bank,TX,Yoakum,219549,0,1107812,,1107812,"FIRST STATE BANCSHARES OF YOAKUM, INC.",2021,4,549300JPWAKLM047FK81,3,CROSSROADS BANK,TX,Yoakum,77995-0778,142
2021,549300WZ0MLK03PNE568,48-0126615,5,188494,188494,WHITE EAGLE Credit Union,KS,Augusta,109249,0,-1,,-1,,2021,4,549300WZ0MLK03PNE568,5,White Eagle Credit Union,KS,Augusta,67010,209
2021,5493008ZK5SW6NTWB533,04-2993547,3,1356768,1356768,Enterprise Bank and Trust Company,MA,Lowell,3235049,0,2461016,,2461016,"ENTERPRISE BANCORP, INC.",2021,4,5493008ZK5SW6NTWB533,3,ENTERPRISE BANK AND TRUST COMPANY,MA,LOWELL,01852,849
2021,549300029HOKG1DFPD77,23-7074578,5,240486,240486,SkyPoint Federal Credit Union,MD,Germantown,158202,0,-1,,-1,,2021,4,549300029HOKG1DFPD77,5,SkyPoint FCU,MD,Germantown,20874,27
2021,549300MG52SOKOHXJM80,38-1543701,5,121996,121996,KALSEE CREDIT UNION,MI,Kalamazoo,191496,0,-1,,-1,,2021,4,549300MG52SOKOHXJM80,5,KALSEE Credit Union,MI,Kalamazoo,49001,302
2021,254900FB4VEI37KZPQ74,59-0359710,5,845395,845395,Miami Postal Service Credit Union,FL,Miami,140139,0,-1,,-1,,2021,4,254900FB4VEI37KZPQ74,5,Miami Postal Service Credit Un,FL,MIAMI,33122,54
2021,549300J6A8R0TUC01239,74-1288128,5,542180,542180,NECHES,TX,Port Neches,660202,0,-1,,-1,,2021,4,549300J6A8R0TUC01239,5,NECHES FEDERAL CREDIT UNION,TX,PORT NECHES,77651,593
2021,254900JU5OLW9ZB5C595,23-1413187,5,510581,510581,New Cumberland Federal Credit Union,PA,New Cumberland,157489,0,-1,,-1,,2021,4,254900JU5OLW9ZB5C595,5,NEW CUMBERLAND FEDERAL CREDIT UNION,PA,New Cumberland,17070,196
2021,549300YHSRT5YOR5W454,75-0800435,5,520179,520179,Alliance Credit Union,TX,Lubbock,280101,0,-1,,-1,,2021,4,549300YHSRT5YOR5W454,5,Alliance Credit Union,TX,Lubbock,79424,957
2021,5493002G1DPDOKT55X37,31-6042202,5,427287,427287,DESCO,OH,Portsmouth,304797,0,-1,,-1,,2021,4,5493002G1DPDOKT55X37,5,DESCO FEDERAL CREDIT UNION,OH,PORTSMOUTH,45662,942
2021,549300QD23LICPXTPB55,27-2070732,7,27-2070732,-1,"DIGNIFIED HOME LOANS, LLC",CA,WESTLAKE VILLAGE,-1,3,-1,,-1,,2021,4,549300QD23LICPXTPB55,7,"Dignified Home Loans, LLC",CA,Westlake Village,91362,3916
2021,549300YOEBGKPKU43Q28,04-1953630,3,765505,765505,Webster Five Cents Savings Bank,MA,Webster,897777,0,3803024,,3803033,WEBFIVE MHC,2021,4,549300YOEBGKPKU43Q28,3,WEBSTER FIVE CENTS SAVINGS BANK,MA,AUBURN,01501,547
2021,549300BZTITCLMZ3TL46,47-0299375,3,276850,276850,Security First Bank,NE,Lincoln,1151009,0,2360454,,2360454,STOCKMENS FINANCIAL CORPORATION,2021,4,549300BZTITCLMZ3TL46,3,Security First Bank,NE,Lincoln,68516,736
2021,549300YD9NNO7W7TSI64,91-1055499,3,,129479,Wheatland Bank,WA,Spokane,459947,0,2723938,,2723938,"COMMUNITY FINANCIAL GROUP, INC.",2021,4,549300YD9NNO7W7TSI64,3,Wheatland Bank,WA,Spokane,99201,1232
2021,549300VXXDSMSH313G18,56-0582032,5,446185,446185,Truliant Federal Credit Union,NC,WINSTON SALEM,2711723,0,-1,,-1,,2021,4,549300VXXDSMSH313G18,5,Truliant Federal Credit Union,NC,Greensboro,27408,9074
2021,549300D36J5CQX0I4F44,38-3305907,7,4878104,4878104,"NORTHERN MORTGAGE SERVICES, LLC",MI,GRAND RAPIDS,-1,3,-1,,-1,,2021,4,549300D36J5CQX0I4F44,7,"Northern Mortgage Services, LLC",MI,Grandville,49418,2223
2021,549300JMCI45DZ4YNK98,37-1127534,3,338646,338646,TrustBank,IL,Olney,236305,0,1098161,,1098161,"RICH LAND BANCORP, INC.",2021,4,549300JMCI45DZ4YNK98,3,TrustBank,IL,Olney,62450,202
2021,549300110N83KRID7Q56,37-0532670,3,152431,152431,Longview Bank and Trust,IL,Chrisman,173151,0,1204618,LONGVIEW CAPITAL CORPORATION,1204618,LONGVIEW CAPITAL CORPORATION,2021,4,549300110N83KRID7Q56,3,Longview Bank & Trust,IL,Marshall,62441,351
2021,549300P55E0GN57DEV03,65-0738229,7,4438094,4438094,"GEO-CORP, INC.",FL,PLANTATION,-1,3,-1,,-1,,2021,4,549300P55E0GN57DEV03,7,"Geo-Corp, Inc.",CA,Monterey Park,91754,749
2021,549300I7SKMG274G2Y20,22-1866976,5,199481,199481,GARDEN SAVINGS FEDERAL CREDIT UNION,NJ,Parsippany-Troy Hills,376002,0,-1,,-1,,2021,4,549300I7SKMG274G2Y20,5,GARDEN SAVINGS FEDERAL CREDIT UNION,NJ,PARSIPPANY,07054,231
2021,54930090M1R8T8VWLU55,22-2452617,7,3873568,3873568,MOUNTAIN MORTGAGE CORP.,NJ,Union,-1,3,-1,,-1,,2021,4,54930090M1R8T8VWLU55,7,Mountain Mortgage Corp.,NJ,Union,07083,80
2021,5493000DYWSEQXSQ3736,66-0313273,7,3873380,3873380,COOPERATIVA DE AHORRO Y CREDITO LAS PIEDRAS,,Las Piedras,-1,3,-1,,-1,,2021,4,5493000DYWSEQXSQ3736,7,Cooperativa de AC  Las Piedras,PR,Las Piedras,00771,79
2021,5493002T7QJXHY7QTC73,22-2937245,3,1412619,1412619,1st Constitution Bank,NJ,Cranbury,1585704,-1,2784920,,2784920,1ST CONSTITUTION BANCORP,2021,4,5493002T7QJXHY7QTC73,3,1st Constitution Bank,NJ,Cranbury,08512,901
2021,549300N1YHCNRTYZ3E91,58-1582772,7,3914069,3914069,"AMERICAN HOME MORTGAGE, INC.",GA,Atlanta,-1,3,-1,,-1,,2021,4,549300N1YHCNRTYZ3E91,7,AMERICAN HOME MORTGAGE,GA,ATLANTA,30328,357
2021,549300MH5OXXJKWZZY83,31-0568628,5,23287,23287,GENERAL ELECTRIC CREDIT UNION,OH,Cincinnati,3361620,0,-1,,-1,,2021,4,549300MH5OXXJKWZZY83,5,General Electric Credit Union,OH,Cincinnati,45241,1857
2021,254900JEEAUO1ZDBXW22,55-0136805,3,18836,18836,Capon Valley Bank,WV,Wardensville,158370,0,1131750,,1131750,"HIGHLANDS BANKSHARES, INC.",2021,4,254900JEEAUO1ZDBXW22,3,CAPON VALLEY BANK,WV,WARDENSVILLE,26851,147
2021,549300QUS7X0QJUEZ353,26-0454965,3,3535848,3535848,AccessBank Texas,TX,Denton,466940,0,4556381,,4556381,"ACCESS BANCORP, INC.",2021,4,549300QUS7X0QJUEZ353,3,AccessBank Texas,TX,Denton,76201,86
2021,549300D0TGZMG03GNM36,88-0209429,7,3876484,3876484,"ALL WESTERN MORTGAGE, INC.",NV,Henderson,-1,3,-1,,-1,,2021,4,549300D0TGZMG03GNM36,7,All Western Mortgage Inc.,NV,Las Vegas,89113,5567
2021,254900QC7DVGIYVGB494,75-0821285,5,473275,473275,Resource One Credit Union,TX,Dallas,541219,0,-1,,-1,,2021,4,254900QC7DVGIYVGB494,5,Resource One Credit Union,TX,Dallas,75228,387
2021,549300CWJ74FF73VDL12,42-0253313,2,376442,376442,First Bank,IA,Waverly,529803,0,1206395,,1206395,FIRST OF WAVERLY CORPORATION,2021,4,549300CWJ74FF73VDL12,2,First Bank,IA,Waverly,50677-0837,210
2021,549300RM0VO0UBTMOZ05,43-0216490,3,870650,870650,CNB St. Louis Bank,MO,Maplewood,510032,-1,1140930,,1140930,"CARDINAL BANCORP, INC.",2021,4,549300RM0VO0UBTMOZ05,3,CNB St. Louis Bank,MO,Maplewood,63143,503
2021,5493009Y8ROUG903AQ21,94-1492212,5,640880,640880,STANFORD Federal Credit Union,CA,Palo Alto,2942160,0,-1,,-1,,2021,4,5493009Y8ROUG903AQ21,5,STANFORD FEDERAL CREDIT UNION,CA,PALO ALTO,94303,1331
2021,549300TSV5GUFPY3IT90,39-0634605,3,575375,575375,Superior Savings Bank,WI,Superior,68505,0,-1,,-1,,2021,4,549300TSV5GUFPY3IT90,3,Superior Savings Bank,WI,Superior,54880,238
2021,5493005C8ZBTKUWJPI93,20-4402815,3,,3383665,First Missouri State Bank of Cape County,,,-1,-1,1491463,,-1,,2021,4,5493005C8ZBTKUWJPI93,3,First Missouri State Bank of Cape County,MO,Cape Girardeau,63703,206
2021,254900G03BZB89LOWZ28,04-2128094,5,,457798,"St. Anne's Credit Union of Fall River, Mass.",MA,Fall River,1017135,0,-1,,-1,,2021,4,254900G03BZB89LOWZ28,5,ST. ANNE'S CREDIT UNION OF FAL,MA,FALL RIVER,02723,1233
2021,549300043MOZCJ4RK371,01-0211675,5,274874,274874,SEABOARD FEDERAL CREDIT UNION,ME,Bucksport,130436,0,-1,,-1,,2021,4,549300043MOZCJ4RK371,5,Seaboard Federal Credit Union,ME,Bucksport,04416,134
2021,5493000PT0SXF8FBR107,82-0202675,5,108278,108278,CONNECTIONS,ID,Pocatello,180179,0,-1,,-1,,2021,4,5493000PT0SXF8FBR107,5,CONNECTIONS CREDIT UNION,ID,POCATELLO,83201,266
2021,549300M1N0YC51QQGT24,43-0445932,1,1016174,1016174,Ozarks Federal Savings and Loan Association,MO,Farmington,247791,0,-1,,-1,,2021,4,549300M1N0YC51QQGT24,1,Ozarks Federal Savings and Loan,MO,Farmington,63640,553
2021,254900JJ3E56IV4SHM86,35-0863286,5,739971,739971,Chiphone Federal Credit Union,IN,ELKHART,87677,0,-1,,-1,,2021,4,254900JJ3E56IV4SHM86,5,Chiphone Credit Union,IN,Elkhart,46514,50
2021,549300ZUTKMSWP8JCE68,23-0910300,1,144913,144913,The Neffs National Bank,PA,Neffs,375741,0,1140097,,1140097,"NEFFS BANCORP, INC.",2021,4,549300ZUTKMSWP8JCE68,1,THE NEFFS NATIONAL BANK,PA,NEFFS,18065,181
2021,549300RE7CP5SUFPFX27,66-0214784,7,4184832,4184832,COOPERATIVA DE AHORRO Y CREDITO VEGA ALTA,,Vega Alta,-1,3,-1,,-1,,2021,4,549300RE7CP5SUFPFX27,7,VEGACOOP,PR,VEGA ALTA,00692,149
2021,254900P681DTTH4I3144,45-0106740,3,233554,233554,Western State Bank,ND,Devils Lake,1286460,0,1123223,,4247081,"WESTERN STATE AGENCY, INC., EMPLOYEE STOCK OWNERSHIP PLAN AND TRUST",2021,4,254900P681DTTH4I3144,3,WESTERN STATE BANK,ND,DEVILS LAKE,58301,940
2021,5493008EWJQJ6SK2V234,74-0580531,3,539872,539872,"TrustTexas Bank, SSB",TX,Cuero,346448,0,3601323,,3601332,TRUSTTEXAS MUTUAL HOLDING COMPANY,2021,4,5493008EWJQJ6SK2V234,3,"TrustTexas Bank, SSB",TX,Cuero,77954,140
2021,549300BZNDHH8KWC0I67,27-4541183,7,4437631,4437631,"Mortgage Unlimited, L.L.C.",NJ,Garfield,-1,3,-1,,-1,,2021,4,549300BZNDHH8KWC0I67,7,"Mortgage Unlimited, L.L.C.",NJ,Garfield,07026,889
2021,54930083VRKEK3SXZJ31,01-0160050,3,401906,401906,Skowhegan Savings Bank,ME,Skowhegan,606333,0,-1,,-1,,2021,4,54930083VRKEK3SXZJ31,3,SKOWHEGAN SAVINGS BANK,ME,SKOWHEGAN,04976,672
2021,54930035U7Q80J7HTS79,45-5147913,9,,-1,CAMPOS FINANCIAL CORP.,CA,Los Angeles,-1,3,-1,,-1,,2021,4,54930035U7Q80J7HTS79,9,Campos Financial Corp,CA,Granada Hills,91344,775
2021,549300NB3SBC1KHAWB92,43-0710608,7,3842416,3842416,GERSHMAN INVESTMENT CORP.,AR,LITTLE ROCK,-1,3,-1,,-1,,2021,4,549300NB3SBC1KHAWB92,7,GERSHMAN INVESTMENT CORP.,MO,CHESTERFIELD,63017,11640
2021,2549001R6R928Y08SC30,26-1341163,1,3636428,3636428,"Black Hills Community Bank, National Association",SD,Rapid City,299697,0,3636389,,3636389,BHCB HOLDING COMPANY,2021,4,2549001R6R928Y08SC30,1,"Black Hills Community Bank, NA",SD,Rapid CIty,57701,393
2021,5493002TUYGC7HBYME91,83-1407543,9,,-1,"SIMPLIFI MORTGAGE, LLC",NV,LAS VEGAS,-1,3,-1,,-1,,2021,4,5493002TUYGC7HBYME91,9,SimpliFi Mortgage LLC,NV,Las Vegas,89135,106
2021,5493004RLLKTQS8K7U51,11-6014903,5,49090,49090,American Airlines Federal Credit Union,TX,Fort Worth,7658628,0,-1,,-1,,2021,4,5493004RLLKTQS8K7U51,5,AMERICAN AIRLINES FCU,TX,FT WORTH,76155,5211
2021,5493009PLGT79KQ6HO15,26-1375622,3,3614837,3614837,Access Bank,NE,Omaha,658907,0,3637939,,3637939,"3MV BANCORP, INC.",2021,4,5493009PLGT79KQ6HO15,3,Access Bank,NE,Omaha,68144,954
2021,549300981UHFORU1HG39,31-0822737,5,912783,912783,MIAMI UNIVERSITY COMMUNITY,OH,Oxford,68610,0,-1,,-1,,2021,4,549300981UHFORU1HG39,5,Miami University Community Federal Credit Union,OH,Oxford,45056,42
2021,5493001SDQVS1NWYH012,27-0993345,7,27-0993345,-1,"PREMIER LENDING, INC.",CA,SANTA ROSA,-1,3,-1,,-1,,2021,4,5493001SDQVS1NWYH012,7,"Premier Lending, Inc.",NC,Charlotte,28277,2087
2021,549300Q1YFRSB8UEGH03,73-0561962,5,518774,518774,Truity Federal Credit Union,OK,Bartlesville,853065,0,-1,,-1,,2021,4,549300Q1YFRSB8UEGH03,5,TRUITY FEDERAL CREDIT UNION,OK,BARTLESVILLE,74003,1577
2021,54930066LN6QXNO8TY84,20-0967347,3,2963266,2963266,First Carolina Bank,NC,Rocky Mount,658230,0,4346706,,4346706,"FIRST CAROLINA FINANCIAL SERVICES, INC.",2021,4,54930066LN6QXNO8TY84,3,First Carolina Bank,NC,Rocky Mount,27804,190
2021,549300X8AUU3UC1ULZ79,31-1060110,7,31-1060110,-1,FIRST EQUITY MORTGAGE INCORPORATED,OH,CINCINNATI,-1,3,-1,,-1,,2021,4,549300X8AUU3UC1ULZ79,7,FIRST EQUITY MORTGAGE INC,KY,FT MITCHELL,41017,2790
2021,549300BTTIQWNC2CFA21,58-6032554,5,542582,542582,LGE COMMUNITY,GA,Marietta,1433057,0,-1,,-1,,2021,4,549300BTTIQWNC2CFA21,5,LGE Community Credit Union,GA,Marietta,30061,1396
2021,549300XYK7KGXCRSH318,56-2187972,7,2970497,2970497,"AgCarolina Farm Credit, FLCA",NC,Raleigh,-1,3,-1,,-1,,2021,4,549300XYK7KGXCRSH318,7,"AgCarolina Farm Credit, ACA",NC,Raleigh,27620-4789,139
2021,549300HPK3YMV2JKCB12,31-4122250,2,783910,783910,North Valley Bank,OH,Zanesville,230529,-1,3264193,,3264193,"NORTH VALLEY BANCSHARES, INC.",2021,4,549300HPK3YMV2JKCB12,2,North Valley Bank,OH,Zanesville,43701,169
2021,549300WH9FMXOC63ZV77,11-3469077,7,4184711,4184711,NATIONWIDE EQUITIES CORPORATION,NJ,MAHWAH,-1,3,-1,,-1,,2021,4,549300WH9FMXOC63ZV77,7,Nationwide Equities Corporation,NJ,Mahwah,07495,1131
2021,549300E5EFGSFSL7WF75,47-2137405,7,47-2137405,-1,"GIBRALTAR MORTGAGE SERVICES, LLC",DE,DOVER,-1,3,-1,,-1,,2021,4,549300E5EFGSFSL7WF75,7,"GIBRALTAR MORTGAGE SERVICES, LLC",IL,CHICAGO,60613,985
2021,549300JRSBCJN2HPK893,81-2535190,7,81-2535190,-1,"PARTNERS UNITED FINANCIAL, LLC",DE,WILMINGTON,-1,3,-1,,-1,,2021,4,549300JRSBCJN2HPK893,7,"PARTNERS UNITED FINANCIAL, LLC",SC,GREENVILLE,29601,947
2021,549300BR7OTD25RTS027,64-0202970,2,914648,914648,BankFirst Financial Services,MS,Columbus,1278148,0,1247455,,1247455,BANKFIRST CAPITAL CORPORATION,2021,4,549300BR7OTD25RTS027,2,BankFirst Financial Services,MS,Macon,39341,1349
2021,549300ZMSSTP768USP32,64-6016232,3,94139,94139,Merchants & Marine Bank,MS,Pascagoula,576804,0,3696093,,3696093,"MERCHANTS & MARINE BANCORP, INC.",2021,4,549300ZMSSTP768USP32,3,MERCHANTS & MARINE BANK,MS,PASCAGOULA,39567,289
2021,254900JH47ETFGVNKS92,54-0754383,5,19981,19981,Call Federal Credit Union,VA,Richmond,398275,0,-1,,-1,,2021,4,254900JH47ETFGVNKS92,5,Call Federal Credit Union,VA,Richmond,23234,512
2021,549300P5JG6WBCSZ7M53,53-0176413,5,605085,605085,AGRICULTURE Federal Credit Union,DC,Washington,350831,0,-1,,-1,,2021,4,549300P5JG6WBCSZ7M53,5,AGRICULTURE FEDERAL CREDIT UNION,VA,MERRIFIELD,22116,122
2021,54930050YUB4R3ZKAI03,66-0427030,7,3878620,3878620,"E.M.I. EQUITY MORTGAGE, INC.",,SAN JUAN,-1,3,-1,,-1,,2021,4,54930050YUB4R3ZKAI03,7,"EMI Equity Mortgage, Inc.",PR,San Juan,00909,583
2021,XJCRTTYJVBMA22IXL619,99-0033900,9,795968,795968,Bank of Hawaii,HI,Honolulu,18065971,0,1025309,,1025309,BANK OF HAWAII CORPORATION,2021,4,XJCRTTYJVBMA22IXL619,9,Bank of Hawaii,HI,Honolulu,96813,11058
2021,54930061FQ5XDACCBW12,95-4408086,7,,-1,"Pacific Horizon Bancorp, Inc",,,-1,-1,-1,,-1,,2021,4,54930061FQ5XDACCBW12,7,"PACIFIC HORIZON BANCORP, INC.",CA,LA CRESCENTA,91214,263
2021,5493007W3FAWZ3EYNP10,83-0368926,1,3376180,3376180,AB COMMUNITY INVESTMENT COMPANY,TX,LONGVIEW,-1,1,548351,,3035227,JSA FAMILY LIMITED PARTNERSHIP,2021,4,5493007W3FAWZ3EYNP10,1,AB COMMUNITY INVESTMENT CO,TX,JACKSONVILLE,75766,1
2021,2138009TTY1M4OJRXV14,36-1818410,3,855741,855741,BANKORION,IL,ORION,470267,0,1210048,,1210048,"ORION BANCORPORATION, INC.",2021,4,2138009TTY1M4OJRXV14,3,BankORION,IL,Orion,61273,271
2021,254900LD3DEBFTITLD76,36-1060090,1,933041,933041,Farmers National Bank,IL,Prophetstown,737240,0,2198563,,2198563,PROPHETSTOWN BANKING CO.,2021,4,254900LD3DEBFTITLD76,1,FARMERS NATIONAL BANK,IL,Prophetstown,61277,270
2021,549300X4P2GHQNMZGO79,38-3358941,5,3870316,3870316,MORTGAGE CENTER L.C,MI,PLYMOUTH,-1,3,-1,,-1,,2021,4,549300X4P2GHQNMZGO79,5,Mortgage Center LC,MI,Southfield,48076,6630
2021,549300CCELEPUO4TOE73,43-0603999,5,680194,680194,WEST COMMUNITY,MO,O Fallon,289271,0,-1,,-1,,2021,4,549300CCELEPUO4TOE73,5,West Community Credit Union,MO,O'Fallon,63368,1723
2021,5493003TK1BAOHHL6S92,43-6079380,9,447294,447294,ALLTRU Federal Credit Union,MO,Wentzville,252485,0,-1,,-1,,2021,4,5493003TK1BAOHHL6S92,9,ALLTRU  FEDERAL CREDIT UNION,MO,WENTZVILLE,63385,311
2021,254900P1I9VHKMF8R991,93-0166953,1,90579,90579,First Federal,OR,McMinnville,458832,0,-1,,-1,,2021,4,254900P1I9VHKMF8R991,1,First Federal,OR,McMinnville,97128,354
2021,5493004LAP3ULXM1YB66,65-0782023,7,3914881,3914881,"FIRST EQUITY MORTGAGE BANKERS, INC.",FL,MIAMI,-1,3,-1,,-1,,2021,4,5493004LAP3ULXM1YB66,7,First Equity Mortgage Bankers Inc.,FL,Miami,33156,3287
2021,254900N51OM1EJ4TQZ22,20-0851456,3,3223305,3223305,"1st State Financial, Ltd.",MI,Saginaw,323664,0,3223293,,3223293,"1ST STATE FINANCIAL, LTD.",2021,4,254900N51OM1EJ4TQZ22,3,1ST STATE BANK,MI,SAGINAW,48605,626
2021,2549006T9J2DMLJVRS64,13-5261470,5,210797,210797,Municipal Credit Union,NY,New York,3052271,0,-1,,-1,,2021,4,2549006T9J2DMLJVRS64,5,MUNICIPAL CREDIT UNION,NY,NEW YORK,10007,2068
2021,549300C1SBZVJTL6WB07,22-1557663,5,123084,123084,RUTGERS,NJ,New Brunswick,76692,0,-1,,-1,,2021,4,549300C1SBZVJTL6WB07,5,Rutgers Federal Credit Union,NJ,New Brunswick,08901,27
2021,549300KKOHQFSTKHSN59,75-0763606,5,482277,482277,TEXAS TRUST,TX,Arlington,1344027,0,-1,,-1,,2021,4,549300KKOHQFSTKHSN59,5,Texas Trust Credit Union,TX,Arlington,76017,797
2021,549300T82SC9BPCIU410,52-0580973,5,625775,625775,CHESSIE,MD,Cumberland,278244,0,-1,,-1,,2021,4,549300T82SC9BPCIU410,5,Chessie Federal Credit Union,MD,Cumberland,21502,337
2021,5493006MA7WP1WL8U431,95-1652797,5,,-1,VALLEY STRONG CREDIT UNION,CA,Bakersfield,-1,3,-1,,-1,,2021,4,5493006MA7WP1WL8U431,5,Valley Strong Credit Union,CA,Bakersfield,93311,2059
2021,549300VYK2WBD7SST478,71-0130170,9,107244,107244,Bank OZK,AR,Little Rock,23559400,0,-1,,-1,,2021,4,549300VYK2WBD7SST478,9,BANK OZK,AR,LITTLE ROCK,72231,2658
2021,5493002Z4GZF8C2F3T27,25-6035142,5,207975,207975,STAR USA FEDERAL CREDIT UNION,WV,Charleston,157540,0,-1,,-1,,2021,4,5493002Z4GZF8C2F3T27,5,Star USA Federal Credit Union,WV,Charleston,25314,315
2021,5493003GLHYTNOVI3291,20-8758150,3,3595637,3595637,"Pioneer Bank, SSB",TX,Austin,1691100,0,4505606,,3633034,"JLL ASSOCIATES G. P. FCH, L.L.C.",2021,4,5493003GLHYTNOVI3291,3,PIONEER BANK SSB,TX,AUSTIN,78705,289
2021,549300XKIMAP8O4OS123,02-0196520,5,439299,439299,BELLWETHER COMMUNITY,NH,Manchester,529516,0,-1,,-1,,2021,4,549300XKIMAP8O4OS123,5,Bellwether Community Credit Union,NH,Manchester,03104,570
2021,254900BBEPZS8MDE1S61,95-1683492,5,304070,304070,F&A Federal Credit Union,CA,Monterey Park,1752787,0,-1,,-1,,2021,4,254900BBEPZS8MDE1S61,5,F&A FEDERAL CREDIT UNION,CA,MONTEREY PARK,91754-7645,1348
2021,254900TSSJ6QLFK4C243,75-0188030,2,869663,869663,Citizens 1st Bank,TX,Tyler,714853,0,-1,,-1,,2021,4,254900TSSJ6QLFK4C243,2,"Citizens 1st Bank, Tyler TX",TX,Nacogdoches,75965,221
2021,5493008RQ8SRLTLRWX62,22-0780560,3,927479,927479,Bogota Savings Bank,NJ,Teaneck,766731,0,5423510,,5423547,"BOGOTA FINANCIAL, MHC",2021,4,5493008RQ8SRLTLRWX62,3,BOGOTA SAVINGS BANK,NJ,TEANECK,07666,272
2021,254900WTZC5SSKIN2M11,38-1470765,1,413141,413141,First National Bank of America,MI,East Lansing,2488033,0,1206313,,1206313,"FIRST NATIONAL BANCSHARES, INC.",2021,4,254900WTZC5SSKIN2M11,1,FIRST NATIONAL BANK OF AMERICA,MI,EAST LANSING,48823,5930
2021,254900E3R2YX26OH3128,36-3047069,5,382096,382096,HealthCare Associates Credit Union,IL,Naperville,363948,0,-1,,-1,,2021,4,254900E3R2YX26OH3128,5,HealthCare Associates Credit Union,IL,Naperville,60563,397
2021,5493002RM1FZTGQ55U28,31-1088264,7,3837319,3837319,PRIORITY MORTGAGE CORP.,OH,WESTERVILLE,-1,3,-1,,-1,,2021,4,5493002RM1FZTGQ55U28,7,Priority Mortgage Corp.,OH,Worthington,43085,2581
2021,549300WC12JROIUVWY16,57-0323645,5,625476,625476,SOUTH CAROLINA FEDERAL CREDIT UNION,SC,North Charleston,1831541,0,-1,,-1,,2021,4,549300WC12JROIUVWY16,5,SOUTH CAROLINA FEDERAL CREDIT,SC,NORTH CHARLESTON,29406,2495
2021,549300S7NSQ9I9GYHD48,43-0605018,5,784195,784195,ELECTRO SAVINGS CREDIT UNION,MO,Saint Louis,176719,0,-1,,-1,,2021,4,549300S7NSQ9I9GYHD48,5,Electro Savings Credit Union,MO,Saint Louis,63146,316
2021,549300B8C23BCNGJ4960,37-1361315,3,2576714,2576714,Community Mortgage Banc Corporation,IL,Springfield,-1,2,439338,,1097182,"UNITED COMMUNITY BANCORP, INC.",2021,4,549300B8C23BCNGJ4960,3,COMMUNITY BANC MORTGAGE CORP,IL,CHATHAM,62629,2168
2021,549300QR0KFPEDZPEI42,61-1392032,7,4183611,4183611,STOCKTON MORTGAGE CORPORATION,KY,FRANKFORT,-1,3,-1,,-1,,2021,4,549300QR0KFPEDZPEI42,7,Stockton Mortgage Corporation,KY,Frankfort,40601,13675
2021,254900VXX8ZL7L9EX282,20-5604550,7,20-5604550,-1,"Philadelphia Mortgage Advisors, Inc.",PA,Plymouth Meeting,-1,3,-1,,-1,,2021,4,254900VXX8ZL7L9EX282,7,PHILADELPHIA MORTGAGE ADVISORS INC,PA,Plymouth Meeting,19462,1555
2021,549300GWD9H4FQ2VR805,87-0477597,9,3212149,3212149,UBS Bank USA,UT,Salt Lake City,63780722,0,2967509,,4795461,UBS GROUP AG,2021,4,549300GWD9H4FQ2VR805,9,UBS BANK USA,UT,SALT LAKE CITY,84111,10028
2021,5493006RLUL4IL56SC31,06-0377390,3,831008,831008,Guilford Savings Bank The,CT,Guilford,838172,0,5419719,,5419700,GSB MUTUAL HOLDING COMPANY,2021,4,5493006RLUL4IL56SC31,3,Guilford Savings Bank,CT,Guilford,06437,467
2021,549300NWBS6MQJX15N44,75-0600540,3,652874,652874,NexBank,TX,Dallas,9767997,0,3823844,,4970802,"SLHC TRUST, THE",2021,4,549300NWBS6MQJX15N44,3,NEXBANK,TX,DALLAS,75201,14481
2021,9845007E2D0BDH6C8955,87-0238696,5,651989,651989,WEBER STATE FEDERAL CREDIT UNION,UT,Ogden,130310,0,-1,,-1,,2021,4,9845007E2D0BDH6C8955,5,Ascent Federal Credit Union,UT,OGDEN,84403,219
2021,549300KEFLY2A00BLQ60,20-3894060,3,3341393,3341393,Flint Community Bank,GA,Albany,261024,0,3341656,,3341656,"FLINT COMMUNITY BANCSHARES, INC.",2021,4,549300KEFLY2A00BLQ60,3,Flint Community Bank,GA,Albany,31721,135
2021,254900WAOJC0EM7P8C35,41-0824021,5,,-1,MY Credit Union,,,-1,3,-1,,-1,,2021,4,254900WAOJC0EM7P8C35,5,MY CREDIT UNION,MN,BLOOMINGTON,55420,205
2021,2549009OWTY7KVB18G12,93-0256538,5,373898,373898,USAGENCIES,OR,Portland,85101,0,-1,,-1,,2021,4,2549009OWTY7KVB18G12,5,Forrit Credit Union,OR,Portland,97204,58
2021,549300JLVHEYC5B9MX32,61-0156420,3,65746,65746,Citizens Union Bank of Shelbyville,KY,Shelbyville,855175,0,1097566,,1097566,"CITIZENS UNION BANCORP OF SHELBYVILLE, INC.",2021,4,549300JLVHEYC5B9MX32,3,CITIZENS UNION BANK,KY,SHELBYVILLE,40065,969
2021,54930047YMR4VOMFGS35,25-1215682,5,519986,519986,AMERICHOICE,PA,Mechanicsburg,182175,0,-1,,-1,,2021,4,54930047YMR4VOMFGS35,5,AmeriChoice Federal Credit Union,PA,Mechanicsburg,17050,248
2021,549300YLA2LNEYNOLN85,59-3256287,7,3915011,3915011,WATSON MORTGAGE CORP.,FL,JACKSONVILLE,-1,3,-1,,-1,,2021,4,549300YLA2LNEYNOLN85,7,WATSON MORTGAGE CORP.,FL,JACKSONVILLE,32211,1058
2021,2138004QPZ7FMGPTU106,46-0159100,1,61355,61355,CorTrust Bank National Association,SD,Mitchell,1233944,0,1125740,,1125740,HOPKINS FINANCIAL CORPORATION,2021,4,2138004QPZ7FMGPTU106,1,CorTrust Bank,SD,Mitchell,57301,152
2021,549300DASRDHPPEK5V15,04-1237280,3,271275,271275,Dean Co-operative Bank,MA,Franklin,342822,0,-1,,-1,,2021,4,549300DASRDHPPEK5V15,3,DEAN COOPERATIVE BANK,MA,FRANKLIN,02038,584
2021,5493005JF6BKCN6OY689,20-8075599,1,3547131,3547131,FineMark National Bank & Trust,FL,Fort Myers,2165171,0,3547159,,3547159,"FINEMARK HOLDINGS, INC.",2021,4,5493005JF6BKCN6OY689,1,FineMark National Bank & Trust,FL,Fort Myers,33919,589
2021,549300XVX388NW99XE16,72-0719172,5,693989,693989,ESSENTIAL,LA,Baton Rouge,313238,0,-1,,-1,,2021,4,549300XVX388NW99XE16,5,ESSENTIAL FEDERAL CREDIT UNION,LA,BATON ROUGE,70806,345
2021,549300SWKVL60SKWK981,23-1360906,5,934785,934785,MEMBERS 1ST FEDERAL CREDIT UNION,PA,Mechanicsburg,4614909,0,-1,,-1,,2021,4,549300SWKVL60SKWK981,5,MEMBERS 1ST FCU,PA,MECHANICSBURG,17055-0040,11046
2021,549300WK15ESCDNJ5M35,16-6028994,5,482978,482978,CORNING,NY,Corning,1504251,0,-1,,-1,,2021,4,549300WK15ESCDNJ5M35,5,CORNING CREDIT UNION,NY,CORNING,14830,4486
2021,549300DW87L2IZ7ZHF47,46-2738255,7,46-2738255,-1,"MLB RESIDENTIAL LENDING, LLC",NJ,SPRINGFIELD,-1,3,-1,,-1,,2021,4,549300DW87L2IZ7ZHF47,7,"MLB Residential Lending, LLC",NJ,Springfield,07081,2442
2021,54930023DLYUOD6GKQ42,44-0241200,3,508346,508346,Hawthorn Bank,MO,Jefferson City,1483698,0,1056590,,2038409,"HAWTHORN BANCSHARES, INC",2021,4,54930023DLYUOD6GKQ42,3,HAWTHORN BANK,MO,JEFFERSON CITY,65101,1593
2021,549300CKG3JGNHH34D61,72-0476576,5,343088,343088,CARTER FEDERAL CREDIT UNION,LA,Springhill,399909,0,-1,,-1,,2021,4,549300CKG3JGNHH34D61,5,CARTER FEDERAL CREDIT UNION,LA,SPRINGHILL,71075,157
2021,2549008YEXLNFKLF7548,25-0974214,5,1011674,1011674,Widget Federal Credit Union,PA,Erie,315074,0,-1,,-1,,2021,4,2549008YEXLNFKLF7548,5,Widget Federal Credit Union,PA,Erie,16511,570
2021,5493006XP2M53G3AP658,91-0620799,5,914684,914684,GLOBAL,WA,Spokane,474266,0,-1,,-1,,2021,4,5493006XP2M53G3AP658,5,Global Credit Union,WA,Spokane,99201,505
2021,25490031FYE1X5QNTK83,75-1084210,5,1221567,1221567,First Basin Credit Union,TX,Odessa,269478,0,-1,,-1,,2021,4,25490031FYE1X5QNTK83,5,First Basin Credit Union,TX,Odessa,79764-0000,51
2021,549300KW3HYVC06WS898,81-0647272,3,,3308574,Paramount Bank,MO,Hazelwood,104250,0,5119363,,5119363,"PARAMOUNT FINANCIAL GROUP, LLC",2021,4,549300KW3HYVC06WS898,3,Paramount Bank,MO,St. Louis,63141,6025
2021,549300THVVYXNYVCMC50,04-1983105,1,117074,117074,Colonial Federal Savings Bank,MA,Quincy,315626,0,-1,,-1,,2021,4,549300THVVYXNYVCMC50,1,Colonial Federal Savings Bank,MA,Quincy,02170,105
2021,549300C04BJ0G297NC13,20-1001796,9,,3284070,Ally Bank,UT,Sandy,167492000,0,3867147,,1562859,ALLY FINANCIAL INC.,2021,4,549300C04BJ0G297NC13,9,ALLY BANK,NC,CHARLOTTE,28211,45076
2021,254900B9B6TYYGLOXT47,41-0844117,1,936583,936583,Think Mutual Bank,MN,Rochester,1669828,0,-1,,-1,,2021,4,254900B9B6TYYGLOXT47,1,THINK MUTUAL BANK,MN,ROCHESTER,55901,3115
2021,549300KJZ82173UB3I21,55-0399323,1,1011526,1011526,City National Bank of West Virginia,WV,Charleston,4956190,0,1076262,,1076262,CITY HOLDING COMPANY,2021,4,549300KJZ82173UB3I21,1,City National Bank of WV,WV,Cross Lanes,25313,5186
2021,5493004N6GEASXJ2A896,20-5187849,3,3561771,3561771,Global Bank,NY,New York,202466,0,-1,,-1,,2021,4,5493004N6GEASXJ2A896,3,Global Bank,NY,Flushing,11354,375
2021,549300RZFB670NG8MF92,57-0899390,3,1440117,1440117,"Community First Bank, Inc.",SC,Walhalla,418292,0,2593083,,2593083,COMMUNITY FIRST BANCORPORATION,2021,4,549300RZFB670NG8MF92,3,Community First Bank,SC,Walhalla,29691,182
2021,5493005R24FV5DFFXW42,99-0080213,3,701062,701062,Central Pacific Bank,HI,Honolulu,6003592,0,1022764,,1022764,CENTRAL PACIFIC FINANCIAL CORP.,2021,4,5493005R24FV5DFFXW42,3,Central Pacific Bank,HI,Honolulu,96811,4207
2021,254900ZT04J7Z9KHMJ73,04-1949430,2,654300,654300,Washington Savings Bank,MA,Lowell,252574,0,-1,,-1,,2021,4,254900ZT04J7Z9KHMJ73,2,Washington Savings Bank,MA,LOWELL,01852,254
2021,549300KPFP1WXCNBNR50,48-0435920,3,4156,4156,KANZA Bank,KS,Kingman,236634,0,2325369,,2325369,KANZA FINANCIAL CORPORATION,2021,4,549300KPFP1WXCNBNR50,3,KANZA BANK,KS,WICHITA,67226,172
2021,549300BFJ8COFCPOMU05,20-2471369,7,5023545,5023545,SOVEREIGN LENDING GROUP INCORPORATED,CA,COSTA MESA,-1,3,-1,,-1,,2021,4,549300BFJ8COFCPOMU05,7,Sovereign Lending Group Incorporated,CA,Costa Mesa,92626,37762
2021,5493006XPYTPLP6BLN10,74-0920969,3,601658,601658,Alliance Bank Central Texas,TX,Waco,324960,0,3615441,,3615441,"ABCT HOLDINGS, INC.",2021,4,5493006XPYTPLP6BLN10,3,Alliance Bank Central Texas,TX,Waco,76712,249
2021,549300NFA0VY9215VV25,46-2077362,7,5019913,5019913,Midwest Mortgage Associates Corporation,CO,Colorado Springs,-1,3,-1,,-1,,2021,4,549300NFA0VY9215VV25,7,Midwest Mortgage Associates Corporation,CO,Colorado Springs,80918,1468
2021,254900C1MQVQQR44R744,39-6049800,5,,592091,Indianhead Credit Union,WI,Spooner,62761,0,-1,,-1,,2021,4,254900C1MQVQQR44R744,5,INDIANHEAD CREDIT UNION,WI,SPOONER,54801,97
2021,549300MIICHJBUDK6R97,61-0888526,3,336147,336147,United Citizens Bank & Trust Company,KY,Campbellsburg,111825,0,1137145,,1137145,UNITED CITIZENS FINANCIAL CORPORATION,2021,4,549300MIICHJBUDK6R97,3,United Citizens Bank & Trust Company,KY,Campbellsburg,40011,87
2021,549300YWKMUD8J4EF956,72-0951082,1,,675855,Progressive National Bank,LA,Mansfield,74975,0,1108985,,1108985,CALDWELL HOLDING COMPANY,2021,4,549300YWKMUD8J4EF956,1,Progressive National Bank,LA,Mansfield,71052,123
2021,549300K2JM6ID3V5LO24,62-0579508,5,675480,675480,FIRST SOUTH FINANCIAL,TN,Bartlett,620980,0,-1,,-1,,2021,4,549300K2JM6ID3V5LO24,5,First South Financial Credit Union,TN,Bartlett,38134,587
2021,549300TTK5T7CZ3UJ084,87-0188878,5,513199,513199,Utah Power,UT,Salt Lake City,726237,0,-1,,-1,,2021,4,549300TTK5T7CZ3UJ084,5,UTAH POWER CREDIT UNION,UT,SALT LAKE CITY,84121,498
2021,549300Z6CO0YC8ULYR28,58-6075493,5,196882,196882,INTERSTATE UNLIMITED Federal Credit Union,GA,Jesup,185188,0,-1,,-1,,2021,4,549300Z6CO0YC8ULYR28,5,Interstate Credit Union,GA,Jesup,31545,95
2021,5493004NMXQUYEFD1Y98,31-1484057,7,4726942,4726942,"FIRST OHIO HOME FINANCE, INC.",OH,WESTERVILLE,-1,3,-1,,-1,,2021,4,5493004NMXQUYEFD1Y98,7,First Ohio Home Finance Inc,OH,Westerville,43081,1814
2021,254900E9QYJ6OX8QXL76,65-1260993,3,3386536,3386536,SouthPoint Bank,AL,Birmingham,410115,0,4975049,,4975049,"SOUTHPOINT BANCSHARES, INC.",2021,4,254900E9QYJ6OX8QXL76,3,SOUTHPOINT BANK,AL,BIRMINGHAM,35243,1965
2021,549300KQHWNSVCE2MY88,34-1719615,7,3242799,3242799,"SIRVA MORTGAGE, INC.",OH,COLUMBUS,-1,3,-1,,-1,,2021,4,549300KQHWNSVCE2MY88,7,"SIRVA Mortgage, Inc.",OH,Independence,44131,5075
2021,549300PGV74J5SPHTG47,64-0223390,3,972648,972648,Planters Bank & Trust Company,MS,Indianola,1098217,0,1096484,,1096484,PLANTERS HOLDING COMPANY,2021,4,549300PGV74J5SPHTG47,3,Planters Bank and Trust Company,MS,Indianola,38751,599
2021,549300OQY2Y402FHFI71,42-6061323,5,64495,64495,RIVER VALLEY CREDIT UNION,IA,Ames,77542,0,-1,,-1,,2021,4,549300OQY2Y402FHFI71,5,River Valley Credit Union,IA,Ames,50010-0747,101
2021,549300ITOKVFTRH0EQ29,72-0433721,5,903473,903473,LOUISIANA,LA,Laplace,296200,0,-1,,-1,,2021,4,549300ITOKVFTRH0EQ29,5,Louisiana Federal Credit Union,LA,LaPlace,70068-0000,225
2021,549300Q8HL7EWEE0HW14,04-1145370,3,736206,736206,Cambridge Trust Company,MA,Cambridge,2855550,0,1115013,,1115013,CAMBRIDGE BANCORP,2021,4,549300Q8HL7EWEE0HW14,3,Cambridge Trust Company,MA,Burlington,01803,975
2021,54930068H3KVFOUG0285,73-0731221,5,218793,218793,OKLAHOMA CENTRAL Credit Union,OK,Tulsa,580520,0,-1,,-1,,2021,4,54930068H3KVFOUG0285,5,OKLAHOMA CENTRAL CREDIT UNION,OK,4956 S. PEORIA AVE,74105,319
2021,549300U1HSN2YJRJ0U33,75-0855143,5,1098,1098,TEXAR,TX,TEXARKANA,345713,0,-1,,-1,,2021,4,549300U1HSN2YJRJ0U33,5,TEXAR FEDERAL CREDIT UNION,TX,TEXARKANA,75503,336
2021,549300UWA74T8PF7KY34,11-2934194,2,23504,23504,Dime Community Bank,NY,Bridgehampton,4921297,-1,1416523,,1416523,"BRIDGE BANCORP, INC.",2021,4,549300UWA74T8PF7KY34,2,DIME COMMUNITY BANK,NY,BRIDGEHAMPTON,11932,471
2021,549300H89M6KDLFKMQ19,01-0479491,7,3868715,3868715,CUSO MORTGAGE CORPORATION,ME,PORTLAND,-1,3,-1,,-1,,2021,4,549300H89M6KDLFKMQ19,7,CUSO MORTGAGE CORPORATION,ME,HAMPDEN,04444,1434
2021,549300CLB0CCSJV6S044,94-1209440,5,770497,770497,SAN FRANCISCO FIRE CREDIT UNION,CA,SAN FRANCISCO,1396330,0,-1,,-1,,2021,4,549300CLB0CCSJV6S044,5,SAN FRANCISCO FIRE CREDIT UNION,CA,SAN FRANCISCO,94118,1822
2021,5493008VCYW25D52ZC98,22-2498599,7,3873522,3873522,"ARK MORTGAGE, INC.",NJ,NORTH BRUNSWICK,-1,3,-1,,-1,,2021,4,5493008VCYW25D52ZC98,7,"Ark Mortgage, Inc.",NY,Montebello,10901,2718
2021,254900Q6YS0NMCYAH669,15-0470650,3,433608,433608,Tompkins Trust Company,NY,Ithaca,2063683,0,2367921,,2367921,TOMPKINS FINANCIAL CORPORATION,2021,4,254900Q6YS0NMCYAH669,3,Tompkins Trust Company,NY,Ithaca,14850,648
2021,549300ESNLIWVN3TK065,95-1767367,5,318684,318684,CBC Federal Credit Union,CA,Oxnard,465530,0,-1,,-1,,2021,4,549300ESNLIWVN3TK065,5,CBC FEDERAL CREDIT UNION,CA,OXNARD,93036,785
2021,549300DV8URIHEH3DE77,39-6047472,5,732392,732392,Dane County Credit Union,WI,Madison,191057,0,-1,,-1,,2021,4,549300DV8URIHEH3DE77,5,Dane County Credit Union,WI,Madison,53713-1481,401
2021,549300W4BRJPRFMIIL49,54-1469169,7,2404545,2404545,"Colonial Farm Credit, ACA",VA,Mechanicsville,-1,3,-1,,-1,,2021,4,549300W4BRJPRFMIIL49,7,Colonial Farm Credit ACA,VA,Mechanicsville,23111,102
2021,549300HI3FIGFR7SU483,02-0179065,3,591209,591209,Piscataqua Savings Bank,NH,Portsmouth,295735,0,-1,,-1,,2021,4,549300HI3FIGFR7SU483,3,PISCATAQUA SAVINGS BANK,NH,PORTSMOUTH,03801,125
2021,549300NPW3WIT7G01W32,55-0379393,5,,470881,STRIP STEEL COMMUNITY FEDERAL CREDIT UNION,WV,WEIRTON,44667,0,-1,,-1,,2021,4,549300NPW3WIT7G01W32,5,Strip Steel Community Federal Credit Union,WV,Weirton,26062,1
2021,549300RYJCJ7JPQ4RF20,20-2633950,2,546003,546003,BankNewport,RI,Newport,1748205,0,3298134,,3297481,"OCEANPOINT FINANCIAL PARTNERS, MHC",2021,4,549300RYJCJ7JPQ4RF20,2,BankNewport,RI,Middletown,02842,1506
2021,549300YBQQ97B6Y7LE69,82-0758546,7,82-0758546,-1,"Colten Mortgage, LLC",CO,Englewood,-1,3,-1,,-1,,2021,4,549300YBQQ97B6Y7LE69,7,COLTEN MORTGAGE,CO,GREENWOOD VILLAGE,80111,4073
2021,549300SDQ83FUC7IK543,74-1666441,3,867650,867650,Pinnacle Bank,TX,Fort Worth,1486228,0,1053272,,1053272,"PINNACLE BANCORP, INC.",2021,4,549300SDQ83FUC7IK543,3,Pinnacle Bank,TX,Fort Worth,76102,298
2021,549300RMBMOU2J1VK478,23-2579286,2,1479470,1479470,Woodlands Bank,PA,Williamsport,415569,0,3014950,,3014950,WOODLANDS FINANCIAL SERVICES COMPANY,2021,4,549300RMBMOU2J1VK478,2,Woodlands Bank,PA,Williamsport,17701,294
2021,549300Y4CEEGC4KCFI45,71-0250645,5,621795,621795,TELCOE FEDERAL CREDIT UNION,AR,Little Rock,382372,0,-1,,-1,,2021,4,549300Y4CEEGC4KCFI45,5,TELCOE FEDERAL CREDIT UNION,AR,LITTLE ROCK,72203,307
2021,549300AO417FCNJGKM49,41-0257270,3,144856,144856,First State Bank and Trust,MN,Bayport,279448,0,2387152,,2387152,"UNIVERSAL FINANCIAL SERVICES, INC.",2021,4,549300AO417FCNJGKM49,3,First State Bank and Trust,MN,Bayport,55003,334
2021,54930007KK7ZS3IJVC25,91-0565155,5,90999,90999,RED CANOE CREDIT UNION,WA,Longview,840265,0,-1,,-1,,2021,4,54930007KK7ZS3IJVC25,5,RED CANOE CREDIT UNION,WA,LONGVIEW,98632,1108
2021,2549008LK3474E9U2888,93-0257765,5,852393,852393,OnPoint Community Credit Union,OR,Portland,6130687,0,-1,,-1,,2021,4,2549008LK3474E9U2888,5,OnPoint Community Credit Union,OR,Portland,97210,15704
2021,549300ABHFY5HY2P3871,74-1505143,5,620994,620994,CoastLife Credit Union,TX,Corpus Christi,354361,-1,-1,,-1,,2021,4,549300ABHFY5HY2P3871,5,CoastLife Credit Union,TX,Corpus Christi,78414-3932,49
2021,549300DB8DXY0GE82T18,72-0168925,1,480433,480433,First National Bank in DeRidder,LA,Deridder,324800,0,-1,,-1,,2021,4,549300DB8DXY0GE82T18,1,First National Bank in DeRidder,LA,DeRidder,70634,226
2021,549300SHE1JTCOWBP090,56-0475645,9,1189117,1189117,STATE EMPLOYEES',NC,Raleigh,41376687,0,-1,,-1,,2021,4,549300SHE1JTCOWBP090,9,State Employees' Credit Union,NC,Raleigh,27611,66038
2021,549300TG39MNZBTYXD82,58-2642920,3,3049907,3049907,"FBT Mortgage, L.L.C.",MS,Ocean Springs,-1,2,-1,,2127657,FIRST TRUST CORPORATION,2021,4,549300TG39MNZBTYXD82,3,FBT Mortgage LLC,MS,Ocean Springs,39564,1473
2021,5493001F41HG4FRUKK25,75-0926100,5,884086,884086,RELYON,TX,Dallas,64851,0,-1,,-1,,2021,4,5493001F41HG4FRUKK25,5,RelyOn Credit Union,TX,Dallas,75235,4
2021,549300FX2QBKG7ZTBX37,47-0520923,5,742690,742690,SIOUXLAND FEDERAL CREDIT UNION,NE,South Sioux City,195132,0,-1,,-1,,2021,4,549300FX2QBKG7ZTBX37,5,Siouxland Federal Credit Union,NE,So Sioux City,68776,360
2021,54930077D8KXQADF5Q23,35-1985128,7,3954887,3954887,"GVC MORTGAGE, INC.",IN,Pendleton,-1,3,-1,,-1,,2021,4,54930077D8KXQADF5Q23,7,"GVC MORTGAGE, INC.",IN,PENDLETON,46064,7964
2021,549300XHPPLC0TBRV021,46-1836968,7,46-1836968,-1,"PRIORITY HOME LENDING, LLC",DE,WILMINGTON,-1,3,-1,,-1,,2021,4,549300XHPPLC0TBRV021,7,"PRIORITY HOME LENDING, LLC",TX,HOUSTON,77027,1088
2021,549300YAYQAARPBTRA72,84-2904615,7,,-1,"PROPER RATE, LLC",DE,WILMINGTON,-1,3,-1,,-1,,2021,4,549300YAYQAARPBTRA72,7,"PROPER RATE, LLC",IL,CHICAGO,60613,5511
2021,549300NAKTEGLTFF0U82,39-1020437,5,54094,54094,PREMIER FINANCIAL,WI,New Holstein,98484,0,-1,,-1,,2021,4,549300NAKTEGLTFF0U82,5,Premier Financial Credit Union,WI,New Holstein,53061,166
2021,5493009LZZ8VZRVIX755,75-0548850,2,645465,645465,Vista Bank,TX,Dallas,920512,0,1135897,,1135897,"VISTA BANCSHARES, INC.",2021,4,5493009LZZ8VZRVIX755,2,Vista Bank,TX,Lubbock,79401,110
2021,2549000A72B92T5BS479,57-0282578,3,589523,589523,Bank of Travelers Rest,SC,Travelers Rest,804903,0,2730383,,2730383,"TRAVELERS REST BANCSHARES, INC.",2021,4,2549000A72B92T5BS479,3,Bank of Travelers Rest,SC,Travelers Rest,29690,336
2021,549300MCPCNPQAOB4032,72-1441479,7,3915431,3915431,GMFS LLC,DE,CAMDEN,-1,3,-1,,-1,,2021,4,549300MCPCNPQAOB4032,7,"GMFS, LLC",LA,BATON ROUGE,70806,21098
2021,2549002W5VVAQ5IH5726,37-0296600,3,936837,936837,Goodfield State Bank,IL,Goodfield,134438,0,3154333,,3154333,GOODFIELD FINANCIAL CORPORATION,2021,4,2549002W5VVAQ5IH5726,3,GOODFIELD STATE BANK,IL,GOODFIELD,61742,379
2021,254900DON8SDKGYIL122,59-2398789,1,44433,44433,"Intercredit Bank, National Association",FL,Miami,362311,0,-1,,-1,,2021,4,254900DON8SDKGYIL122,1,"Intercredit Bank, N.A.",FL,Miami,33134,81
2021,254900KE1KGYIP021V52,34-4249625,1,295011,295011,Greenville National Bank,OH,Greenville,484775,0,1071566,,1071566,GREENVILLE NATIONAL BANCORP,2021,4,254900KE1KGYIP021V52,1,Greenville National Bank,OH,Greenville,45331,411
2021,549300L4PTYXDMX1GS50,04-2206928,5,690483,690483,MERRIMACK VALLEY,MA,Lawrence,1074575,0,-1,,-1,,2021,4,549300L4PTYXDMX1GS50,5,MERRIMACK VALLEY CREDIT UNION,MA,LAWRENCE,01843,991
2021,549300F7S6KEMTKK0546,74-0935612,1,537560,537560,"Extraco Banks, National Association",TX,Temple,1525058,0,1987519,,1104923,EXTRACO CORPORATION,2021,4,549300F7S6KEMTKK0546,1,"EXTRACO BANKS, NA",TX,TEMPLE,76501,741
2021,549300OCBGBM6IS0J130,61-0360420,5,607294,607294,TRANSCEND,KY,Louisville,445359,0,-1,,-1,,2021,4,549300OCBGBM6IS0J130,5,Transcend Credit Union,KY,Louisville,40218,707
2021,549300XSCD2USU6CQ848,04-1148820,3,627108,627108,Cape Ann Savings Bank,MA,Gloucester,683203,0,-1,,-1,,2021,4,549300XSCD2USU6CQ848,3,Cape Ann Savings Bank,MA,Gloucester,01930,448
2021,549300PU6VF7RGG5TI18,42-0773825,5,530794,530794,Serve Credit Union,IA,Des Moines,75147,0,-1,,-1,,2021,4,549300PU6VF7RGG5TI18,5,Serve Credit Union,IA,Des Moines,50309,153
2021,549300JKR164SLNO6Y85,20-5973457,7,4437798,4437798,"NATIONS RELIABLE LENDING, LLC",DE,DOVER,-1,3,-1,,-1,,2021,4,549300JKR164SLNO6Y85,7,NATIONS RELIABLE LENDING LLC,TX,HOUSTON,77027,14473
2021,54930085BPQMVH9JFX69,14-1471439,5,483180,483180,HUDSON VALLEY CREDIT UNION,NY,Poughkeepsie,5351288,0,-1,,-1,,2021,4,54930085BPQMVH9JFX69,5,HUDSON VALLEY CREDIT UNION,NY,POUGHKEEPSIE,12602,6911
2021,549300KJKBXR3PD3QQ56,35-2180985,7,35-2180985,-1,RAPID MORTGAGE COMPANY,OH,CINCINNATI,-1,3,-1,,-1,,2021,4,549300KJKBXR3PD3QQ56,7,RAPID MORTGAGE COMPANY,OH,CINCINNATI,45249,3699
2021,2549001IK7UDPADKAG34,93-0243503,5,219594,219594,Unitus Community Credit Union,OR,Portland,1340089,0,-1,,-1,,2021,4,2549001IK7UDPADKAG34,5,Unitus Community Credit Union,OR,Portland,97201,2735
2021,549300QX1R00EP1GE389,81-0761829,3,,3028902,Premier Valley Bank,CA,Fresno,903220,0,1206546,,1206546,"HEARTLAND FINANCIAL USA, INC.",2021,4,549300QX1R00EP1GE389,3,PREMIER VALLEY BANK,CA,FRESNO,93720,103
2021,5493008M2HP1C1B9LU12,23-0962030,3,556815,556815,"PEOPLESBANK, A CODORUS VALLEY COMPANY",PA,York,1883140,0,1142475,,1142475,"CODORUS VALLEY BANCORP, INC.",2021,4,5493008M2HP1C1B9LU12,3,"PEOPLESBANK, A CODORUS VALLEY",PA,YORK,17403,1282
2021,254900R0GC9CW77VXE28,56-6047874,5,36698,36698,Telco Community Credit Union,NC,Asheville,198671,0,-1,,-1,,2021,4,254900R0GC9CW77VXE28,5,Telco Community Credit Union,NC,Asheville,28806,255
2021,549300EES32R2VOEK894,39-1373892,2,408642,408642,Bankers' Bank,WI,Madison,720844,0,1209958,"BANKERS' BANCORPORATION, INC.",1209958,"BANKERS' BANCORPORATION, INC.",2021,4,549300EES32R2VOEK894,2,BANKERS' BANK,WI,MADISON,53717,2225
2021,549300WOJCNL7B110W30,20-2274763,3,3357219,3357219,Open Bank,CA,Los Angeles,1179378,0,4980409,,4980409,OP BANCORP,2021,4,549300WOJCNL7B110W30,3,OPEN BANK,CA,LOS ANGELES,90017,167
2021,549300MOKX1F2TX1WK17,43-0216410,3,1001853,1001853,Citizens Bank,MO,New Haven,225111,0,1099784,,1099784,"CITIZENS FINANCIAL GROUP, INC.",2021,4,549300MOKX1F2TX1WK17,3,Citizens Bank,MO,New Haven,63068,320
2021,549300PKEQ3Q9S0IXW76,38-1393400,5,907882,907882,UNITED,MI,Saint Joseph,2877075,0,-1,,-1,,2021,4,549300PKEQ3Q9S0IXW76,5,United Federal Credit Union,MI,St. Joseph,49085,7635
2021,549300DQLGJ1YQRRHH73,75-1486899,5,982281,982281,Southwest Airlines Federal Credit Union,TX,Dallas,588660,0,-1,,-1,,2021,4,549300DQLGJ1YQRRHH73,5,SOUTHWEST AIRLINES FCU,TX,DALLAS,75235,587
2021,549300AHVQ1LDFNP8P69,75-1160447,1,913753,913753,Inwood National Bank,TX,Dallas,3038098,0,2341743,,1134498,"INWOOD BANCSHARES, INC.",2021,4,549300AHVQ1LDFNP8P69,1,Inwood National Bank,TX,Dallas,75209,856
2021,5493000D6RXLNBZQYA47,91-0617775,5,452588,452588,COLUMBIA COMMUNITY CREDIT UNION,WA,Vancouver,1701571,0,-1,,-1,,2021,4,5493000D6RXLNBZQYA47,5,COLUMBIA CREDIT UNION,WA,VANCOUVER,98666,3218
2021,549300B95782G2DYRD47,27-1140364,3,4165907,4165907,Lakeside Bank,LA,Lake Charles,216052,0,5166134,,5166134,"LAKESIDE BANCSHARES, INC.",2021,4,549300B95782G2DYRD47,3,Lakeside Bank,LA,Lake Charles,70606,90
2021,549300YFPHIE78XPP635,06-0472240,3,507509,507509,Newtown Savings Bank,CT,Newtown,1334086,0,5045435,,5045444,NSB MUTUAL HOLDING COMPANY,2021,4,549300YFPHIE78XPP635,3,Newtown Savings Bank,CT,Newtown,06470,1550
2021,5493009N6Q6LPQ4CL708,31-1488064,7,5138896,5138896,SIGNATURE MORTGAGE CORPORATION,OH,AKRON,-1,3,-1,,-1,,2021,4,5493009N6Q6LPQ4CL708,7,Signature Mortgage Corpporation,OH,Canton,44718,1608
2021,549300EXKS98GEONUS84,42-0109590,3,1006148,1006148,Farmers State Bank,IA,Marion,848569,0,1200124,,1200124,"NEIGHBOR INSURANCE AGENCY, INC.",2021,4,549300EXKS98GEONUS84,3,FARMERS STATE BANK,IA,MARION,52302,451
2021,549300DFCG6GF21KOW34,94-1243656,5,550288,550288,EXCITE Credit Union,CA,San Jose,513821,0,-1,,-1,,2021,4,549300DFCG6GF21KOW34,5,EXCITE CREDIT UNION,CA,SAN JOSE,95119,403
2021,549300BPO83ZZLEVGG70,23-0995065,3,852713,852713,QNB Bank,PA,Quakertown,1212554,0,1118434,,1118434,QNB CORP.,2021,4,549300BPO83ZZLEVGG70,3,QNB BANK,PA,QUAKERTOWN,18951,458
2021,II61D6IY86YZ37HBBL25,42-0127385,3,811046,811046,Bankers Trust Company,IA,Des Moines,4981719,0,1201671,,1201671,BTC FINANCIAL CORPORATION,2021,4,II61D6IY86YZ37HBBL25,3,BANKERS TRUST COMPANY,IA,DES MOINES,50309,1212
2021,254900FG1PR8UNV77C36,63-0258819,3,655839,655839,CCB Community Bank,AL,Andalusia,496366,0,1020395,,1020395,SOUTHERN NATIONAL CORPORATION,2021,4,254900FG1PR8UNV77C36,3,CCB Community Bank,AL,Andalusia,36420,243
2021,549300M59800JNGYFP30,75-0913075,5,693895,693895,EAST TEXAS PROFESSIONAL Credit Union,TX,Longview,653193,0,-1,,-1,,2021,4,549300M59800JNGYFP30,5,East Texas Professional C.U.,TX,LONGVIEW,75605-7916,457
2021,549300F175WFRUKLMG10,35-0987917,5,31394,31394,INDIANA UNIVERSITY CREDIT UNION,IN,Bloomington,1144998,0,-1,,-1,,2021,4,549300F175WFRUKLMG10,5,Indiana University CU,IN,Bloomington,47401,1317
2021,549300C25OR47JWZ1L21,39-0744917,5,1002597,1002597,PROSPERA Credit Union,WI,Appleton,291319,0,-1,,-1,,2021,4,549300C25OR47JWZ1L21,5,Prospera Credit Union,WI,Appleton,54913,529
2021,2549002U96ZPEAFKGZ11,01-0026062,1,583071,583071,First Federal Savings and Loan Association of Bath,ME,Bath,134853,0,-1,,-1,,2021,4,2549002U96ZPEAFKGZ11,1,First Federal Savings and Loan Assoc. of Bath,ME,Bath,04530,155
2021,5493005KZM1DEUYVS783,85-0020635,3,771458,771458,First American Bank,NM,Artesia,1215580,0,1108967,,1108967,"FIRST ARTESIA BANCSHARES, INC.",2021,4,5493005KZM1DEUYVS783,3,FIRST AMERICAN BANK,NM,ARTESIA,88210,876
2021,549300M4GZM7GG3EIV16,57-0115230,3,6329,6329,Anderson Brothers Bank,SC,Mullins,876534,0,1138197,,1138197,"ANDERSON BANCSHARES, INC.",2021,4,549300M4GZM7GG3EIV16,3,ANDERSON BROTHERS BANK,SC,MULLINS,29574,455
2021,549300038578ZJ284Y20,35-2551832,7,,-1,"SILVER HILL FUNDING, LLC",DE,WILMINGTON,-1,3,-1,,-1,,2021,4,549300038578ZJ284Y20,7,"Silver Hill Funding, LLC",FL,Coral Gables,33146,1646
2021,549300QLL0WGOPA6R131,20-2895970,3,3376733,3376733,LincolnWay Community Bank,IL,New Lenox,236685,0,3802278,,3802278,"LWCBANCORP, INC.",2021,4,549300QLL0WGOPA6R131,3,Lincolnway Community Bank,IL,New Lenox,60451,140
2021,549300G5ZQEXZC4Y5G44,95-1715669,5,321899,321899,UNIVERSITY CREDIT UNION,CA,Los Angeles,739871,0,-1,,-1,,2021,4,549300G5ZQEXZC4Y5G44,5,University Credit Union,CA,Los Angeles,90025,565
2021,549300CPZ5G5IZWT7878,04-1584100,3,818401,818401,Main Street Bank,MA,Marlborough,1016156,0,3469363,,3469354,MAIN STREET GROUP BANCSHARES MHC,2021,4,549300CPZ5G5IZWT7878,3,Main Street Bank,MA,Marlborough,01432,913
2021,549300ONBM4MGXXBTA44,32-0016270,7,4320416,4320416,"AMCAP MORTGAGE, LTD.",TX,HOUSTON,-1,3,-1,,-1,,2021,4,549300ONBM4MGXXBTA44,7,AMCAP Mortgage Ltd,TX,Houston,77036,26899
2021,5493000FE7FNF0BV8N77,31-0393100,2,615217,615217,The North Side Bank & Trust Company,OH,Cincinnati,754618,0,-1,,-1,,2021,4,5493000FE7FNF0BV8N77,2,North Side Bank and Trust Co,OH,Cincinnati,45223,257
2021,2549003O1765OJT2BV03,20-5071344,3,,3388482,American Riviera Bank,CA,Santa Barbara,719000,0,-1,,-1,,2021,4,2549003O1765OJT2BV03,3,AMERICAN RIVIERA BANK,CA,SANTA BARBARA,93101,80
2021,549300BDG3JYX3L37670,61-1223567,3,344816,344816,Citizens Deposit Bank & Trust,KY,Vanceburg,552890,0,2007647,,2007647,"PREMIER FINANCIAL BANCORP, INC.",2021,4,549300BDG3JYX3L37670,3,Citizens Deposit B & T,OH,Marietta,45750,103
2021,5493007KLU19FK8PG279,52-0599025,5,377672,377672,NATIONAL INSTITUTES OF HEALTH FEDERAL CREDIT UNION,MD,Rockville,669339,0,-1,,-1,,2021,4,5493007KLU19FK8PG279,5,NIH FEDERAL CREDIT UNION,MD,ROCKVILLE,20850,868
2021,549300NAZLKUFCJIO704,64-0310015,5,117270,117270,RIVERTRUST Federal Credit Union,MS,Pearl,164252,0,-1,,-1,,2021,4,549300NAZLKUFCJIO704,5,Rivertrust Federal Credit Union,MS,Pearl,39288,106
2021,549300T7RPUYDIE5FH39,06-0701899,5,603296,603296,MUTUAL SECURITY CREDIT UNION,CT,SHELTON,319353,0,-1,,-1,,2021,4,549300T7RPUYDIE5FH39,5,Mutual Security Credit Union,CT,Shelton,06484,180
2021,2549004EXIAAMK5CLH54,59-3277398,2,876634,876634,Capital City Bank,FL,Tallahassee,3080900,0,1085509,,1085509,"CAPITAL CITY BANK GROUP, INC.",2021,4,2549004EXIAAMK5CLH54,2,CAPITAL CITY BANK,FL,TALLAHASSEE,32301,1319
2021,984500BCD760BG10F610,55-0456615,5,,406086,One Community Federal Credit Union,WV,Parkersburg,79214,0,-1,,-1,,2021,4,984500BCD760BG10F610,5,ONE COMMUNITY FCU,WV,PARKERSBURG,26101,3
2021,54930040HIIQWXRS6K39,91-1529683,7,,-1,"LO, INC.",WA,BELLEVUE,-1,3,-1,,-1,,2021,4,54930040HIIQWXRS6K39,7,Lo Inc. DBA Reliance Mortgage,WA,Bellevue,98005,1199
2021,549300ASFUWYQO0RW077,81-2566626,7,3696383,3696383,"Arbor Realty Trust, Inc.",NY,Albany,-1,3,-1,,-1,,2021,4,549300ASFUWYQO0RW077,7,"Arbor Realty Trust, Inc.",NY,Uniondale,11553,1030
2021,549300TULDV69V2XKY60,53-0197042,5,978471,978471,United States Senate Federal Credit Union,VA,Alexandria,1021823,0,-1,,-1,,2021,4,549300TULDV69V2XKY60,5,UNITED STATES SENATE FEDERAL CREDIT UNION,DC,WASHINGTON,20013-8920,607
2021,549300KWXO8FUM7L0E14,06-0452570,3,587800,587800,Liberty Bank,CT,Middletown,5814075,0,-1,,-1,,2021,4,549300KWXO8FUM7L0E14,3,Liberty Bank,CT,Middletown,06457,3830
2021,5493006KM0C07F0DE248,73-1432800,7,4438982,4438982,"FIRST AMERICAN MORTGAGE, INC.",OK,YUKON,-1,3,-1,,-1,,2021,4,5493006KM0C07F0DE248,7,"First American Mortgage, Inc.",OK,Yukon,73099,652
2021,549300T1F1BRPWSZT586,23-7377176,5,198185,198185,GENESEE VALLEY,NY,Geneseo,91386,0,-1,,-1,,2021,4,549300T1F1BRPWSZT586,5,GENESEE VALLEY FEDERAL CREDIT UNIION,NY,GENESEO,14454,198
2021,549300TJCGICP5CDWM63,81-2244977,7,81-2244977,-1,"CONWAY FINANCIAL SERVICES, LLC",DE,WILMINGTON,-1,3,-1,,-1,,2021,4,549300TJCGICP5CDWM63,7,"CONWAY FINANCIAL SERVICES, LLC",SC,GREENVILLE,29601,346
2021,549300WX4YO71NFO5362,74-1139126,5,60170,60170,HOUSTON POLICE FEDERAL CREDIT UNION,TX,Houston,751409,0,-1,,-1,,2021,4,549300WX4YO71NFO5362,5,HOUSTON POLICE FEDERAL CREDIT UNION,TX,Houston,77007,207
2021,549300TN34NXD7N44O04,42-0162020,3,3320781,3320781,Two Rivers Bank & Trust,IA,Burlington,853289,0,1947102,,1947102,"TWO RIVERS FINANCIAL GROUP, INC.",2021,4,549300TN34NXD7N44O04,3,Two Rivers Bank & Trust,IA,Burlington,52601,458
2021,549300PTYDNRSYG5A828,33-0011033,1,773470,773470,Malaga Bank F.S.B,CA,Palos Verdes Estates,1247452,0,3842528,,3842528,MALAGA FINANCIAL CORPORATION,2021,4,549300PTYDNRSYG5A828,1,"Malaga Bank, FSB",CA,Palos Verdes Estates,90274,160
2021,25490039MDCTJ7ZJ8204,43-0704245,5,449092,449092,Century Credit Union,MO,Saint Louis,113770,0,-1,,-1,,2021,4,25490039MDCTJ7ZJ8204,5,CENTURY CREDIT UNION,MO,SAINT LOUIS,63125,78
2021,549300ISBO500DQ50239,34-0714303,5,971678,971678,BFG Federal Credit Union,OH,Akron,144236,0,-1,,-1,,2021,4,549300ISBO500DQ50239,5,BFG FEDERAL CREDIT UNION,OH,AKRON,44311,14
2021,5493001HHBUTXHS7TZ96,84-0927358,7,1587704,1587704,HOMEAMERICAN MORTGAGE CORPORATION,CO,Centennial,-1,2,-1,,-1,,2021,4,5493001HHBUTXHS7TZ96,7,HomeAmerican Mortgage Corporation,CO,Denver,80237,10149
2021,549300ZUNYZG3NYL2P40,36-1710600,3,649874,649874,"ROYAL FINANCIAL, INC.",DE,WILMINGTON,404765,0,3305760,,3305760,"ROYAL FINANCIAL, INC.",2021,4,549300ZUNYZG3NYL2P40,3,Royal Savings Bank,IL,Chicago,60617,319
2021,549300OF721EQSY24237,59-2943096,7,3915486,3915486,"TRUSTLINE MORTGAGE, INC.",FL,JACKSONVILLE,-1,3,-1,,-1,,2021,4,549300OF721EQSY24237,7,"TrustLine Mortgage, Inc.",FL,Jacksonville,32257,55
2021,549300BREPLU2KKPI102,71-0058845,1,397540,397540,The First National Bank of Fort Smith,AR,Fort Smith,1353866,0,1491360,,1491360,FIRST BANK CORP,2021,4,549300BREPLU2KKPI102,1,First National Bank of Fort Smith,AR,Rogers,72756,1114
2021,549300RDN1T32WR2WF91,44-0162310,2,397755,397755,Legacy Bank & Trust Company,MO,Rogersville,302387,0,3157017,,1095469,"CENTURY BANCSHARES, INC.",2021,4,549300RDN1T32WR2WF91,2,LEGACY BANK & TRUST,MO,MOUNTAIN GROVE,65711,237
2021,549300ESJ15K604ZW846,20-5113139,7,4437734,4437734,"CORNERSTONE MORTGAGE PARTNERS OF TEXAS, L.P.",TX,HOUSTON,-1,3,-1,,-1,,2021,4,549300ESJ15K604ZW846,7,CMC HOME LENDING,TX,HOUSTON,77027,1297
2021,549300DK8GVTLGSA4H75,62-0201400,1,966731,966731,The First National Bank of Oneida,TN,Oneida,221703,0,-1,,-1,,2021,4,549300DK8GVTLGSA4H75,1,FIRST NATIONAL BANK OF ONEIDA,TN,ONEIDA,37841,203
2021,549300MP3KK77THHQT36,91-1069728,3,307679,307679,Bank of the Pacific,WA,Aberdeen,928657,0,2560236,,2560236,PACIFIC FINANCIAL CORPORATION,2021,4,549300MP3KK77THHQT36,3,Bank of the Pacific,WA,Aberdeen,98520,1677
2021,549300HD3IJR9YCUG196,47-0376012,7,2415578,2415578,"Farm Credit Services of America, FLCA",NE,Omaha,-1,3,-1,,-1,,2021,4,549300HD3IJR9YCUG196,7,Farm Credit Services of America,NE,Omaha,68137,43
2021,549300EB748TPUCF9H23,48-0435770,3,785950,785950,Legacy Bank,KS,Colwich,468066,0,1416448,,1416448,COLWICH FINANCIAL CORPORATION,2021,4,549300EB748TPUCF9H23,3,LEGACY BANK,KS,WICHITA,67205,178
2021,LDVFX8JEECFFE8HRWA73,47-0259043,9,527954,527954,First National Bank of Omaha,NE,Omaha,22555038,0,1020902,,1066209,LAURITZEN CORPORATION,2021,4,LDVFX8JEECFFE8HRWA73,9,FIRST NATIONAL BANK OF OMAHA,NE,OMAHA,68197,15865
2021,549300Q10M1VXBG2H889,58-2200634,7,4320694,4320694,"MILEND, INC.",GA,Alpharetta,-1,3,-1,,-1,,2021,4,549300Q10M1VXBG2H889,7,"MiLEND, Inc.",GA,Alpharetta,30009,5830
2021,549300KY533JFETOYG46,39-0203995,5,572495,572495,Landmark Credit Union,WI,New Berlin,4463283,0,-1,,-1,,2021,4,549300KY533JFETOYG46,5,Landmark Credit Union,WI,Brookfield,53005,16530
2021,549300W1HU6IVVIEJ389,87-0682600,7,3877593,3877593,"RANLIFE, INC.",UT,SANDY,-1,3,-1,,-1,,2021,4,549300W1HU6IVVIEJ389,7,"RANLife, Inc.",UT,Sandy,84070,3916
2021,549300NJVKCDJA5YC939,20-0640473,7,4323716,4323716,"HOMEOWNERS FINANCIAL GROUP USA, LLC",AZ,SCOTTSDALE,-1,3,-1,,-1,,2021,4,549300NJVKCDJA5YC939,7,"Homeowners Financial Group, LLC",AZ,Scottsdale,85254,14376
2021,549300BYPXU2L51NW896,38-6066199,5,198390,198390,TEAM ONE CREDIT UNION,MI,SAGINAW,569349,0,-1,,-1,,2021,4,549300BYPXU2L51NW896,5,Team One Credit Union,MI,Saginaw,48607,640
2021,549300FMSW7QU9K8BB98,35-0798769,7,3871407,3871407,LAKE MORTGAGE COMPANY INC,IN,Merrillville,-1,3,-1,,-1,,2021,4,549300FMSW7QU9K8BB98,7,"Lake Mortgage Company, Inc.",IN,Merrillville,46410,460
2021,254900TTZ395IC926125,68-0101170,7,3875179,3875179,"Sierra Pacific Mortgage Company, Inc.",CA,Los Angeles,-1,3,-1,,-1,,2021,4,254900TTZ395IC926125,7,Sierra Pacific Mortgage Co. Inc,CA,Folsom,95630,30450
2021,549300QTN66CFMVWLH03,41-0400045,5,921794,921794,MAYO EMPLOYEES FEDERAL CREDIT UNION,MN,Rochester,1026124,-1,-1,,-1,,2021,4,549300QTN66CFMVWLH03,5,MAYO EMPLOYEES FEDERAL CREDIT UNION,MN,ROCHESTER,55902,713
2021,549300DDJB48AVV1SO96,76-0079774,7,3844849,3844849,"HOME FINANCING UNLIMITED, INC.",TX,Austin,-1,3,-1,,-1,,2021,4,549300DDJB48AVV1SO96,7,"HOME FINANCING UNLIMITED, INC",TX,AUSTIN,78746,1110
2021,549300PZ44DNQDPOV865,47-0098450,3,913856,913856,Pinnacle Bank,NE,Lincoln,5333783,0,1053272,,1053272,"PINNACLE BANCORP, INC.",2021,4,549300PZ44DNQDPOV865,3,PINNACLE BANK,NE,LINCOLN,68508,4457
2021,549300OO44FL6BHIUV48,52-1720545,7,4185419,4185419,1ST PREFERENCE MORTGAGE CORP.,MD,TOWSON,-1,3,-1,,-1,,2021,4,549300OO44FL6BHIUV48,7,1st Preference Mortgage Corp,MD,Baltimore,21236,771
2021,549300VJQJVZKJBDWS17,06-1484285,7,4184346,4184346,"TOTAL MORTGAGE SERVICES, LLC",CT,MILFORD,-1,3,-1,,-1,,2021,4,549300VJQJVZKJBDWS17,7,"TOTAL MORTGAGE SERVICES, LLC",CT,MILFORD,06461,13325
2021,549300KCR7QWQQCWBG94,46-0133683,3,108951,108951,Reliabank Dakota,SD,Estelline,471230,0,1363980,,1363980,"BIG SIOUX FINANCIAL, INC.",2021,4,549300KCR7QWQQCWBG94,3,RELIABANK DAKOTA,SD,Watertown,57201,727
2021,549300PHUZ7U5WPH7Z38,74-0560700,1,181963,181963,The City National Bank of Taylor,TX,Taylor,197116,0,1109825,,1109825,"CNB FINANCIAL CORPORATION, INC.",2021,4,549300PHUZ7U5WPH7Z38,1,City National Bank of Taylor,TX,Taylor,76574-1099,99
2021,549300BDFK1ZR5QSYO15,74-1109882,5,360272,360272,TEXELL Credit Union,TX,Temple,406685,0,-1,,-1,,2021,4,549300BDFK1ZR5QSYO15,5,TEXELL CREDIT UNION,TX,TEMPLE,76503,472
2021,549300DMYENRV818D594,74-2508160,7,4323912,4323912,SWBC MORTGAGE CORPORATION,TX,SAN ANTONIO,-1,3,-1,,-1,,2021,4,549300DMYENRV818D594,7,SWBC Mortgage Corporation,TX,San Antonio,78216,26810
2021,549300PZATEYE8VIEN67,47-3980438,7,,-1,"SMART CHOICE MORTGAGE, A TEXAS LIMITED LIABILITY C",TX,HOUSTON,-1,3,-1,,-1,,2021,4,549300PZATEYE8VIEN67,7,"Smart Choice Mortgage, LLC",TX,Shavano Park,78231,276
2021,5493006CRT5VJ5L0N291,38-2608161,5,530598,530598,COMMUNITY FIRST,MI,Lakeview,68091,0,-1,,-1,,2021,4,5493006CRT5VJ5L0N291,5,Community First Federal Credit,MI,Lakeview,48850,322
2021,549300U7UH8QCS8WQ406,35-1163349,5,175980,175980,PURDUE FEDERAL CREDIT UNION,IN,West Lafayette,1363833,0,-1,,-1,,2021,4,549300U7UH8QCS8WQ406,5,Purdue Federal Cu,IN,West Lafayette,47906,2855
2021,549300H3YPB6EJ1RV917,35-0309560,2,312244,312244,First Bank of Berne,IN,Berne,714301,0,1133008,,1133008,FIRST BERNE FINANCIAL CORPORATION,2021,4,549300H3YPB6EJ1RV917,2,First Bank of Berne,IN,Berne,46711,526
2021,5493009SFPZZ40DZTK92,01-6015389,5,345783,345783,PEOPLESCHOICE CREDIT UNION,ME,Saco,211780,0,-1,,-1,,2021,4,5493009SFPZZ40DZTK92,5,PeoplesChoice Credit Union,ME,Saco,04072,205
2021,549300UYF8OQLB7L7745,71-0239411,5,834773,834773,PINE BLUFF COTTON BELT Federal Credit Union,AR,Pine Bluff,58749,0,-1,,-1,,2021,4,549300UYF8OQLB7L7745,5,Pine Bluff Cotton Belt FCU,AR,Pine Bluff,71601,69
2021,254900CORCK9CDK8GZ80,38-1582963,5,161394,161394,FreeStar Financial Credit Union,MI,Clinton Township,226675,0,-1,,-1,,2021,4,254900CORCK9CDK8GZ80,5,FreeStar Financial Credit Union,MI,Mt Clemens,48046,284
2021,549300EB335VA0W9HB45,84-0425202,5,835976,835976,ROCKY MOUNTAIN LAW ENFORCEMENT,CO,Lone Tree,-1,0,-1,,-1,,2021,4,549300EB335VA0W9HB45,5,Rocky Mountain Law Enforcement Federal Credit Union,CO,Denver,80216,147
2021,549300D0VFMYLU9S6Q87,30-1159967,7,,-1,"Premium Security, Inc.",,,-1,-1,-1,,-1,,2021,4,549300D0VFMYLU9S6Q87,7,"Premium Security, Inc. dba Homecision",NV,Henderson,89074,2524
2021,2549003K48UGTWEK6O31,45-4000168,7,,-1,Secured Investment Corp.,WY,Sheridan,-1,3,-1,,-1,,2021,4,2549003K48UGTWEK6O31,7,Secured Investment Corp,ID,Coeur d'Alene,83814,2171
2021,254900FE6QJXGH3VIA90,52-0708990,5,994882,994882,ACT 1ST FCU,MD,CUMBERALND,133507,0,-1,,-1,,2021,4,254900FE6QJXGH3VIA90,5,ACT 1ST FCU,MD,LAVALE,21502,55
2021,5493004OOUJA3N8LL077,39-0240160,3,222446,222446,Denmark State Bank,WI,Denmark,539656,0,1209789,,1209789,"DENMARK BANCSHARES, INC.",2021,4,5493004OOUJA3N8LL077,3,Denmark State Bank,WI,Denmark,54208,544
2021,549300KNZ6E1MM7RQQ04,55-0131840,2,886624,886624,Clear Mountain Bank,WV,Bruceton Mills,648623,0,1076150,,1076150,"STATE BANCORP, INC.",2021,4,549300KNZ6E1MM7RQQ04,2,CLEAR MOUNTAIN BANK,WV,BRUCETON MILLS,26525,1163
2021,549300D3LYUX1NJVC329,26-2637667,7,2023423,2023423,"MORTGAGE CAPITAL PARTNERS, INC.",CA,SAN DIEGO,-1,3,-1,,-1,,2021,4,549300D3LYUX1NJVC329,7,"Mortgage Capital Partners, Inc.",CA,Los Angeles,90025,2572
2021,549300VMVKSQE1B7DD43,01-0039505,1,593007,593007,The Camden National Bank,ME,Camden,4410250,0,1130249,,1130249,CAMDEN NATIONAL CORPORATION,2021,4,549300VMVKSQE1B7DD43,1,THE CAMDEN NATIONAL BANK,ME,CAMDEN,04856,4701
2021,5493004M1U54OO4KKE09,76-0678163,7,4437800,4437800,"PRIORITY HOME MORTGAGE, L.P.",TX,HOUSTON,-1,3,-1,,-1,,2021,4,5493004M1U54OO4KKE09,7,"Priority Home Mortgage, L.P.",TX,HOUSTON,77072,2143
2021,254900LUVSH5K254AU10,38-1066460,3,961343,961343,The Shelby State Bank,MI,Shelby,277492,0,1493001,,1493001,SHELBY FINANCIAL CORPORATION,2021,4,254900LUVSH5K254AU10,3,Shelby State Bank,MI,Shelby,49455,324
2021,549300S7TI0GLKSB4C78,38-1506104,5,724490,724490,T&I Credit union,MI,Clawson,74267,0,-1,,-1,,2021,4,549300S7TI0GLKSB4C78,5,T&I Credit Union,MI,Clawson,48017,43
2021,549300JE6M4A1G4LPS75,43-0170190,3,330855,330855,The Bank of Missouri,MO,Perryville,1813626,0,1416439,,1416439,"RELIABLE COMMUNITY BANCSHARES, INC.",2021,4,549300JE6M4A1G4LPS75,3,THE BANK OF MISSOURI,MO,PERRYVILLE,63775,1715
2021,5493005J49KPXDXUC959,74-1249903,2,31255,31255,Central Bank,TX,Houston,776345,0,1106468,,1106468,"CENTRAL BANCSHARES, INC.",2021,4,5493005J49KPXDXUC959,2,Central Bank,TX,Houston,77041,423
2021,254900VLNEK78XKF3M52,39-0284766,3,835770,835770,Fox Valley Savings Bank,WI,Fond du Lac,340497,-1,-1,,-1,,2021,4,254900VLNEK78XKF3M52,3,Fox Valley Savings Bank,WI,Fond du Lac,54935,727
2021,549300D7OB5W5CJHFO55,59-0653174,5,24994,24994,BRIGHTSTAR,FL,Sunrise,518452,0,-1,,-1,,2021,4,549300D7OB5W5CJHFO55,5,BrightStar Credit Union,FL,Sunrise,33313,771
2021,549300CM7HYHZ1MEJ624,87-0310100,3,995076,995076,Cache Valley Bank,UT,Logan,1407956,0,2324997,,2324997,CACHE VALLEY BANKING COMPANY,2021,4,549300CM7HYHZ1MEJ624,3,CACHE VALLEY BANK,UT,LOGAN,84321,1296
2021,254900T37KTTXKCK3416,93-6024307,5,179689,179689,Rivermark Community Credit Union,OR,Beaverton,869108,0,-1,,-1,,2021,4,254900T37KTTXKCK3416,5,RIVERMARK COMMUNITY CREDIT UNION,OR,BEAVERTON,97076-4044,2239
2021,9845001ADACA7A75EE02,81-3473847,9,,-1,"CROWDCOPIA, LLC",DE,WILMINGTON,-1,3,-1,,-1,,2021,4,9845001ADACA7A75EE02,9,Crowdcopia LLC,PA,Lansdowne,19050,430
2021,549300IV5SQUT73JEX09,45-3337923,7,45-3337923,-1,LANCASTER MORTGAGE COMPANY,PA,Lancaster,-1,3,-1,,-1,,2021,4,549300IV5SQUT73JEX09,7,Lancaster Mortgage Company,PA,Lancaster,17601-4287,36
2021,5493006F1L6NRWMNY260,26-1454386,3,3793714,3793714,Hanover Community Bank,NY,Garden City Park,861575,-1,5010134,,5010134,HANOVER BANCORP INC.,2021,4,5493006F1L6NRWMNY260,3,Hanover Community Bank,NY,Mineola,11501,390
2021,549300850R07HZO8MY41,45-5139677,7,45-5139677,-1,BNB FINANCIAL INC.,CA,GLENDALE,-1,3,-1,,-1,,2021,4,549300850R07HZO8MY41,7,BNB FINANCIAL INC,CA,GLENDALE,91203,204
2021,54930098WTIWNSB1OV47,39-0634530,3,130345,130345,Community State Bank,WI,Union Grove,393464,0,1202098,,3195671,COMMUNITY STATE BANK EMPLOYEE STOCK OWNERSHIP PLAN AND TRUST,2021,4,54930098WTIWNSB1OV47,3,Community State Bank,WI,Union Grove,53182,490
2021,549300WN1LQYJX9HOU28,62-0194780,3,1016231,1016231,Mountain Commerce Bank,TN,Knoxville,906695,0,3416965,,3416965,"MOUNTAIN COMMERCE BANCORP, INC.",2021,4,549300WN1LQYJX9HOU28,3,MOUNTAIN COMMERCE BANK,TN,JOHNSON CITY,37615,353
2021,549300QNPOF1WCRKLZ94,94-1231186,5,996091,996091,San Mateo Credit Union,CA,Redwood City,1162160,0,-1,,-1,,2021,4,549300QNPOF1WCRKLZ94,5,SAN MATEO CREDIT UNION,CA,REDWOOD CITY,94063,1115
2021,5493006CXHXIFN8Q4S89,22-1579866,5,525080,525080,KBR HERITAGE,TX,HOUSTON,82315,0,-1,,-1,,2021,4,5493006CXHXIFN8Q4S89,5,KBR HERITAGE FEDERAL CREDIT UNION,TX,Houston,77002,32
2021,549300D2OYT7VTDY6Z20,53-0197903,5,574275,574275,ANDREWS FEDERAL CREDIT UNION,MD,Suitland,2060114,0,-1,,-1,,2021,4,549300D2OYT7VTDY6Z20,5,ANDREWS FEDERAL CREDIT UNION,MD,SUITLAND,20746,1608
2021,5493003K28DNSKKT2059,73-1108238,3,732178,732178,Grand Savings Bank,OK,Grove,541467,0,4521334,,4521334,"GRAND BANCORP, INC.",2021,4,5493003K28DNSKKT2059,3,Grand Savings Bank,OK,Grove,74344,238
2021,5493005LE3FE2MIPPW66,20-4459706,7,3877418,3877418,"COAST 2 COAST FUNDING GROUP, INC.",CA,IRVINE,-1,3,-1,,-1,,2021,4,5493005LE3FE2MIPPW66,7,"Coast 2 Coast Funding Group, Inc",CA,Laker Forest,92630,539
2021,549300B4JDSKWJR1NR35,88-0508228,7,88-0508228,-1,HOME FUNDING CORPORATION,NV,LAS VEGAS,-1,3,-1,,-1,,2021,4,549300B4JDSKWJR1NR35,7,Home Funding Corporation,CA,Rancho Cucamonga,91730,583
2021,5493001ZYMBN3CK8LJ82,38-1080012,3,366078,366078,Sturgis Bank & Trust Company,MI,Sturgis,473438,0,3051571,,3051571,"STURGIS BANCORP, INC.",2021,4,5493001ZYMBN3CK8LJ82,3,STURGIS BANK & TRUST,MI,STURGIS,49091,90
2021,5493007ABXGXVK31KE79,95-4789675,7,,-1,PRIMUS LENDING CORP.,CA,LOS ANGELES,-1,3,-1,,-1,,2021,4,5493007ABXGXVK31KE79,7,Primus Lending Corp,CA,Los Angeles,90010,250
2021,549300FK7ZHTO2G1RM11,23-1733157,5,959685,959685,LANCO Federal Credit Union,PA,Lancaster,85030,0,-1,,-1,,2021,4,549300FK7ZHTO2G1RM11,5,Lanco Federal Credit Union,PA,Lancaster,17601,92
2021,549300LLKEKXL2RM1F61,04-3212636,7,3944703,3944703,CONTOUR MORTGAGE CORPORATION,DE,DOVER,-1,3,-1,,-1,,2021,4,549300LLKEKXL2RM1F61,7,Contour Mortgage Corporation,NY,Garden City,11530,9623
2021,254900BM3N9MMKAA9U54,75-1768645,1,,2161,Lamar National Bank,TX,Paris,184486,0,1136906,,1136906,"LAMAR BANCORPORATION, INC.",2021,4,254900BM3N9MMKAA9U54,1,Lamar National Bank,TX,Paris,75460-6303,129
2021,549300MTH7LUU0OHYB47,35-0309740,3,613679,613679,First Federal Savings Bank,IN,Evansville,452750,0,3832284,,3832284,"FIRST BANCORP OF INDIANA, INC.",2021,4,549300MTH7LUU0OHYB47,3,FIRST FEDERAL SAVINGS BANK,IN,EVANSVILLE,47706,697
2021,2549009M5QY5LPV18B47,88-0062909,5,455589,455589,Great Basin Federal Credit Union,NV,Reno,186901,0,-1,,-1,,2021,4,2549009M5QY5LPV18B47,5,Great Basin Federal Credit Union,NV,Reno,89511,227
2021,549300TTPRGSP8DGY569,53-0227896,5,295981,295981,WRIGHT PATMAN CONGRESSIONAL FEDERAL CREDIT UNION,VA,Oakton,996248,0,-1,,-1,,2021,4,549300TTPRGSP8DGY569,5,WRIGHT PATMAN CONGRESSIONAL FCU,VA,OAKTON,22124,935
2021,WVM1F03F86RQLLTEVE84,52-2099123,2,2652092,2652092,EagleBank,MD,Bethesda,8950172,0,2652104,,2652104,"EAGLE BANCORP, INC.",2021,4,WVM1F03F86RQLLTEVE84,2,EagleBank,MD,Rockville,20852,3015
2021,549300NDNZ6EWP8BJI88,42-0181970,2,187947,187947,Bank Iowa,IA,West Des Moines,1391958,0,1202762,,1202762,BANK IOWA CORPORATION,2021,4,549300NDNZ6EWP8BJI88,2,Bank Iowa,IA,West Des Moines,50266,1398
2021,549300PV90PV65OLDL82,38-1624824,5,201393,201393,MICHIGAN ONE COMMUNITY Credit Union,MI,Ionia,134484,0,-1,,-1,,2021,4,549300PV90PV65OLDL82,5,Michigan One Community Credit Union,MI,Ionia,48846,278
2021,549300YAGLRHLP0JP559,25-0567090,3,904171,904171,InFirst Bank,PA,Indiana,420177,0,4442233,,4442224,"INFIRST BANCORP, MHC",2021,4,549300YAGLRHLP0JP559,3,InFirst  Bank,PA,INDIANA,15701,767
2021,549300EQ09ZL8XSYZM84,04-1853350,3,1002373,1002373,Savers Co-operative Bank,MA,Southbridge,594422,0,-1,,-1,,2021,4,549300EQ09ZL8XSYZM84,3,SAVERS COOPERATIVE BANK,MA,SOUTHBRIDGE,01550,283
2021,549300P0GXZAWI355052,01-0111800,3,137205,137205,Machias Savings Bank,ME,Machias,1525860,0,2728586,,2728577,"MACHIAS BANCORP, MHC",2021,4,549300P0GXZAWI355052,3,Machias Savings Bank,ME,Machias,04654,1437
2021,5493002GI63WHHUTUD85,20-5475905,7,,-1,"KEYSTONE FUNDING, INC.",DE,DOVER,-1,3,-1,,-1,,2021,4,5493002GI63WHHUTUD85,7,Keystone Funding Inc,DE,Dover,19901,3199
2021,549300AT7S7TRS2KSX88,04-3694338,7,5027208,5027208,"1ST FINANCIAL, INC.",MD,MILLERSVILLE,-1,3,-1,,-1,,2021,4,549300AT7S7TRS2KSX88,7,"1st Financial, Inc.",MD,Linthicum,21090,2602
2021,213800KVD76WKI6PN868,54-1862878,7,3882113,3882113,"CAPITAL CENTER, L.L.C.",VA,GLEN ALLEN,-1,3,-1,,-1,,2021,4,213800KVD76WKI6PN868,7,"Capital Center, L.L.C.",VA,Glen Allen,23060,16881
2021,254900YPMNKIA6O0HC78,35-1155006,5,895381,895381,Heritage Federal Credit Union,IN,Newburgh,657443,0,-1,,-1,,2021,4,254900YPMNKIA6O0HC78,5,MAIN,IN,NEWBURGH,47629-0189,1311
2021,5493004NH61PL6YYNH25,22-1211130,3,204004,204004,Provident Bank,NJ,Jersey City,9807688,0,3133637,,3133637,"PROVIDENT FINANCIAL SERVICES, INC.",2021,4,5493004NH61PL6YYNH25,3,PROVIDENT BANK,NJ,JERSEY CITY,07302,1679
2021,549300Z8UWZMQ33WI653,42-0426690,3,890649,890649,Mount Vernon Bank and Trust Company,IA,Mount Vernon,130653,0,1140912,,1140912,MOUNT VERNON BANCORP.,2021,4,549300Z8UWZMQ33WI653,3,Mount Vernon Bank and Trust Company,IA,Mount Vernon,52314,228
2021,5493008L7BNNEPSS6V79,39-0210160,3,447557,447557,Citizens State Bank of La Crosse,WI,La Crosse,329986,0,1123782,,1123782,"CLAYTON BANKSHARES, INC.",2021,4,5493008L7BNNEPSS6V79,3,Citizens State Bank,WI,La Crosse,54601,429
2021,549300LENIDYCDF93Y54,39-0716655,5,117896,117896,Heartland Credit Union (Madison),WI,Madison,312350,0,-1,,-1,,2021,4,549300LENIDYCDF93Y54,5,Heartland Credit Union,WI,Madison,53718,574
2021,25490031SXYH24299E86,39-1871370,3,2539960,2539960,Premier Bank,IA,Rock Valley,564246,0,3066922,,3066922,"PREMIER HOLDINGS, LTD.",2021,4,25490031SXYH24299E86,3,Premier Bank,IA,Rock Valley,51247,206
2021,5493004IRV3T6D4NNV33,95-2021710,5,281797,281797,Nikkei Credit Union,CA,Gardena,72211,0,-1,,-1,,2021,4,5493004IRV3T6D4NNV33,5,Nikkei Credit Union,CA,Gardena,90248-3822,32
2021,254900PZMV3V09E3HO84,74-0964460,5,19570,19570,Members Choice of Central Texas Federal Credit Union,TX,Waco,189303,0,-1,,-1,,2021,4,254900PZMV3V09E3HO84,5,Members Choice of Central Texas FCU,TX,Waco,76710,119
2021,254900URXOKFMBYQ0V69,94-1484851,5,581992,581992,Sierra Central Credit Union,CA,Yuba City,1138801,0,-1,,-1,,2021,4,254900URXOKFMBYQ0V69,5,Sierra Central Credit Union,CA,Yuba City,95993,753
2021,549300JD2HS86SAFVA88,84-0160254,5,426392,426392,POWER,CO,Pueblo,97506,0,-1,,-1,,2021,4,549300JD2HS86SAFVA88,5,Power Credit Union,CO,Pueblo,81004,11
2021,54930013SG5BXUL3G429,71-0031220,2,34742,34742,First Western Bank,AR,Booneville,462196,0,1100091,,2628994,FIRST WESTERN BANCSHARES EMPLOYEE STOCK OWNERSHIP TRUST,2021,4,54930013SG5BXUL3G429,2,FIRST WESTERN BANK,AR,ROGERS,72756,194
2021,549300YCO0GXEXFH4J39,41-0250072,3,836852,836852,Roundbank,MN,Waseca,325074,0,1142989,,1142989,"WASECA BANCSHARES, INC.",2021,4,549300YCO0GXEXFH4J39,3,Roundbank,MN,Waseca,56093,627
2021,549300YMEOE50UQ6NM87,43-0170350,3,568359,568359,American Bank of Missouri,MO,Wellsville,388069,0,3450521,,3450521,"EVERGREEN BANCSHARES, INC.",2021,4,549300YMEOE50UQ6NM87,3,AMERICAN BANK OF MISSOURI,MO,WELLSVILLE,63384,407
2021,549300DUTN4RUBI81Z18,36-2583514,3,201834,201834,Lakeside Bank,IL,Chicago,1867107,0,2128917,,2128917,"LAKESIDE BANCORP, INC.",2021,4,549300DUTN4RUBI81Z18,3,LAKESIDE BANK,IL,CHICAGO,60601,85
2021,549300KLIO6FT2J64B78,74-0890992,3,247355,247355,Security State Bank & Trust,TX,Fredericksburg,1172672,0,1107308,,1107308,SECURITY HOLDING COMPANY,2021,4,549300KLIO6FT2J64B78,3,Security State Bank & Trust,TX,Fredericksburg,78624,607
2021,5493007U8EFNQS3VJQ70,73-0727707,5,336099,336099,ALLEGIANCE,OK,Oklahoma City,283872,0,-1,,-1,,2021,4,5493007U8EFNQS3VJQ70,5,ALLEGIANCE CREDIT UNION,OK,OKLAHOMA CITY,73112,1028
2021,549300FXZWGDF5ZVOK92,31-1546027,7,,-1,"MORTGAGE NOW, INC.",OH,CINCINNATI,-1,3,-1,,-1,,2021,4,549300FXZWGDF5ZVOK92,7,MORTGAGE NOW,NJ,SHREWSBURY,07702,393
2021,549300YL0FE99QLVY380,25-1113410,5,365398,365398,ARMCO CREDIT UNION,PA,Butler,365974,0,-1,,-1,,2021,4,549300YL0FE99QLVY380,5,Armco Credit Union,PA,Butler,16003,943
2021,549300YKBMBBIIMQJS94,43-0462350,2,272272,272272,Southern Bank,MO,Poplar Bluff,2298764,0,3266227,,3266227,"SOUTHERN MISSOURI BANCORP, INC.",2021,4,549300YKBMBBIIMQJS94,2,Southern Bank,MO,Poplar Bluff,63901,1957
2021,549300OZIFHR7THILC90,41-0632402,1,779351,779351,"Merchants Bank, National Association",MN,Winona,1864126,0,1128769,,1128769,"MERCHANTS FINANCIAL GROUP, INC.",2021,4,549300OZIFHR7THILC90,1,"MERCHANTS BANK, NA",MN,Winona,55987,5058
2021,549300WBMOZ68L65GY91,66-0224450,7,3878787,3878787,SAN RAFAEL COOP,,Quebradillas,-1,3,-1,,-1,,2021,4,549300WBMOZ68L65GY91,7,San Rafael Coop,PR,Quebradillas,00678,45
2021,5493006Z1T521ODWBA53,15-0580359,5,194981,194981,NORTHERN CREDIT UNION,NY,Watertown,282729,0,-1,,-1,,2021,4,5493006Z1T521ODWBA53,5,Northern Credit Union,NY,Watertown,13601,1313
2021,54930095LY1EDFTWAG29,62-0280730,3,234739,234739,First Volunteer Bank,TN,Chattanooga,997445,0,1081716,,1081716,FIRST VOLUNTEER CORPORATION,2021,4,54930095LY1EDFTWAG29,3,First Volunteer Bank,TN,Chattanooga,37402,396
2021,5493002BRQ8SVQPCV108,56-6048494,5,298599,298599,PIEDMONT ADVANTAGE CREDIT UNION,NC,Winston-Salem,347179,0,-1,,-1,,2021,4,5493002BRQ8SVQPCV108,5,PIEDMONT ADVANTAGE CREDIT UNIO,NC,WINSTON SALEM,27103,110
2021,549300D3HXQOVIN2DA88,73-0965506,1,507152,507152,"Quail Creek Bank, National Association",OK,Oklahoma City,691582,0,1057962,,1057962,"QUAIL CREEK BANCSHARES, INC.",2021,4,549300D3HXQOVIN2DA88,1,Quail Creek Bank,OK,Oklahoma City,73120,233
2021,549300Q8R70WLHGFLX73,43-1730907,3,2396592,2396592,People's Bank of Seneca,MO,Seneca,238507,0,4096645,,4096645,"PBS BANCSHARES, INC.",2021,4,549300Q8R70WLHGFLX73,3,PEOPLE'S BANK OF SENECA,MO,SENECA,64804,399
2021,549300YPBBHUEKV1YC68,87-0515745,7,3877360,3877360,"CITY FIRST MORTGAGE SERVICES, L.L.C.",UT,BOUNTIFUL,-1,3,-1,,-1,,2021,4,549300YPBBHUEKV1YC68,7,"City 1st Mortgage Services, LC",UT,Bountiful,84010,2771
2021,54930089XPEJZALBU127,38-0414093,1,980773,980773,Eaton Community Bank,MS,Charlotte,375243,0,5444944,,5444935,EATON FEDERAL MUTUAL HOLDING COMPANY,2021,4,54930089XPEJZALBU127,1,Eaton Community Bank,MI,Charlotte,48813,386
2021,2549001ZCEBYFHYUPH52,84-3785268,7,,-1,"212 Loans of Oregon, LLC",,,-1,3,-1,,-1,,2021,4,2549001ZCEBYFHYUPH52,7,"212 Loans of Oregon, LLC",TX,Friendswood,77546,24
2021,549300SKHHL7A2K8YV94,47-0847332,7,3890088,3890088,"MERIWEST MORTGAGE COMPANY, LLC",CA,SAN JOSE,-1,3,-1,,-1,,2021,4,549300SKHHL7A2K8YV94,7,MERIWEST MORTGAGE COMPANY,CA,SAN JOSE,95123,976
2021,549300JY7AI2T0M8WT17,37-0643547,5,953393,953393,LAND OF LINCOLN CREDIT UNION,IL,Decatur,-1,0,-1,,-1,,2021,4,549300JY7AI2T0M8WT17,5,Land of Lincoln Credit Union,IL,Decatur,62526,175
2021,549300Y7G2MW6V1OR474,26-0084919,7,4534062,4534062,"Victorian Finance, LLC",PA,Pittsburgh,-1,3,-1,,-1,,2021,4,549300Y7G2MW6V1OR474,7,"Victorian Finance, LLC",PA,Pittsburgh,15241,4782
2021,549300S1TXPDZJPDYW17,47-5500788,7,,-1,DG PINNACLE FUNDING LLC,FL,MIAMI,-1,3,-1,,-1,,2021,4,549300S1TXPDZJPDYW17,7,"DG PINNACLE FUNDING, LLC",FL,MIAMI,33126,250
2021,549300AIF4FYYXDE3021,23-7125198,5,217095,217095,VUE COMMUNITY CREDIT UNION,ND,Bismarck,58771,0,-1,,-1,,2021,4,549300AIF4FYYXDE3021,5,VUE COMMUNITY CREDIT UNION,ND,BISMARCK,58501,87
2021,549300ELQB8TS88JEE06,54-0884518,5,566588,566588,HENRICO Federal Credit Union,VA,Richmond,298644,0,-1,,-1,,2021,4,549300ELQB8TS88JEE06,5,HENRICO FEDERAL CREDIT UNION,VA,HENRICO,23294,251
2021,549300SKVC0LU4RBMF20,27-1970388,7,4878092,4878092,"BLG HOLDINGS, INC.",MI,FLINT,-1,3,-1,,-1,,2021,4,549300SKVC0LU4RBMF20,7,"BLG Holdings, Inc. DBA Simple",MI,FLINT,48532,1051
2021,5493001SSNVCONGBH947,39-0159135,1,207845,207845,The First National Bank and Trust Company,WI,Beloit,1170113,0,1209042,,1209042,"CENTRE 1 BANCORP, INC.",2021,4,5493001SSNVCONGBH947,1,FIRST NATIONAL BANK AND TRUST,WI,BELOIT,53511,1363
2021,549300MNGYKM8QPYJL44,35-0388822,1,1015270,1015270,Home Bank SB,IN,Martinsville,329899,0,-1,,-1,,2021,4,549300MNGYKM8QPYJL44,1,Home Bank SB,IN,Martinsville,46151,530
2021,549300MQ4IB3OO2XR831,23-7024415,5,292485,292485,MISSOURI Credit Union,MO,Columbia,374223,0,-1,,-1,,2021,4,549300MQ4IB3OO2XR831,5,Missouri Credit Union,MO,Columbia,65203,1643
2021,549300PLVU3OBFUIPI18,41-1981350,7,4321066,4321066,"VALLEY MORTGAGE, INC.",ND,FARGO,-1,3,-1,,-1,,2021,4,549300PLVU3OBFUIPI18,7,"Valley Mortgage, Inc.",ND,Fargo,58104,858
2021,549300T6MV7ZAIL4N325,66-0696278,7,3944712,3944712,HR MORTGAGE CORP.,,CAGUAS,-1,3,-1,,-1,,2021,4,549300T6MV7ZAIL4N325,7,HR MORTGAGE CORP,PR,CAGUAS,00725,973
2021,5493006TY8FGNLX44X28,26-0455770,7,3955419,3955419,"AXIA FINANCIAL, LLC",WA,BELLEVUE,-1,3,-1,,-1,,2021,4,5493006TY8FGNLX44X28,7,AXIA FINANCIAL LLC,WA,BELLEVUE,98004,22706
2021,549300OMHGOGEWTCI138,72-1410047,3,2716088,2716088,Resource Bank,LA,Covington,752339,0,3136405,,3136405,"RESOURCE BANKSHARES, INC.",2021,4,549300OMHGOGEWTCI138,3,Resource Bank,LA,Covington,70433,242
2021,89Z2WRK82BORVH42CP71,42-0592977,3,139740,139740,West Bank,IA,West Des Moines,2473209,0,1210066,,1210066,"WEST BANCORPORATION, INC.",2021,4,89Z2WRK82BORVH42CP71,3,WEST BANK,IA,WEST DES MOINES,50266,105
2021,549300ZLXTW0F4QMYG11,16-0743537,5,296670,296670,BUFFALO METROPOLITAN FEDERAL CREDIT UNION,NY,Buffalo,-1,0,-1,,-1,,2021,4,549300ZLXTW0F4QMYG11,5,BUFFALO METROPOLITAN FEDERAL CREDIT UNION,NY,BUFFALO,14202,109
2021,549300TCR1BZRVOO2A49,72-0488612,5,283876,283876,CENTRIC,LA,West Monroe,206364,0,-1,,-1,,2021,4,549300TCR1BZRVOO2A49,5,CENTRIC FEDERAL CREDIT UNION,LA,WEST MONROE,71292,377
2021,549300JYXTZDSPJEPI44,33-0941669,7,3897500,3897500,"PLAZA HOME MORTGAGE, INC.",CA,Sacramento,-1,3,-1,,-1,,2021,4,549300JYXTZDSPJEPI44,7,"PLAZA HOME MORTGAGE, INC",CA,SAN DIEGO,92121,44370
2021,5493000NYUJT9UC6G261,48-1148159,7,4182771,4182771,LEADERONE FINANCIAL CORPORATION,KS,TOPEKA,-1,3,-1,,-1,,2021,4,5493000NYUJT9UC6G261,7,LEADERONE FINANCIAL CORP.,KS,OVERLAND PARK,66210,25982
2021,549300FV32ULL0DL8X39,23-1906213,5,17772,17772,NET,PA,Scranton,198000,0,-1,,-1,,2021,4,549300FV32ULL0DL8X39,5,NET CREDIT UNION,PA,Scranton,18503,348
2021,549300ZX7CMZ93QCZQ91,63-0789504,3,541231,541231,First Citizens Bank,AL,Luverne,245886,0,1143379,,1143379,"FIRST CITIZENS-CRENSHAW BANCSHARES, INC.",2021,4,549300ZX7CMZ93QCZQ91,3,First Citizens Bank,AL,Luverne,36049,139
2021,549300BKWR5OM8PWIN62,11-3748478,7,,-1,"FIDELITY DIRECT MORTGAGE, LLC",MD,CLARKSVILLE,-1,3,-1,,-1,,2021,4,549300BKWR5OM8PWIN62,7,"FIDELITY DIRECT MORTGAGE, LLC",MD,GAITHERSBURG,20878,1927
2021,WWB2V0FCW3A0EE3ZJN75,16-0538020,9,501105,501105,Manufacturers and Traders Trust Company,NY,Buffalo,119432105,0,1037003,,1037003,M&T BANK CORPORATION,2021,4,WWB2V0FCW3A0EE3ZJN75,9,M&T Bank,DE,Wilmington,19801-1243,55921
2021,549300MKOZ81ZWTNKB12,54-1071198,2,365325,365325,United Bank,VA,Fairfax,19644548,0,1076217,,1076217,"UNITED BANKSHARES, INC.",2021,4,549300MKOZ81ZWTNKB12,2,UNITED BANK,WV,MORGANTOWN,26505,4795
2021,549300WO2LB77U820925,61-0220050,3,545846,545846,Hancock Bank & Trust Company,KY,Hawesville,288916,0,1144237,,1144237,"HANCOCK BANCORP, INC.",2021,4,549300WO2LB77U820925,3,Hancock Bank and Trust Co,KY,Bowling Green,42104,210
2021,254900PHRI1MCM69UM20,46-0403712,1,67656,67656,First Savings Bank,SD,Beresford,869677,0,1128219,,4264387,FARRAR BERESFORD BANCORPORATION INC. IRREVOCABLE TRUST,2021,4,254900PHRI1MCM69UM20,1,First Savings Bank,SD,Beresford,57004,185
2021,549300KNV94E4Y2HSK54,38-0377226,2,695349,695349,Tri-County Bank,MI,Brown City,319357,0,1969506,,1969506,"TRI-COUNTY BANCORP, INC.",2021,4,549300KNV94E4Y2HSK54,2,TRI-COUNTY BANK,MI,BROWN CITY,48416,276
2021,549300644OBRFUPV7098,80-0958152,7,,-1,SG Capital Partners LLC,,,-1,-1,-1,,-1,,2021,4,549300644OBRFUPV7098,7,SG CAPITAL PARTNERS LLC,CT,STAMFORD,06901,1932
2021,54930020NKD4V7LL4W50,74-1109894,5,265573,265573,EVOLVE,TX,El Paso,315626,0,-1,,-1,,2021,4,54930020NKD4V7LL4W50,5,evolve Federal Credit Union,TX,El Paso,79925,96
2021,5493001FKX0BM8GN6P73,13-3192702,3,384018,384018,Woori America Bank,NY,New York,2033619,0,1242834,,5309306,WOORI FINANCIAL GROUP INC.,2021,4,5493001FKX0BM8GN6P73,3,Woori America Bank,NY,New York,10001,300
2021,5493004FGBXH9QXOWU35,83-0930105,7,,-1,INTEGRITY MORTGAGE LLC,ME,PORTLAND,-1,3,-1,,-1,,2021,4,5493004FGBXH9QXOWU35,7,Integrity Mortgage LLC,ME,Portland,04102,593
2021,549300W4KKZTLI8BPX61,61-1145356,7,3838482,3838482,MEYER MORTGAGE CORPORATION,KY,Bowling Green,-1,3,-1,,-1,,2021,4,549300W4KKZTLI8BPX61,7,MEYER MORTGAGE CORPORATION,KY,BOWLING GREEN,42103,14
2021,549300VSL5DFXBM1II56,20-4514405,7,4880349,4880349,F&B Acquisition Group LLC,MO,Saint Louis,-1,3,-1,,-1,,2021,4,549300VSL5DFXBM1II56,7,"F&B ACQUISITION GROUP, LLC",MO,ST. LOUIS,63131,1812
2021,549300I72FXKCNGRQC43,75-0843507,3,522669,522669,HomeBank Texas,TX,Seagoville,201434,0,4276344,,4276344,"MTA BANCSHARES, INC.",2021,4,549300I72FXKCNGRQC43,3,HomeBank Texas,TX,Seagoville,75159,121
2021,54930020YFOV56MQ7B70,58-0667515,5,807683,807683,KINETIC FEDERAL CREDIT UNION,GA,Columbus,421435,0,-1,,-1,,2021,4,54930020YFOV56MQ7B70,5,KINETIC FEDERAL CREDIT UNION,GA,COLUMBUS,31901,116
2021,549300JBMMNIOX7XU115,23-1445884,5,534970,534970,BELCO COMMUNITY CREDIT UNION,PA,Harrisburg,633712,0,-1,,-1,,2021,4,549300JBMMNIOX7XU115,5,Belco Community Credit Union,PA,Harrisburg,17111,1285
2021,549300D3IKJ7KU3SH574,71-0734575,1,2059990,2059990,Priority Bank,AR,Fayetteville,92843,0,3832033,,3832033,PRIORITY ONE HOLDING COMPANY,2021,4,549300D3IKJ7KU3SH574,1,Priority Bank,AR,Ozark,72949,734
2021,549300V56OLT434ILO42,16-0786241,5,265788,265788,NIAGARA'S CHOICE,NY,Niagara Falls,196262,0,-1,,-1,,2021,4,549300V56OLT434ILO42,5,Niagaras Choice FCU,NY,Niagara Falls,14303,161
2021,549300O2UK5FUZXQJO34,72-0591770,3,90337,90337,United Community Bank,LA,Raceland,535025,0,1977154,,1977154,"COMMUNITY BANCORP OF LOUISIANA, INC.",2021,4,549300O2UK5FUZXQJO34,3,United Community Bank,LA,Raceland,70394,121
2021,549300R1DB8186CV7Z17,04-2207787,5,98799,98799,COMMUNITY CREDIT UNION OF LYNN,MA,Lynn,152118,0,-1,,-1,,2021,4,549300R1DB8186CV7Z17,5,Community Credit Union of Lynn,MA,Lynn,01902,150
2021,254900PST6LLDPCKSN83,39-0506400,1,376273,376273,North Shore Bank FSB,WI,Brookfield,2048238,0,-1,,-1,,2021,4,254900PST6LLDPCKSN83,1,"NORTH SHORE BANK, FSB",WI,Brookfield,53005,2451
2021,549300YRN588YD6VNJ18,62-0198065,3,741330,741330,F&M Bank,TN,Clarksville,1171241,0,1138450,,1138450,F&M FINANCIAL CORPORATION,2021,4,549300YRN588YD6VNJ18,3,F&M Bank,TN,Clarksville,37040,3990
2021,5493002RKLPCGAVLNC16,54-0756781,7,2404554,2404554,"Farm Credit of the Virginias, ACA",VA,Staunton,-1,3,-1,,-1,,2021,4,5493002RKLPCGAVLNC16,7,Farm Credit of the Virginias,VA,Staunton,24401,374
2021,549300W45D2J6BT4LX65,52-2169767,7,,-1,"All Credit Considered Mortgage, Inc.",,,-1,-1,-1,,-1,,2021,4,549300W45D2J6BT4LX65,7,"All Credit Considered Mortgage, Inc.",MD,Rockville,20850,2265
2021,254900KXKBNKNWDAIL39,42-0894163,5,232098,232098,MEMBERS1st Community Credit Union,IA,Marshalltown,177734,0,-1,,-1,,2021,4,254900KXKBNKNWDAIL39,5,MEMBERS1st Community Credit Union,IA,Ames,50010,152
2021,254900ZUMZZ6CZKH7X17,52-0627367,5,38580,38580,WEPCO Federal Credit Union,MD,Bloomington,247813,0,-1,,-1,,2021,4,254900ZUMZZ6CZKH7X17,5,WEPCO Federal Credit Union,MD,Bloomington,21523,133
2021,549300D0H09HSURFXA20,41-2277737,7,5037122,5037122,Fay Financial,DE,DOVER,-1,3,-1,,-1,,2021,4,549300D0H09HSURFXA20,7,FAY SERVICING LLC,FL,TAMPA,33614,2133
2021,549300CTISSNREVLNO46,62-0921694,3,340135,340135,Bank of Tennessee,TN,Kingsport,1414865,0,1135002,,1135002,BANCTENN CORP.,2021,4,549300CTISSNREVLNO46,3,BANK OF TENNESSEE,TN,KINGSPORT,37660,1615
2021,549300J1IQXJ1CSCCU16,31-6043248,5,131780,131780,HOPEWELL Federal Credit Union,OH,Heath,104394,0,-1,,-1,,2021,4,549300J1IQXJ1CSCCU16,5,HOPEWELL FEDERAL CU,OH,HEATH,43056,96
2021,5493006NTCY0P06JR884,04-1802790,3,618807,618807,Salem Five Cents Savings Bank,MA,Salem,5155447,0,3365858,,3365858,SALEM FIVE BANCORP,2021,4,5493006NTCY0P06JR884,3,SALEM FIVE CENTS SAVINGS BANK,MA,SALEM,01970,2401
2021,549300SWDNGYGQBG4K69,74-1115584,5,598570,598570,MOBILOIL,TX,Beaumont,863633,0,-1,,-1,,2021,4,549300SWDNGYGQBG4K69,5,MOBILOIL FEDERAL CREDIT UNION,TX,BEAUMONT,77726,592
2021,54930061HIZ1MCMEOR72,36-1570375,1,454676,454676,"BankFinancial, National Association",IL,Olympia Fields,1485950,0,3035928,,3035928,BANKFINANCIAL CORPORATION,2021,4,54930061HIZ1MCMEOR72,1,BankFinancial NA,IL,Olympia Fields,60461,195
2021,54930068THUS1PO1LX49,84-1599785,7,4531548,4531548,"DHA FINANCIAL, LLC",CO,Greenwood Village,-1,3,-1,,-1,,2021,4,54930068THUS1PO1LX49,7,"DHA Financial, LLC",CO,Centennial,80112,182
2021,254900XZCT60J2G3HK85,83-0173508,5,430483,430483,Blue Federal Credit Union,WY,Cheyenne,1152618,0,-1,,-1,,2021,4,254900XZCT60J2G3HK85,5,Blue Federal Credit Union,WY,Cheyenne,82001-5552,1197
2021,54930053SM8COVIPIY54,38-1373106,5,601489,601489,MICHIGAN STATE UNIVERSITY FEDERAL CREDIT UNION,MI,East Lansing,4730630,0,-1,,-1,,2021,4,54930053SM8COVIPIY54,5,MSU FEDERAL CREDIT UNION,MI,EAST LANSING,48823,10899
2021,254900PQLW7K91KOVU18,23-1442032,5,897684,897684,Sun East Federal Credit Union,PA,Aston,665735,0,-1,,-1,,2021,4,254900PQLW7K91KOVU18,5,Sun East Federal Credit Union,PA,ASTON,19014,743
2021,549300810F3G8UKNJ127,84-1921127,9,,-1,"Barley Mortgage, LLC",SC,Mt Pleasant,-1,3,-1,,-1,,2021,4,549300810F3G8UKNJ127,9,"Barley Mortgage, LLC",SC,Mount Pleasant,29464,329
2021,254900TI83SWW04ZPZ29,39-0388215,5,40798,40798,AppleTree Credit Union,WI,West Allis,131307,0,-1,,-1,,2021,4,254900TI83SWW04ZPZ29,5,APPLETREE CREDIT UNION,WI,West Allis,53214,257
2021,254900TJCZAM25V2WZ38,38-1544138,5,226499,226499,West Michigan Credit Union,MI,Grand Rapids,165982,0,-1,,-1,,2021,4,254900TJCZAM25V2WZ38,5,West Michigan Credit Union,MI,Grand Rapids,49504,417
2021,549300A2N0IEBKSB5I23,75-0308240,1,112163,112163,"Guaranty Bank & Trust, N.A.",TX,Mount Pleasant,2318497,0,1862036,,1862036,"GUARANTY BANCSHARES, INC.",2021,4,549300A2N0IEBKSB5I23,1,GUARANTY BANK & TRUST,TX,MT PLEASANT,75455,1358
2021,549300Z5MYEIE55LLY49,81-1525375,7,81-1525375,-1,"HFG HOLDINGS, LLC",MI,TROY,-1,3,-1,,-1,,2021,4,549300Z5MYEIE55LLY49,7,"HFG HOLDINGS, LLC",MI,Troy,48083,5723
2021,549300L3C3LKXG2XBS96,23-1330248,3,328777,328777,Penn Community Bank,PA,Doylestown,2340083,0,3198515,,3200463,PENN COMMUNITY MUTUAL HOLDINGS INC,2021,4,549300L3C3LKXG2XBS96,3,Penn Community Bank,PA,Perkasie,18944,1041
2021,549300OGIGNKGO2DX942,62-0926739,5,214384,214384,FEDEX EMPLOYEES CREDIT ASSOCIATION,TN,Memphis,525924,0,-1,,-1,,2021,4,549300OGIGNKGO2DX942,5,"FedEx Employees Credit Association, FCU",TN,Memphis,38132,767
2021,549300FZGNW8VUSEDB98,75-1047436,1,738769,738769,Community National Bank & Trust of Texas,TX,Corsicana,743866,0,1104017,,1104017,"COMMUNITY BANK HOLDINGS OF TEXAS, INC.",2021,4,549300FZGNW8VUSEDB98,1,Community National Bank & Trust of Texas,TX,Corsicana,75151,302
2021,2549005LG69OCBT9WE71,35-0613236,1,319047,319047,The Riddell National Bank,IN,Brazil,238717,0,1141478,,1141478,RNB CORP.,2021,4,2549005LG69OCBT9WE71,1,Riddell National Bank,IN,Brazil,47834,604
2021,549300BOX0L2YKKXKO38,04-1608620,3,183770,183770,Mechanics Cooperative Bank,MA,Taunton,605422,0,4262310,,4262347,"MECHANICS BANCORP, MHC",2021,4,549300BOX0L2YKKXKO38,3,Mechanics Cooperative Bank,MA,Taunton,02780,230
2021,25490012KFFZI81TDT02,56-0132040,3,584920,584920,The Fidelity Bank,NC,Fuquay-Varina,2072511,0,1249002,,1249002,"FIDELITY BANCSHARES (N.C.), INC.",2021,4,25490012KFFZI81TDT02,3,THE FIDELITY BANK,NC,FUQUAY-VARINA,27526,2553
2021,54930058NMHTLEZ3C025,48-0409930,3,1009354,1009354,Security Bank of Kansas City,KS,Kansas City,3017826,0,1050712,,1050712,"VALLEY VIEW BANCSHARES, INC.",2021,4,54930058NMHTLEZ3C025,3,Security Bank of Kansas City,KS,Kansas City,66101,272
2021,549300UM5S3HZLZHVP89,77-0563974,7,3955884,3955884,"SNAPFI, INC.",CA,Redding,-1,3,-1,,-1,,2021,4,549300UM5S3HZLZHVP89,7,"SnapFi, Inc.",CA,San Jose,95125,589
2021,549300SUW02WEKP4OP52,20-4916548,2,3603961,3603961,The Victory Bank,PA,Limerick,279357,0,3939286,,3939286,"VICTORY BANCORP, INC, THE",2021,4,549300SUW02WEKP4OP52,2,The Victory Bank,PA,Limerick,19468,155
2021,254900K3H3XMRQNU9F32,61-1445782,7,3883062,3883062,"OVM FINANCIAL, INC.",VA,Norfolk,-1,3,-1,,-1,,2021,4,254900K3H3XMRQNU9F32,7,"OVM FINANCIAL, INC",VA,VIRGINIA BEACH,23462,7169
2021,5493006KXUHSYFT7SD10,27-4626537,7,4730202,4730202,"LPMC, LLC",OR,SALEM,-1,3,-1,,-1,,2021,4,5493006KXUHSYFT7SD10,7,"LPMC, LLC DBA LANDMARK PROFESS",OR,SALEM,97302,1935
2021,254900E5RO9KE6OFNQ81,99-0077649,3,827560,827560,"Finance Factors, Limited",HI,Honolulu,589208,0,-1,,-1,,2021,4,254900E5RO9KE6OFNQ81,3,"FINANCE FACTORS, LTD",HI,HONOLULU,96813,254
2021,549300LQJS5UF0000H97,04-3660901,7,3877968,3877968,Alaska USA Mortgage Company LLC,AK,JUNEAU,-1,3,-1,,-1,,2021,4,549300LQJS5UF0000H97,7,ALASKA USA MORTGAGE COMPANY LLC,AK,ANCHORAGE,99503,7412
2021,5493002DRIX59V47NM65,95-1683316,5,758495,758495,LOS ANGELES POLICE Federal Credit Union,CA,Los Angeles,980218,0,-1,,-1,,2021,4,5493002DRIX59V47NM65,5,LOS ANGELES POLICE FCU,CA,VAN NUYS,91406,1019
2021,254900SYM73UN2V4KP10,57-0314492,5,193872,193872,Greenville Heritage Federal Credit Union,SC,Greenville,121444,0,-1,,-1,,2021,4,254900SYM73UN2V4KP10,5,Greenville Heritage FCU,SC,Greenville,29601,98
2021,5493008XX3NZ5S384W16,62-0853550,5,878281,878281,U. T.,TN,Knoxville,321825,0,-1,,-1,,2021,4,5493008XX3NZ5S384W16,5,UT FEDERAL CREDIT UNION,TN,KNOXVILLE,37919,427
2021,549300COZ9YQTC4J1378,44-0162220,2,957757,957757,Community Bank and Trust,MO,Neosho,310468,0,1061624,,2072793,COMMUNITY BANCSHARES EMPLOYEE STOCK OWNERSHIP PLAN,2021,4,549300COZ9YQTC4J1378,2,COMMUNITY BANK AND TRUST,MO,NEOSHO,64850,407
2021,254900RW4F62S7FHDV91,74-1154065,5,682086,682086,United Community Credit Union,TX,Houston,100524,0,-1,,-1,,2021,4,254900RW4F62S7FHDV91,5,United Community Credit Union,TX,Galena Park,77547,63
2021,549300X08QKYUH256I80,20-8594440,1,3592047,3592047,"Goldwater Bank, N.A.",AZ,Phoenix,187526,0,-1,,-1,,2021,4,549300X08QKYUH256I80,1,Goldwater Bank National Association,AZ,Phoenix,85016,10482
2021,5493004XJV6Y8XQYPX87,52-0637374,5,798875,798875,ABERDEEN PROVING GROUND FEDERAL CREDIT UNION,MD,Edgewood,1482067,0,-1,,-1,,2021,4,5493004XJV6Y8XQYPX87,5,ABERDEEN PROVING GROUND FCU,MD,ABERDEEN,21001,1351
2021,25490055DH0FCOSJLM57,04-1659235,5,581899,581899,New Bedford Credit Union,MA,New Bedford,127548,0,-1,,-1,,2021,4,25490055DH0FCOSJLM57,5,New Bedford Credit Union,MA,New Bedford,02740,123
2021,5493008SV4X2EID9J711,26-2926983,7,4728900,4728900,"Cambria Financial Group, LLC",MN,Belle Plaine,-1,3,-1,,-1,,2021,4,5493008SV4X2EID9J711,7,"Cambria Financial Group, LLC",MN,Eden Prairie,55344,1956
2021,54930054UTIC988TNU54,35-2650366,7,,-1,Direct Lending Partners,,,-1,-1,-1,,-1,,2021,4,54930054UTIC988TNU54,7,Direct Lending Partners LLC,PA,Bethlehem,18036,892
2021,2549003ZYZM7FHPZV590,53-0207328,5,572972,572972,DEPARTMENT OF THE INTERIOR FEDERAL CREDIT UNION,DC,Washington,233278,0,-1,,-1,,2021,4,2549003ZYZM7FHPZV590,5,INTERIOR FEDERAL CREDIT UNION,VA,RESTON,20192,57
2021,549300TUQC6OYE8A0Y96,11-3714032,7,3878330,3878330,"PACIFIC RESIDENTIAL MORTGAGE, LLC",OR,LAKE OSWEGO,-1,3,-1,,-1,,2021,4,549300TUQC6OYE8A0Y96,7,"PACIFIC RESIDENTIAL MORTGAGE, LLC",OR,BEAVERTON,97005,5352
2021,2549004NNGKPRSS24037,39-0660430,3,,465672,Tomahawk Community Bank SSB,WI,Tomahawk,151363,0,3823956,,3823965,TCB MUTUAL HOLDING COMPANY,2021,4,2549004NNGKPRSS24037,3,Tomahawk Community Bank,WI,Tomahawk,54487,451
2021,5493000QYMPN362T6V61,46-0972768,7,4878207,4878207,"SHELTER LENDING SERVICES, L.L.C.",IL,SPRINGFIELD,-1,3,-1,,-1,,2021,4,5493000QYMPN362T6V61,7,"SHELTER LENDING SERVICES, L.L.C.",SC,GREENVILLE,29601,488
2021,549300RBWA4J4QTPSY69,39-0987942,3,340144,340144,Peoples State Bank,WI,Wausau,973957,0,2321419,,2321419,"PSB HOLDINGS, INC.",2021,4,549300RBWA4J4QTPSY69,3,Peoples State Bank,WI,Wausau,55401,1262
2021,5493007W0I8SLLDP5N98,92-0021381,5,368670,368670,MATANUSKA VALLEY FEDERAL CREDIT UNION,AK,Palmer,558284,0,-1,,-1,,2021,4,5493007W0I8SLLDP5N98,5,Matanuska Valley Federal Credit Union,AK,Wasilla,99654,239
2021,549300MU2YI0HXIT3257,31-0361400,1,839572,839572,"Liberty Savings Bank, F.S.B.",OH,Wilmington,700768,0,1145001,,3828698,JAMES R. POWELL REVOCABLE TRUST,2021,4,549300MU2YI0HXIT3257,1,"LIBERTY SAVINGS BANK, FSB",OH,WILMINGTON,45177,2455
2021,549300RXD00V454J4078,24-0687920,3,597313,597313,PS Bank,PA,Wyalusing,401405,0,1143959,,1143959,PEOPLES LTD.,2021,4,549300RXD00V454J4078,3,PS BANK,PA,WYALUSING,18853,579
2021,549300ZOBXG0DT4I6U54,22-2437469,7,3871573,3871573,"1ST 2ND MORTGAGE COMPANY OF N.J., INC.",NJ,CRESSKILL,-1,3,-1,,-1,,2021,4,549300ZOBXG0DT4I6U54,7,"1ST 2ND MORTGAGE COMPANY OF N.J., INC.",NJ,Cresskill,07626,1581
2021,254900NT8VCCMPTPSO02,42-0190489,5,278096,278096,Collins Community Credit Union,IA,Cedar Rapids,1233409,0,-1,,-1,,2021,4,254900NT8VCCMPTPSO02,5,COLLINS COMMUNITY CREDIT UNION,IA,CEDAR RAPIDS,52402,6085
2021,5493005CFFMKTUKLO381,23-0581360,3,5210,5210,ACNB Bank,PA,Gettysburg,1706094,0,1117464,,1117464,ACNB CORPORATION,2021,4,5493005CFFMKTUKLO381,3,ACNB BANK,PA,GETTYSBURG,17325,1439
2021,549300I58H1B8G6KOY91,62-1820787,3,2963864,2963864,Traditions First Bank,TN,Erin,155921,0,-1,,-1,,2021,4,549300I58H1B8G6KOY91,3,Traditions First Bank,TN,Erin,37061,99
2021,549300RZ68QC00DWOC19,95-2452643,5,,-1,BOURNS EMPLOYEES FEDERAL CREDIT UNION,CA,Riverside,-1,3,-1,,-1,,2021,4,549300RZ68QC00DWOC19,5,Bourns Employees Federal Credi,CA,Riverside,92507,95
2021,54930084WKZ9NTQ0QS94,37-0348365,1,403870,403870,Iroquois Federal Savings and Loan Association,IL,Watseka,678216,0,4299316,,4299316,"IF BANCORP, INC.",2021,4,54930084WKZ9NTQ0QS94,1,Iroquois Federal Savings & Loan Association,IL,Watseka,60970,747
2021,549300YIBRM1ZYA6GT07,05-0125860,5,951698,951698,Navigant Credit Union,RI,Smithfield,2345870,0,-1,,-1,,2021,4,549300YIBRM1ZYA6GT07,5,Navigant Credit Union,RI,Smithfield,02917,4523
2021,254900V16AQ21JMLXX78,73-0242040,3,997052,997052,The First State Bank,OK,Oklahoma City,353711,0,3282188,,3832912,"FSB INVESTMENTS, LLC",2021,4,254900V16AQ21JMLXX78,3,THE FIRST STATE BANK,OK,OKLAHOMA CITY,73112,314
2021,549300BU5TSYOCF3Y655,36-2895618,3,189745,189745,INLAND BANK & TRUST,IL,Oak Brook,1123482,0,2944144,,2944144,"INLAND BANCORP, INC.",2021,4,549300BU5TSYOCF3Y655,3,Inland Bank and Trust,IL,Geneva,60134,4274
2021,54930094EUD08LZEJR51,72-0389530,3,734350,734350,Gibsland Bank & Trust Company,LA,Gibsland,465860,0,1136102,,1136102,"GIBSLAND BANCSHARES, INC.",2021,4,54930094EUD08LZEJR51,3,Gibsland Bank & Trust,LA,Minden,71055,172
2021,549300C3C8C6TSYT1R20,61-1179902,2,1445943,1445943,Whitaker Bank,KY,Lexington,1155026,0,1966671,,1966671,WHITAKER BANK CORPORATION OF KENTUCKY,2021,4,549300C3C8C6TSYT1R20,2,WHITAKER BANK INC,KY,LEXINGTON,40555,508
2021,549300V8CF81JGIV7038,36-4322204,7,3876840,3876840,"COMPASS MORTGAGE, INC.",IL,WINFIELD,-1,3,-1,,-1,,2021,4,549300V8CF81JGIV7038,7,"COMPASS MORTGAGE, INC.",IL,WARRENVILLE,60555,8300
2021,54930063PZ1LD16JBH57,73-1727029,9,,-1,"DREAMLINE MORTGAGE, INC.",FL,Palm City,-1,3,-1,,-1,,2021,4,54930063PZ1LD16JBH57,9,Ken Gorin,FL,Jensen Beach,34957,30
2021,549300XJN2FXJNUZ8F52,26-3249727,7,3816668,3816668,"HIGHLAND HOMELOANS, LLC",DE,WILMINGTON,-1,2,-1,,5213690,"DIAMOND HTH STOCK COMPANY GP, LLC",2021,4,549300XJN2FXJNUZ8F52,7,PrimeLending Ventures LLC,TX,DALLAS,75252,1066
2021,2549000BG2198NFS0K59,52-0684225,5,253084,253084,Freedom of Maryland Federal Credit Union,MD,Bel Air,319242,0,-1,,-1,,2021,4,2549000BG2198NFS0K59,5,Freedom of Maryland Federal Credit  Union,MD,Bel Air,21015,92
2021,2549009YMLXX9WQWPX05,06-0773412,5,479688,479688,Hartford Federal Credit Union,CT,Hartford,120082,0,-1,,-1,,2021,4,2549009YMLXX9WQWPX05,5,Hartford Federal Credit Union,CT,Hartford,06105,141
2021,5493006ACVE4WEX8D790,39-0147650,3,588245,588245,Bank of Deerfield,WI,Deerfield,161097,0,1416738,,1416738,DEERFIELD FINANCIAL CORPORATION,2021,4,5493006ACVE4WEX8D790,3,BANK OF DEERFIELD,WI,DEERFIELD,53531,357
2021,5493005RDTT7HVODH436,15-0436580,1,202907,202907,"Community Bank, National Association",NY,Canton,11209976,0,1048867,,1048867,"COMMUNITY BANK SYSTEM, INC.",2021,4,5493005RDTT7HVODH436,1,"Community Bank, N.A.",NY,Canton,13617,9878
2021,549300CQG2T7TCGY8Q67,36-1465165,3,887340,887340,First State Bank,IL,Mendota,1142723,0,1139345,,1139345,"TRI-COUNTY FINANCIAL GROUP, INC.",2021,4,549300CQG2T7TCGY8Q67,3,First State Bank,IL,Mendota,61342,1078
2021,549300E0Q8JLIMURNH75,39-1827049,3,2371816,2371816,West Pointe Bank,WI,Oshkosh,293096,0,2371807,,2371807,"WEST POINTE BANCSHARES, INC.",2021,4,549300E0Q8JLIMURNH75,3,West Pointe Bank,WI,Oshkosh,54902,184
2021,254900SEH2UUXVW21S97,52-0621263,5,850175,850175,Cedar Point Federal Credit Union,MD,Lexington Park,553383,0,-1,,-1,,2021,4,254900SEH2UUXVW21S97,5,Cedar Point Federal Credit Uni,MD,Lexington Park,20653,333
2021,549300LP3GMTWS4OB353,26-0402100,7,4185473,4185473,"SENTE MORTGAGE, INC.",DE,WILMINGTON,-1,3,-1,,-1,,2021,4,549300LP3GMTWS4OB353,7,"Sente Mortgage, Inc.",TX,Austin,78756,3402
2021,549300BOXNV8VLRBDT24,52-2091594,7,3876224,3876224,"AMERICAN INTERNET MORTGAGE, INC.",CA,SAN DIEGO,-1,3,-1,,-1,,2021,4,549300BOXNV8VLRBDT24,7,"American Internet Mortgage, Inc.",CA,San Diego,92108,19895
2021,549300JPN8RD09QJ6366,84-0519975,5,601685,601685,The District Federal Credit Union,CO,Aurora,133490,0,-1,,-1,,2021,4,549300JPN8RD09QJ6366,5,THE DISTRICT CREDIT UNION,CO,AURORA,80011,31
2021,549300ZTLWGMV712KR44,72-0551662,5,422282,422282,WYMAR FEDERAL CREDIT UNION,LA,Geismar,116872,0,-1,,-1,,2021,4,549300ZTLWGMV712KR44,5,WYMAR FEDERAL CREDIT UNION,LA,Geismar,70734,256
2021,549300YK8RG6J51VOI08,75-1907541,3,572655,572655,Community Bank,TX,Longview,213488,0,2475590,,2475590,"EAST TEXAS BANCORP, INC.",2021,4,549300YK8RG6J51VOI08,3,COMMUNITY BANK,TX,LONGVIEW,75605-6181,91
2021,549300H6C1OV8E3V1P15,73-1332958,3,1228034,1228034,First Bank & Trust Co.,OK,Duncan,560434,0,-1,,-1,,2021,4,549300H6C1OV8E3V1P15,3,FIRST BANK AND TRUST CO,OK,DUNCAN,73533,457
2021,54930022I573MYIIOM33,62-1743353,2,2793593,2793593,Southern Bank of Tennessee,TN,Mount Juliet,300816,0,-1,,-1,,2021,4,54930022I573MYIIOM33,2,SOUTHERN BANK OF TENNESSEE,TN,MT JULIET,37122,441
2021,549300316OO542V8C116,46-1705058,9,,-1,Advanced Mortgage Solutions LLC,CO,Lakewood,-1,3,-1,,-1,,2021,4,549300316OO542V8C116,9,"Advanced Mortgage Solutions, LLC",CO,Westminster,80031,1
2021,254900ZEFON2JE2HO751,38-1515480,5,112789,112789,Wanigas Credit Union,MI,Saginaw,338939,0,-1,,-1,,2021,4,254900ZEFON2JE2HO751,5,WANIGAS CREDIT UNION,MI,SAGINAW,48601,584
2021,549300IVOJIAJUT2E435,26-0399209,7,4877527,4877527,"FC LENDING, LTD.",TX,HOUSTON,-1,3,-1,,-1,,2021,4,549300IVOJIAJUT2E435,7,"FC Lending, Ltd.",TX,HOUSTON,77072,713
2021,54930089Y8VTOF8RPD25,22-3719127,3,2920773,2920773,1st Colonial Community Bank,NJ,Collingswood,574936,0,3118513,,3118513,"1ST COLONIAL BANCORP, INC.",2021,4,54930089Y8VTOF8RPD25,3,1ST COLONIAL COMMUNITY BANK,NJ,COLLINGSWOOD,08108,1116
2021,549300PTGESTLYZT6Z63,23-2873640,7,3904480,3904480,FEDERATED LENDING CORPORATION,PA,Yardley,-1,3,-1,,-1,,2021,4,549300PTGESTLYZT6Z63,7,FEDERATED LENDING CORP,PA,YARDLEY,19067,249
2021,549300P5XMXPZNGV5915,52-0230272,1,390372,390372,Arundel Federal Savings Bank,MD,Glen Burnie,424211,0,-1,,-1,,2021,4,549300P5XMXPZNGV5915,1,Arundel Federal Savings Bank,MD,Glen Burnie,21061,222
2021,549300AAWFEC6CRH6N89,20-4074883,7,,-1,"LANTZMAN MANAGEMENT, INC.",CA,SAN DIEGO,-1,3,-1,,-1,,2021,4,549300AAWFEC6CRH6N89,7,LANTZMAN MANAGEMENT INC,CA,SAN DIEGO,92121,262
2021,549300MRP46SVQMWOE81,56-0904243,5,398583,398583,COASTAL Federal Credit Union,NC,Raleigh,3387042,0,-1,,-1,,2021,4,549300MRP46SVQMWOE81,5,COASTAL FEDERAL CREDIT UNION,NC,RALEIGH,27690,9143
2021,54930005S5CFTGC2VR75,38-1448844,5,35495,35495,BIRMINGHAM-BLOOMFIELD Credit Union,MI,Birmingham,119641,0,-1,,-1,,2021,4,54930005S5CFTGC2VR75,5,Michigan United Credit Union,MI,Shelby Township,48315,68
2021,549300Z4DV0VEDFHP667,20-8693961,7,4437752,4437752,"CRESTMARK MORTGAGE COMPANY, LTD.",TX,HOUSTON,-1,3,-1,,-1,,2021,4,549300Z4DV0VEDFHP667,7,CRESTMARK MORTGAGE COMPANY LTD,TX,HOUSTON,77027,2360
2021,2549005T4NUXGTZTUE50,59-0772729,5,4080,4080,McCoy Federal Credit Union,FL,Orlando,593644,0,-1,,-1,,2021,4,2549005T4NUXGTZTUE50,5,MCCOY FEDERAL CREDIT UNION,FL,ORLANDO,32859,541
2021,549300UZ22L3KMKOI185,66-0267388,7,3873326,3873326,Cooperativa de Ahorro y Credito Jesus Obrero,,Guaynabo,-1,3,-1,,-1,,2021,4,549300UZ22L3KMKOI185,7,Cooperativa de AC Jesus Obrero,PR,Guaynabo,00969,86
2021,254900AD895KKZTSFT42,27-0202259,7,4726885,4726885,Mortgage Assurance Inc.,GA,Norcross,-1,3,-1,,-1,,2021,4,254900AD895KKZTSFT42,7,Mortgage Assurance Inc,GA,Atlanta,30338,2938
2021,549300O2EZG72LO2FX38,93-1231049,7,4191166,4191166,SUMMIT MORTGAGE CORPORATION,OR,PORTLAND,-1,3,-1,,-1,,2021,4,549300O2EZG72LO2FX38,7,SUMMIT MORTGAGE CORPORATION,OR,PORTLAND,97239,2507
2021,549300XE6SNRPD2GUD44,54-1902129,1,2708122,2708122,Virginia National Bank,VA,Charlottesville,702698,0,4517261,,4517261,VIRGINIA NATIONAL BANKSHARES CORPORATION,2021,4,549300XE6SNRPD2GUD44,1,Virginia National Bank,VA,Charlottesville,22911,269
2021,549300DDJMNOWGXL6236,39-0273800,3,205346,205346,Farmers Savings Bank,WI,Mineral Point,316572,0,1207338,,1207338,SOUTHERN WISCONSIN BANCSHARES CORPORATION,2021,4,549300DDJMNOWGXL6236,3,Farmers Savings Bank,WI,Mineral Point,53565,332
2021,5493006BN3B3B1H3B988,59-0242465,3,131436,131436,First Bank,FL,Clewiston,395367,0,2061162,,2061162,"PIONEER BANKCORP, INC.",2021,4,5493006BN3B3B1H3B988,3,FIRST BANK,FL,CLEWISTON,33440,253
2021,254900ZAMAXWLAJ7AA55,32-0493756,7,,-1,"212 Loans of California, LLC",CA,Los Angeles,-1,3,-1,,-1,,2021,4,254900ZAMAXWLAJ7AA55,7,"212 Loans of California, LLC",CA,San Diego,92018,16
2021,54930030Z1JWTP3SVD16,13-4225190,7,4731067,4731067,"TOP FLITE FINANCIAL, INC.",MI,WILLIAMSTON,-1,3,-1,,-1,,2021,4,54930030Z1JWTP3SVD16,7,"Top Flite Financial, Inc.",MI,Williamston,48895,9148
2021,549300YIZECN2NB3I529,63-0500811,3,292234,292234,First Financial Bank,AL,Bessemer,169024,0,2376567,,3340556,"FIRSTFED BANCORP, INC. EMPLOYEE STOCK OWNERSHIP PLAN",2021,4,549300YIZECN2NB3I529,3,First Financial Bank,AL,Bessemer,35020,136
2021,5493005ITNB06W8ZHD39,36-2119230,1,760340,760340,National Bank of St. Anne,IL,St. Anne,85025,0,3595431,,3595431,"ST. ANNE BANCORP, INC.",2021,4,5493005ITNB06W8ZHD39,1,NATIONAL BANK OF ST ANNE,IL,ST ANNE,60964,278
2021,549300ANTUZH5AQQXR02,41-0517445,5,142599,142599,ST. CLOUD FINANCIAL,MN,Saint Cloud,202109,-1,-1,,-1,,2021,4,549300ANTUZH5AQQXR02,5,St. Cloud Financial Credit Union,MN,Sartell,56377,560
2021,5493007WNCT2YQ8O4H14,59-0857430,5,922193,922193,FLORIDA CENTRAL CREDIT UNION,FL,Tampa,495126,0,-1,,-1,,2021,4,5493007WNCT2YQ8O4H14,5,floridacentral CU,FL,Tampa,33609,778
2021,549300B6UWNP01JH6452,36-4253133,3,,2797162,Sauk Valley Bank & Trust Company,IL,Sterling,451426,0,3093919,,3093919,"SV FINANCIAL, INC.",2021,4,549300B6UWNP01JH6452,3,SAUK VALLEY BANK & TRUST COMPANY,IL,STERLING,61081,336
2021,549300F0LV9TSW34E306,01-0029040,3,468806,468806,Northeast Bank,ME,Lewiston,1208005,0,-1,,-1,,2021,4,549300F0LV9TSW34E306,3,NORTHEAST BANK,ME,LEWISTON,04240,28
2021,254900JPFVLN18XNDG98,31-0546041,5,501794,501794,"Day Air Credit Union, Inc",OH,Kettering,425903,0,-1,,-1,,2021,4,254900JPFVLN18XNDG98,5,DAY AIR CREDIT UNION,OH,KETTERING,45429,933
2021,549300AV8QD552DSI743,41-1492937,7,3310456,2746290,"NORTHMARQ CAPITAL FINANCE, L.L.C.",NE,LINCOLN,-1,3,-1,,-1,,2021,4,549300AV8QD552DSI743,7,"NorthMarq Capital Finance, L.L.C.",TX,Dallas,75225,101
2021,4EP6JBYBTPTQ47LZOB67,25-0659306,9,934329,934329,"BNY Mellon, National Association",PA,Pittsburgh,29303000,0,3587146,,3587146,"BANK OF NEW YORK MELLON CORPORATION, THE",2021,4,4EP6JBYBTPTQ47LZOB67,9,"BNY MELLON, N.A.",MA,BOSTON,02108,1947
2021,549300MEK4ETDCVHFB89,72-0156480,3,178356,178356,Colfax Banking Company,LA,Colfax,113206,0,2948254,,2948254,COMMUNITY BANCSHARES COMPANY,2021,4,549300MEK4ETDCVHFB89,3,Colfax BankingCompany,LA,COLFAX,71417,97
2021,549300RN01LBYR8ZVX74,46-3689142,7,5027262,5027262,"HOMESIDE FINANCIAL, LLC",MD,LUTHERVILLE TIMONIUM,-1,3,-1,,-1,,2021,4,549300RN01LBYR8ZVX74,7,"LOWER, LLC",MD,COLUMBIA,21046,53171
2021,549300XUYE2687NHBM11,76-0573460,7,4323903,4323903,AMERICA'S CHOICE HOME LOANS LP,TX,HOUSTON,-1,3,-1,,-1,,2021,4,549300XUYE2687NHBM11,7,America's Choice Home Loans LP,TX,Houston,77024,1680
2021,549300MNVXT92RBYBF93,47-0341288,2,403151,403151,Cornerstone Bank,NE,York,1734584,0,1050646,,1050646,FIRST YORK BAN CORP.,2021,4,549300MNVXT92RBYBF93,2,CORNERSTONE BANK,NE,YORK,68467,324
2021,549300YW2UBCMDRMBT48,26-2261031,7,4184805,4184805,"RELIANCE FIRST CAPITAL, LLC",DE,WILMINGTON,-1,3,-1,,-1,,2021,4,549300YW2UBCMDRMBT48,7,"Reliance First Capital, LLC",NY,Melville,11747,9098
2021,5493003617RJR4JUYT66,36-1077600,1,771878,771878,First Federal Savings Bank,IL,Ottawa,371815,0,-1,,-1,,2021,4,5493003617RJR4JUYT66,1,FIRST FEDERAL SAVINGS BANK,IL,OTTAWA,61350,713
2021,5493008SP1FN4D81IS17,20-1170539,3,3287660,3287660,Toyota Financial Savings Bank,NV,Henderson,1047759,0,-1,,-1,,2021,4,5493008SP1FN4D81IS17,3,Toyota Financial Savings Bank,NV,Henderson,89074,1005
2021,5493004Z2SGQGCU5RB44,43-0560840,3,499743,499743,Heritage Community Bank,MO,Chamois,146206,0,3575723,,3575723,"HERITAGE MANAGEMENT COMPANY, INC.",2021,4,5493004Z2SGQGCU5RB44,3,Heritage Community Bank,MO,Union,63084,205
2021,5493005DKMV1IHIM8E20,51-0054940,9,437914,437914,"Wilmington Savings Fund Society, FSB",DE,Wilmington,12223127,0,3844269,,3844269,WSFS FINANCIAL CORPORATION,2021,4,5493005DKMV1IHIM8E20,9,WSFS Bank,DE,Wilmington,19801,9849
2021,549300VF12R0WS33KN43,45-0226724,5,137399,137399,CAPITAL CREDIT UNION,ND,Bismarck,540918,0,-1,,-1,,2021,4,549300VF12R0WS33KN43,5,CAPITAL CREDIT UNION,ND,BISMARCK,58502,1013
2021,2549006G3AQ9DK986571,41-0738787,5,452896,452896,Associated Healthcare Credit Union,MN,Saint Paul,119757,0,-1,,-1,,2021,4,2549006G3AQ9DK986571,5,Associated Healthcare CU,MN,St. Paul,55102,210
2021,549300E02I9FR0A6YT35,39-0509565,5,21993,21993,NORTHWESTERN MUTUAL,WI,Milwaukee,173484,0,-1,,-1,,2021,4,549300E02I9FR0A6YT35,5,Northwestern Mutual CU,WI,Milwaukee,53202,297
2021,Q708HHR4LD2B7XIZNO92,59-0969721,1,384278,384278,First Federal Bank,FL,Lake City,2177570,0,3839201,,3846405,"FIRST FEDERAL BANCORP, MHC",2021,4,Q708HHR4LD2B7XIZNO92,1,FIRST FEDERAL BANK,FL,LAKE CITY,32055,15936
2021,VLP5AP0XK2GM6GKD1007,13-4149421,9,2942690,2942690,Signature Bank,NY,New York,50621162,0,-1,,-1,,2021,4,VLP5AP0XK2GM6GKD1007,9,Signature Bank,NY,New York,10017,299
2021,254900LEJ4HP6RMWD374,61-0549068,5,250186,250186,Abound Federal Credit Union,KY,Radcliff,1660163,0,-1,,-1,,2021,4,254900LEJ4HP6RMWD374,5,ABOUND FEDERAL CREDIT UNION,KY,RADCLIFF,40160,2633
2021,549300R0DP2GXAIMGB41,84-0205240,3,255659,255659,Bank of Colorado,CO,Fort Collins,4520376,0,1053272,,1053272,"PINNACLE BANCORP, INC.",2021,4,549300R0DP2GXAIMGB41,3,BANK OF COLORADO,CO,FORT COLLINS,80525,3636
2021,549300SPHVO4KAGQUX53,48-0273305,1,754853,754853,"FIRST NATIONAL BANK OF HUTCHINSON, THE",KS,HUTCHINSON,701663,0,1139354,"FIRST KANSAS BANCSHARES, INC.",1139354,"FIRST KANSAS BANCSHARES, INC.",2021,4,549300SPHVO4KAGQUX53,1,First National Bank of Hutchinson,KS,Hutchinson,67501,372
2021,549300KPBZCTMM3Y0061,53-0258248,5,910181,910181,NASA Federal Credit Union,MD,Upper Marlboro,3110206,0,-1,,-1,,2021,4,549300KPBZCTMM3Y0061,5,NASA FEDERAL CREDIT UNION,MD,UPPER MARLBORO,20774,2174
2021,549300ZATTFRM57YVB31,38-1066390,2,643340,643340,Eastern Michigan Bank,MI,Croswell,373854,0,1129467,,1129467,EASTERN MICHIGAN FINANCIAL CORPORATION,2021,4,549300ZATTFRM57YVB31,2,Eastern Michigan Bank,MI,Croswell,48422,156
2021,549300P5SKZCJ1JGSQ39,77-0455415,7,3885235,3885235,"KINGS MORTGAGE SERVICES, INC.",CA,VISALIA,-1,3,-1,,-1,,2021,4,549300P5SKZCJ1JGSQ39,7,"KINGS MORTGAGE SERVICES,  INC",CA,VISALIA,93291,1974
2021,549300U7F7T8UG5AI038,26-3958508,7,4730190,4730190,"COASTAL FUNDING SLC, INC.",CA,SAN LUIS OBISPO,-1,3,-1,,-1,,2021,4,549300U7F7T8UG5AI038,7,"Coastal Funding SLC, Inc.",CA,San Luis Obispo,93401,834
2021,549300TETFK3GXOHZ594,75-0962666,3,949154,949154,Texas Bank and Trust Company,TX,Longview,2669138,0,2259530,,1138423,OVERTON FINANCIAL CORPORATION,2021,4,549300TETFK3GXOHZ594,3,TEXAS BANK AND TRUST COMPANY,TX,LONGVIEW,75606,796
2021,254900FI363837PZX856,42-0431125,1,203043,203043,Midwest Heritage Bank FSB,IA,CHARITON,285828,0,1200852,,1200852,"HY-VEE, INC.",2021,4,254900FI363837PZX856,1,Midwest Heritage Bank FSB,IA,West Des Moines,50265,896
2021,254900132A3VX6LLZU43,58-0240950,5,546692,546692,Associated Credit Union,GA,Norcross,1608214,0,-1,,-1,,2021,4,254900132A3VX6LLZU43,5,ACU,GA,PEACHTREE CORNERS,30092-0000,2461
2021,549300A4SPX2JOQ71791,23-1433398,5,656788,656788,MERCK SHARP & DOHME FEDERAL CREDIT UNION,PA,Chalfont,622770,0,-1,,-1,,2021,4,549300A4SPX2JOQ71791,5,Merck Sharp & Dohme FCU,PA,Chalfont,18914-2329,412
2021,549300W6K140RN8NQB93,38-1350130,5,29980,29980,DFCU FINANCIAL,MI,Dearborn,4903176,0,-1,,-1,,2021,4,549300W6K140RN8NQB93,5,DFCU Financial,MI,Dearborn,48126,5086
2021,254900J71IJLMJZJV608,72-0125130,3,860334,860334,Bank of Zachary,LA,Zachary,240440,0,1086056,,1086056,"ZACHARY BANCSHARES, INC.",2021,4,254900J71IJLMJZJV608,3,Bank of Zachary,LA,Zachary,70791,173
2021,549300QDGMFASKEN7Z77,41-0585825,5,626099,626099,SPIRE Credit Union,MN,Falcon Heights,1242853,0,-1,,-1,,2021,4,549300QDGMFASKEN7Z77,5,SPIRE CREDIT UNION,MN,FALCON HEIGHTS,55113,3958
2021,549300I1HK1BBZLKOB84,75-0793299,5,113777,113777,ADVANCIAL,TX,Dallas,1630739,0,-1,,-1,,2021,4,549300I1HK1BBZLKOB84,5,ADVANCIAL FEDERAL CREDIT UNION,TX,DALLAS,75201,1309
2021,549300SOF7S6E4VRT651,59-0780694,5,770983,770983,SAN ANTONIO CITIZENS,FL,San Antonio,229854,0,-1,,-1,,2021,4,549300SOF7S6E4VRT651,5,San Antonio Citizens Federal Credit Union,FL,San Antonio,33576,287
2021,549300623VT8YKPHWM78,46-3223427,9,,-1,"ANCHOR LOANS, LP",DE,WILMINGTON,-1,3,-1,,-1,,2021,4,549300623VT8YKPHWM78,9,Anchor Loans LP,CA,Thousand Oaks,91362-3812,3280
2021,5493005JOVFFHEU5TF17,39-0147840,3,580548,580548,Bank of Luxemburg,WI,Luxemburg,391515,0,1209743,,1209743,"LUXEMBURG BANCSHARES, INC.",2021,4,5493005JOVFFHEU5TF17,3,BANK OF LUXEMBURG,WI,LUXEMBURG,54217,620
2021,549300N15SIAR55G5978,51-0100640,5,7689,7689,COMMUNITY POWERED,DE,Bear,127647,0,-1,,-1,,2021,4,549300N15SIAR55G5978,5,Community Powered FCU,DE,Bear,19701,29
2021,254900UFC85SQD8XYU52,83-0117790,1,,-1,First Federal Bank & Trust,,,-1,-1,-1,,-1,,2021,4,254900UFC85SQD8XYU52,1,First Federal Bank & Trust,WY,Sheridan,82801,870
2021,54930060KLIQD8MMSB55,23-0934350,2,342410,342410,Orrstown Bank,PA,Shippensburg,2381624,0,1248153,,1248153,"ORRSTOWN FINANCIAL SERVICES, INC.",2021,4,54930060KLIQD8MMSB55,2,Orrstown Bank,PA,Shippensburg,17257,2341
2021,549300QYX5EMLSR68B45,15-0321200,3,905673,905673,Gouverneur Savings and Loan Association,NY,Gouverneur,125637,0,2801014,,3793077,CAMBRAY MUTUAL HOLDING COMPANY,2021,4,549300QYX5EMLSR68B45,3,GOUVERNEUR SAVINGS & LOAN,NY,GOUVERNEUR,13642,216
2021,549300563RCDKOF2Y487,57-0140540,3,851172,851172,"Citizens Building and Loan, SSB",SC,Greer,141669,0,4880358,,4880358,CITIZENS BUILDING AND LOAN MHC,2021,4,549300563RCDKOF2Y487,3,"Citizens Building & Loan, SSB",SC,Greer,29651,142
2021,5493009YUAJW70SG7L54,38-1439120,5,420989,420989,FINANCIAL PLUS CREDIT UNION,MI,Flint,569726,0,-1,,-1,,2021,4,5493009YUAJW70SG7L54,5,Financial Plus Credit Union,MI,Flint,48507-0000,1048
2021,549300CDOC4F7XSRG390,62-1829917,9,2925666,2925666,Pinnacle Bank,TN,Nashville,27665771,0,2925657,,2925657,"PINNACLE FINANCIAL PARTNERS, INC.",2021,4,549300CDOC4F7XSRG390,9,Pinnacle Bank,TN,Nashville,37201,14152
2021,254900IL7D0ACZ6YVF12,47-0465799,1,317379,317379,Home Federal Savings & Loan Association of Grand Island,NE,Grand Island,292130,0,-1,,-1,,2021,4,254900IL7D0ACZ6YVF12,1,HOME FEDERAL SAVINGS AND LOAN,NE,GRAND ISLAND,68801,537
2021,549300PJ2WT35S77Q208,54-2118883,7,,-1,Consumer Real Estate Finance Co.,,,-1,-1,-1,,-1,,2021,4,549300PJ2WT35S77Q208,7,Consumer Real Estate Finance Co.,FL,Fort Lauderdale,33312,1463
2021,549300ZJIC4LOLZH0M42,94-0362025,9,959395,959395,THE GOLDEN 1,CA,Sacramento,12993881,0,-1,,-1,,2021,4,549300ZJIC4LOLZH0M42,9,Golden 1 Credit Union,CA,Sacramento,95826,11357
2021,549300R14I3DX6ZMWL07,62-0962107,5,425292,425292,CONSUMER Credit Union,TN,Greeneville,490308,0,-1,,-1,,2021,4,549300R14I3DX6ZMWL07,5,CONSUMER CREDIT UNION,TN,GREENEVILLE,37745,608
2021,549300NTHJ0G5YXW3J85,54-6040482,5,939191,939191,ValleyStar Credit Union,VA,Martinsville,499530,0,-1,,-1,,2021,4,549300NTHJ0G5YXW3J85,5,VALLEYSTAR CREDIT UNION,VA,MARTINSVILLE,24115,421
2021,54930080F7BZFCWNV450,25-1438513,7,3886522,3886522,"WEST PENN FINANCIAL SERVICE CENTER, INC.",PA,ALLISON PARK,-1,3,-1,,-1,,2021,4,54930080F7BZFCWNV450,7,"West Penn Financial Service Center, Inc.",PA,Pittsburgh,15237,2101
2021,549300F7JKU0UTD6KX15,16-0426523,1,292908,292908,"Evans Bank, National Association",NY,Angola,1444951,0,1401190,,1401190,"EVANS BANCORP, INC.",2021,4,549300F7JKU0UTD6KX15,1,"Evans Bank, N.A.",NY,Williamsville,14221,725
2021,254900QGEOVPON4RPM04,87-0242876,5,342791,342791,Alpine Credit Union,UT,Orem,226040,0,-1,,-1,,2021,4,254900QGEOVPON4RPM04,5,ALPINE CREDIT UNION,UT,OREM,84057,119
2021,549300TDL15I36FDWZ79,66-0262500,7,3873296,3873296,Cooperativa de Ahorro y Credito Aguas Buenas,,Aguas Buenas,-1,3,-1,,-1,,2021,4,549300TDL15I36FDWZ79,7,COOPERATIVA DE A/C AGUAS BUENA,PR,Aguas Buenas,00703,20
2021,25490029ZGGK0O5HP605,72-0124900,3,399731,399731,Bank of Erath,LA,Erath,99932,0,4125152,,4125152,BANK OF ERATH HOLDING COMPANY,2021,4,25490029ZGGK0O5HP605,3,Bank of Erath,LA,Erath,70533,90
2021,549300VR3QTN4GZYUR03,01-0024810,3,522605,522605,Bar Harbor Bank & Trust,ME,Bar Harbor,3665517,0,1115385,,1115385,BAR HARBOR BANKSHARES,2021,4,549300VR3QTN4GZYUR03,3,Bar Harbor Bank & Trust,ME,Bar Harbor,04609,1905
2021,549300TDBTRK89DZRC13,91-0564732,5,40873,40873,FIBRE FEDERAL CREDIT UNION,WA,Longview,1152981,0,-1,,-1,,2021,4,549300TDBTRK89DZRC13,5,Fibre Federal Credit Union,WA,Longview,98632,1250
2021,54930087JNDLPJWOLV11,31-4332540,1,754826,754826,THE VINTON COUNTY NATIONAL BANK,OH,McArthur,1007593,0,1070765,,1070765,"COMMUNITY BANCSHARES, INC.",2021,4,54930087JNDLPJWOLV11,1,VINTON COUNTY NATIONAL BANK,OH,MCARTHUR,45651,1188
2021,984500DA79C1B97ACF16,86-0133773,5,,-1,Landings Credit Union,,,-1,-1,-1,,-1,,2021,4,984500DA79C1B97ACF16,5,LANDINGS CREDIT UNION,AZ,TEMPE,85282,114
2021,549300OARXTADS0L8L11,37-0580723,5,864293,864293,1ST MIDAMERICA,IL,Bethalto,744684,0,-1,,-1,,2021,4,549300OARXTADS0L8L11,5,1st MidAmerica Credit Union,IL,Bethalto,62010,905
2021,549300DMHEHNYZ2OLB41,73-0222372,3,509950,509950,First United Bank and Trust Company,OK,Durant,8090901,0,1058398,,1058398,"SPEND LIFE WISELY COMPANY, INC.",2021,4,549300DMHEHNYZ2OLB41,3,FIRST UNITED BANK AND TRUST CO,OK,DURANT,74702,20934
2021,5493001EXVWX6Q13MY44,62-1072448,2,225559,225559,Bank of Bartlett,TN,Bartlett,357772,0,1097249,,1097249,"WEST TENNESSEE BANCSHARES, INC.",2021,4,5493001EXVWX6Q13MY44,2,Bank of Bartlett,TN,Bartlett,38134-3792,295
2021,549300XPRW4X0ADUZ549,05-0187807,5,126197,126197,WAVE FEDERAL CREDIT UNION,RI,Warwick,115406,0,-1,,-1,,2021,4,549300XPRW4X0ADUZ549,5,Wave Federal Credit Union,RI,Warwick,02886,107
2021,254900MCB5QTUWUWQ396,38-1439781,5,431592,431592,Public Service Credit Union,MI,Romulus,293174,0,-1,,-1,,2021,4,254900MCB5QTUWUWQ396,5,Public Service Credit Union,MI,Romulus,48174,236
2021,549300ZGCIDP1G72QO72,34-0137475,1,767974,767974,"Cf Bank, National Association",OH,Worthington,879238,0,3828577,,3828577,CF BANKSHARES INC.,2021,4,549300ZGCIDP1G72QO72,1,CFBank NA,OH,Worthington,43085,6889
2021,549300C04W4R4VGWRT26,56-1632379,5,959283,959283,DUKE UNIVERSITY FEDERAL CREDIT UNION,NC,Durham,149478,0,-1,,-1,,2021,4,549300C04W4R4VGWRT26,5,Duke University Federal Credit Union,NC,Durham,27705,141
2021,549300CG5TM73650DH84,95-1981100,5,604293,604293,Christian Community Credit Union,CA,San Dimas,694354,0,-1,,-1,,2021,4,549300CG5TM73650DH84,5,Christian Community Credit Union,CA,San Dimas,91773,764
2021,549300GRGZDEH4ZGQS06,39-2001010,3,3429509,3429509,Waterstone Mortgage Corporation,WI,Pewaukee,-1,2,310978,,4523431,"WATERSTONE FINANCIAL, INC.",2021,4,549300GRGZDEH4ZGQS06,3,WATERSTONE MORTGAGE CORPORATION,WI,PEWAUKEE,53072,21946
2021,549300EGL1VV7LY0QU69,68-0197989,3,1436204,1436204,Bank of Marin,CA,Novato,2707341,0,3590388,,3590388,BANK OF MARIN BANCORP,2021,4,549300EGL1VV7LY0QU69,3,BANK OF MARIN,CA,NOVATO,94947,60
2021,54930001GYIWKBD35H65,55-0681478,3,498625,498625,"Calhoun County Bank, Inc.",WV,Grantsville,152953,0,1357046,,1357046,"CALHOUN BANKSHARES, INC.",2021,4,54930001GYIWKBD35H65,3,CALHOUN COUNTY BANKS INC,WV,GRANTSVILLE,26147,250
2021,549300OA8B0OLDA16R42,37-0269515,1,513546,513546,The Farmers and Merchants National Bank of Nashville,IL,Nashville,189619,0,2931331,,2931331,"FARMERS AND MERCHANTS BANCSHARES, INC.",2021,4,549300OA8B0OLDA16R42,1,The Farmers and Merchants National Bank,IL,Nashville,62263-0309,190
2021,5493004G43JM6M5BFR40,32-0029618,7,5139008,5139008,"FAMILY FINANCE MORTGAGE, LLC",MO,Arnold,-1,3,-1,,-1,,2021,4,5493004G43JM6M5BFR40,7,Family Finance Mortgage LLC,MO,Arnold,63010,802
2021,549300HWDY3N8UVJO697,41-0852727,1,860053,860053,"Sunrise Banks, National Association",MN,St. Paul,1179926,0,1139103,,1139103,"UNIVERSITY FINANCIAL CORP, GBC DBA SUNRISE BANKS",2021,4,549300HWDY3N8UVJO697,1,"SUNRISE BANKS, N.A.",MN,ST. PAUL,55103,592
2021,2549002DGXCCIY4BGZ41,75-1087169,5,154480,154480,Complex Community Federal Credit Union,TX,Odessa,549498,0,-1,,-1,,2021,4,2549002DGXCCIY4BGZ41,5,COMPLEX COMMUNITY FEDERAL CU,TX,ODESSA,79766,282
2021,549300JEHXW73XYX6533,16-0377180,3,254504,254504,Cattaraugus County Bank,NY,Little Valley,251672,0,3009714,,3009714,"C.C.BANCORP, INC.",2021,4,549300JEHXW73XYX6533,3,CATTARAUGUS COUNTY BANK,NY,LITTLE VALLEY,14755,141
2021,549300A7YGYUVVWJ2M57,32-0117926,7,4184814,4184814,LYNX MORTGAGE BANK LLC,NY,WESTBURY,-1,3,-1,,-1,,2021,4,549300A7YGYUVVWJ2M57,7,Lynx Mortgage Bank LLC,NY,Westbury,11590,680
2021,549300GJGUHNTC6JI536,41-0585310,9,266271,266271,TCF National Bank,SD,Sioux Falls,46627366,0,1201934,,1201934,TCF FINANCIAL CORPORATION,2021,4,549300GJGUHNTC6JI536,9,TCF National Bank,MI,Troy,48084,12155
2021,549300YS4CB1171BRJ08,20-8164471,3,3401970,3401970,First Bank,NJ,Hamilton,2011588,0,-1,,-1,,2021,4,549300YS4CB1171BRJ08,3,FIRST BANK,NJ,HAMILTON,08690,97
2021,549300IWSSP83SNIPE63,25-1150379,5,630984,630984,PATRIOT,PA,Chambersburg,730357,0,-1,,-1,,2021,4,549300IWSSP83SNIPE63,5,Patriot Federal Credit Union,PA,Chambersburg,17201,1387
2021,UBNR8NKAK8J9JL4NZF88,34-4364150,2,614313,614313,The State Bank and Trust Company,OH,Defiance,1029694,0,1071454,,1071454,SB FINANCIAL GROUP INC,2021,4,UBNR8NKAK8J9JL4NZF88,2,THE STATE BANK & TRUST COMPANY,OH,DEFIANCE,43512,4737
2021,549300FJHIE3T5GJRI39,87-0219133,5,515287,515287,AMERICAN UNITED FAMILY OF CREDIT UN,UT,West Jordan,266007,0,-1,,-1,,2021,4,549300FJHIE3T5GJRI39,5,American United FCU,UT,West Jordan,84084,91
2021,25490021P4C9ZH17EO78,73-0675791,7,3851490,3851490,MORTGAGE CLEARING CORPORATION,OK,Tulsa,-1,3,-1,,-1,,2021,4,25490021P4C9ZH17EO78,7,MORTGAGE CLEARING CORPORATION,OK,TULSA,74105,3069
2021,549300SRKBH68TX76851,47-3715280,7,47-3715280,-1,S&S Financial,WY,Sheridan,-1,3,-1,,-1,,2021,4,549300SRKBH68TX76851,7,S&S Financial,CA,Laguna Hills,92653,312
2021,254900ACGDT107SC5E82,39-1806371,3,2329200,2329200,Bay Bank,WI,Green Bay,108303,0,2340867,,2340867,"BAY BANCORPORATION, INC.",2021,4,254900ACGDT107SC5E82,3,Bay Bank,WI,Green Bay,54313,345
2021,5493001JT9MT3Z3Y3M39,63-0904030,9,3783948,3783948,"RBC Bank, (Georgia) National Association",GA,Atlanta,4528719,0,3226762,,1232497,ROYAL BANK OF CANADA,2021,4,5493001JT9MT3Z3Y3M39,9,"RBC Bank (Georgia), N.A.",NC,Raleigh,27617-2042,2249
2021,254900237R332M8L2724,41-0413985,1,43856,43856,The Miners National Bank of Eveleth,MN,Eveleth,69662,0,-1,,-1,,2021,4,254900237R332M8L2724,1,Miners NB of Eveleth,MN,Eveleth,55734,230
2021,549300UT4EN6IH579Q63,95-4234730,7,4438115,4438115,"RIGHT START MORTGAGE, INC.",,,-1,3,-1,,-1,,2021,4,549300UT4EN6IH579Q63,7,"RIGHT START MORTGAGE, INC.",CA,PASADENA,91105,1352
2021,549300488506L45QIE35,73-1611552,7,73-1611552,-1,"FINANCIAL CONCEPTS MORTGAGE, LLC",OK,OKLAHOMA CITY,-1,3,-1,,-1,,2021,4,549300488506L45QIE35,7,FINANCIAL CONCEPTS MORTGAGE LLC,OK,EDMOND,73013,931
2021,549300QHKPYDSS5W8T62,66-0258299,7,,3873269,COOPERATIVA DE AHORRO Y CREDITO DE SANTA ISABEL (CACSI),,SANTA ISABEL,-1,3,-1,,-1,,2021,4,549300QHKPYDSS5W8T62,7,Cooperativa de A\C Santa Isabe,PR,Santa Isabel,00757,19
2021,549300VWMFYNEEG33W94,04-2000200,5,594796,594796,SOMERSET,MA,Somerset,151825,0,-1,,-1,,2021,4,549300VWMFYNEEG33W94,5,Somerset Federal Credit Union,MA,Somerset,02726,219
2021,549300M6EHOPLD2SFD66,06-0453420,3,258306,258306,The Milford Bank,CT,Milford,449718,0,-1,,-1,,2021,4,549300M6EHOPLD2SFD66,3,THE MILFORD BANK,CT,MILFORD,06460,238
2021,549300T67186NPGCHI50,43-0687711,5,674997,674997,FIRST COMMUNITY,MO,Chesterfield,2785682,0,-1,,-1,,2021,4,549300T67186NPGCHI50,5,FIRST COMMUNITY CREDIT UNION,MO,CHESTERFIELD,63005,8905
2021,549300AUL77A8UKADB04,58-0641605,5,410784,410784,ROBINS FINANCIAL,GA,Warner Robins,2738617,0,-1,,-1,,2021,4,549300AUL77A8UKADB04,5,Robins Financial Credit Union,GA,Warner Robins,31093-0000,2066
2021,2549005PPHHZWJNR6L41,43-0263000,2,686459,686459,Exchange Bank of Missouri,MO,Fayette,219165,0,4209904,,1249495,"NORTHERN MISSOURI BANCSHARES, INC.",2021,4,2549005PPHHZWJNR6L41,2,Exchange Bank of Missouri,MO,Fulton,65251,271
2021,2549000UEC0BWG8F1402,21-0635256,5,1006175,1006175,First Financial Federal Credit Union,NJ,Freehold,169265,0,-1,,-1,,2021,4,2549000UEC0BWG8F1402,5,First Financial FCU,NJ,Toms River,08754,145
2021,549300YHPEPV6KF30T16,52-0465075,1,86675,86675,Rosedale Federal Savings and Loan Association,MD,Nottingham,973372,0,-1,,-1,,2021,4,549300YHPEPV6KF30T16,1,Rosedale Federal Savings & Loan,MD,Baltimore,21236,450
2021,549300L5K7XBSXWT6D49,39-1134930,5,792499,792499,UNISON CREDIT UNION,WI,Kaukauna,223903,0,-1,,-1,,2021,4,549300L5K7XBSXWT6D49,5,Unison Credit Union,WI,Kaukauna,54130,438
2021,549300DISOL963J03Q15,72-0296305,3,900034,900034,Rayne State Bank & Trust Company,LA,Rayne,382595,0,2227182,,2227182,FINANCIAL CORPORATION OF LOUISIANA,2021,4,549300DISOL963J03Q15,3,RAYNE STATE BANK & TRUST CO,LA,RAYNE,70578,137
2021,2549001URDOO8V3DI280,35-0352590,1,921879,921879,First Federal Savings and Loan Association of Greensburg,IN,Greensburg,160311,0,-1,,-1,,2021,4,2549001URDOO8V3DI280,1,First Federal Savings and Loan,IN,Greensburg,47240,146
2021,549300MAIHYOT48UVH49,56-0166559,5,1016987,1016987,CAROLINAS TELCO FEDERAL CREDIT UNION,NC,Charlotte,445485,0,-1,,-1,,2021,4,549300MAIHYOT48UVH49,5,Carolinas Telco Federal Credit Union,NC,Charlotte,28266-8467,209
2021,549300BES7HNVKCDIM50,99-0253492,1,54973,54973,"American Savings Bank, FSB",HI,Honolulu,7233017,0,3842975,,3842957,"HAWAIIAN ELECTRIC INDUSTRIES, INC.",2021,4,549300BES7HNVKCDIM50,1,AMERICAN SAVINGS BANK,HI,HONOLULU,96804,6501
2021,549300YNUT7D0FWKU636,34-0214400,1,680813,680813,The Farmers National Bank of Canfield,OH,Canfield,2432103,0,1071191,,1071191,FARMERS NATIONAL BANC CORP.,2021,4,549300YNUT7D0FWKU636,1,FARMERS NATIONAL BANK,OH,NILES,44446,2793
2021,5493004KSBZEBHIMRT79,54-2096352,7,54-2096352,-1,"MORTGAGE FINANCIAL GROUP, INC.",FL,TAVARES,-1,3,-1,,-1,,2021,4,5493004KSBZEBHIMRT79,7,MORTGAGE FINANCIAL GROUP INC,FL,TAVARES,32778,505
2021,549300BPDFS1CLV7K329,59-0637646,5,79677,79677,CAMPUS USA,FL,Alachua,2090848,0,-1,,-1,,2021,4,549300BPDFS1CLV7K329,5,CAMPUS USA CREDIT UNION,FL,GAINESVILLE,32614,1621
2021,549300QIUZLVR1OLDH55,38-1445060,5,1758821,1758821,GENISYS,MI,Auburn Hills,2847190,0,-1,,-1,,2021,4,549300QIUZLVR1OLDH55,5,GENISYS CREDIT UNION,MI,AUBURN HILLS,48326,6419
2021,54930016ZSB1QWXLRJ13,81-4978092,7,81-4978092,-1,"MY MOVE MORTGAGE, LLC",UT,Salt Lake City,-1,3,-1,,-1,,2021,4,54930016ZSB1QWXLRJ13,7,"MY MOVE MORTGAGE, LLC",UT,SANDY,84070,3053
2021,549300IRQPG1Q6VZ8Y58,74-2237409,1,842460,842460,Lone Star National Bank,TX,Pharr,2418865,0,2325350,,2325350,"LONE STAR NATIONAL BANCSHARES--TEXAS, INC.",2021,4,549300IRQPG1Q6VZ8Y58,1,LONE STAR NATIONAL BANK,TX,PHARR,78577,622
2021,54930040WE4NGYGGO143,04-1328870,1,837608,837608,Rollstone Bank & Trust,MA,Fitchburg,694701,0,4299147,,4299147,"ROLLSTONE BANCORP, MHC",2021,4,54930040WE4NGYGGO143,1,ROLLSTONE BANK & TRUST,MA,FITCHBURG,01420,251
2021,875500S0BR039MXM0805,37-0554470,1,,415770,"Tempo Bank, A Federal Savings Bank",IL,Trenton,99042,0,4585916,,4585916,SUGAR CREEK FINANCIAL CORPORATION,2021,4,875500S0BR039MXM0805,1,Tempo Bank,IL,Trenton,62293,38
2021,549300BGIT0LFI12Z304,37-0509011,3,218878,218878,"Security Bank, s.b.",IL,Springfield,184080,0,-1,,-1,,2021,4,549300BGIT0LFI12Z304,3,SECURITY BANK,IL,SPRINGFIELD,62701,304
2021,2549004IXUWDS2CYU578,63-0306291,5,239574,239574,TVA Community Credit Union,AL,Muscle Shoals,335593,0,-1,,-1,,2021,4,2549004IXUWDS2CYU578,5,TVA Community CU,AL,Muscle Shoals,35661,118
2021,5493009D7ZK3I86CJC09,84-0240535,3,,444556,Points West Community Bank,CO,Windsor,259886,0,1051081,,1051081,"FIRST NEBRASKA BANCS, INC.",2021,4,5493009D7ZK3I86CJC09,3,POINTS WEST COMMUNITY BANK,WY,TORRINGTON,82240-7756,154
2021,549300TXFI7UH4GDK877,04-2074204,5,269393,269393,MILLBURY FEDERAL CREDIT UNION,MA,Millbury,363697,0,-1,,-1,,2021,4,549300TXFI7UH4GDK877,5,Millbury Federal Credit Union,MA,Millbury,01527,221
2021,549300HS110NTZNI7U69,26-2580840,7,5026395,5026395,"SECURITY AMERICA MORTGAGE, INC.",TX,HOUSTON,-1,3,-1,,-1,,2021,4,549300HS110NTZNI7U69,7,SECURITY AMERICA MORTGAGE INC,TX,HOUSTON,77055,5
2021,549300OPKCV6BLMDSL66,63-0838750,3,994435,994435,United Bank,AL,Atmore,711540,0,1083895,,1083895,"UNITED BANCORPORATION OF ALABAMA, INC.",2021,4,549300OPKCV6BLMDSL66,3,UNITED BANK,AL,ATMORE,36502,401
2021,549300HH2N9Q3HH7XL57,30-0999121,7,,-1,"CCM Finance, LLC",MN,Sauk Centre,-1,3,-1,,-1,,2021,4,549300HH2N9Q3HH7XL57,7,"CCM FINANCE, LLC",MN,MINNEAPOLIS,55439,99
2021,54930092HIO8R4060L05,66-0362652,5,,-1,MEDICOOP,,,-1,-1,-1,,-1,,2021,4,54930092HIO8R4060L05,5,MEDICOOP,PR,SAN JUAN,00926,38
2021,549300YHR41F57LS0R28,39-0273630,3,51842,51842,Farmers and Merchants Union Bank,WI,Columbus,398310,0,2653071,,2653071,"JEWEL BOX FINANCIAL SERVICES, INC.",2021,4,549300YHR41F57LS0R28,3,Farmers & Merchants Union Bank,WI,Columbus,53925,247
2021,254900J6JRSKHU1Y0F98,02-0136360,3,,491402,Franklin Savings Bank,NH,Franklin,527859,0,4459848,,4459848,FRANKLIN BANCORP MHC,2021,4,254900J6JRSKHU1Y0F98,3,Franklin Savings Bank,NH,Franklin,03235,284
2021,549300VR7DBNPPSMHV60,75-0118190,2,262358,262358,American State Bank,TX,Arp,444963,0,4136046,,4136046,"STEELE BANCSHARES, INC.",2021,4,549300VR7DBNPPSMHV60,2,American State Bank,TX,Lufkin,75901,125
2021,254900J5OSYRB4AN2309,06-0655058,5,1014273,1014273,CorePlus Federal Credit Union,CT,Norwich,231992,0,-1,,-1,,2021,4,254900J5OSYRB4AN2309,5,CorePlus Federal Credit Union,CT,Norwich,06360,584
2021,549300P6J0MZZT4UMT05,36-4569955,7,3952865,3952865,"MEMBER HOME LOAN, L.L.C.",TX,AUSTIN,-1,3,-1,,-1,,2021,4,549300P6J0MZZT4UMT05,7,"MEMBER HOME LOAN, LLC",TX,HOUSTON,77065,1277
2021,549300HW4KR7SR5P7259,01-0170010,5,381295,381295,INFINITY Federal Credit Union,ME,Westbrook,351878,0,-1,,-1,,2021,4,549300HW4KR7SR5P7259,5,INFINITY FEDERAL CREDIT UNION,ME,WESTBROOK,04092,120
2021,54930009LUIVFTPRGT26,46-0797627,7,,-1,"JAYCO PREMIUM FINANCE OF CALIFORNIA, INC.",CA,COSTA MESA,-1,3,-1,,-1,,2021,4,54930009LUIVFTPRGT26,7,"Jayco Premium Finance of California, Inc.",CA,Costa Mesa,92626,223
2021,549300SKTBTC2QFDKG02,35-0161790,3,783648,783648,Centier Bank,IN,Whiting,4694690,0,1204560,,1204560,"FIRST BANCSHARES, INC.",2021,4,549300SKTBTC2QFDKG02,3,CENTIER BANK,IN,MERRILLVILLE,46410,6603
2021,254900RFZH9I62FGU045,46-4215283,3,4585934,4585934,"American Mortgage Bank, LLC",OK,OKLAHOMA CITY,-1,2,-1,,4349837,"BLUECHIP BANCSHARES, LLC",2021,4,254900RFZH9I62FGU045,3,"American Mortgage Bank, LLC",OK,Oklahoma City,73116,664
2021,549300CDLJDN8ENOT455,93-0465543,5,278797,278797,MARION AND POLK SCHOOLS CREDIT UNION,OR,Salem,818515,0,-1,,-1,,2021,4,549300CDLJDN8ENOT455,5,Marion & Polk Schools Credit Union,OR,Salem,97309,1227
2021,5493004LN4GS7BNXIO13,20-5791745,3,933377,933377,Fidelity Co-operative Bank,MA,Leominster,972806,0,3454239,,3454220,FIDELITY MUTUAL HOLDING COMPANY,2021,4,5493004LN4GS7BNXIO13,3,Fidelity Co-operative Bank,MA,Leominster,01453,789
2021,549300GL7DLQR39MW179,93-0550980,5,100683,100683,HERITAGE GROVE Federal Credit Union,OR,Salem,115810,0,-1,,-1,,2021,4,549300GL7DLQR39MW179,5,Heritage Grove Federal Credit Union,OR,Salem,97301,124
2021,549300C720KB2QRAC051,75-0357838,1,924058,924058,The Jacksboro National Bank,TX,Jacksboro,235468,0,1104503,,1104503,"JACKSBORO NATIONAL BANCSHARES, INC.",2021,4,549300C720KB2QRAC051,1,JACKSBORO NATIONAL BANK,TX,JACKSBORO,76458,424
2021,549300E1PJPTI4YS7H26,62-0527850,5,290986,290986,ASCEND FEDERAL CREDIT UNION,TN,Tullahoma,2657488,0,-1,,-1,,2021,4,549300E1PJPTI4YS7H26,5,ASCEND FEDERAL CREDIT UNION,TN,TULLAHOMA,37388,3510
2021,549300LBBI5HSCNM6E20,82-2892065,9,,-1,"PARK SQUARE HOME MORTGAGE, LLC",FL,ORLANDO,-1,3,-1,,-1,,2021,4,549300LBBI5HSCNM6E20,9,"Park Square Home Mortgage, LLC",FL,Orlando,32811,607
2021,549300RJ5S2V4F8C4H36,13-2539506,5,784887,784887,SUMA YONKERS Federal Credit Union,NY,Yonkers,343187,0,-1,,-1,,2021,4,549300RJ5S2V4F8C4H36,5,SUMA (YONKERS) FEDERAL CREDIT UNION,NY,YONKERS,10701,118
2021,549300RYBJHWWDENV610,14-1886719,7,4320087,4320087,Alcova Mortgage LLC,VA,ROANOKE,-1,3,-1,,-1,,2021,4,549300RYBJHWWDENV610,7,"ALCOVA Mortgage, LLC",VA,Roanoke,24011,13397
2021,549300RWHDQQ6O8UNG56,42-1479004,3,2732565,2732565,Peoples Savings Bank,IA,Indianola,326024,0,2732574,,2732574,"CENTRAL SOUTH BANCORPORATION, INC.",2021,4,549300RWHDQQ6O8UNG56,3,Peoples Savings Bank,IA,Indianola,50125,94
2021,549300GHJNYLYN726391,87-0489793,3,1914421,1914421,Rock Canyon Bank,UT,Provo,507370,0,2270825,,2270825,COMMUNITY BANCORPORATION,2021,4,549300GHJNYLYN726391,3,Rock Canyon Bank,UT,Provo,84604,586
2021,38PG5GG0OEQK4QMSKE59,75-2695994,9,2618780,2618780,"Texas Capital Bank, National Association",TX,Dallas,32529274,0,2706735,,2706735,"TEXAS CAPITAL BANCSHARES, INC.",2021,4,38PG5GG0OEQK4QMSKE59,9,TEXAS CAPITAL BANK,TX,RICHARDSON,75082,7142
2021,5493007C2UVB2OGY1G25,04-1580550,2,816304,816304,Marblehead Bank,MA,Marblehead,212784,0,-1,,-1,,2021,4,5493007C2UVB2OGY1G25,2,MARBLEHEAD BANK,MA,MARBLEHEAD,01945,209
2021,549300HKYIM2UCUTQA05,86-1035867,3,3154780,3154780,"HORIZON COMMUNITY BANK, INC.",AZ,LAKE HAVASU CITY,341423,0,3382985,,3382985,"HORIZON BANCORP, INC.",2021,4,549300HKYIM2UCUTQA05,3,HORIZON COMMUNITY BANK,AZ,LAKE HAVASU CITY,86403,153
2021,54930057OO0P1ZMTQX63,52-2354562,7,4730239,4730239,"COUNTRY CLUB MORTGAGE, INC.",CA,VISALIA,-1,3,-1,,-1,,2021,4,54930057OO0P1ZMTQX63,7,"Country Club Mortgage, INC.",CA,Visalia,93291,4270
2021,254900667M5CK6Y3DF27,59-2680958,3,110936,110936,Banco do Brasil Americas,FL,Miami,665846,0,1242076,,1242076,BANCO DO BRASIL S.A.,2021,4,254900667M5CK6Y3DF27,3,Banco do Brasil Americas,FL,Miami,33131,192
2021,549300R0L43GUZ8EW811,62-1734402,3,2745426,2745426,Legends Bank,TN,Clarksville,495586,0,3100349,,3100349,"LEGENDS FINANCIAL HOLDINGS, INC.",2021,4,549300R0L43GUZ8EW811,3,LEGENDS BANK,TN,CLARKSVILLE,37041,921
2021,549300L8KOGOW7X6DY09,34-4230590,3,370721,370721,The Farmers State Bank,OH,New Madison,181822,0,1071605,,1071605,FSB FINANCIAL CORP,2021,4,549300L8KOGOW7X6DY09,3,The Farmers State Bank,OH,New Madison,45346-0119,208
2021,254900EDYO1UYWLWP146,55-0143757,3,944627,944627,CNB Bank Inc.,WV,Berkeley Springs,417203,0,2909200,,2909200,"CNB FINANCIAL SERVICES, INC.",2021,4,254900EDYO1UYWLWP146,3,CNB Bank Inc.,WV,Berkeley Springs,25411,591
2021,549300B4IYL7TZT8FA34,20-2718340,7,3878349,3878349,"PREMIER MORTGAGE RESOURCES, L.L.C.",OR,PORTLAND,-1,3,-1,,-1,,2021,4,549300B4IYL7TZT8FA34,7,"PREMIER MORTGAGE RESOURCES, LLC",ID,MERIDIAN,83642,9775
2021,549300N1R0R39PYT7O68,46-0350990,1,715470,715470,First Western Federal Savings Bank,SD,Rapid City,61420,0,-1,,-1,,2021,4,549300N1R0R39PYT7O68,1,FIRST WESTERN FEDERAL SAVINGS BANK,SD,RAPID CITY,57709-1435,191
2021,254900U38QOOLJB8FS91,23-1580399,3,660570,660570,Prosper Bank,PA,Coatesville,216885,0,-1,,-1,,2021,4,254900U38QOOLJB8FS91,3,Presence Bank,PA,Coatesville,19320,100
2021,549300TRBLKWZO8LPT76,42-6061556,5,500694,500694,THE FAMILY CREDIT UNION,IA,Davenport,169383,0,-1,,-1,,2021,4,549300TRBLKWZO8LPT76,5,THE FAMILY CREDIT UNION,IA,DAVENPORT,52806,366
2021,254900EKE4KU163TA318,13-6360695,5,578880,578880,American Broadcast Employees Federal Credit Union,NY,Rockville Centre,109315,0,-1,,-1,,2021,4,254900EKE4KU163TA318,5,American Broadcast Employees FCU,NY,Rockville Centre,11570,46
2021,54930077O97ZNP1ECH16,43-1847878,5,4320395,4320395,MORTGAGE SOLUTIONS LLC,MO,Saint Louis,-1,3,-1,,-1,,2021,4,54930077O97ZNP1ECH16,5,"Mortgage Solutions, LLC",MO,Saint Charles,63304,944
2021,549300U2WRK55BY8UC05,80-0233937,7,4325019,4325019,IMPAC MORTGAGE CORP.,CA,IRVINE,-1,3,-1,,-1,,2021,4,549300U2WRK55BY8UC05,7,IMPAC MORTGAGE CORP,CA,IRVINE,92612,13671
2021,549300C690YBM0ROXL93,74-0726853,1,556459,556459,"Kleberg Bank, N.A",TX,Kingsville,572436,0,1104325,,1104325,"KLEBERG AND COMPANY BANKERS, INC.",2021,4,549300C690YBM0ROXL93,1,Kleberg Bank N.A.,TX,Kingsville,78363,187
2021,549300KB8NXVYD7BGS97,62-0517615,5,510693,510693,US COMMUNITY,TN,Nashville,215457,0,-1,,-1,,2021,4,549300KB8NXVYD7BGS97,5,US Community Credit Union,TN,Nashville,37214,571
2021,549300DQG9B47MV1MR51,63-0182250,3,472531,472531,"The Samson Banking Company, Inc.",AL,Samson,81106,0,-1,,-1,,2021,4,549300DQG9B47MV1MR51,3,"The Samson Banking Company, Inc",AL,Samson,36477,150
2021,549300I3BPURP4WOHN47,35-0328710,2,465243,465243,The Garrett State Bank,IN,Garrett,259773,0,1210011,,1210011,G.S.B. FINANCIAL CORPORATION,2021,4,549300I3BPURP4WOHN47,2,GARRETT STATE BANK,IN,GARRETT,46738,444
2021,5493006HXEF6V2NZED40,56-0354890,3,220527,220527,Peoples Bank,NC,Newton,1153536,0,2818245,,2818245,"PEOPLES BANCORP OF NORTH CAROLINA, INC.",2021,4,5493006HXEF6V2NZED40,3,Peoples Bank,NC,Newton,28658,664
2021,549300ZWBZI4IUOSSQ18,46-3010647,7,,-1,"READY MORTGAGE LENDERS, LLC",FL,MIAMI,-1,3,-1,,-1,,2021,4,549300ZWBZI4IUOSSQ18,7,"Ready Mortgage Lenders, LLC",FL,Miami,33126,599
2021,549300P1I25L8ILSI852,38-1642684,5,738198,738198,SUNRISE FAMILY CREDIT UNION,MI,Bay City,113146,0,-1,,-1,,2021,4,549300P1I25L8ILSI852,5,SUNRISE FAMILY CREDIT UNION,MI,BAY CITY,48706,76
2021,549300TYKYOVQFBZBV90,54-0674170,5,681098,681098,"UNIVERSITY OF VIRGINIA COMMUNITY CREDIT UNION,INC.",VA,Charlottesville,1026121,0,-1,,-1,,2021,4,549300TYKYOVQFBZBV90,5,UVA COMMUNITY CREDIT UNION,VA,CHARLOTTESVILLE,22901,764
2021,549300M03EN3OQEDU087,64-0302297,5,621571,621571,KEESLER,MS,Biloxi,3038779,0,-1,,-1,,2021,4,549300M03EN3OQEDU087,5,KEESLER FEDERAL CREDIT UNION,MS,BILOXI,39531,2491
2021,549300CTZWA68906Q837,93-0389726,5,928298,928298,NORTHWEST COMMUNITY,OR,Eugene,1195501,0,-1,,-1,,2021,4,549300CTZWA68906Q837,5,NORTHWEST COMMUNITY CREDIT UNION,OR,EUGENE,97401,2108
2021,549300KLBHBLTPBU7507,94-1400676,1,961576,961576,"El Dorado Savings Bank, F.S.B.",CA,Placerville,2183806,0,-1,,-1,,2021,4,549300KLBHBLTPBU7507,1,EL DORADO SAVINGS BANK,CA,PLACERVILLE,95667,751
2021,549300ZEHLZ064G58146,38-2524834,1,979375,979375,"Sterling Bank and Trust, FSB",MI,Southfield,3243449,0,3852031,,3852031,"STERLING BANCORP, INC.",2021,4,549300ZEHLZ064G58146,1,"Sterling Bank and Trust, FSB",MI,Southfield,48076,986
2021,549300AQ83ZR1PW5DB53,36-4256335,1,2733263,2733263,"American Bank and Trust Company, National Association",IA,Davenport,359332,0,1138610,,1138610,"AMBANK HOLDINGS, INC.",2021,4,549300AQ83ZR1PW5DB53,1,"American B&T C, N.A.",IA,Davenport,52807,695
2021,549300X2FI65C4A30O27,73-0236480,3,163857,163857,F & M Bank,OK,Edmond,480916,0,1054550,,1054550,"F&M BANCSHARES, INC.",2021,4,549300X2FI65C4A30O27,3,F&M BANK,OK,EDMOND,73012,1236
2021,549300VQSHPYTNCOP496,11-3338148,7,3872196,3872196,"LYONS MORTGAGE SERVICES, INC.",NY,NEW YORK,-1,3,-1,,-1,,2021,4,549300VQSHPYTNCOP496,7,"LYONS MORTGAGE SERVICES, INC.",NY,ASTORIA,11103,234
2021,5493002XYKZPDHNHJY97,41-0371076,1,986551,986551,The First National Bank of Le Center,MN,Le Center,128881,0,1126934,,1126934,"TRAXSHARES, INC.",2021,4,5493002XYKZPDHNHJY97,1,First National Bank of Le Center,MN,Le Center,56057,100
2021,549300SCFWZXMDMZPE93,92-0164378,3,3195242,4802136,"RESIDENTIAL MORTGAGE, LLC",AK,Anchorage,-1,2,-1,,3025385,"NORTHRIM BANCORP, INC.",2021,4,549300SCFWZXMDMZPE93,3,"Residential Mortgage, LLC.",AK,Anchorage,99503,4785
2021,549300PG87MHQ7H4CO08,74-0856797,2,,26765,Vantage Bank Texas,TX,San Antonio,2173744,0,5278381,,5278381,VBT FINANCIAL CORPORATION,2021,4,549300PG87MHQ7H4CO08,2,VANTAGE BANK TEXAS,TX,San Antonio,78216,454
2021,549300YDBNK66R6ZES34,43-0160998,5,747097,747097,TOGETHER CREDIT UNION,MO,Saint Louis,1825507,0,-1,,-1,,2021,4,549300YDBNK66R6ZES34,5,TOGETHER CREDIT UNION,MO,423 LYNCH STREET,63118,3828
2021,549300C4ZH7G6OB81F33,48-0296945,2,1014853,1014853,Citizens Bank of Kansas,KS,Kingman,380175,0,1061987,,1061987,"KING BANCSHARES, INC.",2021,4,549300C4ZH7G6OB81F33,2,CITIZENS BANK OF KANSAS,KS,KINGMAN,67068,358
2021,5493008YOT5ACN2UNP66,71-0717727,2,2219664,2219664,"FIRST WESTERN MORTGAGE, INC.",AR,BOONEVILLE,-1,1,34742,,2628994,FIRST WESTERN BANCSHARES EMPLOYEE STOCK OWNERSHIP TRUST,2021,4,5493008YOT5ACN2UNP66,2,FIRST WESTERN MORTGAGE,AR,BOONEVILLE,72927,312
2021,5493007WZXR2YE227I23,54-1997265,1,233527,233527,"Blue Ridge Bank, National Association",VA,Martinsville,959563,0,1426960,,1426960,"BLUE RIDGE BANKSHARES, INC.",2021,4,5493007WZXR2YE227I23,1,Blue Ridge Bank,VA,Luray,22835-0609,5906
2021,254900I5CDPSIU78UI40,52-0374695,1,204077,204077,Chesapeake Bank of Maryland,MD,Baltimore,220344,0,3831960,,3831960,"CBM BANCORP, INC.",2021,4,254900I5CDPSIU78UI40,1,Chesapeake Bank Of Maryland,MD,Baltimore,21234,102
2021,54930027CDXLJ58XBO36,36-1060280,3,2339900,2339900,Illinois Bank & Trust,IL,Rockford,1301172,0,1206546,,1206546,"HEARTLAND FINANCIAL USA, INC.",2021,4,54930027CDXLJ58XBO36,3,ILLINOIS BANK & TRUST,IL,ROCKFORD,61107,263
2021,549300OYKQOTFQTAV150,25-0814030,3,811279,811279,"Standard Bank, PaSB",PA,Murrysville,983562,0,4183442,,4183442,STANDARD AVB FINANCIAL CORP.,2021,4,549300OYKQOTFQTAV150,3,Standard Bank PaSB,PA,MONROEVILLE,15146,490
2021,549300CCQSH6ZSQHNS49,71-0009635,2,,100843,FNBC Bank,AR,Ash Flat,-1,3,-1,,-1,,2021,4,549300CCQSH6ZSQHNS49,2,FNBC Bank,AR,Ash Flat,72513,234
2021,549300DPRWSBUY619V27,71-0162300,2,663245,663245,Simmons Bank,AR,Pine Bluff,17659319,0,1094828,,1094828,SIMMONS FIRST NATIONAL CORPORATION,2021,4,549300DPRWSBUY619V27,2,Simmons Bank,AR,Pine Bluff,71601,9051
2021,549300U4FBW37LFHW771,20-5614029,7,,-1,JET DIRECT FUNDING CORP,DE,DOVER,-1,3,-1,,-1,,2021,4,549300U4FBW37LFHW771,7,JET DIRECT FUNDING CORP.,NY,BAYSHORE,11706,2218
2021,5493008MFIR0PTRGGL44,61-0547583,3,493844,493844,Franklin Bank & Trust Company,KY,Franklin,551535,0,1098152,,1098152,"FRANKLIN BANCORP, INC.",2021,4,5493008MFIR0PTRGGL44,3,Franklin Bank & Trust Company,KY,317 North Main Street,42134,180
2021,549300L6SV1WXLO6BB96,75-0583697,3,621357,621357,State Bank of De Kalb,TX,Bowie,266343,0,-1,,-1,,2021,4,549300L6SV1WXLO6BB96,3,State Bank of De Kalb,TX,De Kalb,75559,376
2021,549300EXQ4TO1KWRTV95,44-0607186,7,2027364,2027364,JAMES B. NUTTER & COMPANY,MO,Jefferson City,-1,3,-1,,-1,,2021,4,549300EXQ4TO1KWRTV95,7,James B. Nutter & Company,MO,Kansas City,64111,1174
2021,549300B8JSCK4ZNVX087,36-4618706,5,739083,739083,MAX Credit Union,AL,Montgomery,1460586,0,-1,,-1,,2021,4,549300B8JSCK4ZNVX087,5,MAX CREDIT UNION,AL,MONTGOMERY,36117,1070
2021,5493007ISPBRCRINID86,04-1328710,5,89096,89096,IC Federal Credit Union,MA,Fitchburg,503269,0,-1,,-1,,2021,4,5493007ISPBRCRINID86,5,IC FEDERAL CREDIT UNION,MA,FITCHBURG,01420,567
2021,549300XFFRJX2835SG22,75-2178291,3,297257,297257,Texas Bank Financial,TX,Weatherford,441769,0,4126225,,4126225,TEXAS BANC FINANCIAL CORPORATION,2021,4,549300XFFRJX2835SG22,3,TEXAS BANK FINANCIAL,TX,WEATHERFORD,76086,2219
2021,5493002PU0KOD7M34E71,39-0210210,3,479446,479446,Citizens State Bank of Loyal,WI,Loyal,207896,0,1136410,,1136410,"CITIZENS BANCSHARES OF LOYAL, INC.",2021,4,5493002PU0KOD7M34E71,3,CITIZENS STATE BANK OF LOYAL,WI,LOYAL,54446,175
2021,54930012OSP7Z8V2FB74,26-1796172,7,26-1796172,-1,HOME SOLUTION LENDERS INC.,FL,BARTOW,-1,3,-1,,-1,,2021,4,54930012OSP7Z8V2FB74,7,Home Solution Lenders Inc,FL,Bartow,33830,1387
2021,549300DFV63SJPNIII97,43-0447990,3,697156,697156,HomeBank,MO,Palmyra,421979,0,1094480,,1094480,"BYRON B. WEBB, INC.",2021,4,549300DFV63SJPNIII97,3,HOMEBANK,MO,Palmyra,63461,521
2021,549300U8E8RBG5YNMP39,53-0056498,5,756389,756389,DEPARTMENT OF COMMERCE,DC,Washington,529368,0,-1,,-1,,2021,4,549300U8E8RBG5YNMP39,5,Department of Commerce Federal Credit Union,DC,Washington,20230,742
2021,2549006HJBA7HTOZF285,04-1961180,5,427193,427193,Freedom Credit Union,MA,Springfield,496731,0,-1,,-1,,2021,4,2549006HJBA7HTOZF285,5,FREEDOM CREDIT UNION,MA,SPRINGFIELD,01103,914
2021,549300EJVZTLWGR61E96,38-0929290,2,698649,698649,Thumb Bank and Trust,MI,Pigeon,274254,0,2351939,,2972530,THUMB NATIONAL BANK AND TRUST COMPANY EMPLOYEE STOCK OWNERSHIP PLAN,2021,4,549300EJVZTLWGR61E96,2,THUMB BANK & TRUST,MI,PIGEON,48755,338
2021,549300LCT0EFT83E5873,62-0471057,5,688387,688387,ENRICHMENT,TN,OAK RIDGE,529967,0,-1,,-1,,2021,4,549300LCT0EFT83E5873,5,ENRICHMENT FEDERAL CREDIT UNIO,TN,OAK RIDGE,37831,443
2021,549300LV12W1ZFWAU543,04-3158399,3,790703,790703,Lee Bank,MA,Lee,407625,0,1985131,,1985131,"BERKSHIRE FINANCIAL SERVICES, INC.",2021,4,549300LV12W1ZFWAU543,3,LEE BANK,MA,LEE,01238,461
2021,549300L4GPVDZEPUZC05,81-0211310,2,680457,680457,The Yellowstone Bank,MT,Laurel,793600,0,1124921,,1124921,YELLOWSTONE HOLDING COMPANY,2021,4,549300L4GPVDZEPUZC05,2,Yellowstone Bank,MT,Laurel,59044,720
2021,KD3XUN7C6T14HNAYLU02,13-3571598,9,2182786,2182786,Goldman Sachs Bank USA,NY,New York,228836000,0,2380443,,2380443,"GOLDMAN SACHS GROUP, INC., THE",2021,4,KD3XUN7C6T14HNAYLU02,9,Goldman Sachs Bank USA,NY,New York,10282,3599
2021,254900Q5026VQBAVI394,39-6264347,5,813394,813394,Community First Credit Union,WI,Neenah,3412023,0,-1,,-1,,2021,4,254900Q5026VQBAVI394,5,Community First Credit Union,WI,Neenah,54956,6505
2021,549300XY02VS45I5ZZ90,42-0380690,3,589943,589943,Lincoln Savings Bank,IA,Reinbeck,1371963,0,1210169,,1210169,LINCOLN BANCORP,2021,4,549300XY02VS45I5ZZ90,3,LINCOLN SAVINGS BANK,IA,REINBECK,50669,2389
2021,549300AZ4UOXI3Q53W34,74-1178648,5,775380,775380,A+ Federal Credit Union,TX,Austin,1710266,0,-1,,-1,,2021,4,549300AZ4UOXI3Q53W34,5,A+ FEDERAL CREDIT UNION,TX,AUSTIN,78723,3038
2021,54930086UI4O90IKYD43,55-0573001,5,437688,437688,CAMC Federal Credit Union,WV,Charleston,-1,0,-1,,-1,,2021,4,54930086UI4O90IKYD43,5,CAMC Federal Credit Union,WV,Charleston,25304,68
2021,549300J7I82PNDVU8H22,33-0962918,7,3955727,3955727,"OCMBC, INC.",CA,SEAL BEACH,-1,3,-1,,-1,,2021,4,549300J7I82PNDVU8H22,7,"OCMBC, INC.",CA,IRVINE,92612,14461
2021,5493006MRGHEPWMR2015,62-6040478,5,539498,539498,HERITAGE SOUTH COMMUNITY CU,TN,Shelbyville,234541,0,-1,,-1,,2021,4,5493006MRGHEPWMR2015,5,HERITAGE SOUTH COMMUNITY CREDI,TN,SHELBYVILLE,37162,261
2021,549300OTNSBY6RS8HU51,91-0596529,5,136280,136280,CASCADE FEDERAL CREDIT UNION,WA,Kent,308261,0,-1,,-1,,2021,4,549300OTNSBY6RS8HU51,5,Cascade Federal Credit Union,WA,Kent,98032,28
2021,549300516L2LO1P5XX92,26-2514970,7,,-1,"Total Media Management, LLC",AL,OWENS CROSS ROADS,-1,3,-1,,-1,,2021,4,549300516L2LO1P5XX92,7,"Total Media Management, LLC",AL,Huntsville,35801,212
2021,5493001HBUA9JSUEWO16,57-1030051,3,2328137,2328137,First Community Bank,SC,Lexington,1170076,0,2337401,,2337401,FIRST COMMUNITY CORPORATION,2021,4,5493001HBUA9JSUEWO16,3,FIRST COMMUNITY BANK,SC,LEXINGTON,29072,881
2021,549300JPU10TNVWFRE67,51-0002130,3,73116,73116,Artisans' Bank,DE,Wilmington,540906,0,-1,,-1,,2021,4,549300JPU10TNVWFRE67,3,Artisans' Bank,DE,Wilmington,19808,320
2021,254900Z5QRSHW4Y8CR51,75-0225045,5,760498,760498,Credit Union of Texas,TX,Plano,1388263,0,-1,,-1,,2021,4,254900Z5QRSHW4Y8CR51,5,Credit Union of Texas,TX,DALLAS,75251,2607
2021,254900TFUMB07CBEN720,41-0759020,5,176491,176491,St. Paul Federal Credit Union,MN,St. Paul,185580,0,-1,,-1,,2021,4,254900TFUMB07CBEN720,5,ST PAUL FEDERAL CREDIT UNION,MN,SAINT PAUL,55106,268
2021,5493001FXF3J5C0QWQ87,80-0860209,7,80-0860209,-1,REVERSE MORTGAGE FUNDING LLC,DE,WILMINGTON,-1,3,-1,,-1,,2021,4,5493001FXF3J5C0QWQ87,7,REVERSE MORTGAGE FUNDING LLC,NJ,BLOOMFIELD,07003,11423
2021,549300TOOOOW36EX6R40,59-0291451,5,25085,25085,Suncoast Credit Union,FL,Tampa,10534614,0,-1,,-1,,2021,4,549300TOOOOW36EX6R40,5,SUNCOAST CREDIT UNION,FL,TAMPA,33610,17910
2021,5493008S6MTNE6CY5G37,38-3576013,2,2958972,2958972,Northstar Bank,MI,Bad Axe,650192,0,2958990,,2958990,"NORTHSTAR FINANCIAL GROUP, INC.",2021,4,5493008S6MTNE6CY5G37,2,Northstar Bank,MI,Bad Axe,48413,263
2021,549300R1405JUM8QXD66,37-1752168,7,,-1,CHAMPIONS MORTGAGE LLC,FL,St Petersburg,-1,3,-1,,-1,,2021,4,549300R1405JUM8QXD66,7,Champions Mortgage LLC,FL,Seminole,33772,524
2021,549300ZJ52ZRS3Q0S589,37-0795749,3,410748,410748,Bank of O'Fallon,IL,O'Fallon,312833,0,3176661,,3176661,SECURITY FIRST BANCSHARES INC,2021,4,549300ZJ52ZRS3Q0S589,3,Bank of O'Fallon,IL,O'Fallon,62269,190
2021,5493007OXXFLNNHTW637,44-0599527,5,702694,702694,ASSEMBLIES OF GOD Credit Union,MO,Springfield,184955,0,-1,,-1,,2021,4,5493007OXXFLNNHTW637,5,ASSEMBLIES OF GOD CREDIT UNION,MO,SPRINGFIELD,65803,994
2021,549300TDH15867LXRK58,61-0188957,3,265340,265340,The Farmers Bank of Milton,KY,Milton,259604,0,3017700,,3017700,FARMERS FINANCIAL CORPORATION,2021,4,549300TDH15867LXRK58,3,FARMERS BANK OF MILTON,KY,MILTON,40045,194
2021,549300XXIJ7WMGY22535,58-2363251,7,,4320733,"SOUTHPOINT FINANCIAL SERVICES, INC.",GA,Lawrenceville,-1,3,-1,,-1,,2021,4,549300XXIJ7WMGY22535,7,"SOUTHPOINT FINANCIAL SERVICES, INC.",GA,ALPHARETTA,30005,1677
2021,5493002N5168AC238149,21-0607451,1,85472,85472,"OceanFirst Bank, National Association",NJ,Toms River,8253751,0,2609975,,2609975,OCEANFIRST FINANCIAL CORP.,2021,4,5493002N5168AC238149,1,OceanFirst Bank N.A.,NJ,Toms River,08753,3351
2021,QOT5WN9RBKQTFRVKEV31,94-0475440,9,804963,804963,Bank of the West,CA,San Francisco,92968547,0,4989420,,1231968,BNP PARIBAS,2021,4,QOT5WN9RBKQTFRVKEV31,9,BANK OF THE WEST,CA,SAN RAMON,94583,29842
2021,549300QWJ3UDIX8KBP64,71-0025780,3,329345,329345,Generations Bank,AR,Rogers,527434,0,2352196,,2352196,"HARRELL BANCSHARES, INC.",2021,4,549300QWJ3UDIX8KBP64,3,GENERATIONS BANK,AR,ROGERS,72758,764
2021,549300SCFU7K14E0J331,41-0531790,3,987053,987053,Lake Area Bank,MN,Lindstrom,359274,0,1142989,,1142989,"WASECA BANCSHARES, INC.",2021,4,549300SCFU7K14E0J331,3,Lake Area Bank,MN,Lindstrom,55045,3220
2021,549300IUGPU6Q7414X38,77-0005559,3,855563,855563,Murphy Bank,CA,Fresno,307570,0,-1,,-1,,2021,4,549300IUGPU6Q7414X38,3,MURPHY BANK,CA,FRESNO,93704,315
2021,549300ASHFL5TJ8X1B89,31-1225765,5,305974,305974,CODE,OH,Dayton,136805,0,-1,,-1,,2021,4,549300ASHFL5TJ8X1B89,5,CODE Credit union,OH,DAYTON,45402,138
2021,5493001F1MFNT7Y4FU47,04-1448660,5,1015092,1015092,HOLYOKE,MA,Holyoke,205427,0,-1,,-1,,2021,4,5493001F1MFNT7Y4FU47,5,Holyoke Credit Union,MA,Holyoke,01040,493
2021,5493006KQF5UKZ3Y9N07,74-2681037,1,613950,613950,First National Bank Texas,TX,Killeen,2179218,0,1108097,,1108097,"FIRST COMMUNITY BANCSHARES, INC.",2021,4,5493006KQF5UKZ3Y9N07,1,First National Bank Texas,TX,Killeen,76541,2874
2021,254900KD58MIT0K3NP70,95-1652836,5,227272,227272,Los Angeles Federal Credit Union,CA,Glendale,989958,0,-1,,-1,,2021,4,254900KD58MIT0K3NP70,5,Los Angeles Federal Credit Union,CA,Glendale,91205,478
2021,549300SUC4CLYKKZWS29,39-0859926,1,962890,962890,Citizens Community Federal National Association,WI,Altoona,1531129,0,3823929,,3823929,"CITIZENS COMMUNITY BANCORP, INC.",2021,4,549300SUC4CLYKKZWS29,1,CITIZENS COMMUNITY FEDERAL N.A.,WI,ALTOONA,54720,1501
2021,549300NFO21T5DF35226,04-6202762,3,377908,377908,Century Bank and Trust Company,MA,Somerville,5476098,0,1111088,,1111088,"CENTURY BANCORP, INC.",2021,4,549300NFO21T5DF35226,3,Century Bank And Trust Company,MA,Medford,02155,529
2021,549300KZRQ03T8H2Y769,36-1932435,5,581693,581693,COMMUNITY TRUST,IL,Gurnee,226000,0,-1,,-1,,2021,4,549300KZRQ03T8H2Y769,5,Community Trust Credit Union,IL,Gurnee,60031,115
2021,549300S5YL3OH0IVCS62,20-0304793,7,4182810,4182810,FINANCE OF AMERICA REVERSE LLC,DE,WILMINGTON,-1,3,-1,,-1,,2021,4,549300S5YL3OH0IVCS62,7,Finance of America Reverse LLC,OK,Tulsa,74133,16501
2021,5493006XEQ3W7XTQXN65,59-2757098,7,59-2757098,-1,"BANKING MORTGAGE SERVICES, B.M.S. CORP.",FL,MIAMI,-1,3,-1,,-1,,2021,4,5493006XEQ3W7XTQXN65,7,"Banking Mortgage Svcs.,BMS Corp",FL,South Miami,33155,202
2021,5493008N1D96CHCTQC27,74-1277697,5,666581,666581,SECURITY SERVICE,TX,San Antonio,9823931,0,-1,,-1,,2021,4,5493008N1D96CHCTQC27,5,Security Service Federal Credit Union,TX,San Antonio,78249,17012
2021,549300DJES4HXFQRN790,23-0937747,5,1012895,1012895,GOLD Credit Union,PA,Allentown,137711,0,-1,,-1,,2021,4,549300DJES4HXFQRN790,5,GOLD Credit Union,PA,Allentown,18103,249
2021,5493001B4U37VT2ML818,91-0616262,5,389086,389086,GESA,WA,Richland,3684580,0,-1,,-1,,2021,4,5493001B4U37VT2ML818,5,GESA CREDIT U,WA,RICHLAND,99352,4053
2021,2549005BWLPEBQA7QJ63,34-0823943,5,314088,314088,Ohio Catholic Federal Credit Union,OH,Garfield Heights,176902,0,-1,,-1,,2021,4,2549005BWLPEBQA7QJ63,5,Ohio Catholic Federal Credit Union,OH,Garfield Heights,44125,469
2021,254900F9ZTVTX763V835,22-3626426,7,4437604,4437604,"Advisors Mortgage Group, L.L.C.",NJ,Ocean,-1,3,-1,,-1,,2021,4,254900F9ZTVTX763V835,7,"ADVISORS MORTGAGE GROUP, LLC",NJ,OCEAN,07712,11035
2021,549300AQN2CY1MGE3J02,38-1464920,5,57992,57992,UNIVERSITY OF MICHIGAN CREDIT UNION,MI,Ann Arbor,953301,0,-1,,-1,,2021,4,549300AQN2CY1MGE3J02,5,UNIVERSITY OF MICHIGAN CREDIT UNION,MI,ANN ARBOR,48104,649
2021,549300OSXT524OFE8M55,26-1681423,7,,-1,"CENTRAL COAST LENDING, INC.",CA,MORRO BAY,-1,3,-1,,-1,,2021,4,549300OSXT524OFE8M55,7,"Central Coast Lending, Inc.",CA,Morro Bay,93442,1168
2021,549300TFPNF5ZPLD8I74,85-0451580,3,2649122,2649122,New Mexico Bank & Trust,NM,Albuquerque,1763037,0,1206546,,1206546,"HEARTLAND FINANCIAL USA, INC.",2021,4,549300TFPNF5ZPLD8I74,3,NEW MEXICO BANK & TRUST,NM,ALBUQUERQUE,87102,221
2021,5493008T2QQO3QJ0EM38,83-1187266,7,,-1,"CADENCE LENDING GROUP, INC.",TX,EL PASO,-1,3,-1,,-1,,2021,4,5493008T2QQO3QJ0EM38,7,"Cadence Lending Group, Inc.",TX,El Paso,79902,860
2021,549300NLJI4QKZ3D0G94,47-5424223,7,,-1,"5TH STREET CAPITAL, INC.",CA,SAN DIEGO,-1,3,-1,,-1,,2021,4,549300NLJI4QKZ3D0G94,7,5TH SREET CAPITAL INC.,CA,SAN DIEGO,92108,1353
2021,549300Z77WUYJM3QG591,46-0119480,2,374653,374653,First PREMIER Bank,SD,Sioux Falls,2041578,0,1842421,,1842421,UNITED NATIONAL CORPORATION,2021,4,549300Z77WUYJM3QG591,2,FIRST PREMIER BANK,SD,SIOUX FALLS,57104,2524
2021,549300F2GDWKJH3GMB47,52-0695019,5,832489,832489,EDUCATIONAL SYSTEMS,MD,Greenbelt,1069481,0,-1,,-1,,2021,4,549300F2GDWKJH3GMB47,5,Educational Systems F C U,MD,Greenbelt,20768-0179,1193
2021,254900G0ZC4S8EO1W523,31-1524161,3,2607412,2607412,Spring Valley Bank,OH,Wyoming,82040,0,3464340,,3464340,"SV BANCORP, INC.",2021,4,254900G0ZC4S8EO1W523,3,SPRING VALLEY BANK,OH,WYOMING,45215,318
2021,549300B8FO8HQHJB6633,86-0716784,7,5023723,5023723,"EQUITABLE HOME MORTGAGE, INC.",AZ,PHOENIX,-1,3,-1,,-1,,2021,4,549300B8FO8HQHJB6633,7,EQUITABLE HOME MORTGAGE INC.,AZ,SCOTTSDALE,85251,881
2021,54930030UYPZM65LOF37,35-0316722,5,381978,381978,MIDWEST AMERICA,IN,Fort Wayne,669858,0,-1,,-1,,2021,4,54930030UYPZM65LOF37,5,MidWest America Federal Credit Union,IN,Fort Wayne,46825,966
2021,549300MGDBENMLUYMI91,37-0817404,3,255547,255547,Community Bank of Trenton,IL,Trenton,84495,0,3436927,,3436927,"CBT BANCORP, INC.",2021,4,549300MGDBENMLUYMI91,3,COMMUNITY BANK OF TRENTON,IL,TRENTON,62293,227
2021,5493004JGZVB2EPI6W51,57-0314480,5,510778,510778,Palmetto Citizens Federal Credit Union,SC,Columbia,921845,0,-1,,-1,,2021,4,5493004JGZVB2EPI6W51,5,Palmetto Citizens Federal Credit Union,SC,Columbia,29201,1653
2021,549300KGE82WIZC87Y08,04-1231965,5,194392,194392,Jeanne D'Arc Credit Union,MA,Lowell,1454260,0,-1,,-1,,2021,4,549300KGE82WIZC87Y08,5,JEANNE D'ARC CREDIT UNION,MA,LOWELL,01854,2032
2021,549300S5FSS555M0NA74,14-0696810,1,472616,472616,First National Bank of Scotia,NY,Scotia,483117,0,3471889,,3471889,"GLENVILLE BANK HOLDING COMPANY, INC.",2021,4,549300S5FSS555M0NA74,1,First National Bank of Scotia,NY,Scotia,12302,258
2021,549300LI3FDGO7UKFF39,11-3468642,7,11-3468642,-1,East Coast Capital Corp.,NY,Melville,-1,3,-1,,-1,,2021,4,549300LI3FDGO7UKFF39,7,EAST COAST CAPITAL CORP.,NY,MELVILLE,11747,2877
2021,254900DK1GHKA4PVWQ72,20-0991349,7,,-1,"SourceOne Financial, Inc.",UT,Alpine,-1,3,-1,,-1,,2021,4,254900DK1GHKA4PVWQ72,7,"SourceOne Financial, Inc.",UT,Alpine,84004,120
2021,5493000XJFWT2H46HI07,56-0132260,3,717924,717924,Southern Bank and Trust Company,NC,Mount Olive,2925504,0,1075694,,1075694,"SOUTHERN BANCSHARES (N.C.), INC.",2021,4,5493000XJFWT2H46HI07,3,Southern Bank and Trust Company,NC,Mount Olive,28365,2962
2021,5493000GQWJTTR0TEH83,06-0376640,3,345309,345309,Chelsea Groton Bank,CT,Groton,1142824,0,-1,,-1,,2021,4,5493000GQWJTTR0TEH83,3,CHELSEA GROTON BANK,CT,GROTON,06340,1083
2021,254900A69XJBWUR7ZF46,04-2992161,7,3868827,3868827,"Mortgage Network, Inc.",MA,DANVERS,-1,3,-1,,-1,,2021,4,254900A69XJBWUR7ZF46,7,"Mortgage Network, Inc",MA,Danvers,01923,12655
2021,549300RIR04Y64SF4306,23-0764654,3,600419,600419,Kish Bank,PA,Belleville,916855,0,1141889,,1141889,"KISH BANCORP, INC.",2021,4,549300RIR04Y64SF4306,3,KISH BANK,PA,BELLEVILLE,17004,985
2021,254900W1NULDJH9MMK81,58-0561275,5,239873,239873,CDC Federal Credit Union,GA,Atlanta,314829,0,-1,,-1,,2021,4,254900W1NULDJH9MMK81,5,CDC FEDERAL CREDIT UNION,GA,ATLANTA,30345,183
2021,549300G8SAGXEDF5FK39,72-0201420,3,422433,422433,First Guaranty Bank,LA,Hammond,2113006,0,3589560,,4991076,"SMITH & HOOD HOLDING COMPANY, L.L.C.",2021,4,549300G8SAGXEDF5FK39,3,First Guaranty Bank,LA,Hammond,70401,625
2021,549300OLY1AZR185XE50,38-2343676,5,49894,49894,AEROQUIP CREDIT UNION,MI,JACKSON,44314,0,-1,,-1,,2021,4,549300OLY1AZR185XE50,5,Aeroquip Credit Union,MI,Jackson,49201,42
2021,254900791X4X11AYVA11,53-0197084,5,549170,549170,InFirst Federal Credit Union,VA,Alexandria,177705,0,-1,,-1,,2021,4,254900791X4X11AYVA11,5,INFIRST FEDERAL CREDIT UNION,VA,Alexandria,22312,72
2021,549300MN2NONI4E6X341,01-0247679,5,715078,715078,TRADEMARK,ME,Augusta,91838,0,-1,,-1,,2021,4,549300MN2NONI4E6X341,5,Trademark FCU,ME,Augusta,04330,114
2021,549300G2EZKPVQQ0D852,35-0705150,3,697147,697147,Terre Haute Savings Bank,IN,Terre Haute,350358,0,2861773,,2861773,"TERRE HAUTE SAVINGS MHC, INC.",2021,4,549300G2EZKPVQQ0D852,3,TERRE HAUTE SAVINGS BANK,IN,TERRE HAUTE,47807,395
2021,549300AUFLERO59VGC71,36-1232000,1,696430,696430,"Home State Bank, National Association",IL,Crystal Lake,614990,0,1209181,,1209181,"HOME STATE BANCORP, INC.",2021,4,549300AUFLERO59VGC71,1,"HOME STATE BANK, N.A.",IL,CRYSTAL LAKE,60014,1169
2021,549300T3MSPBPSPZLR85,36-4203015,3,2718596,2718596,First Trust Bank of Illinois,IL,Kankakee,306050,0,3249109,,3249109,FIRST TRUST FINANCIAL CORP.,2021,4,549300T3MSPBPSPZLR85,3,First Trust Bank of Illinois,IL,Bourbonnais,60914,193
2021,894500J7N6WVLNSUPF81,83-3195372,9,,-1,Atlantic Home Mortgage LLC,,,-1,-1,-1,,-1,,2021,4,894500J7N6WVLNSUPF81,9,Atlantic Home Mortgage LLC,GA,Alpharetta,30005,382
2021,549300TUT7EEMS8S2B86,58-0202590,3,469737,469737,The Commercial Bank,GA,Crawford,232672,0,1417418,,1417418,"TCB BANCSHARES, INC.",2021,4,549300TUT7EEMS8S2B86,3,The Commercial Bank,GA,WATKINSVILLE,30677,151
2021,549300EEBMJ68MB8P551,66-0356747,7,3873438,3873438,Rf Mortgage & Investment Corp,,San Juan,-1,3,-1,,-1,,2021,4,549300EEBMJ68MB8P551,7,RF Mortgage & Investment Corp,PR,San Juan,00936,538
2021,549300UNNQFHOGHIFO55,38-1449622,5,38094,38094,MONROE COUNTY COMMUNITY CREDIT UNION,MI,Monroe,222718,0,-1,,-1,,2021,4,549300UNNQFHOGHIFO55,5,Monroe Community Credit Union,MI,Monroe,48162,262
2021,549300HO5ZZCX2Z8V467,74-1109889,5,176875,176875,FIVEPOINT CREDIT UNION,TX,Nederland,678313,0,-1,,-1,,2021,4,549300HO5ZZCX2Z8V467,5,FIVEPOINT CREDIT UNION,TX,NEDERLAND,77627,489
2021,549300UHEEV73TKCZY62,26-3016612,5,3805055,3805055,Self-Help Federal Credit Union,NC,Durham,1205558,0,-1,,-1,,2021,4,549300UHEEV73TKCZY62,5,Self-Help Federal Credit Union,NC,Durham,27701,1245
2021,549300JHFXRY8T6LN749,64-0289320,2,,568939,First National Bank of Picayune,MS,Picayune,202876,-1,1083318,,1083318,FIRST NATIONAL CORPORATION OF PICAYUNE,2021,4,549300JHFXRY8T6LN749,2,FNB Picayune Bank,MS,Picayune,39466,145
2021,549300GS2JP8CQK0MD31,41-0195345,5,505792,505792,MEMBERS COOPERATIVE,MN,Duluth,796073,0,-1,,-1,,2021,4,549300GS2JP8CQK0MD31,5,Members Cooperative Credit Union,MN,Duluth,55816,1591
2021,5493001WL16YUSR2TI47,72-0125055,3,755252,755252,Cross Keys Bank,LA,Saint Joseph,403601,0,1132382,,1132382,"BSJ BANCSHARES, INC.",2021,4,5493001WL16YUSR2TI47,3,Cross Keys Bank,LA,Monroe,71207,711
2021,549300T04FOW0XMN1L26,05-6009774,5,584199,584199,BLACKSTONE RIVER FEDERAL CREDIT UNION,RI,Woonsocket,53820,0,-1,,-1,,2021,4,549300T04FOW0XMN1L26,5,Blackstone River FCU,RI,Woonsocket,02895,19
2021,549300CNRVR02KBUDD48,62-0181465,3,220974,220974,First Federal Bank,TN,Dickson,730777,0,3842050,,3842050,"SOUTHEASTERN BANCORP, INC.",2021,4,549300CNRVR02KBUDD48,3,FIRST FEDERAL BANK,TN,DICKSON,37055,827
2021,549300KJI3KX8KY2FG10,83-0202762,1,1454,1454,Hilltop National Bank,WY,Casper,778228,0,1054840,,1054840,MIDLAND FINANCIAL CORPORATION,2021,4,549300KJI3KX8KY2FG10,1,HILLTOP NATIONAL BANK,WY,CASPER,82609,435
2021,549300LG5340S24M4N89,84-0500890,5,567594,567594,PREMIER MEMBERS CREDIT UNION,CO,Boulder,1241181,0,-1,,-1,,2021,4,549300LG5340S24M4N89,5,PREMIER MEMBERS CREDIT UNION,CO,BOULDER,80303,2835
2021,549300IXP5DNWSGY6F96,48-0477525,1,557858,557858,"Intrust Bank, National Association",KS,Wichita,5665391,0,1064278,,1064278,INTRUST FINANCIAL CORPORATION,2021,4,549300IXP5DNWSGY6F96,1,"INTRUST BANK, NA",KS,WICHITA,67202,1208
2021,549300P8W7NTNS3TVK84,42-0388390,3,939249,939249,Fidelity Bank & Trust,IA,Dubuque,1373920,0,1203778,,1203778,FIDELITY COMPANY,2021,4,549300P8W7NTNS3TVK84,3,Fidelity Bank & Trust,IA,Maquoketa,52060,1030
2021,549300MPX7PJGFD8HA09,52-0453270,3,429021,429021,The Queenstown Bank of Maryland,MD,Queenstown,473095,0,2618614,,2618614,"QUEENSTOWN BANCORP OF MARYLAND, INC.",2021,4,549300MPX7PJGFD8HA09,3,Queenstown Bank of Maryland,MD,Queenstown,21658,144
2021,254900HBR13MJYNT3634,41-0757452,5,,-1,Two Harbors Federal Credit Union,MN,Two Harbors,-1,3,-1,,-1,,2021,4,254900HBR13MJYNT3634,5,Two Harbors FCU,MN,Two Harbors,55616,108
2021,549300NVMV4W48B8SC18,15-0486160,3,298218,298218,Watertown Savings Bank,NY,Watertown,676044,0,-1,,-1,,2021,4,549300NVMV4W48B8SC18,3,WATERTOWN SAVINGS BANK,NY,WATERTOWN,13601-0250,478
2021,549300HC2W2SFF3LU356,74-1109899,5,881272,881272,GULF COAST EDUCATORS FEDERAL CREDIT UNION,TX,Pasadena,860109,0,-1,,-1,,2021,4,549300HC2W2SFF3LU356,5,Gulf Coast Educators Federal Credit Union,TX,Pasadena,77505,838
2021,5493008EBYLPD4MM3C30,42-1586715,7,3878705,3878705,"Mortgage World Bankers, Inc.",NY,New York,-1,3,-1,,-1,,2021,4,5493008EBYLPD4MM3C30,7,"Mortgage World Bankers, Inc",NY,Long Island City,11103,497
2021,5493008CNPUHZU5S1E85,20-2538109,3,3312124,3312124,VisionBank,KS,Topeka,190542,0,3317651,,4602000,"HYS INVESTMENTS, LLC",2021,4,5493008CNPUHZU5S1E85,3,VisionBank,KS,Topeka,66614,330
2021,549300BWFA5UY7H4WJ62,54-1773964,3,2350222,2350222,C & F Mortgage Corporation,VA,WEST POINT,-1,2,928421,,2183493,C&F FINANCIAL CORPORATION,2021,4,549300BWFA5UY7H4WJ62,3,C&F Mortgage Corp,VA,Midlothian,23113,6400
2021,549300GCPFJ9VT7V7T82,37-1443981,7,37-1443981,-1,"FIRST CHOICE LENDING GROUP, LP",TX,HOUSTON,-1,3,-1,,-1,,2021,4,549300GCPFJ9VT7V7T82,7,First Choice Lending Group LP,TX,Houston,77024,71
2021,25490018IFQOT83Q7H49,39-1813773,7,3871256,3871256,GSF Mortgage Corporation,DE,Wilmington,-1,3,-1,,-1,,2021,4,25490018IFQOT83Q7H49,7,GSF MORTGAGE CORPORATION,WI,BROOKFIELD,53005,6172
2021,549300Z7EP1HO5CH1C36,57-0921408,3,586072,586072,First Palmetto Bank,SC,Camden,718558,0,3834701,,3834701,FIRST PALMETTO FINANCIAL CORPORATION,2021,4,549300Z7EP1HO5CH1C36,3,First Palmetto Bank,SC,Camden,29020,1553
2021,254900HO9WPE4LTLQU96,20-1377970,7,,-1,Valley West Corporation,,,-1,-1,-1,,-1,,2021,4,254900HO9WPE4LTLQU96,7,Valley West Corporation,NV,Las Vegas,89117,1486
2021,549300BKDQB6JNNHRH94,54-0899884,5,74186,74186,BEACH MUNICIPAL FEDERAL CREDIT UNION,VA,Virginia Beach,120971,0,-1,,-1,,2021,4,549300BKDQB6JNNHRH94,5,Beach Municipal Federal Credit Union,VA,Virginia Beach,23452,132
2021,549300Y0F8X17ADZK505,35-0309830,3,419675,419675,First Bank Richmond,IN,Richmond,983369,0,5371947,,5371947,"RICHMOND MUTUAL BANCORPORATION, INC.",2021,4,549300Y0F8X17ADZK505,3,First Bank Richmond,IN,Richmond,47375-0937,876
2021,549300XDIQEEL7H1YU47,41-0789207,5,,432094,NORTH STAR CREDIT UNION,MN,Cook,59704,0,-1,,-1,,2021,4,549300XDIQEEL7H1YU47,5,North Star Credit Union,MN,Cook,55723,88
2021,5493007PAE4JN4B5BX31,45-2965086,7,5019315,5019315,"UNITED PREMIER FUNDING, LLC",GA,DULUTH,-1,3,-1,,-1,,2021,4,5493007PAE4JN4B5BX31,7,United Premier Funding LLC,GA,Duluth,30096-1461,559
2021,5493001IZBTDOCW8MX74,43-0266000,3,266851,266851,Farmers and Merchants Bank of St. Clair,MO,Saint Clair,206110,0,2591539,,2591539,"SAINT CLAIR BANCSHARES, INC.",2021,4,5493001IZBTDOCW8MX74,3,FARMERS AND MERCHANTS BANK OF ST. CLAIR,MO,SAINT CLAIR,63077,250
2021,5493005JH30JPUGSG495,54-1011258,5,527682,527682,CENTRAL VIRGINIA,VA,Lynchburg,143086,0,-1,,-1,,2021,4,5493005JH30JPUGSG495,5,Central Virginia FCU,VA,Lynchburg,24504,68
2021,549300HVUN4WJ2BRSZ39,75-0548760,1,735067,735067,"Texas Republic Bank, National Association",TX,Frisco,304542,0,4215745,,4215745,"TXRB HOLDINGS, INC.",2021,4,549300HVUN4WJ2BRSZ39,1,"TEXAS REPUBLIC BANK, N.A.",TX,FRISCO,75034,110
2021,549300C4RD3C53QCM649,83-0446200,7,4533298,4533298,"STARBOARD FINANCIAL MANAGEMENT, LLC",AZ,MESA,-1,3,-1,,-1,,2021,4,549300C4RD3C53QCM649,7,"Starboard Financial Management, LLC",AZ,Gilbert,85234,1557
2021,5493008E4KBJCB6UKR64,33-0175937,7,3880829,3880829,"DATA MORTGAGE, INC.",CA,Sacramento,-1,3,-1,,-1,,2021,4,5493008E4KBJCB6UKR64,7,"DATA MORTGAGE, INC.",CA,ORANGE,92868,7069
2021,549300GBQMFJ4GDIMC53,61-1301436,3,2512347,2512347,Citizens Commerce Bank,KY,Versailles,265675,0,2702278,,2702278,"CITIZENS COMMERCE BANCSHARES, INC.",2021,4,549300GBQMFJ4GDIMC53,3,CITIZENS COMMERCE BANK,KY,VERSAILLES,40383,243
2021,549300X7KG2H84UCP685,76-0718556,7,4438973,4438973,"Pivot Financial Partners, Inc.",CO,Littleton,-1,3,-1,,-1,,2021,4,549300X7KG2H84UCP685,7,"Financial Funding Solutions, Inc",CO,Littleton,80127,2347
2021,254900EZO02JGHXM3V19,95-3668884,7,3875133,3875133,San Diego Funding,CA,San Diego,-1,3,-1,,-1,,2021,4,254900EZO02JGHXM3V19,7,San Diego Funding,CA,San Diego,92106,599
2021,EQTWLK1G7ODGC2MGLV11,63-0371391,9,233031,233031,Regions Bank,AL,Birmingham,123325220,0,3242838,REGIONS FINANCIAL CORPORATION,3242838,REGIONS FINANCIAL CORPORATION,2021,4,EQTWLK1G7ODGC2MGLV11,9,REGIONS BANK,AL,BIRMINGHAM,35203,116367
2021,549300UX6CADCIYJ3506,74-1117333,5,399777,399777,Generations Community Federal Credit Union,TX,San Antonio,551807,0,-1,,-1,,2021,4,549300UX6CADCIYJ3506,5,GENERATIONS COMMUNITY FCU,TX,SAN ANTONIO,78216,606
2021,549300DXSALP2TGZBQ16,95-2148515,5,133186,133186,MISSION,CA,San Diego,3856217,0,-1,,-1,,2021,4,549300DXSALP2TGZBQ16,5,Mission Federal Credit Union,CA,San Diego,92131,6020
2021,5493005PT09Z02WXW551,59-3591757,7,4726894,4726894,ALKAN MORTGAGE CORPORATION,FL,LAKE MARY,-1,3,-1,,-1,,2021,4,5493005PT09Z02WXW551,7,Alkan Mortgage Corporation,FL,Lake Mary,32746,348
2021,54930064FQE21RHEG647,01-0216328,5,365987,365987,EVERGREEN,ME,Portland,315803,0,-1,,-1,,2021,4,54930064FQE21RHEG647,5,Evergreen Credit Union,ME,Portland,04103,542
2021,549300A0NYWCTG5X8Y25,74-3125891,2,3419416,3419416,John Marshall Bank,VA,Reston,1580971,0,5039724,,5039724,"JOHN MARSHALL BANCORP, INC.",2021,4,549300A0NYWCTG5X8Y25,2,JOHN MARSHALL BANK,VA,RESTON,20190,210
2021,5493001JAQD8VVV8SM40,01-0241836,5,643582,643582,Dirigo Federal Credit Union,ME,Lewiston,260617,0,-1,,-1,,2021,4,5493001JAQD8VVV8SM40,5,DIRIGO FEDERAL CREDIT UNION,ME,LEWISTON,04243-0741,530
2021,5493008EOM1VM8BBK206,74-1886524,5,837596,837596,MEMBERS CHOICE Credit Union,TX,Houston,609032,0,-1,,-1,,2021,4,5493008EOM1VM8BBK206,5,MEMBERS CHOICE CREDIT UNION,TX,HOUSTON,77094,334
2021,5493007IES1RWVUDDU23,26-3420981,2,3804535,3804535,Springfield First Community Bank,MO,Springfield,748753,0,2125813,,2125813,"QCR HOLDINGS, INC.",2021,4,5493007IES1RWVUDDU23,2,Springfield First Community Bank,MO,Springfield,65804,727
2021,5493003T62KDXQ6J4W58,58-0801176,5,147688,147688,SOUTHEASTERN Credit Union,GA,Valdosta,262534,0,-1,,-1,,2021,4,5493003T62KDXQ6J4W58,5,Southeastern Credit Union,GA,VALDOSTA,31602,300
2021,L9VVX1KT5TFTKS0MLF66,56-0223230,9,491224,491224,First-Citizens Bank & Trust Company,NC,Raleigh,39787666,0,1075612,,1075612,"FIRST CITIZENS BANCSHARES, INC.",2021,4,L9VVX1KT5TFTKS0MLF66,9,First-Citizens Bank & Trust Co,NC,Raleigh,27609,30693
2021,254900NR9EA98B6A4L55,41-0190880,3,874050,874050,Citizens Bank Minnesota,MN,New Ulm,432148,0,1135114,,1135114,"CITIZENS BANCORPORATION OF NEW ULM, INC.",2021,4,254900NR9EA98B6A4L55,3,CITIZENS BANK MINNESOTA,MN,NEW ULM,56073,534
2021,254900OVHD0ZZK65EQ86,05-0198580,5,47292,47292,The People's Credit Union,RI,Middletown,516868,0,-1,,-1,,2021,4,254900OVHD0ZZK65EQ86,5,The People's Credit Union,RI,Middletown,02842,869
2021,549300H68PK1CZUVUQ73,06-0655031,5,329475,329475,GENERAL ELECTRIC EMPLOYEES FEDERAL CREDIT UNION,CT,Milford,223582,0,-1,,-1,,2021,4,549300H68PK1CZUVUQ73,5,General Electric Employees Federal Credit Union,CT,Milford,06461,100
2021,549300DV2WBWN5ZEMV06,62-0456993,5,513377,513377,ALCOA TENN FEDERAL CREDIT UNION,TN,Alcoa,260829,0,-1,,-1,,2021,4,549300DV2WBWN5ZEMV06,5,Alcoa Tenn Federal Credit Union,TN,Alcoa,37701,210
2021,254900OCV4AWL56SWL08,73-0394870,2,,455150,THE PAYNE COUNTY BANK,,,-1,-1,-1,,-1,,2021,4,254900OCV4AWL56SWL08,2,Payne County Bank,OK,Perkins,74059,131
2021,C90VT034M03BN29IRA40,63-0476286,2,697633,697633,BBVA USA,AL,Birmingham,92657948,-1,1078529,,1391237,"BANCO BILBAO VIZCAYA ARGENTARIA, S.A.",2021,4,C90VT034M03BN29IRA40,2,BBVA USA,PA,Pittsburgh,15222,22398
2021,254900ACU16O36WZP625,46-1866059,7,,-1,"212 LOANS, LLC.",TX,Friendswood,-1,3,-1,,-1,,2021,4,254900ACU16O36WZP625,7,212 Loans LLC,TX,Friendswood,77546,400
2021,549300HVRAK6I8QGFR41,66-0231533,7,3878817,3878817,Cooperativa De Credito Y Ahorro San Jose,,Aibonito,-1,3,-1,,-1,,2021,4,549300HVRAK6I8QGFR41,7,COOPERATIVA DE AC SAN JOSE,PR,Aibonito,00705,34
2021,5493003X9FWFI47DPO39,20-8688354,3,3593307,3593307,Gold Coast Bank,IL,Chicago,379821,0,3593295,,3593295,"GC BANCORP, INC.",2021,4,5493003X9FWFI47DPO39,3,GOLD COAST BANK,IL,CHICAGO,60610,916
2021,549300E3VF26P7719Z56,23-7107645,5,965985,965985,RELIANT COMMUNITY FEDERAL CREDIT UNION,NY,Sodus,473195,0,-1,,-1,,2021,4,549300E3VF26P7719Z56,5,RELIANT COMMUNITY FCU,NY,SODUS,14551,1058
2021,549300U82B82JH54TO79,47-0221745,1,529275,529275,Lincoln FSB of Nebraska,NE,Lincoln,307643,0,3824300,,3824346,"LINCOLN FEDERAL BANCORP, M.H.C.",2021,4,549300U82B82JH54TO79,1,LINCOLN FEDERAL SVGS BK OF NE,NE,Lincoln,68520,2064
2021,254900P7WLDQD9IUL038,02-0240752,5,839581,839581,Service Federal Credit Union,NH,Portsmouth,3815483,0,-1,,-1,,2021,4,254900P7WLDQD9IUL038,5,SERVICE FEDERAL CREDIT UNION,NH,PORTSMOUTH,03801,2210
2021,254900OC13I9CJC7SD87,39-0462655,1,27070,27070,Prevail Bank,WI,Medford,808158,0,-1,,-1,,2021,4,254900OC13I9CJC7SD87,1,PREVAIL BANK,WI,MEDFORD,54451,992
2021,549300B934MYWT57IX38,41-0557070,3,1015850,1015850,Lake Elmo Bank,MN,Lake Elmo,376074,0,2360043,,2360043,"LAKE ELMO BANCSHARES, INC.",2021,4,549300B934MYWT57IX38,3,LAKE ELMO BANK,MN,LAKE ELMO,55042,347
2021,549300E5018DD89WPX79,38-0703992,5,962096,962096,ARBOR FINANCIAL CREDIT UNION,MI,KALAMAZOO,655512,0,-1,,-1,,2021,4,549300E5018DD89WPX79,5,ARBOR FINANCIAL CREDIT UNION,MI,KALAMAZOO,49009,2555
2021,549300MNG3C6WSZ0TB17,30-0359861,7,,-1,"U.S. HOME MORTGAGE, INC.",NE,LINCOLN,-1,3,-1,,-1,,2021,4,549300MNG3C6WSZ0TB17,7,"US Home Mortgage, Inc.",NE,Lincoln,68516,180
2021,549300WIUM7ZRD6OV340,39-0938509,5,205391,205391,WINNEBAGO COMMUNITY,WI,Oshkosh,121113,0,-1,,-1,,2021,4,549300WIUM7ZRD6OV340,5,Winnebago Community Credit Union,WI,Oshkosh,54901,253
2021,254900VZM7V5ZDUJAQ32,25-0974253,5,7979,7979,Mon Valley Community Federal Credit Union,PA,Allenport,158160,0,-1,,-1,,2021,4,254900VZM7V5ZDUJAQ32,5,Mon Valley Community Federal Credit Union,PA,Allenport,15412,103
2021,549300X72Q5WKCW2QQ95,33-0750812,7,4186863,4186863,R M K FINANCIAL CORP.,CA,ONTARIO,-1,3,-1,,-1,,2021,4,549300X72Q5WKCW2QQ95,7,R M K FINANCIAL CORP,CA,Ontario,91761,1978
2021,54930099BVD0E448JX38,47-0739886,3,1872941,1872941,Arbor Bank,NE,Nebraska City,365025,0,1203125,,1203125,"OAKLAND FINANCIAL SERVICES, INC.",2021,4,54930099BVD0E448JX38,3,Arbor Bank,NE,Nebraska City,68410,1036
2021,254900L0MIAM922ZEC34,23-0880270,3,786612,786612,Mid Penn Bank,PA,Millersburg,2230818,0,1944204,,1944204,"MID PENN BANCORP, INC.",2021,4,254900L0MIAM922ZEC34,3,Mid Penn Bank,PA,Millersburg,17061,1967
2021,549300J3KQJDSZQIMM59,84-1389363,3,2515320,2515320,Fortis Private Bank,CO,Denver,875437,0,3559198,,3559198,FORTIS FINANCIAL INC.,2021,4,549300J3KQJDSZQIMM59,3,FORTIS PRIVATE BANK,CO,DENVER,80202,267
2021,549300748YYU6VG08N83,84-1412422,7,4877415,4877415,"Loan Simple, Inc.",CO,Colorado Springs,-1,3,-1,,-1,,2021,4,549300748YYU6VG08N83,7,"LOAN SIMPLE, INC.",CO,ENGLEWOOD,80112,5887
2021,549300ZLPU75MU7O0T38,66-0259436,3,245276,245276,Oriental Bank,,San Juan,9253736,0,2490575,,2490575,OFG BANCORP,2021,4,549300ZLPU75MU7O0T38,3,Oriental Bank,PR,San Juan,00919-5115,4560
2021,254900VVCX7PR9KDCK83,01-0243865,5,380186,380186,CASCO,ME,Gorham,70672,0,-1,,-1,,2021,4,254900VVCX7PR9KDCK83,5,Casco Federal Credit Union,ME,Gorham,04038,64
2021,549300KOEN7O8EYN8207,75-0264230,3,264455,264455,First State Bank,TX,Athens,466978,0,4500281,,3072660,"JANE AUSTIN CHAPMAN LIMITED PARTNERSHIP, L.P.",2021,4,549300KOEN7O8EYN8207,3,FIRST STATE BANK,TX,ATHENS,75751,271
2021,549300NTH6N72ZZNX948,95-3811107,9,431172,431172,Pacific Premier Bank,CA,Irvine,11778052,0,3489594,,3489594,"PACIFIC PREMIER BANCORP, INC.",2021,4,549300NTH6N72ZZNX948,9,Pacific Premier Bank,CA,Irvine,92614-4243,818
2021,549300KDVJICP5T5BD05,51-0098799,5,186780,186780,DEL-ONE FEDERAL CREDIT UNION,DE,Dover,493219,0,-1,,-1,,2021,4,549300KDVJICP5T5BD05,5,DEL-ONE FEDERAL CREDTI UNION,DE,DOVER,19904,827
2021,549300Z6RK4QCIMZJD44,13-4236038,3,3165357,3165357,Community First Bank of Indiana,IN,Kokomo,330642,0,3921816,,3921816,COMMUNITY FIRST FINANCIAL CORPORATION,2021,4,549300Z6RK4QCIMZJD44,3,COMMUNITY FIRST BANK OF IND,IN,KOKOMO,46901,363
2021,254900DEMD2F6Z046A71,57-0305018,3,285928,285928,The Peoples Bank,SC,Iva,296512,0,2916020,,2916020,"PEOPLES FINANCIAL GROUP, INC.",2021,4,254900DEMD2F6Z046A71,3,The Peoples Bank,SC,Anderson,29621,128
2021,1IE8VN30JCEQV1H4R804,20-1177241,9,413208,413208,"HSBC BANK USA, NATIONAL ASSOCIATION",IL,MCLEAN,172887701,0,1020201,,1857108,HSBC HOLDINGS PLC,2021,4,1IE8VN30JCEQV1H4R804,9,"HSBC BANK USA, NA",IL,Arlington Heights,60004,17348
2021,5493005RSCVBUTB80M24,38-1514946,5,280295,280295,SECURITY CREDIT UNION,MI,Holly,446049,0,-1,,-1,,2021,4,5493005RSCVBUTB80M24,5,Security Credit Union,MI,Holly,48442,604
2021,549300HYHFCULSUBAE54,06-1341084,7,06-1341084,-1,FIRST WORLD MORTGAGE CORPORATION,CT,HARTFORD,-1,3,-1,,-1,,2021,4,549300HYHFCULSUBAE54,7,FIRST WORLD MORTGAGE CORPORATON,CT,West Hartford,06106,3390
2021,549300SXISSKGPHW5702,90-0790926,7,5134115,5134115,SOFI LENDING CORP.,CA,SACRAMENTO,-1,3,-1,,-1,,2021,4,549300SXISSKGPHW5702,7,SOFI LENDING CORP,UT,COTTONWOOD HEIGHTS,84121,27943
2021,549300JH8TVR84H1BL45,57-0226455,1,646172,646172,First Piedmont Federal Savings and Loan Association of Gaffney,SC,Gaffney,418917,0,-1,,-1,,2021,4,549300JH8TVR84H1BL45,1,FIRST PIEDMONT FEDERAL SLA,SC,GAFFNEY,29341,408
2021,254900KRDEAJ7MYWD034,43-0169770,3,820842,820842,Bloomsdale Bank,MO,Bloomsdale,231636,0,1416505,,1416505,"PEOPLES COMMUNITY BANCORPORATION, INC.",2021,4,254900KRDEAJ7MYWD034,3,Bloomsdale Bank,MO,Bloomsdale,63627,367
2021,2549008L3Z5ZSC32UL43,31-4278465,3,431323,431323,Peoples State Bank,OH,New Lexington,135935,0,2438399,,2438399,"PEOPLES NATIONAL BANCSHARES, INC.",2021,4,2549008L3Z5ZSC32UL43,3,PEOPLES STATE BANK,OH,NEW LEXINGTON,43764-0111,151
2021,DRMSV1Q0EKMEXLAU1P80,20-2635739,9,3303298,3303298,"Citizens Bank, National Association",RI,Providence,121995997,0,1132449,"CITIZENS FINANCIAL GROUP, INC.",1132449,"CITIZENS FINANCIAL GROUP, INC.",2021,4,DRMSV1Q0EKMEXLAU1P80,9,CBNA Year to Date,RI,Providence,02893,273341
2021,549300PUF6BDR1QRB167,94-1175509,5,11387,11387,1ST NORTHERN CALIFORNIA,CA,Martinez,728215,0,-1,,-1,,2021,4,549300PUF6BDR1QRB167,5,1st Northern California Credit Union,CA,Martinez,94553,343
2021,549300JSQZG5CD2LWR30,24-0614380,3,56717,56717,The Dime Bank,PA,Honesdale,732108,0,2065432,,2065432,"DIMECO, INC",2021,4,549300JSQZG5CD2LWR30,3,THE DIME BANK,PA,HONESDALE,18431,501
2021,549300JDDZ5OVOP5E294,44-0544335,5,371791,371791,Mazuma Credit Union,KS,Overland Park,694638,0,-1,,-1,,2021,4,549300JDDZ5OVOP5E294,5,Mazuma Credit Union,KS,Overland Park,66223,1115
2021,5493007MURRUYDI58M87,58-1232957,5,913986,913986,HALLCO COMMUNITY CREDIT UNION,GA,Gainesville,90926,0,-1,,-1,,2021,4,5493007MURRUYDI58M87,5,MyGeorgia Credit Union,GA,Gainesville,30501-0919,69
2021,54930039IUN6515TBG78,11-3198028,7,3881693,3881693,US MORTGAGE CORPORATION,NY,MELVILLE,-1,3,-1,,-1,,2021,4,54930039IUN6515TBG78,7,US MORTGAGE CORPORATION,NY,Melville,11747,5760
2021,5493008S3V47SHFD8R45,47-3492860,7,,-1,"RED DIAMOND HOME LOANS, LLC",TX,SOUTHLAKE,-1,3,-1,,-1,,2021,4,5493008S3V47SHFD8R45,7,"Red Diamond Home Loans, LLC",TX,Southlake,76092,204
2021,549300EE39SNC5DXTC46,04-2265819,3,900306,900306,Northern Bank & Trust Company,MA,Woburn,2234025,0,1246935,,1246935,"NORTHERN BANCORP, INC.",2021,4,549300EE39SNC5DXTC46,3,NORTHERN BANK & TRUST COMPANY,MA,WOBURN,01801,1207
2021,635400IW1QMK3FNFF894,32-0116054,3,3271799,3271799,Meridian Bank Corporation,,Malvern,1149979,0,5033580,,5033580,MERIDIAN CORPORATION,2021,4,635400IW1QMK3FNFF894,3,Meridian Bank,PA,Malvern,19355,9082
2021,5493001BJFQ0EM41N379,06-0663297,5,,61074,WATERBURY CONNECTICUT TEACHERS FEDERAL CREDIT UNION,CT,Middlebury,242624,0,-1,,-1,,2021,4,5493001BJFQ0EM41N379,5,Waterbury CT Teachers Federal Credit Union,CT,Waterbury,06722,285
2021,549300VCMRO4ST680C11,20-0192872,7,3871528,3871528,VILLAGE CAPITAL & INVESTMENT LLC,DE,DOVER,-1,3,-1,,-1,,2021,4,549300VCMRO4ST680C11,7,Village Capital & Investment,NV,Henderson,89074,71656
2021,549300WOSE1H63K0E875,48-1218768,3,2815879,2815879,Great American Bank,KS,Lawrence,214749,0,3385137,,3385137,"FIRST FINANCIAL BANCSHARES, INC.",2021,4,549300WOSE1H63K0E875,3,Great American Bank,KS,Lawrence,66044,224
2021,549300M5KSPQD2HH1N54,32-0211527,3,3637685,3637685,First Foundation Bank,CA,Irvine,6298225,0,3842658,,3842658,FIRST FOUNDATION INC.,2021,4,549300M5KSPQD2HH1N54,3,First Foundation Bank,CA,El Segundo,90245,1037
2021,549300NW5S24O35U1962,94-1214416,5,575290,575290,Noble Federal Credit Union,CA,Fresno,777235,0,-1,,-1,,2021,4,549300NW5S24O35U1962,5,Noble Federal Credit Union,CA,Fresno,93747-8024,464
2021,5493006HWKBRUZIDS752,46-2477192,3,5023639,5023639,"CIVIC FINANCIAL SERVICES, LLC",CA,Sacramento,-1,3,-1,,-1,,2021,4,5493006HWKBRUZIDS752,3,"CIVIC FINANCIAL SERVICES, LLC",CA,REDONDO BEACH,90278,8888
2021,549300R7HGHP2I754087,38-2434249,7,4183732,4183732,TOWNE MORTGAGE COMPANY,MI,PLYMOUTH,-1,3,-1,,-1,,2021,4,549300R7HGHP2I754087,7,Towne Mortgage Company,MI,TROY,48083,12443
2021,549300RGUEWNDH44ES51,71-0886038,1,3141726,3141726,"Forcht Bank, National Association",KY,Lexington,1208947,0,3446346,,3446346,"FORCHT BANCORP, INC.",2021,4,549300RGUEWNDH44ES51,1,"Forcht Bank, N.A.",KY,Lexington,40509,1090
2021,549300PRAPL43XPYR044,47-2779467,7,,-1,"Emet Lending Group, Inc.",,,-1,-1,-1,,-1,,2021,4,549300PRAPL43XPYR044,7,"EMET LENDING GROUP, INC",CA,BREA,92821,1071
2021,549300KTR1JGH3K6LU06,11-1525965,5,136374,136374,Bethpage Federal Credit Union,NY,Bethpage,9467660,0,-1,,-1,,2021,4,549300KTR1JGH3K6LU06,5,BETHPAGE FEDERAL CREDIT UNION,NY,BETHPAGE,11714,22227
2021,2549006SBIS8ROWE8X84,39-1826700,3,2339599,2339599,Capitol Bank,WI,Madison,399653,0,2339610,,2339610,"CAPITOL BANKSHARES, INC.",2021,4,2549006SBIS8ROWE8X84,3,Capitol Bank,WI,Madison,53717,313
2021,549300C1KJJH2Y73E274,36-1720096,3,133971,133971,Lisle Savings Bank,IL,Lisle,504745,0,-1,,-1,,2021,4,549300C1KJJH2Y73E274,3,LISLE SAVINGS BANK,IL,LISLE,60532,424
2021,549300XRXBA38J60S618,33-0508282,7,4730211,4730211,JMJ FINANCIAL GROUP,CA,ALISO VIEJO,-1,3,-1,,-1,,2021,4,549300XRXBA38J60S618,7,JMJ Financial Group Inc.,CA,Aliso Viejo,92656,3402
2021,549300Z4DDTZBW3TC153,48-0292680,3,485456,485456,Kaw Valley Bank,KS,Topeka,312741,0,5110605,,5110605,"TOPEKA BANCORP, INC.",2021,4,549300Z4DDTZBW3TC153,3,KAW VALLEY BANK,KS,TOPEKA,66608,122
2021,549300GNGK57UA6SFP52,39-0147990,2,807348,807348,Bristol Morgan Bank,WI,Oakfield,112254,0,2736899,,2736899,"OAKFIELD BANCORP., INC.",2021,4,549300GNGK57UA6SFP52,2,Bristol Morgan Bank,WI,Oakfield,53065,311
2021,549300OVUSU8E87XZV67,37-0275020,3,635840,635840,Legence Bank,IL,Eldorado,483497,0,1491481,,1491481,"FIRST ELDORADO BANCSHARES, INC.",2021,4,549300OVUSU8E87XZV67,3,LEGENCE BANK,IL,ELDORADO,62930,273
2021,254900L67A0ZTJRS6614,56-0132230,2,216922,216922,First Bank,NC,Southern Pines,6144669,0,1076431,,1076431,FIRST BANCORP,2021,4,254900L67A0ZTJRS6614,2,First Bank,NC,Troy,27371,4317
2021,549300XHF3PMRO08N352,91-0219005,5,352183,352183,VERITY,WA,Seattle,632849,0,-1,,-1,,2021,4,549300XHF3PMRO08N352,5,VERITY CREDIT UNION,WA,SEATTLE,98175,713
2021,254900PQN88DET52I724,25-0970756,5,971276,971276,USX Federal Credit Union,PA,Cranberry Twp.,226999,0,-1,,-1,,2021,4,254900PQN88DET52I724,5,USX FCU,PA,Cranberry Township,16066-1728,186
2021,5493005XCKCOIX4JMI33,11-3578006,7,3872495,3872495,RESIDENTIAL HOME FUNDING CORP.,NY,WHITE PLAINS,-1,3,-1,,-1,,2021,4,5493005XCKCOIX4JMI33,7,RealFi Home Funding Corp,NY,White Plains,10604,3294
2021,5493002C1SVHOFTWF108,15-0542361,5,12281,12281,AMERICU Credit Union,NY,Rome,1814188,0,-1,,-1,,2021,4,5493002C1SVHOFTWF108,5,AMERICU CREDIT UNION,NY,ROME,13440,2850
2021,549300SNKDC040FOBU51,94-1518911,5,445991,445991,UNITED LOCAL CREDIT UNION,CA,Fresno,111040,0,-1,,-1,,2021,4,549300SNKDC040FOBU51,5,United Local Credit Union,CA,Fresno,93726,24
2021,254900APUOKMIQ9Z9027,52-0939040,5,662882,662882,Johns Hopkins Federal Credit Union,MD,Baltimore,470749,0,-1,,-1,,2021,4,254900APUOKMIQ9Z9027,5,Johns Hopkins FCU,MD,Baltimore,21224,397
2021,54930064VBVLXORPKL16,39-0936240,5,149495,149495,FOND DU LAC,WI,Fond du Lac,66291,0,-1,,-1,,2021,4,54930064VBVLXORPKL16,5,Fond du Lac Credit Union,WI,Fond du Lac,54935,63
2021,549300Q61S3IBOJITT02,41-2178171,2,833404,833404,Fall River Five Cents Savings Bank,MA,Fall River,1070912,0,3321005,,3320978,"BANKFIVE, MHC",2021,4,549300Q61S3IBOJITT02,2,FALL RIVER FIVE CENTS SAVINGS,MA,FALL RIVER,02720,2298
2021,549300SNAY3J7NZEU618,73-0120518,1,241157,241157,"Vision Bank, National Association",OK,Ada,690210,0,3292253,,3292253,"VISION BANCSHARES, INC.",2021,4,549300SNAY3J7NZEU618,1,VISION BANK,OK,ADA,74821,786
2021,254900B5PW4JPZAQI721,39-0720780,3,93244,93244,Woodford State Bank,WI,Monroe,254520,0,2961347,,2961347,"WOODFORD BANCSHARES, INC.",2021,4,254900B5PW4JPZAQI721,3,WOODFORD STATE BANK,WI,MONROE,53566,351
2021,549300MUXFVZKH4XLG17,33-0594693,7,4323761,4323761,"RESIDENTIAL WHOLESALE MORTGAGE, INC.",CA,SAN DIEGO,-1,3,-1,,-1,,2021,4,549300MUXFVZKH4XLG17,7,RESIDENTIAL WHOLESALE MORTGAGE,CA,SAN DIEGO,92130,4013
2021,549300ML3H1LUVR1FP75,91-0639210,5,201094,201094,O BEE,WA,TUMWATER,333002,0,-1,,-1,,2021,4,549300ML3H1LUVR1FP75,5,O BEE CREDIT UNION,WA,LACEY,98509,764
2021,5493003SVUBV3VW5CT40,42-0245460,2,863746,863746,Farmers & Merchants Savings Bank,IA,Manchester,581431,0,2558484,,2558484,DUNN INVESTMENT CO.,2021,4,5493003SVUBV3VW5CT40,2,Farmers & Merchants Savings Bank,IA,Manchester,52057,386
2021,549300WSQPVY1NRH6062,88-0062898,5,408286,408286,"SILVER STATE SCHOOLS SERVICE COMPANY, LLC",NV,LAS VEGAS,828841,0,-1,,-1,,2021,4,549300WSQPVY1NRH6062,5,SILVER STATE SCHOOLS CREDIT UN,NV,LAS VEGAS,89119,812
2021,549300E06ZGS1I3URI95,43-0739854,5,442691,442691,VANTAGE Credit Union,MO,Bridgeton,876263,0,-1,,-1,,2021,4,549300E06ZGS1I3URI95,5,Vantage Credit Union,MO,St Charles,63304,308
2021,549300BYOVJ9X6PKXV28,58-6034029,5,632380,632380,PEACH STATE FEDERAL CREDIT UNION,GA,Lawrenceville,516837,0,-1,,-1,,2021,4,549300BYOVJ9X6PKXV28,5,PEACH STATE FEDERAL CREDIT UNION,GA,LAWRENCEVILLE,30043,683
2021,549300CN50N3250U7V79,20-8552989,7,4184382,4184382,"PERFORMANCE EQUITY PARTNERS, INC.",IL,TINLEY PARK,-1,3,-1,,-1,,2021,4,549300CN50N3250U7V79,7,"Performance Equity Partners, Inc.",IL,Tinley Park,60477,1457
2021,254900P2JMSUZCYLE858,94-1482957,5,629090,629090,Provident Credit Union,CA,Redwood City,2795784,0,-1,,-1,,2021,4,254900P2JMSUZCYLE858,5,PROVIDENT CREDIT UNION,CA,REDWOOD CITY,94065,2875
2021,549300JJVGBKK5UE5035,81-5030865,3,,5088508,"Advance Financial Group, LLC",VA,SUFFOLK,-1,3,-1,,-1,,2021,4,549300JJVGBKK5UE5035,3,"Advance Financial Group, LLC",VA,Virginia Beach,23451,1035
2021,549300VLXW0YGTWFT173,37-0722141,5,635091,635091,SIU,IL,Carbondale,334939,0,-1,,-1,,2021,4,549300VLXW0YGTWFT173,5,SIU CREDIT UNION,IL,CARBONDALE,62902,222
2021,549300HFBEONQN2CK447,31-0473290,3,911973,911973,Union Savings Bank,OH,Cincinnati,3079626,0,-1,,-1,,2021,4,549300HFBEONQN2CK447,3,Union Savings Bank,OH,Cincinnati,45249,33906
2021,5493004ZUHSMPBM5KL21,46-1565216,7,4731094,4731094,"ADVISORS CAPITAL, INC.",MI,FENTON,-1,3,-1,,-1,,2021,4,5493004ZUHSMPBM5KL21,7,"Advisors Capital, Inc.",MI,Novi,48375,540
2021,549300V6LKROCIL7OI49,54-1116387,2,223322,223322,"FIRST BANCORP, INC.",VA,LEBANON,1946484,0,1988646,,1988646,"FIRST BANCORP, INC.",2021,4,549300V6LKROCIL7OI49,2,THE FIRST BANK & TRUST COMPANY,VA,ABINGDON,24212,1679
2021,549300P6CCUZE02WB068,75-0799586,5,903772,903772,AMARILLO COMMUNITY,TX,Amarillo,242069,0,-1,,-1,,2021,4,549300P6CCUZE02WB068,5,Amarillo Community FCU,TX,Amarillo,79106,227
2021,549300E0P87HTQVFQH08,34-1794667,1,477321,477321,Consumers National Bank,OH,Minerva,574601,0,2286228,,2286228,"CONSUMERS BANCORP, INC.",2021,4,549300E0P87HTQVFQH08,1,CONSUMERS NATIONAL BANK,OH,MINERVA,44567,395
2021,549300YMPH2H8CM5WS98,56-0756045,5,972983,972983,VISION FINANCIAL,NC,Durham,48587,0,-1,,-1,,2021,4,549300YMPH2H8CM5WS98,5,Vision Financial Federal Credit Union,NC,Durham,27704,24
2021,254900P6Q7UI8DAKYX49,13-3670961,7,3871443,3871443,GuardHill Financial Corp.,NY,New York,-1,3,-1,,-1,,2021,4,254900P6Q7UI8DAKYX49,7,GUARDHILL FINANCIAL CORP,NY,NEW YORK,10017,1640
2021,549300GUS13Z72B6KD63,20-2470783,7,3837104,3837104,"KELLER MORTGAGE, LLC",OH,HILLIARD,-1,3,-1,,-1,,2021,4,549300GUS13Z72B6KD63,7,"KELLER MORTGAGE, LLC",OH,DUBLIN,43016,18465
2021,98450052F6ADED36DC76,04-6066641,5,,-1,LUSO-AMERICAN CREDIT UNION,MA,Peabody,-1,3,-1,,-1,,2021,4,98450052F6ADED36DC76,5,Luso American Credit Union,MA,Peabody,01960,76
2021,549300HOPKX8O1S8MJ63,22-1689167,5,385882,385882,RIEGEL,NJ,Milford,126301,0,-1,,-1,,2021,4,549300HOPKX8O1S8MJ63,5,Riegel Federal Credit Union,NJ,Milford,08848-1881,75
2021,549300PHPKOL5FJ7D438,44-0444275,5,696391,696391,BLUCURRENT,MO,SPRINGFIELD,200362,0,-1,,-1,,2021,4,549300PHPKOL5FJ7D438,5,BluCurrent Credit Union,MO,Springfield,65807,1098
2021,549300P6ZERWX5BPWX45,39-0711674,5,607799,607799,"VERVE, A CREDIT UNION",WI,Oshkosh,999726,0,-1,,-1,,2021,4,549300P6ZERWX5BPWX45,5,"VERVE, A CREDIT UNION",WI,OSHKOSH,54904,2315
2021,549300NXKD4J4RBJI403,73-0133600,2,508355,508355,Ameristate Bank,OK,Atoka,282540,0,1056983,,1056983,"ATOKA STATE BANCORPORATION, INC.",2021,4,549300NXKD4J4RBJI403,2,AMERISTATE BANK,OK,ATOKA,74525,127
2021,549300PPIXNO2E1B5V55,25-0977923,5,308975,308975,OMEGA Federal Credit Union,PA,Wexford,121158,0,-1,,-1,,2021,4,549300PPIXNO2E1B5V55,5,Omega FCU,PA,Pittsburgh,15237,247
2021,549300VFL91481SLWI91,38-1453620,5,263681,263681,CP Financial Credit Union,MI,Jackson,468221,0,-1,,-1,,2021,4,549300VFL91481SLWI91,5,True Community Credit Union,MI,Jackson,49202,610
2021,254900NAWIBILTM7ZJ36,43-0393170,3,441359,441359,The Maries County Bank,MO,Vienna,469274,0,1099814,,1099814,"MARIES COUNTY BANCORP., INC.",2021,4,254900NAWIBILTM7ZJ36,3,The Maries County Bank,MO,Vienna,65582,262
2021,254900MJC4429E0HGL47,34-1180767,7,3947825,3947825,American Midwest Mortgage Corporation,OH,PARMA HTS,-1,3,-1,,-1,,2021,4,254900MJC4429E0HGL47,7,American Midwest Mortgage Corp,OH,Parma Heights,44130,1172
2021,875500CPQ9Z7QEFE5G90,83-4428887,7,,-1,"LOANPEOPLE, LLC",TX,Austin,-1,3,-1,,-1,,2021,4,875500CPQ9Z7QEFE5G90,7,LoanPeople LLC,TX,Austin,78731,2623
2021,549300C5STIFBCFMRJ96,45-0323019,3,908450,908450,Kirkwood Bank & Trust Co.,ND,Bismarck,246223,0,1843558,,1843558,KIRKWOOD BANCORPORATION CO.,2021,4,549300C5STIFBCFMRJ96,3,Kirkwood Bank & Trust Co.,ND,Bismarck,58503,365
2021,549300E3X7YDJIUENL65,36-6006909,5,52193,52193,NUMARK CREDIT UNION,IL,Joliet,272114,0,-1,,-1,,2021,4,549300E3X7YDJIUENL65,5,NuMark Credit Union,IL,Joliet,60434,1968
2021,5493001K7B4W8IPMZ254,20-5479066,7,5023554,5023554,First Standard Financial Corp.,CA,Los Angeles,-1,3,-1,,-1,,2021,4,5493001K7B4W8IPMZ254,7,FIRST STANDARD FINANCIAL DBA NEXCAP HOME LOANS,CA,LOS ANGELES,90010,797
2021,549300FTS7TVGFDGUH88,35-1904483,1,2132941,2132941,The National Bank of Indianapolis,IN,Indianapolis,2276074,0,2149622,,2149622,"NATIONAL BANK OF INDIANAPOLIS CORPORATION, THE",2021,4,549300FTS7TVGFDGUH88,1,National Bank of Indianapolis,IN,Indianapolis,46204,500
2021,549300Q50XCC0473FG63,13-1517541,5,464581,464581,QUORUM FEDERAL CREDIT UNION,NY,Harrison,841254,0,-1,,-1,,2021,4,549300Q50XCC0473FG63,5,QUORUM FEDERAL CREDIT UNION,NY,PURCHASE,10577,7538
2021,549300Y4GTNURUFYV328,38-1363063,5,,559674,MICHIGAN COLUMBUS,MI,Livonia,47518,0,-1,,-1,,2021,4,549300Y4GTNURUFYV328,5,MICHIGAN COLUMBUS FEDERAL CRED,MI,LIVONIA,48152-1010,15
2021,549300LO3MP4RAI32X70,75-0164917,3,239659,239659,First Bank,TX,Burkburnett,478725,0,1109544,,1109544,"FIRST BURKBURNETT BANCSHARES, INC.",2021,4,549300LO3MP4RAI32X70,3,FIRST BANK,TX,BURKBURNETT,76354,2552
2021,5493003OSI5CD032EN89,92-0111874,3,571265,571265,Denali State Bank,AK,Fairbanks,295885,0,1989241,,1989241,"DENALI BANCORPORATION, INC.",2021,4,5493003OSI5CD032EN89,3,DENALI STATE BANK,AK,FAIRBANKS,99701,470
2021,549300HH0V8LECLNPQ26,93-0491115,5,725385,725385,ROGUE,OR,Medford,1697279,0,-1,,-1,,2021,4,549300HH0V8LECLNPQ26,5,ROGUE CREDIT UNION,OR,MEDFORD,97501,3735
2021,254900W5FH4XO4DKJB28,52-0799113,3,660927,660927,Harford Bank,MD,Aberdeen,377288,0,-1,,-1,,2021,4,254900W5FH4XO4DKJB28,3,Harford Bank,MD,Aberdeen,21001,112
2021,549300E3QJQLKVB40W93,84-6023137,5,863399,863399,CANVAS CREDIT UNION,CO,Lone Tree,2726665,0,-1,,-1,,2021,4,549300E3QJQLKVB40W93,5,Canvas Credit Union,CO,Englewood,80155,8901
2021,549300QFP6J5QSZVF805,71-0005235,2,453446,453446,Eagle Bank and Trust Company,AR,Little Rock,397795,0,1100046,,1100046,STATE HOLDING COMPANY,2021,4,549300QFP6J5QSZVF805,2,Eagle Bank and Trust Company,AR,Little Rock,72211,6321
2021,549300M3EF1JHLTH5P71,54-0208150,2,188720,188720,The Farmers Bank of Appomattox,VA,Appomattox,235751,0,-1,,-1,,2021,4,549300M3EF1JHLTH5P71,2,The Farmers Bank of Appomattox,VA,Appomattox,24522,94
2021,549300KOAKQX3BEWWT56,20-5913596,7,4877488,4877488,"CLM MORTGAGE, INC",TX,HOUSTON,-1,3,-1,,-1,,2021,4,549300KOAKQX3BEWWT56,7,"CLM Mortgage, Inc",TX,Spring,77380,2527
2021,5493001C1MX62NVN0U50,74-1200165,5,560979,560979,VELOCITY Credit Union,TX,Austin,849083,0,-1,,-1,,2021,4,5493001C1MX62NVN0U50,5,VELOCITY CREDIT UNION,TX,AUSTIN,78759,309
2021,549300VEJ302N3NLKA88,93-0470148,5,876689,876689,CLACKAMAS COMMUNITY,OR,Milwaukie,-1,0,-1,,-1,,2021,4,549300VEJ302N3NLKA88,5,Clackamas Federal Credit Union,OR,Milwaukie,97267,742
2021,549300T4CTNAVBW4WJ06,39-6048473,5,22486,22486,HERITAGE CREDIT UNION,WI,MADISON,389447,0,-1,,-1,,2021,4,549300T4CTNAVBW4WJ06,5,Heritage Credit Union,WI,Deforest,53532,583
2021,2549006ONI6N95VKB649,38-1053740,3,822042,822042,Southern Michigan Bank & Trust,MI,Coldwater,806619,0,1207824,,1207824,"SOUTHERN MICHIGAN BANCORP, INC.",2021,4,2549006ONI6N95VKB649,3,SOUTHERN MICHIGAN BANK & TRUST,MI,COLDWATER,49036,571
2021,549300C70VBQUGXHPR07,39-0487540,3,259442,259442,Mound City Bank,WI,Platteville,383984,0,2510428,,2510428,"MOUND CITY FINANCIAL SERVICES, INC.",2021,4,549300C70VBQUGXHPR07,3,Mound City Bank,WI,Platteville,53818,491
2021,254900VFBH9LZYIPIG73,23-2983299,7,2499907,2499907,AgChoice Farm Credit ACA,PA,Mechanicsburg,-1,3,-1,,-1,,2021,4,254900VFBH9LZYIPIG73,7,AgChoice Farm Credit ACA,PA,Mechanicsburg,17050-1889,314
2021,549300VWTT8C7CZNY023,73-0345910,3,648251,648251,McClain Bank,OK,Purcell,231232,0,1060485,,1060485,"MCCLAIN COUNTY BANCORPORATION, INC.",2021,4,549300VWTT8C7CZNY023,3,MCCLAIN BANK,OK,PURCELL,73080,333
2021,549300IIUZTJI9AHIA30,52-0451670,3,,169327,"Provident State Bank, Inc.",MD,Preston,-1,3,2496269,,-1,,2021,4,549300IIUZTJI9AHIA30,3,"Provident State Bank, Inc",MD,Preston,21655,256
2021,254900HOFPDQTQTMI243,39-0931830,5,784690,784690,Taylor Credit Union,WI,Medford,60068,0,-1,,-1,,2021,4,254900HOFPDQTQTMI243,5,Taylor Credit Union,WI,Medford,54451,68
2021,549300MUEGVFZ2155D91,72-0395682,5,48570,48570,GREATER NEW ORLEANS,LA,Metairie,124917,0,-1,,-1,,2021,4,549300MUEGVFZ2155D91,5,Greater New Orleans FCU,LA,Metairie,70006-0000,78
2021,549300YPSRX7HBRJSR08,94-0335800,5,40190,40190,1ST UNITED SERVICES CREDIT UNION,CA,Pleasanton,1121695,0,-1,,-1,,2021,4,549300YPSRX7HBRJSR08,5,1st United Credit Union,CA,Pleasanton,94588,863
2021,5493007EGI95MEVJ2178,38-1305916,5,267090,267090,MICHIGAN EDUCATIONAL,MI,Plymouth,-1,0,-1,,-1,,2021,4,5493007EGI95MEVJ2178,5,Michigan Educational Credit Union,MI,Plymouth,48170,549
2021,549300YHEI1EIYO6OO67,24-0622580,3,732918,732918,Jersey Shore State Bank,PA,Williamsport,1231268,0,1117688,,1117688,"PENNS WOODS BANCORP, INC.",2021,4,549300YHEI1EIYO6OO67,3,JERSEY SHORE STATE BANK,PA,WILLIAMSPORT,17701,2083
2021,54930083FPG64S0CPC15,86-0049558,5,112592,112592,PYRAMID,AZ,Tucson,170359,0,-1,,-1,,2021,4,54930083FPG64S0CPC15,5,Pyramid Federal Credit Union,AZ,Tucson,85732,193
2021,254900R21YNPTNWW1L44,64-0310432,5,25571,25571,Gulf Coast Community Federal Credit Union,MS,Gulfport,101900,0,-1,,-1,,2021,4,254900R21YNPTNWW1L44,5,GULF COAST COMMUNITY FEDERAL CREDIT UNION,MS,GULFPORT,39503,119
2021,QGPGHQ1ENZOOLJRFTH41,55-0143590,9,645625,645625,"WesBanco Bank, Inc.",WV,Wheeling,15674361,0,1070448,,1070448,"WESBANCO, INC.",2021,4,QGPGHQ1ENZOOLJRFTH41,9,"WESBANCO BANK, INC.",WV,WHEELING,26003,9662
2021,549300FWYXJ79KO49290,34-6541032,5,632791,632791,UNIFY FINANCIAL Credit Union,CA,Torrance,3052781,0,-1,,-1,,2021,4,549300FWYXJ79KO49290,5,UNIFY FINANCIAL FEDERAL CREDIT UNION,CA,MANHATTAN BEACH,90267-7518,1805
2021,549300GY97XGRF7XZO52,75-0992590,5,244792,244792,TEXANS,TX,Richardson,1606023,0,-1,,-1,,2021,4,549300GY97XGRF7XZO52,5,TEXANS CREDIT UNION,TX,RICHARDSON,75081,1699
2021,549300M2HFFTNLBO7R56,73-0564572,5,535593,535593,TRUE SKY,OK,Oklahoma City,645797,0,-1,,-1,,2021,4,549300M2HFFTNLBO7R56,5,TRUE SKY CREDIT UNION,OK,OKLAHOMA CITY,73126,962
2021,5493006YSC5JOGNPMH78,95-1585409,5,673691,673691,SOUTHLAND CREDIT UNION,CA,Los Alamitos,820085,0,-1,,-1,,2021,4,5493006YSC5JOGNPMH78,5,SOUTHLAND CREDIT UNIOM,CA,LOS ALAMITOS,90815,402
2021,549300NB6LOZ96BDSU42,84-1347792,7,4438991,4438991,THE MORTGAGE COMPANY,CO,CENTENNIAL,-1,3,-1,,-1,,2021,4,549300NB6LOZ96BDSU42,7,THE MORTGAGE COMPANY,CO,CENTENNIAL,80112,1262
2021,549300T0NMTRA1FGK873,04-1050590,3,173575,173575,The Village Bank,MA,Auburndale,1287919,0,-1,,-1,,2021,4,549300T0NMTRA1FGK873,3,The Village Bank,MA,Newton,02464,453
2021,549300JCW11CIGH8GJ60,61-0156616,1,410917,410917,The Citizens National Bank of Somerset,KY,Somerset,445149,0,1070484,,1070484,"CITIZENS BANCSHARES, INC.",2021,4,549300JCW11CIGH8GJ60,1,The Citizens National Bank of Somerset,KY,Somerset,42502-0760,612
2021,54930004Z0FN1LYUET14,35-0564480,3,38740,38740,Owen County State Bank,IN,Spencer,232449,0,1207954,,1207954,OWEN FINANCIAL CORPORATION,2021,4,54930004Z0FN1LYUET14,3,Owen County State Bank,IN,Spencer,47460,523
2021,54930001NSTOD85LT125,81-5294275,7,81-5294275,-1,"GUARANTEED RATE AFFINITY, LLC",DE,WILMINGTON,-1,3,-1,,-1,,2021,4,54930001NSTOD85LT125,7,"GUARANTEED RATE AFFINITY, LLC",IL,CHICAGO,60613,56286
2021,549300YOGGZET04TZM44,13-3234580,1,762773,762773,Abacus Federal Savings Bank,NY,New York,353374,0,-1,,-1,,2021,4,549300YOGGZET04TZM44,1,ABACUS FEDERAL SAVINGS BANK,NY,NEW YORK,10013,245
2021,213800M6RMI3YBX62W88,46-0429381,1,3862423,3862423,"CORTRUST MORTGAGE, INC.",SD,SIOUX FALLS,-1,1,61355,,1125740,HOPKINS FINANCIAL CORPORATION,2021,4,213800M6RMI3YBX62W88,1,"CORTRUST MORTGAGE, INC.",SD,SIOUX FALLS,57105,2394
2021,5493003KK3OFPYXHCI44,38-0893210,5,154378,154378,LAFCU,MI,Lansing,746967,0,-1,,-1,,2021,4,5493003KK3OFPYXHCI44,5,LAFCU,MI,LANSING,48917,505
2021,5493001BNJ1T5ZW02635,48-0343180,3,680354,680354,Bank of Blue Valley,KS,Overland Park,1314529,0,1206546,,1206546,"HEARTLAND FINANCIAL USA, INC.",2021,4,5493001BNJ1T5ZW02635,3,BANK OF BLUE VALLEY,KS,OVERLAND PARK,66213,195
2021,549300OZ550X4QD5PC74,39-6072970,5,961295,961295,Royal Credit Union,WI,Eau Claire,2837926,0,-1,,-1,,2021,4,549300OZ550X4QD5PC74,5,ROYAL CREDIT UNION,WI,EAU CLAIRE,54702,8555
2021,549300JQALY53TH22D13,26-3894079,9,,-1,"JONES LANG LASALLE MULTIFAMILY, LLC",DE,WILMINGTON,-1,3,-1,,-1,,2021,4,549300JQALY53TH22D13,9,"JLL Real Estate Capital, LLC",MN,St. Paul,55116,262
2021,54930031L785BSBDTE46,35-0683650,3,308340,308340,Bath State Bank,IN,Franklin,165989,0,1249329,,5473449,BATH STATE BANCORP EMPLOYEE STOCK OWNERSHIP PLAN WITH 401(K) PROVISIONS,2021,4,54930031L785BSBDTE46,3,Bath State Bank,IN,Bath,47010,222
2021,549300BX448ALT10FI43,43-1883419,1,,2806877,The Federal Savings Bank,IL,Chicago,604528,0,4267463,,4267463,"NATIONAL BANCORP HOLDINGS, INC.",2021,4,549300BX448ALT10FI43,1,The Federal savings Bank,IL,Chicago,60639,60608
2021,5493001YU4TTE8QEL245,48-0726234,3,987651,987651,Garden Plain State Bank,KS,Wichita,99430,0,1139756,,1139756,"GARDEN PLAIN BANCSHARES, INC.",2021,4,5493001YU4TTE8QEL245,3,Garden Plain State Bank,KS,Wichita,67275,199
2021,2549007WBD70RLDH1669,52-0905189,5,778587,778587,FIRST PEOPLES COMMUNITY FEDERAL CREDIT UNION,MD,CUMBERLAND,448076,0,-1,,-1,,2021,4,2549007WBD70RLDH1669,5,FIRST PEOPLES CFCU,MD,CUMBERLAND,21502-0000,699
2021,5493001B4TX233UP4J06,05-0252335,5,222893,222893,Rhode Island Credit Union,RI,Providence,283120,0,-1,,-1,,2021,4,5493001B4TX233UP4J06,5,Rhode Island Credit Union,RI,Providence,02903,727
2021,254900N49YI2HHKDPS92,91-0576399,5,542096,542096,iQ Credit Union,WA,Vancouver,1217729,0,-1,,-1,,2021,4,254900N49YI2HHKDPS92,5,iQ Credit Union,WA,Vancouver,98660,2871
2021,254900IZF27X7A3Q7I15,62-6040210,5,442495,442495,Old Hickory Credit Union,TN,Old Hickory,233618,0,-1,,-1,,2021,4,254900IZF27X7A3Q7I15,5,OLD HICKORY CREDIT UNION,TN,NASHVILLE,37214,239
2021,549300B3J2ZHX7QFH171,04-3414678,3,161273,161273,"North Shore Bank, a Co-operative Bank",MA,Peabody,1386709,0,2621182,,2621182,NORTH SHORE BANCORP,2021,4,549300B3J2ZHX7QFH171,3,NORTH SHORE BANK A CO-OPERATIVE BANK,MA,PEABODY,01960,830
2021,549300XFNTNQLLW0HY87,64-0134521,1,69333,69333,The Citizens National Bank of Meridian,MS,Meridian,1421227,0,3186576,,3186576,CITIZENS NATIONAL BANC CORP.,2021,4,549300XFNTNQLLW0HY87,1,Citizens National Bank of Meridian,MS,Meridian,39302,648
2021,VUAW1MW1BHNL595RH698,39-0280840,1,956255,956255,The First National Bank of River Falls,WI,River Falls,276881,0,2577159,,2577159,"FIRST NATIONAL BANCORP OF RIVER FALLS, INC.",2021,4,VUAW1MW1BHNL595RH698,1,The First National Bank of River Falls,WI,River Falls,54022,302
2021,549300IJO7NO6VDZPD35,52-2350821,7,,-1,"THE MORTGAGE LINK, INC.",MD,ROCKVILLE,-1,3,-1,,-1,,2021,4,549300IJO7NO6VDZPD35,7,"The Mortgage Link, Inc.",MD,Rockville,20850,973
2021,549300K7224BC1IAX207,59-6194363,5,101381,101381,MIDFLORIDA,FL,Lakeland,4422010,0,-1,,-1,,2021,4,549300K7224BC1IAX207,5,MIDFLORIDA CREDIT UNION,FL,LAKELAND,33801,12871
2021,549300GBMYUTNLY00W24,71-0325029,5,578282,578282,SUCCESS Federal Credit Union,AR,Blytheville,129709,0,-1,,-1,,2021,4,549300GBMYUTNLY00W24,5,SUCCESS CREDIT UNION,AR,Blytheville,72316-0467,147
2021,254900YE6JQ826RUVB14,35-1074550,5,1001880,1001880,Regional Federal Credit Union,IN,Hammond,138403,0,-1,,-1,,2021,4,254900YE6JQ826RUVB14,5,REGIONAL fcu,IN,Hammond,46323-2225,108
2021,549300CRSE0TY73U6X46,62-1160688,2,1097267,1097267,"BARTLETT MORTGAGE, INC.",TN,BARTLETT,-1,1,225559,,1097249,"WEST TENNESSEE BANCSHARES, INC.",2021,4,549300CRSE0TY73U6X46,2,Bartlett Mortgage Inc.,TN,Bartlett,38134,1122
2021,549300JGK6WNKYXQ0821,58-0146810,5,1015793,1015793,ATLANTA POSTAL,GA,Atlanta,2165396,0,-1,,-1,,2021,4,549300JGK6WNKYXQ0821,5,Atlanta Postal Credit Union,GA,Atlanta,30380,1012
2021,5493007B1GAUZGYHPR07,85-0105773,5,763976,763976,NUSENDA,NM,Albuquerque,2453424,0,-1,,-1,,2021,4,5493007B1GAUZGYHPR07,5,NUSENDA FEDERAL CREDIT UNION,NM,ALBUQUERQUE,87107,3712
2021,254900YEG6LSF1BFA422,04-1980523,1,822275,822275,"Winter Hill Bank, FSB",MA,Somerville,368768,0,-1,,-1,,2021,4,254900YEG6LSF1BFA422,1,WINTER HILL BANK,MA,SOMERVILLE,02145,275
2021,549300JRDGV1559XM376,20-2928975,7,3877089,3877089,"CASTLE & COOKE MORTGAGE, LLC",DE,WILMINGTON,-1,3,-1,,-1,,2021,4,549300JRDGV1559XM376,7,"CASTLE & COOKE MORTGAGE, LLC",UT,DRAPER,84020,9935
2021,2549001E11O22GGBEL86,37-1239418,3,1222948,1222948,Prairie State Bank and Trust,IL,Springfield,684678,0,1095414,,1095414,"AMERICAN CENTRAL BANCORPORATION, INC.",2021,4,2549001E11O22GGBEL86,3,Prairie State Bank and Trust,IL,Springfield,62704,1078
2021,2549009GERLEDM651T51,41-0592730,3,208057,208057,Vermillion State Bank,MN,Vermillion,597824,0,1128581,,1128581,"VERMILLION BANCSHARES, INC.",2021,4,2549009GERLEDM651T51,3,Vermillion State Bank,MN,Vermillion,55085,389
2021,549300BB4LSE4JRRGV15,45-0117790,3,826956,826956,Choice Financial Group,ND,Fargo,2379086,0,1125030,,1125030,"CHOICE FINANCIAL HOLDINGS, INC.",2021,4,549300BB4LSE4JRRGV15,3,Choice Financial Group,ND,Fargo,58104,848
2021,254900P4A09O6AABF892,63-0074813,3,66275,66275,First Southern Bank,AL,Florence,276719,0,2313704,,5141195,"FSB, LLC",2021,4,254900P4A09O6AABF892,3,First Southern Bank,AL,Florence,35630,156
2021,549300CN9XK83EUACJ34,59-0489540,3,327435,327435,United Southern Bank,FL,Umatilla,549994,0,1141601,,1141601,"UNISOUTH, INC.",2021,4,549300CN9XK83EUACJ34,3,United Southern Bank,FL,Umatilla,32784,205
2021,549300A6T9G3QXH9KZ27,35-0303207,3,372640,372640,Farmers and Merchants Bank,IN,Fort Wayne,158635,0,1135196,FM FINCORP,1135196,FM FINCORP,2021,4,549300A6T9G3QXH9KZ27,3,Farmers and Merchants Bank,IN,LaOtto,46763-0158,119
2021,549300XCP8KCUTKGF379,59-0248325,5,916398,916398,121 FINANCIAL,FL,Jacksonville,541950,0,-1,,-1,,2021,4,549300XCP8KCUTKGF379,5,121 FINANCIAL CREDIT UNION,FL,JACKSONVILLE,32204,387
2021,2549003WYFPGUVPTRK86,39-1701359,3,1872996,1872996,Monona Bank,WI,Monona,960931,0,1889967,,1889967,"MONONA BANKSHARES, INC.",2021,4,2549003WYFPGUVPTRK86,3,MONONA BANK,WI,MONONA,53716,1055
2021,549300HQ25HXXXOWJ140,75-1152746,5,457882,457882,KELLY COMMUNITY FEDERAL CREDIT UNION,TX,Tyler,108688,0,-1,,-1,,2021,4,549300HQ25HXXXOWJ140,5,KELLY COMMUNITY FCU,TX,TYLER,75703,137
2021,549300BJ4VS64HEPMV23,47-6024482,5,798491,798491,MUTUAL FIRST,NE,Omaha,97005,0,-1,,-1,,2021,4,549300BJ4VS64HEPMV23,5,MUTUAL FIRST FEDERAL CREDIT UNION,NE,OMAHA,68137,184
2021,21380055IMHX3N5UL146,48-0459210,3,1005552,1005552,VALLEY STATE BANK,KS,BELLE PLAINE,137633,0,1472060,,1472060,MORLEY BANCSHARES CORPORATION,2021,4,21380055IMHX3N5UL146,3,The Valley State Bank,KS,Belle Plaine,67013,110
2021,VNOO6EITDJ2YUEBMSZ83,44-0194180,9,936855,936855,"UMB Bank, National Association",MO,Kansas City,26357635,0,1049828,,1049828,UMB FINANCIAL CORPORATION,2021,4,VNOO6EITDJ2YUEBMSZ83,9,UMB BANK NA,MO,KANSAS CITY,64106,4645
2021,25490072C0PMGDUJQU77,42-0287760,2,724744,724744,GNB Bank,IA,Grundy Center,549831,0,1205950,,1205950,GNB BANCORPORATION,2021,4,25490072C0PMGDUJQU77,2,GNB Bank,IA,Grundy Center,50638,349
2021,5493000OIGWIS24A1547,84-0849361,7,2213046,2213046,UNIVERSAL LENDING CORPORATION,CO,Littleton,-1,3,-1,,-1,,2021,4,5493000OIGWIS24A1547,7,UNIVERSAL LENDING CORPORATION,CO,DENVER,80224,6964
2021,54930036K3ZFJ4FOKT69,59-0690965,5,99189,99189,VYSTAR,FL,Jacksonville,9117164,0,-1,,-1,,2021,4,54930036K3ZFJ4FOKT69,5,VyStar Credit Union,FL,Jacksonville,32202,15792
2021,549300HINJH60UG3KG47,45-3508295,7,4533681,4533681,BERKELEY POINT CAPITAL LLC,DE,WILMINGTON,-1,3,-1,,-1,,2021,4,549300HINJH60UG3KG47,7,Berkeley Point Capital LLC,MA,Boston,02110,238
2021,549300D4L76B477GHY32,59-2237280,3,663834,663834,Ocean Bank,FL,Miami,4314163,0,1136661,,1136661,"OCEAN BANKSHARES, INC.",2021,4,549300D4L76B477GHY32,3,Ocean Bank,FL,Miami,33126,122
2021,549300KEN9618A3NSC95,59-0626681,5,49072,49072,TRAX Federal Credit Union,FL,Tampa,355619,-1,-1,,-1,,2021,4,549300KEN9618A3NSC95,5,TRAX FCU,FL,Tampa,33619,110
2021,549300KV83NH6PNL5E48,04-3305700,1,892205,892205,Westfield Bank,MA,Westfield,2179440,0,3866382,,3866382,"WESTERN NEW ENGLAND BANCORP, INC.",2021,4,549300KV83NH6PNL5E48,1,Westfield Bank,MA,WESTFIELD,01085,1018
2021,5493008JECR4UE0WVR04,93-1296762,7,4188081,4188081,"MORTGAGE EXPRESS, LLC",OR,PORTLAND,-1,3,-1,,-1,,2021,4,5493008JECR4UE0WVR04,7,MORTGAGE EXPRESS,OR,PORTLAND,97223,4451
2021,549300YLIY5SO2XSK094,11-1241830,3,859712,859712,Ridgewood Savings Bank,NY,Ridgewood,5814080,0,-1,,-1,,2021,4,549300YLIY5SO2XSK094,3,RIDGEWOOD SAVINGS BANK,NY,RIDGEWOOD,11385,998
2021,549300BMHSUCH6UGU556,85-0036360,3,622653,622653,Farmers & Stockmens Bank,NM,Clayton,223079,0,3640425,,3640425,"CENTRAL BANCORP, INC.",2021,4,549300BMHSUCH6UGU556,3,Farmers & Stockmens Bank,CO,Colorado Springs,80903,651
2021,254900REMJXT9T25JI51,74-0962185,1,198961,198961,First National Bank of Bosque County,TX,Valley Mills,119434,0,1104110,,1104110,VALLEY MILLS FINANCIAL CORPORATION,2021,4,254900REMJXT9T25JI51,1,First National Bank of Bosque County,TX,Valley Mills,76689,78
2021,549300O0BQZ8YGYRA730,72-0593448,3,597452,597452,American Bank & Trust Company,LA,Covington,189318,0,1104615,,1104615,"AMERICAN BANCSHARES, INC.",2021,4,549300O0BQZ8YGYRA730,3,"American Bank & Trust Company, Inc.",LA,Hammond,70403,193
2021,549300DO51DW0RG07O39,23-6257323,5,315478,315478,BENCHMARK Federal Credit Union,PA,West Chester,219649,0,-1,,-1,,2021,4,549300DO51DW0RG07O39,5,BENCHMARK FCU,PA,WEST CHESTER,19380,194
2021,549300BG31WZXGJRH472,74-0780455,1,497954,497954,Texas National Bank,TX,Mercedes,330035,0,3305434,,3305434,"MNB VENTURES, INC.",2021,4,549300BG31WZXGJRH472,1,Texas National Bank,TX,Edinburg,78539,245
2021,254900JSR03JVTTZ6039,25-1024575,5,208682,208682,United Community Federal Credit Union,PA,West Mifflin,98982,0,-1,,-1,,2021,4,254900JSR03JVTTZ6039,5,United Community FCU,PA,West Mifflin,15122,75
2021,549300VKT6APHQW3YT06,51-0415301,5,3914395,3914395,"CREDIT UNION FINANCIAL SERVICES, LLC",GA,Suwanee,-1,1,-1,,-1,,2021,4,549300VKT6APHQW3YT06,5,CREDIT UNION FINANCIAL SERVICES LLC,GA,COVINGTON,30014,659
2021,549300BCHY7VFHESOE22,22-3188285,7,3874127,3874127,"GREENTREE MORTGAGE COMPANY, L.P.",DE,WILMINGTON,-1,3,-1,,-1,,2021,4,549300BCHY7VFHESOE22,7,"Greentree Mortgage Company, L.P.",NJ,Gibbsboro,08026,6620
2021,549300T2FOBK6WY4B349,03-0184742,5,177797,177797,NORTH COUNTRY,VT,South Burlington,656233,0,-1,,-1,,2021,4,549300T2FOBK6WY4B349,5,NorthCountry Federal Credit Union,VT,Burlington,05406,1371
2021,5493002Q5MB21VG7B390,36-2533919,3,671334,671334,Republic Bank of Chicago,IL,Oak Brook,2016395,0,1201194,,1201194,REPUBLIC BANCORP CO.,2021,4,5493002Q5MB21VG7B390,3,Republic Bank of Chicago,IL,"Oak Brook, Illinois",60523,240
2021,25490011JA7PP73YY190,92-0032589,3,542667,542667,Mt. McKinley Bank,AK,Fairbanks,467386,0,-1,,-1,,2021,4,25490011JA7PP73YY190,3,MT MCKINLEY BANK,AK,FAIRBANKS,99707,387
2021,549300SOZES6XPZ50475,20-8922476,3,3548567,3548567,The Bank of San Antonio,TX,San Antonio,761475,0,3593286,"SOUTHWEST BANCSHARES, INC.",3593286,"SOUTHWEST BANCSHARES, INC.",2021,4,549300SOZES6XPZ50475,3,Texas Partners Bank,TX,San Antonio,78213,463
2021,YWC0TIKBQM2JV8L4IV08,80-0513856,9,4114567,4114567,First Republic Bank,CA,San Francisco,116263634,0,-1,,-1,,2021,4,YWC0TIKBQM2JV8L4IV08,9,FIRST REPUBLIC BANK,CA,SAN FRANCISCO,94111,35958
2021,549300QKL5FUBZ8LSF50,20-8544905,7,3896101,3896101,"NATIONS DIRECT MORTGAGE, LLC",CA,Sacramento,-1,3,-1,,-1,,2021,4,549300QKL5FUBZ8LSF50,7,"Nations Direct Mortgage, LLC",CA,Santa Ana,92707,13988
2021,254900XPILOY1LB5CK32,63-1005978,7,3914229,3914229,Hamilton Mortgage Corporation,AL,Birmingham,-1,3,-1,,-1,,2021,4,254900XPILOY1LB5CK32,7,HAMILTON MORTGAGE CORPORATION,AL,BIRMINGHAM,35209,1261
2021,549300GTJL0LGX444G33,04-3128200,7,4184337,4184337,"DREW MORTGAGE ASSOCIATES, INC.",MA,BOSTON,-1,3,-1,,-1,,2021,4,549300GTJL0LGX444G33,7,"Drew Mortgage Associates, Inc.",MA,Shrewsbury,01545,989
2021,549300I8I7EBXHMYYW54,23-1343878,5,,1017171,RIVERFRONT,PA,Reading,189343,0,-1,,-1,,2021,4,549300I8I7EBXHMYYW54,5,Riverfront FCU,PA,Reading,19602,99
2021,5493002W52M3SYLFEX32,54-1690128,7,,4438281,GREYSTONE FUNDING COMPANY LLC,DE,WILMINGTON,-1,3,-1,,-1,,2021,4,5493002W52M3SYLFEX32,7,Greystone Funding Corporation,TN,Memphis,38120,13
2021,549300BSREUOP0WE2207,52-0792362,1,411473,411473,"SEVERN SAVINGS BANK, FSB DBA SEVERN BANK",MD,Annapolis,823555,0,3831465,,3831465,"SEVERN BANCORP, INC.",2021,4,549300BSREUOP0WE2207,1,SEVERN  BANK,MD,ANNAPOLIS,21401,1243
2021,254900MKY47WU65N1J56,91-0260220,3,294779,294779,Timberland Bank,WA,Hoquiam,1268014,0,2621548,,2621548,"TIMBERLAND BANCORP, INC.",2021,4,254900MKY47WU65N1J56,3,Timberland Bank,WA,Hoquiam,98550,938
2021,549300XOWUPV4E45EE89,37-0269850,3,856346,856346,Farmers State Bank of Alto Pass,IL,Harrisburg,238855,0,2321398,,2321398,FARMERS STATE HOLDING CORP.,2021,4,549300XOWUPV4E45EE89,3,Farmers State Bank of Alto Pass,IL,Harrisburg,62946,439
2021,549300NGNH7M36LP4583,11-1553555,1,29878,29878,Maspeth Federal Savings and Loan Association,NY,New York,1962953,0,-1,,-1,,2021,4,549300NGNH7M36LP4583,1,MASPETH FEDERAL SAVINGS AND LOAN ASSOCIATION,NY,MASPETH,11378,215
2021,549300SXT4VBB68QCC26,35-0702986,5,275590,275590,TEACHERS CREDIT UNION,IN,South Bend,3348046,0,-1,,-1,,2021,4,549300SXT4VBB68QCC26,5,TEACHERS CREDIT UNION,IN,SOUTH BEND,46601,6218
2021,549300OULGV8ZW0JV320,61-0262618,1,647218,647218,Cumberland Valley National Bank & Trust Company,KY,East Bernstadt,518388,0,1071463,,1071463,CUMBERLAND VALLEY FINANCIAL CORPORATION,2021,4,549300OULGV8ZW0JV320,1,Cumberland Valley National Bank & Trust Co,KY,London,40743,382
2021,549300O2WI1UYPLRU579,02-0187470,3,670878,670878,Salem Co-Operative Bank,NH,Salem,453807,0,-1,,-1,,2021,4,549300O2WI1UYPLRU579,3,Salem Co-operative Bank,NH,Salem,03079,261
2021,549300DNUPSQ3UW3EM09,74-0588337,2,623454,623454,The Bank & Trust,TX,Del Rio,416746,0,1105014,,1105014,"WESTEX BANCORP, INC.",2021,4,549300DNUPSQ3UW3EM09,2,"The Bank & Trust, s.s.b.",TX,Del Rio,78840,241
2021,549300F6Y1YO2YXN6135,27-1438405,7,27-1438405,-1,REDWOOD RESIDENTIAL ACQUISITION CORPORATION,DE,WILMINGTON,-1,3,-1,,-1,,2021,4,549300F6Y1YO2YXN6135,7,Redwood Residential Acquisition Corp,CA,Mill Valley,94941,15222
2021,254900GZAWIVGN884M22,58-0206260,3,300933,300933,PLANTERS FIRST BANK,GA,Hawkinsville,310555,-1,1081136,,1081136,PLANTERS FIRST BANCORP,2021,4,254900GZAWIVGN884M22,3,PLANTERS FIRST BANK,GA,CORDELE,31015,115
2021,5493007KXIK81MVSXW19,46-3885064,7,,-1,CAL MUTUAL INC,CA,TEMECULA,-1,3,-1,,-1,,2021,4,5493007KXIK81MVSXW19,7,Cal Mutual Inc,CA,Temecula,92590,12
2021,549300MPGZVO0YIGL418,82-0230779,5,141789,141789,IDAHO STATE UNIVERSITY,ID,Pocatello,239401,0,-1,,-1,,2021,4,549300MPGZVO0YIGL418,5,Lookout Credit Union,ID,Pocatello,83201,443
2021,9LIMABRJ9VPV74PBJB17,36-3909363,1,2119773,2119773,Hinsdale Bank & Trust Company,IL,Hinsdale,3306788,0,2260406,,2260406,WINTRUST FINANCIAL CORPORATION,2021,4,9LIMABRJ9VPV74PBJB17,1,"Hinsdale Bank & Trust, N.A.",IL,Rosemont,60018,211
2021,549300QSUEE20YO86W39,33-1050584,7,,-1,Specialized Loan Servicing LLC,,,-1,3,-1,,-1,,2021,4,549300QSUEE20YO86W39,7,Specialized Loan Servicing LLC,CO,Greenwood Village,80111,1115
2021,254900D4M439MIWMBX82,75-0905956,5,770693,770693,Cooperative Teachers Credit Union,TX,Tyler,114192,0,-1,,-1,,2021,4,254900D4M439MIWMBX82,5,COOP TEACHERS CREDIT UNION,TX,TYLER,75701,144
2021,549300RFSMIRUODUVW59,81-0192860,2,659855,659855,First Interstate Bank,MT,Billings,14582546,0,1123670,,1123670,"FIRST INTERSTATE BANCSYSTEM, INC.",2021,4,549300RFSMIRUODUVW59,2,FIRST INTERSTATE BANK,MT,BILLINGS,59101,9530
2021,254900OYJ23M4J7IJI76,63-0500013,5,806284,806284,ACIPCO Federal Credit Union,AL,Birmingham,159843,0,-1,,-1,,2021,4,254900OYJ23M4J7IJI76,5,ACIPCO FEDERAL CREDIT UNION,AL,BIRMINGHAM,35202,161
2021,254900TTMRDRR2EQSI59,39-6050488,5,854995,854995,Firefighters Credit Union,WI,La Crosse,89556,0,-1,,-1,,2021,4,254900TTMRDRR2EQSI59,5,FIREFIGHTERS CREDIT UNION,WI,ONALASKA,54650,208
2021,549300DQMFK1KT7KEB48,03-0365685,3,2947369,2947369,"NORTHEAST HOME LOAN, LLC",VT,ST JOHNSBURY,-1,2,-1,,2337081,PASSUMPSIC BANCORP,2021,4,549300DQMFK1KT7KEB48,3,"NORTHEAST HOME LOAN, LLC",NH,WEST CHESTERFIELD,03466,1664
2021,254900RO87UFWPI72M63,39-0269470,5,914796,914796,First Community CU of Beloit,WI,Beloit,-1,0,-1,,-1,,2021,4,254900RO87UFWPI72M63,5,First Community Credit Union,WI,Beloit,53511,528
2021,549300YB1H2FRI6JPM51,38-1215360,5,651596,651596,LAKE MICHIGAN CREDIT UNION,MI,Grand Rapids,6863398,0,-1,,-1,,2021,4,549300YB1H2FRI6JPM51,5,Lake Michigan Credit Union,MI,Grand Rapids,49501-2848,31010
2021,549300UE4FFDNV7ELD54,74-6050582,5,719496,719496,SCHLUMBERGER EMPLOYEES CREDIT UNION,TX,Sugar Land,830264,0,-1,,-1,,2021,4,549300UE4FFDNV7ELD54,5,Melanie Aguilar,TX,Sugar Land,77478,158
2021,5493008UZWYHK74O4341,15-0476885,5,83085,83085,GPO Federal Credit Union,NY,New Hartford,309144,0,-1,,-1,,2021,4,5493008UZWYHK74O4341,5,GPO Federal Credit Union,NY,New Hartford,13413,436
2021,549300L36QZWPHM6FP31,95-2868024,3,933966,933966,Citizens Business Bank,CA,Ontario,11279433,0,1029222,,1029222,CVB FINANCIAL CORP.,2021,4,549300L36QZWPHM6FP31,3,Citizens Business Bank,CA,Ontario,91764,217
2021,549300DLHIZLJ7617Q04,74-0557930,3,261360,261360,Citizens State Bank,TX,Somerville,653894,0,2147235,,2100089,"C.S.B. BANCSHARES, INC.",2021,4,549300DLHIZLJ7617Q04,3,CITIZENS STATE BANK,TX,SOMERVILLE,77879,374
2021,549300VCTY2YYCLCZI32,57-0159980,3,457426,457426,Enterprise Bank of South Carolina,SC,Ehrhardt,338619,0,-1,,-1,,2021,4,549300VCTY2YYCLCZI32,3,ENTERPRISE BANK OF SC,SC,Ehrhardt,29081,179
2021,549300YOCINIK5RN6R57,43-0548125,5,993090,993090,Gateway Metro Federal Credit Union,IL,Shiloh,177584,0,-1,,-1,,2021,4,549300YOCINIK5RN6R57,5,Gateway Metro Federal Credit U,MO,Saint Louis,63101,2
2021,549300LLQD0X2OTG0Y27,05-0283864,1,724904,724904,"Home Loan Investment Bank, F.S.B.",RI,Warwick,346188,0,3834822,,5278411,JAMESTOWN TRUST#3,2021,4,549300LLQD0X2OTG0Y27,1,Home Loan Investment Bank,RI,Warwick,02886,3178
2021,549300K0ZDYG8YJZ3L95,82-2922475,1,897170,897170,Ponce Bank,NY,New York,1051663,0,5115525,,5115468,PONCE BANK MUTUAL HOLDING COMPANY,2021,4,549300K0ZDYG8YJZ3L95,1,PONCE BANK,NY,BRONX,10462,104
2021,25490039D55J3ZL21O72,31-1064236,7,3837421,3837421,"SIBCY CLINE MORTGAGE SERVICES, INC.",OH,CINCINNATI,-1,3,-1,,-1,,2021,4,25490039D55J3ZL21O72,7,"Sibcy Cline Mortgage Services, Inc.",OH,Cincinnati,45236,953
2021,967600K0JD6JIELVRF39,95-2310881,5,622185,622185,Chaffey Federal Credit Union,CA,Upland,156765,0,-1,,-1,,2021,4,967600K0JD6JIELVRF39,5,Chaffey Federal Credit Union,CA,Upland,91786,54
2021,254900NGUH2O9FB6AZ22,94-1238646,5,617882,617882,Valley First Credit Union,CA,Modesto,603790,0,-1,,-1,,2021,4,254900NGUH2O9FB6AZ22,5,Valley First Credit Union,CA,Modesto,95350,417
2021,5493008TK613NXC2EN84,22-0780922,3,797775,797775,Blue Foundry Bank,NJ,Rutherford,1838778,0,2835523,,2835514,"BLUE FOUNDRY, MHC",2021,4,5493008TK613NXC2EN84,3,BLUE FOUNDRY BANK,GA,ATLANTA,30348-5158,497
2021,254900TO7P4MVLV70225,36-2483165,1,465038,465038,First National Bank of Brookfield,IL,Brookfield,212479,0,-1,,-1,,2021,4,254900TO7P4MVLV70225,1,FIRST NATIONAL BANK OF BROOKFIELD,IL,BROOKFIELD,60513,329
2021,549300GKNMX0ZXKVPE54,71-0054330,2,12946,12946,Farmers Bank & Trust Company,AR,Magnolia,1724820,0,1135413,,1135413,MAGNOLIA BANKING CORPORATION,2021,4,549300GKNMX0ZXKVPE54,2,FARMERS BANK & TRUST,AR,MAGNOLIA,71753,915
2021,549300JNTZTF40KCOF79,23-2479933,3,1216321,1216321,Republic Bank,PA,Philadelphia,3332457,0,1398807,,1398807,"REPUBLIC FIRST BANCORP, INC.",2021,4,549300JNTZTF40KCOF79,3,Republic First Bank,PA,Philadelphia,19102-2526,2752
2021,54930004MLYQ2HKUPN66,20-5066025,7,,-1,"TRISTAR FINANCE, INC.",WA,KIRKLAND,-1,3,-1,,-1,,2021,4,54930004MLYQ2HKUPN66,7,"TRISTAR FINANCE, INC",WA,KIRKLAND,98033-7355,838
2021,549300PJ8G3ECK1DQW27,58-0459665,1,,67870,TC FEDERAL BANK,GA,Thomasville,321758,0,-1,,-1,,2021,4,549300PJ8G3ECK1DQW27,1,TC Federal Bank,GA,Thomasville,31792,173
2021,549300W6J23SLH6AR815,36-1163912,5,630395,630395,GREAT LAKES,IL,Bannockburn,886238,0,-1,,-1,,2021,4,549300W6J23SLH6AR815,5,GREAT LAKES CREDIT UNION,IL,BANNOCKBURN,60015,1920
2021,549300XMCDBXHD84QD46,42-0126270,3,761543,761543,Ohnward Bank & Trust,IA,Cascade,280131,0,1200311,"OHNWARD BANCSHARES, INC.",1200311,"OHNWARD BANCSHARES, INC.",2021,4,549300XMCDBXHD84QD46,3,OHNWARD BANK AND TRUST,IA,CASCADE,52033-0611,553
2021,549300XZF8VZFNRNBW38,15-0523515,1,451273,451273,Geddes Federal Savings and Loan Association,NY,Syracuse,558762,0,-1,,-1,,2021,4,549300XZF8VZFNRNBW38,1,Geddes Federal Savings and Loan Association,NY,Syracuse,13219,626
2021,254900AG9OLNQOYN9650,39-0476365,3,524579,524579,"Great Midwest Bank, S.S.B.",WI,Brookfield,847794,0,-1,,-1,,2021,4,254900AG9OLNQOYN9650,3,Great Midwest Bank SSB,WI,Brookfield,53005,2009
2021,254900TFS12PFBK5FD47,31-4407749,5,448077,448077,TrueCore Federal Credit Union,OH,Newark,167817,0,-1,,-1,,2021,4,254900TFS12PFBK5FD47,5,TRUECORE FEDERAL CREDIT UNION,OH,NEWARK,43055,317
2021,5493005HN78XQ5US3306,72-0433983,5,229678,229678,CSE Federal Credit Union,LA,Lake Charles,336180,0,-1,,-1,,2021,4,5493005HN78XQ5US3306,5,CSE Federal Credit Union,LA,Sulphur,70665,125
2021,254900OCB5PJQMM6LU72,31-1640871,7,4877385,4877385,Western Ohio Mortgage Corporation,OH,Quincy,-1,3,-1,,-1,,2021,4,254900OCB5PJQMM6LU72,7,WESTERN OHIO MORTGAGE CORPORATION,OH,SIDNEY,45365,516
2021,254900BNG8F840A7LL14,41-2142273,7,,-1,Trust Mortgage Lending Corp,FL,Miami,-1,3,-1,,-1,,2021,4,254900BNG8F840A7LL14,7,TRUST MORTGAGE LENDING,FL,MIAMI,33166,17
2021,549300YKOCNDPE0N7X40,02-0187390,5,832694,832694,ST. MARY'S BANK,NH,Manchester,1045763,0,-1,,-1,,2021,4,549300YKOCNDPE0N7X40,5,ST. MARY'S BANK CU,NH,MANCHESTER,03103,3246
2021,549300ZKNH5TR7431V31,25-0640500,3,978622,978622,Mars Bank,PA,Mars,407656,0,4655266,,4655266,"MARS BANCORP, INC.",2021,4,549300ZKNH5TR7431V31,3,Mars Bank,PA,Mars,16046,521
2021,549300WB1KDYDW5IRX09,20-3586209,3,3384372,3384372,FortuneBank,MO,Arnold,199171,0,3384363,,3384363,FORTUNE FINANCIAL CORPORATION,2021,4,549300WB1KDYDW5IRX09,3,FORTUNEBANK,MO,ARNOLD,63010,80
2021,254900ZW2DR74NU0ZY74,82-0953703,5,82-0953703,-1,"Texas Mortgage Lending, LLC",TX,Austin,-1,3,-1,,-1,,2021,4,254900ZW2DR74NU0ZY74,5,"TEXAS MORTGAGE LENDING, LLC",TX,DALLAS,75251,3082
2021,5493004N9PMBSLEZOF16,16-1639437,7,3915105,3915105,"K. HOVNANIAN AMERICAN MORTGAGE, L.L.C.",NJ,Matawan,-1,3,-1,,-1,,2021,4,5493004N9PMBSLEZOF16,7,K. HOVNANIAN AMERICAN MORTGAGE,FL,BOYNTON BEACH,33426,5765
2021,N4662XQCE3KKIZ6EZS08,06-1213065,9,613307,613307,"People's United Bank, National Association",CT,Bridgeport,58343490,0,3650152,,3650152,"PEOPLE'S UNITED FINANCIAL, INC.",2021,4,N4662XQCE3KKIZ6EZS08,9,"People's United Bank, N.A.",CT,Bridgeport,06604,10694
2021,549300ZW96EO7YCGVV43,59-0500870,3,200435,200435,Wauchula State Bank,FL,Wauchula,724975,0,1081239,,1081239,CREWS BANKING CORPORATION,2021,4,549300ZW96EO7YCGVV43,3,Wauchula State Bank,FL,Wauchula,33873,338
2021,549300CEGZGHVQG0OD32,26-2593704,7,26-2593704,-1,BEST CAPITAL FUNDING,CA,Glendale,-1,3,-1,,-1,,2021,4,549300CEGZGHVQG0OD32,7,BEST CAPITAL FUNDING,CA,CHATSWORTH,91311,4282
2021,54930061YDWSR567KC82,81-2054111,3,635907,635907,Pentucket Bank,MA,Haverhill,808795,0,4933339,,4933320,"PENTUCKET BANK HOLDINGS, MHC",2021,4,54930061YDWSR567KC82,3,Pentucket Bank,MA,Haverhill,01830,435
2021,254900TZKHQ9DT85IC97,22-1267395,3,657178,657178,Schuyler Savings Bank,NJ,Kearny,120170,0,-1,,-1,,2021,4,254900TZKHQ9DT85IC97,3,Schuyler Savings Bank,NJ,Kearny,07032,85
2021,549300DZ25WXQZZ57J48,39-0634040,3,525549,525549,State Bank of Cross Plains,WI,Cross Plains,1322152,0,2336806,,2336806,"S.B.C.P. BANCORP, INC.",2021,4,549300DZ25WXQZZ57J48,3,State Bank of Cross Plains,WI,CROSS PLAINS,53528,1587
2021,549300EKCY4J7PC8WH77,27-0808153,7,,-1,MACKILLIE INCORPORATED,CA,CARMEL,-1,3,-1,,-1,,2021,4,549300EKCY4J7PC8WH77,7,Mackillie Inc,CA,Carmel,93923,165
2021,54930085YFG0F7C2GE23,54-0169450,2,991621,991621,Citizens Bank and Trust Company,VA,Blackstone,411643,0,3219474,,3219474,"CITIZENS BANCORP OF VIRGINIA, INC.",2021,4,54930085YFG0F7C2GE23,2,CITIZENS BANK & TRUST CO.,VA,BLACKSTONE,23824,146
2021,5493007VDBJSG0E0S678,41-1925607,7,4182632,4182632,"Tradition Mortgage, LLC",MN,Edina,-1,3,-1,,-1,,2021,4,5493007VDBJSG0E0S678,7,"TRADITION MORTGAGE, LLC",MN,LAKEVILLE,55435,5179
2021,549300Q1WJSOIS2FON98,87-0623581,7,3877379,3877379,"CITYWIDE HOME LOANS, LLC",UT,Salt Lake City,-1,3,-1,,-1,,2021,4,549300Q1WJSOIS2FON98,7,"CITYWIDE HOME LOANS, LLC",IL,CHICAGO,60613,9196
2021,549300KT5OWPGQKWUN86,20-2485875,7,4326847,4326847,"Semper Home Loans, Inc.",RI,PROVIDENCE,-1,3,-1,,-1,,2021,4,549300KT5OWPGQKWUN86,7,"Semper Home Loans, Inc",RI,Providence,02907,2427
2021,5493008YZRSEXRIR3I97,63-6046132,5,181383,181383,ALABAMA TEACHERS,AL,Gadsden,343754,0,-1,,-1,,2021,4,5493008YZRSEXRIR3I97,5,ALABAMA TEACHERS CREDIT UNION,AL,GADSDEN,35901,564
2021,5493004OB0KD7VERQW98,27-0349391,7,4437789,4437789,"INTERLINC MORTGAGE SERVICES, LLC",TX,HOUSTON,-1,3,-1,,-1,,2021,4,5493004OB0KD7VERQW98,7,"InterLinc Mortgage Services, LLC",TX,Houston,77086,13768
2021,01KWVG908KE7RKPTNP46,91-1299114,3,258771,258771,HomeStreet Bank,WA,Seattle,6771304,0,3843507,,3843507,"HOMESTREET, INC.",2021,4,01KWVG908KE7RKPTNP46,3,HomeStreet Bank,WA,Seattle,98101-2326,8774
2021,5493005ZSV53K4M63M18,14-1348251,5,519977,519977,HUDSON HERITAGE,NY,Middletown,435994,0,-1,,-1,,2021,4,5493005ZSV53K4M63M18,5,HERITAGE FINANCIAL CREDIT UNION,NY,MIDDLETOWN,10941,557
2021,549300I7M2M0Q6LCLA63,74-1260543,5,434593,434593,TEXAS DOW EMPLOYEES CREDIT UNION,TX,Lake Jackson,3609985,0,-1,,-1,,2021,4,549300I7M2M0Q6LCLA63,5,Texas Dow Employees Credit Union,TX,Lake Jackson,77566,3712
2021,25490091LXRCWGWGZ525,41-0840330,5,,-1,North Shore Federal Credit Union,MN,Silver Bay,-1,3,-1,,-1,,2021,4,25490091LXRCWGWGZ525,5,North Shore Federal Credit Union,MN,Silver Bay,55614,54
2021,549300ZSFNMHET4KE860,16-0754720,5,656872,656872,THE SUMMIT Federal Credit Union,NY,ROCHESTER,1000696,0,-1,,-1,,2021,4,549300ZSFNMHET4KE860,5,THE SUMMIT FEDERAL CREDIT UNION,NY,ROCHESTER,14626,2255
2021,254900NLUIQMYI2MW872,57-1064274,3,2728661,2728661,GrandSouth Bank,SC,Greenville,911487,0,2929833,,2929833,GRANDSOUTH BANCORPORATION,2021,4,254900NLUIQMYI2MW872,3,GrandSouth Bank,SC,Greenville,29607,169
2021,254900I3LJYL57NZ5H21,34-1436056,2,27614,27614,The Andover Bank,OH,Roaming Shores,427157,0,1071913,,1071913,"ANDOVER BANCORP, INC.",2021,4,254900I3LJYL57NZ5H21,2,The Andover Bank,OH,Andover,44003,751
2021,549300RMUJVUQYCW8836,03-0426496,3,3122994,3122994,Sanibel Captiva Community Bank,FL,Sanibel,450862,0,-1,,-1,,2021,4,549300RMUJVUQYCW8836,3,SANIBEL CAPTIVA COMMUNITY BANK,FL,SANIBEL,33957,355
2021,549300BDHZAV4ZQHQV19,87-0214471,5,656694,656694,GOLDENWEST,UT,Ogden,1742042,0,-1,,-1,,2021,4,549300BDHZAV4ZQHQV19,5,Goldenwest Federal Credit Union,UT,South Ogden,84403,9280
2021,549300KDKLGZFAT7RD25,42-0246810,3,,936640,Leighton State Bank,IA,Pella,186771,0,1137172,,1137172,LEIGHTON INVESTMENT COMPANY,2021,4,549300KDKLGZFAT7RD25,3,Leighton State Bank,IA,Pella,50219,148
2021,984500A1A8A91F8C4M93,73-6094636,5,414287,414287,Oklahoma Federal Credit Union,OK,Oklahoma City,140168,0,-1,,-1,,2021,4,984500A1A8A91F8C4M93,5,OKLAHOMA FEDERAL CREDIT UNION,OK,OKLAHOMA CITY,73105,28
2021,254900H6Q0VRU6MPSX83,75-6016747,5,744292,744292,AMERICA'S CREDIT UNION,TX,GARLAND,225376,0,-1,,-1,,2021,4,254900H6Q0VRU6MPSX83,5,AMERICA'S CREDIT UNION,TX,GARLAND,75042,123
2021,549300KPHGEE40YQXO21,95-1661138,5,772576,772576,FARMERS INSURANCE GROUP FEDERAL CREDIT UNION,CA,Burbank,1004417,0,-1,,-1,,2021,4,549300KPHGEE40YQXO21,5,FARMERS INSURANCE GROUP FCU,CA,BURBANK,91504,776
2021,5493008JDUT3R3K1LZ58,25-0393033,3,371924,371924,Community Bank,PA,Carmichaels,1319811,0,3333718,,3333718,"CB FINANCIAL SERVICES, INC.",2021,4,5493008JDUT3R3K1LZ58,3,Community Bank,PA,CARMICHAELS,15320,542
2021,549300VIRTE6O2776X89,55-0458073,5,827289,827289,BAYER HERITAGE,WV,Proctor,511023,0,-1,,-1,,2021,4,549300VIRTE6O2776X89,5,BAYER HFCU,WV,PROCTOR,26055,505
2021,549300FZ8E0GLIFFYB55,62-0992874,3,774132,774132,Volunteer State Bank,TN,Portland,766062,0,1080803,,1080803,"VOLUNTEER STATE BANCSHARES, INC.",2021,4,549300FZ8E0GLIFFYB55,3,Volunteer State Bank,TN,Portland,37148,288
2021,549300WHACUOETOKO184,58-0550806,3,921039,921039,First American Bank and Trust Company,GA,Athens,551508,0,1138188,,1138188,FIRST AMERICAN BANCORP,2021,4,549300WHACUOETOKO184,3,First American Bank,GA,Athens,30601,767
2021,549300C6TQAJABMFOR79,38-0481580,5,549992,549992,MICHIGAN FIRST CREDIT UNION,MI,Lathrup Village,980071,0,-1,,-1,,2021,4,549300C6TQAJABMFOR79,5,Michigan First Credit Union,MI,Lathrup Village,48076,2652
2021,549300LDX1HCIL448282,72-0124970,3,684455,684455,BOM Bank,LA,Natchitoches,506584,0,3203138,,3203138,"GRANT BANCSHARES, INC.",2021,4,549300LDX1HCIL448282,3,BOM Bank,LA,Montgomery,71454,242
2021,254900IHSG9OOX0DZH92,91-0684272,5,82891,82891,NorthWest Plus Credit Union,WA,Everett,211114,0,-1,,-1,,2021,4,254900IHSG9OOX0DZH92,5,NW Plus CU,WA,Everett,98201,214
2021,5493007ATUOSGE6PR745,56-0709417,5,161899,161899,WEYCO COMMUNITY CREDIT UNION,NC,Plymouth,71499,0,-1,,-1,,2021,4,5493007ATUOSGE6PR745,5,Weyco Community Credit Union,NC,Plymouth,27962,92
2021,549300XRGNVNCISU8Q79,52-0896021,5,767787,767787,Mid-Atlantic Federal Credit Union,MD,Germantown,327286,0,-1,,-1,,2021,4,549300XRGNVNCISU8Q79,5,Mid-Atlantic FCU,MD,Germantown,20874,398
2021,549300W4TWSN8U8TGD72,62-0123135,3,63733,63733,Citizens Bank of Lafayette,TN,Lafayette,941411,0,1140239,,1140239,"CITIZENS BANCORP INVESTMENT, INC.",2021,4,549300W4TWSN8U8TGD72,3,Citizens Bank of Lafayette,TN,Lafayette,37083,284
2021,549300O0SJ54M4D70R54,48-0570799,5,372695,372695,MERITRUST Federal Credit Union,KS,Wichita,1266155,0,-1,,-1,,2021,4,549300O0SJ54M4D70R54,5,MERITRUST FEDERAL CREDIT UNION,KS,WICHITA,67202,2720
2021,549300IY6RZNCBF0QZ14,48-0976372,1,354552,354552,Community National Bank,KS,Seneca,479520,0,1067532,,1067532,"COMMUNITY BANCSHARES, INC.",2021,4,549300IY6RZNCBF0QZ14,1,Community National Bank,KS,Seneca,66538,245
2021,549300NQA30MEKPQP417,52-0312970,2,506922,506922,Sandy Spring Bank,MD,Olney,8616347,0,1248304,,1248304,"SANDY SPRING BANCORP, INC.",2021,4,549300NQA30MEKPQP417,2,Sandy Spring Bank,MD,Columbia,21046,7039
2021,549300NVA07UVMZS8E14,85-0116621,5,475493,475493,RIO GRANDE,NM,Albuquerque,344782,0,-1,,-1,,2021,4,549300NVA07UVMZS8E14,5,Rio Grande Credit Union,NM,Albuquerque,87105-7402,228
2021,549300DAUXQ2DCY4H838,04-2802284,3,3868694,3868694,"HARBORONE MORTGAGE, LLC",MA,Boston,-1,2,40499,,-1,,2021,4,549300DAUXQ2DCY4H838,3,HarborOne Mortgage LLC,NH,MANCHESTER,03101,9895
2021,5493008OE5JXNTGWD962,64-0878155,1,2385514,2385514,"The First, A National Banking Association",MS,Hattiesburg,3934554,0,2385493,,2385493,"FIRST BANCSHARES, INC., THE",2021,4,5493008OE5JXNTGWD962,1,"The First, A National Banking Association",MS,Hattiesburg,39404,2174
2021,549300GHAXBE9Q7W9273,41-0318319,1,796572,796572,Home Federal Savings Bank,MN,Rochester,777069,0,2500719,,2500719,"HMN FINANCIAL, INC.",2021,4,549300GHAXBE9Q7W9273,1,Home Federal Savings Bank,MN,Rochester,55901,1639
2021,549300T8HS215KI8TH55,04-2764211,3,935308,935308,OneUnited Bank,MA,Boston,653951,0,-1,,-1,,2021,4,549300T8HS215KI8TH55,3,ONEUNITED BANK,MA,BOSTON,02110,179
2021,549300MUTFJQGRZJH019,04-2158611,5,556589,556589,CENTRAL ONE FEDERAL CREDIT UNION,MA,Shrewsbury,555898,0,-1,,-1,,2021,4,549300MUTFJQGRZJH019,5,Central One Federal Credit Union,MA,Shrewsbury,01545,525
2021,549300IH3DF6NS2IYJ30,74-1951016,5,,650889,FIRST SERVICE Credit Union,TX,Houston,759319,0,-1,,-1,,2021,4,549300IH3DF6NS2IYJ30,5,FIRST SERVICE CREDIT UNION,TX,HOUSTON,77084,336
2021,5493008L9O5NV7EAK360,84-0146595,5,283698,283698,BELLCO,CO,Greenwood Village,5171033,0,-1,,-1,,2021,4,5493008L9O5NV7EAK360,5,Bellco Credit Union,CO,Greenwood Village,80111,10013
2021,549300MXE3M1W481QB61,75-1249646,5,685797,685797,METRO MEDICAL CREDIT UNION,TX,Dallas,71790,0,-1,,-1,,2021,4,549300MXE3M1W481QB61,5,Metro Medical Credit Union,TX,Dallas,75247,14
2021,54930031G7ALOZB0HI92,74-1142857,5,164788,164788,BEACON,TX,La Porte,168976,0,-1,,-1,,2021,4,54930031G7ALOZB0HI92,5,Beacon Federal Credit Union,TX,La Porte,77581,75
2021,5493000RV6UQ52SVTV40,95-1644568,5,935072,935072,LBS FINANCIAL,CA,Westminster,1534623,0,-1,,-1,,2021,4,5493000RV6UQ52SVTV40,5,LBS FINANCIAL CREDIT UNION,CA,WESTMINSTER,92683,367
2021,5493004MTRF0ZV6FX998,73-0177597,1,459354,459354,The Central National Bank of Poteau,OK,Poteau,259838,0,1067411,,1067411,"CENTRAL BANCSHARES OF POTEAU, INC.",2021,4,5493004MTRF0ZV6FX998,1,Central National Bank,OK,Poteau,74953-0340,94
2021,549300HPQK71BCBQVT93,86-0107651,5,,-1,HUGHES FEDERAL CREDIT UNION,AZ,Tucson,-1,3,-1,,-1,,2021,4,549300HPQK71BCBQVT93,5,HUGHES FEDERAL CREDIT UNION,AZ,TUCSON,85705,1095
2021,54930017IQ4KPG7QW263,64-0341960,1,90177,90177,First Federal Savings and Loan Association,MS,Pascagoula,310390,0,-1,,-1,,2021,4,54930017IQ4KPG7QW263,1,First Federal Savings and Loan Association of Pascagoula - Moss Point,MS,Pascagoula,39567,422
2021,25490029YJHFABABT680,38-1395700,5,281890,281890,United Bay Community Credit Union,MI,Bay City,194477,0,-1,,-1,,2021,4,25490029YJHFABABT680,5,UNITED BAY COMMUNITY CU,MI,BAY CITY,48708,354
2021,5493000XC2Y1SLXRQP11,72-1591908,7,72-1591908,-1,"INFINITY EQUITY GROUP, INC.",CA,SACRAMENTO,-1,3,-1,,-1,,2021,4,5493000XC2Y1SLXRQP11,7,Omega Mortgage Group,CA,Redding,96002-0517,834
2021,549300WKXTUY0SWZNZ90,59-3378746,7,5019650,5019650,"AMERICAN NATIONWIDE MORTGAGE COMPANY, INC.",FL,TAMPA,-1,3,-1,,-1,,2021,4,549300WKXTUY0SWZNZ90,7,"American Nationwide Mortgage Company, Inc.",FL,Tampa,33624,899
2021,549300TK6RZQSFXZHV09,38-3092473,7,3871966,3871966,"MICHIGAN MUTUAL, INC.",MI,PORT HURON,-1,3,-1,,-1,,2021,4,549300TK6RZQSFXZHV09,7,"MICHIGAN MUTUAL, INC",MI,PORT HURON,48060,12875
2021,549300IOX9BEK4O4M683,81-3313999,7,81-3313999,-1,MISSION MORTGAGE LLC,DE,WILMINGTON,-1,3,-1,,-1,,2021,4,549300IOX9BEK4O4M683,7,MISSION MORTGAGE LLC,SC,GREENVILLE,29601,394
2021,5493007L4GYNO2PUBS09,38-3616059,7,3870428,3870428,"MEMBER FIRST MORTGAGE, LLC",MI,GRAND RAPIDS,-1,3,-1,,-1,,2021,4,5493007L4GYNO2PUBS09,7,"MEMBER FIRST MORTGAGE, LLC",MI,GRAND RAPIDS,49548,5703
2021,549300ZGTRKCDKOVEQ80,62-0339305,1,972732,972732,First National Bank of Pulaski,TN,Pulaski,895658,0,1082393,,1082393,FIRST PULASKI NATIONAL CORPORATION,2021,4,549300ZGTRKCDKOVEQ80,1,FIRST NATIONAL BANK OF PULASKI,TN,PULASKI,38478-0289,591
2021,2549008LUH7QKMXQ8N53,37-0276830,3,979133,979133,Flanagan State Bank,IL,Flanagan,191043,0,2494153,,2494153,"HOMETOWN FINANCIAL GROUP, INC.",2021,4,2549008LUH7QKMXQ8N53,3,Flanagan State Bank,IL,Flanagan,61740,3580
2021,5493002T397LUNQ31179,39-0605225,2,450959,450959,Security Financial Bank,WI,Durand,501272,0,2848804,,2848804,SECURITY FINANCIAL SERVICES CORPORATION,2021,4,5493002T397LUNQ31179,2,SECURITY FINANCIAL BANK,WI,DURAND,54736,433
2021,5493006JU3IPG0E80D85,63-0363853,5,300399,300399,LEGACY COMMUNITY FEDERAL CREDIT UNION,AL,BIRMINGHAM,478509,0,-1,,-1,,2021,4,5493006JU3IPG0E80D85,5,Legacy Community Federal Credit Union,AL,Birmingham,35205,208
2021,254900HXPUN0BQEZ4350,22-2237859,5,865384,865384,Alternatives Federal Credit Union,NY,Ithaca,115573,0,-1,,-1,,2021,4,254900HXPUN0BQEZ4350,5,ALTERNATIVES FEDERAL CREDIT UNION,NY,ITHACA,14850,43
2021,549300DSSN04C7ZJJD51,21-0451020,1,632410,632410,Newfield National Bank,NJ,Newfield,701013,0,1830361,,1830361,"NEWFIELD BANCORP, INC.",2021,4,549300DSSN04C7ZJJD51,1,Newfield National Bank,NJ,Newfield,08344,212
2021,5493005GNZ6EJFS7LM83,74-1541057,3,1001152,1001152,International Bank of Commerce,TX,Laredo,8724864,0,1104231,,1104231,INTERNATIONAL BANCSHARES CORPORATION,2021,4,5493005GNZ6EJFS7LM83,3,International Bank of Commerce,TX,Laredo,78040,2665
2021,2549006RTCWYNJPDX013,59-0873652,5,293295,293295,Envision Credit Union,FL,Tallahassee,627979,0,-1,,-1,,2021,4,2549006RTCWYNJPDX013,5,Envision Credit Union,FL,Tallahassee,32301,744
2021,2549007E4NL6J0YLH946,93-0177988,1,55970,55970,Evergreen Federal Bank,OR,Grants Pass,476816,0,-1,,-1,,2021,4,2549007E4NL6J0YLH946,1,EVERGREEN FEDERAL BANK,OR,GRANTS PASS,97526,511
2021,549300ZW58TM1KU8CK35,74-2382841,3,564557,564557,Falcon International Bank,TX,Laredo,1294446,0,2270254,,2270254,FALCON BANCSHARES INCORPORATED,2021,4,549300ZW58TM1KU8CK35,3,Falcon International Bank,TX,Laredo,78045,212
2021,254900HD4RROQDXNWI45,93-0395917,5,97176,97176,Pacific NW Federal Credit Union,OR,Portland,193768,0,-1,,-1,,2021,4,254900HD4RROQDXNWI45,5,Pacific NW Federal Credit Union,OR,Portland,97220,453
2021,549300T2PYPUFN0IWJ63,73-1319566,2,1187001,1187001,InterBank,OK,Oklahoma City,3461210,0,2233950,,2233950,"OLNEY BANCSHARES OF TEXAS, INC.",2021,4,549300T2PYPUFN0IWJ63,2,INTERBANK,OK,OKLAHOMA CITY,73112,899
2021,5493005XIMS68J4ZQ284,81-0159247,2,613156,613156,"First Montana Bank, Inc.",MT,Missoula,322982,0,1134845,,1134845,"FIRST NATIONAL BANCORP, INC.",2021,4,5493005XIMS68J4ZQ284,2,First Montana Bank,MT,Missoula,59802,98
2021,549300Y7OEG60MGTKK54,31-4159950,2,853112,853112,Heartland Bank,OH,Whitehall,1112506,0,1399073,,1399073,HEARTLAND BANCCORP,2021,4,549300Y7OEG60MGTKK54,2,Heartland Bank,OH,Whitehall,43213-3067,1087
2021,549300248R1MFWPWXA09,85-6010733,5,301293,301293,STATE EMPLOYEES,NM,Santa Fe,636268,0,-1,,-1,,2021,4,549300248R1MFWPWXA09,5,State Employees Credit Union,NM,Santa Fe,87505,720
2021,549300WMQ4WI6QXK7803,56-0772380,5,560090,560090,CHARLOTTE METRO FEDERAL CREDIT UNION,NC,Charlotte,590198,0,-1,,-1,,2021,4,549300WMQ4WI6QXK7803,5,Charlotte Metro Federal Credit Union,NC,Charlotte,28204-0000,647
2021,549300KJONXRDR2YPQ42,26-9330007,7,3955400,3955400,"CU HOME MORTGAGE SOLUTIONS, LLC",WA,SEATTLE,-1,3,-1,,-1,,2021,4,549300KJONXRDR2YPQ42,7,"CU HOME MORTGAGE SOLUTIONS, LL",WA,SEATTLE,98175,1388
2021,549300L7HZ4C5U35BO37,75-1447986,5,74887,74887,INTOUCH CREDIT UNION,TX,Plano,812749,0,-1,,-1,,2021,4,549300L7HZ4C5U35BO37,5,INTOUCH CREDIT UNION,TX,PLANO,75025,525
2021,549300GPO6DWUZR4UY30,52-1696740,7,3882533,3882533,FIRST HOME MORTGAGE CORPORATION,MD,LUTHERVILLE TIMONIUM,-1,3,-1,,-1,,2021,4,549300GPO6DWUZR4UY30,7,First Home Mortgage,MD,Baltimore,21220,18286
2021,254900PZD34K8KYJD223,01-0203515,5,978770,978770,Saco Valley Credit Union,ME,Saco,128364,0,-1,,-1,,2021,4,254900PZD34K8KYJD223,5,SACO VALLEY CREDIT UNION,ME,SACO,04072,145
2021,2549000C5KZ15Q2U9V68,42-0335310,2,952846,952846,Bank,IA,Wapello,97383,0,1205156,,1205156,MORNING SUN BANK CORP.,2021,4,2549000C5KZ15Q2U9V68,2,BANK,IA,Wapello,52653,681
2021,8945004XZN3PZQZJW178,94-1404327,5,363693,363693,UNCLE Credit Union,,Livermore,481325,0,-1,,-1,,2021,4,8945004XZN3PZQZJW178,5,UNCLE CREDIT UNION,CA,LIVERMORE,94551,746
2021,254900WZ3RTY75P7HO83,95-1068549,5,,610294,Eagle Community Credit Union,CA,Foothill Ranch,259202,0,-1,,-1,,2021,4,254900WZ3RTY75P7HO83,5,Eagle Community Credit Union,CA,Foothill Ranch,92610,1409
2021,549300GKFM8W0GQXCQ93,38-1295875,5,795995,795995,Michigan Legacy Credit Union,MI,Pontiac,213817,0,-1,,-1,,2021,4,549300GKFM8W0GQXCQ93,5,Michigan Legacy Credit Union,MI,Pontiac,48342,197
2021,549300XW2H531FLD3I90,91-0369590,3,403179,403179,First Federal Savings and Loan Association of Port Angeles,WA,Port Angeles,1295342,0,4438366,,4438366,FIRST NORTHWEST BANCORP,2021,4,549300XW2H531FLD3I90,3,FIRST FEDERAL S&L OF PORT ANGE,WA,PORT ANGELES,98362,1377
2021,549300RWMKY0FK1H5L44,43-0169840,1,613558,613558,Montgomery Bank,MO,Sikeston,915985,0,1119495,,1119495,"MONTGOMERY BANCORPORATION, INC.",2021,4,549300RWMKY0FK1H5L44,1,MONTGOMERY BANK,MO,SIKESTON,63801,594
2021,549300KNRT5UGNCSXM31,72-0347070,3,311939,311939,Washington State Bank,LA,Washington,204227,0,1086627,,1086627,"WASHINGTON STATE BANCSHARES, INC.",2021,4,549300KNRT5UGNCSXM31,3,Washington State Bank,LA,Washington,70589,250
2021,254900E9OABDJHASZ507,72-0161140,3,473930,473930,The Cottonport Bank,LA,Cottonport,370041,0,1081097,,1081097,"MANSURA BANCSHARES, INC.",2021,4,254900E9OABDJHASZ507,3,The Cottonport Bank,LA,Marksville,71351,347
2021,549300BNF48S5Z88UL34,04-1760720,2,1008674,1008674,Reading Co-Operative Bank,MA,Reading,597505,0,-1,,-1,,2021,4,549300BNF48S5Z88UL34,2,READING COOPERATIVE BANK,MA,READING,01867,312
2021,5493005WCUTOOZMTV053,73-0351620,3,898850,898850,First Liberty Bank,OK,Oklahoma City,435574,0,1064924,,3435845,"FIRST LIBERTY HOLDINGS, LLC",2021,4,5493005WCUTOOZMTV053,3,FIRST LIBERTY BANK,OK,OKLAHOMA CITY,73120,712
2021,25490083W7Y4A2H1H078,39-0905063,5,,-1,Park City Credit Union,,,-1,3,-1,,-1,,2021,4,25490083W7Y4A2H1H078,5,Park City Credit Union,WI,Merrill,54452,346
2021,54930048P8RWCQHQM310,14-1841762,7,14-1841762,3883080,ARC HOME LLC,MD,BALTIMORE,-1,3,-1,,-1,,2021,4,54930048P8RWCQHQM310,7,ARC HOME LLC,NJ,MOUNT LAUREL,08054,18009
2021,254900MQ4O1DX3N88207,61-0309037,2,509811,509811,"Community Trust Bank, Inc.",KY,Pikeville,4344716,0,1070644,,1070644,"COMMUNITY TRUST BANCORP, INC.",2021,4,254900MQ4O1DX3N88207,2,"Community Trust Bank, Inc.",KY,Pikeville,41502,5219
2021,549300O4MSB4K4FT2E90,22-0981507,3,918477,918477,Haven Savings Bank,NJ,Hoboken,995672,0,3948466,,3948439,"HAVEN BANCORP, MHC",2021,4,549300O4MSB4K4FT2E90,3,Haven Bank,NJ,Hoboken,07030,364
2021,549300Z1TH1HE4A6TS23,41-0415960,5,465999,465999,TOPLINE FEDERAL CREDIT UNION,MN,Maple Grove,470364,0,-1,,-1,,2021,4,549300Z1TH1HE4A6TS23,5,TOPLINE FEDERAL CREDIT UNION,MN,MAPLE GROVE,55369,976
2021,549300Z1CDO1XR2ZMQ19,14-1407718,5,45382,45382,HUDSON RIVER COMMUNITY,NY,Corinth,279248,0,-1,,-1,,2021,4,549300Z1CDO1XR2ZMQ19,5,Hudson River Community CU,NY,Corinth,12822,698
2021,254900RQ2FMUUUQUGI02,62-6279815,3,126834,126834,Citizens Bank,TN,CARTHAGE,622179,0,-1,,-1,,2021,4,254900RQ2FMUUUQUGI02,3,Citizens Bank,TN,Carthage,37030,363
2021,549300M8DR00HTG3MF34,11-3616531,7,4327938,4327938,ACADEMY MORTGAGE CORP.,NY,FARMINGDALE,-1,3,-1,,-1,,2021,4,549300M8DR00HTG3MF34,7,Academy Mortgage Corp,NY,Farmingdale,11735,851
2021,PAOOWF3GUFM46FBSP561,22-2195996,7,3873456,3873456,PHH Mortgage Corporation,NJ,Mount Laurel,-1,3,-1,,-1,,2021,4,PAOOWF3GUFM46FBSP561,7,PHH MORTGAGE CORPORATION,NJ,Mount Laurel,08057,104550
2021,549300I316H4TE334G62,46-2297312,3,4498016,4498016,"Homesale Mortgage, LLC",VA,SUFFOLK,-1,3,-1,,-1,,2021,4,549300I316H4TE334G62,3,"HomeSale Mortgage, LLC",PA,Lancaster,17603,1578
2021,549300FL5GANFX0HMU45,25-0970927,5,299671,299671,ERIE FEDERAL CREDIT UNION,PA,Erie,547929,0,-1,,-1,,2021,4,549300FL5GANFX0HMU45,5,Erie Federal Credit Union,PA,Erie,16508,865
2021,25490080ZZ98MNHU5R63,56-0172675,5,436690,436690,Champion Credit Union,NC,Canton,287326,0,-1,,-1,,2021,4,25490080ZZ98MNHU5R63,5,Champion Credit Union,NC,Canton,28716,578
2021,549300LXKO1O7CSK5J52,20-2746596,7,4183488,4183488,"FLAT BRANCH MORTGAGE, INC.",MO,Columbia,-1,3,-1,,-1,,2021,4,549300LXKO1O7CSK5J52,7,"FLAT BRANCH MORTGAGE, INC.",MO,COLUMBIA,65201,24230
2021,5493004R423PBPM6A173,22-3470404,7,3949605,3949605,OCEANSIDE MORTGAGE COMPANY,NJ,Toms River,-1,3,-1,,-1,,2021,4,5493004R423PBPM6A173,7,Oceanside Mortgage Company,NJ,Toms River,08753,2603
2021,549300EZHVOHDWG07M20,86-0124950,5,549385,549385,PIMA Federal Credit Union,AZ,Tucson,600661,0,-1,,-1,,2021,4,549300EZHVOHDWG07M20,5,PIMA FEDERAL CREDIT UNION,AZ,TUCSON,85704,831
2021,549300W8XIPJGDECVX07,27-1209306,7,5026407,5026407,"SOUTHERN LENDING SERVICES, LTD.",TX,HOUSTON,-1,3,-1,,-1,,2021,4,549300W8XIPJGDECVX07,7,"Southern Lending Services, Ltd.",TX,Austin,78759,373
2021,549300AI4ZHB6MX23W09,87-0788512,7,3555378,3555378,"BLUELEAF LENDING, LLC",IL,CHICAGO,-1,2,-1,,-1,,2021,4,549300AI4ZHB6MX23W09,7,"Blueleaf Lending, LLC",IL,Chicago,60607,5450
2021,549300KCWMM5PJHWO653,31-6040371,5,981798,981798,"AURGROUP FINANCIAL CREDIT UNION, INC.",OH,FAIRFIELD,159296,0,-1,,-1,,2021,4,549300KCWMM5PJHWO653,5,AurGroup Financial Credit Union,OH,Fairfield,45014,330
2021,549300IHBKY3L5OIDT39,61-1293646,3,2497181,2497181,"Planters Bank, Inc.",KY,Hopkinsville,1163031,0,3013225,,3013225,"PLANTERS FINANCIAL GROUP, INC",2021,4,549300IHBKY3L5OIDT39,3,"PLANTERS BANK, INC.",KY,HOPKINSVILLE,42240,403
2021,254900HEPQK96AEXHS12,47-0098167,3,33857,33857,Frontier Bank,NE,Omaha,893857,0,3309713,,3316186,"FRONTIER MANAGEMENT, LLC",2021,4,254900HEPQK96AEXHS12,3,Frontier Bank,NE,Omaha,68154,964
2021,5493001FMENBK31GGQ69,95-1766772,5,161086,161086,SCE FEDERAL CREDIT UNION,CA,Irwindale,728717,0,-1,,-1,,2021,4,5493001FMENBK31GGQ69,5,SCE FEDERAL CREDIT UNION,CA,IRWINDALE,91706,128
2021,254900YTMXVNCWHCVS50,74-0501835,1,18050,18050,The First National Bank of Bastrop,TX,Bastrop,622055,0,2410313,,2410304,"BASTROP BANCSHARES, INC.",2021,4,254900YTMXVNCWHCVS50,1,THE FIRST NATIONAL BANK OF BAS,TX,BASTROP,78602,370
2021,549300WI4N6NVVJ1DV85,21-0594467,3,172475,172475,Crest Savings Bank,NJ,Wildwood,462399,0,3836910,,3836901,"CREST SAVINGS BANCORP, MHC",2021,4,549300WI4N6NVVJ1DV85,3,CREST SAVINGS BANK,NJ,WILDWOOD,08260,307
2021,54930080OKRZ7NNZIO71,38-2699549,7,3870606,3870606,AMERIFIRST FINANCIAL CORPORATION,MI,KALAMAZOO,-1,3,-1,,-1,,2021,4,54930080OKRZ7NNZIO71,7,Amerifirst Financial Corp.,MI,Kalamazoo,49002,18430
2021,549300ZC48GOYCGYFE82,58-1976937,7,3914096,3914096,"FIRST CHOICE MORTGAGE, INC.",GA,Evans,-1,3,-1,,-1,,2021,4,549300ZC48GOYCGYFE82,7,"First Choice Mortgage, Inc.",GA,Augusta,30907,279
2021,5493001GDRY0EL7VG372,75-2838184,7,3844465,3844465,"ARK-LA-TEX FINANCIAL SERVICES, LLC.",TX,AUSTIN,-1,3,-1,,-1,,2021,4,5493001GDRY0EL7VG372,7,Ark-La-Tex Financial Services LLC,TX,Plano,75024,32649
2021,25490033STXCA9YDXT42,58-0261000,3,439132,439132,Glennville Bank,GA,Glennville,260071,0,3348897,,3348897,"GB BANK GROUP, INC.",2021,4,25490033STXCA9YDXT42,3,Glennville Bank,GA,GLENNVILLE,30427,418
2021,549300REHZOIYMHDPI61,46-0225850,5,64776,64776,SIOUX FALLS,SD,Sioux Falls,306222,0,-1,,-1,,2021,4,549300REHZOIYMHDPI61,5,Levo Federal Credit Union,SD,Sioux Falls,57106,934
2021,254900LP2WHZQ61VBS60,36-2165040,5,,782379,Chicago Patrolmen's Federal Credit Union,IL,Chicago,-1,0,-1,,-1,,2021,4,254900LP2WHZQ61VBS60,5,Chicago Patrolmen's Federal Credit Union,IL,Chicago,60607,81
2021,549300Z4ZK628DTL4L52,37-0435170,1,,510938,MidAmerica National Bank,IL,Canton,423476,0,1206573,,1206573,"MIDAMERICA NATIONAL BANCSHARES, INC.",2021,4,549300Z4ZK628DTL4L52,1,MidAmerica National Bank,IL,Macomb,61455,452
2021,254900KOP6JY8A0DIV80,39-0926186,5,850492,850492,Cloverbelt Credit Union,WI,Wausau,254065,0,-1,,-1,,2021,4,254900KOP6JY8A0DIV80,5,CLOVERBELT CREDIT UNION,WI,WAUSAU,54402-0659,298
2021,254900SPZRGOBHSHRP90,42-0192370,3,646743,646743,Community Savings Bank,IA,Edgewood,427106,0,1131488,,1131488,COMMUNITY FINANCIAL CORP.,2021,4,254900SPZRGOBHSHRP90,3,Community  Savings Bank,IA,Edgewood,52402,646
2021,5493007WCJ9R6VLLYR82,54-0211100,1,979629,979629,First National Bank,VA,Altavista,499389,0,2534406,,2534406,PINNACLE BANKSHARES CORPORATION,2021,4,5493007WCJ9R6VLLYR82,1,First National Bank,VA,Altavista,24517,207
2021,549300J5XPZQYI2FNC72,75-1054189,5,272991,272991,TARRANT COUNTY'S CREDIT UNION,TX,Fort Worth,92128,0,-1,,-1,,2021,4,549300J5XPZQYI2FNC72,5,Tarrant County's Credit Union,TX,Fort Worth,76196,151
2021,549300ZJR72I7J2E7R18,84-0417233,5,583295,583295,SunWest Credit Union,CO,Pueblo,149836,0,-1,,-1,,2021,4,549300ZJR72I7J2E7R18,5,SunWest Educational Credit Union,CO,PUEBLO,81005,104
2021,549300U6DW7DX671T306,37-0259550,2,773247,773247,Midland States Bank,IL,Effingham,6073827,0,1491351,,1491351,"MIDLAND STATES BANCORP, INC.",2021,4,549300U6DW7DX671T306,2,Midland States Bank,IL,Effingham,62401,2800
2021,549300IX6RAX31C1BI75,27-3489257,7,27-3489257,-1,"Park Lane Finance Solutions, LLC",VA,CHARLOTTESVILLE,-1,3,-1,,-1,,2021,4,549300IX6RAX31C1BI75,7,Park Lane Finance SolutionsLLC,VA,Staunton,24402,1217
2021,254900VHR12KN8C3F913,34-0159850,2,189129,189129,The Commercial and Savings Bank of Millersburg Ohio,OH,Millersburg,818457,0,1967865,,1967865,"CSB BANCORP, INC.",2021,4,254900VHR12KN8C3F913,2,THE COMMERCIAL & SAVINGS BANK,OH,MILLERSBURG,44654,586
2021,254900NRU0TO5WZHHH62,41-1761070,5,2094151,2094151,South Metro Federal Credit Union,MN,Prior Lake,123673,0,-1,,-1,,2021,4,254900NRU0TO5WZHHH62,5,SOUTH METRO FEDERAL CREDIT UNI,MN,PRIOR LAKE,55372,122
2021,254900756YRTYX32I428,57-0400781,5,930488,930488,Family Trust Federal Credit Union,SC,Rock Hill,520382,0,-1,,-1,,2021,4,254900756YRTYX32I428,5,Family Trust Federal Credit Union,SC,Rock Hill,29730,349
2021,549300XBOKNEE2CQJL92,95-4588714,7,4188139,4188139,"AUGUSTA FINANCIAL, INC.",CA,Santa Clarita,-1,3,-1,,-1,,2021,4,549300XBOKNEE2CQJL92,7,"AUGUSTA FINANCIAL, INC.",CA,SANTA CLARITA,91381,3196
2021,254900SUM1U8US3D2Z03,82-0172244,1,,582971,First Federal Savings Bank of Twin Falls,ID,Twin Falls,705774,0,-1,,-1,,2021,4,254900SUM1U8US3D2Z03,1,First Federal Savings Bank,ID,Twin Falls,83303,3105
2021,549300OCKUW7YV0YNV03,39-1022456,1,242444,242444,Tri City National Bank,WI,Oak Creek,1467068,0,1203974,,1203974,TRI CITY BANKSHARES CORPORATION,2021,4,549300OCKUW7YV0YNV03,1,TRI CITY NATIONAL BANK,WI,OAK CREEK,53154,1250
2021,549300T7TLOJ8X6X8T43,46-1055005,7,,-1,CALCULATED RISK ANALYTICS LLC,CA,ALISO VIEJO,-1,3,-1,,-1,,2021,4,549300T7TLOJ8X6X8T43,7,Calculated Risk Analytics LLC dba Excelerate Capital,CA,Newport Beach,92660,3000
2021,GDN5JXQ4P5NZE28ZRC90,59-1297458,1,814430,814430,City National Bank of Florida,FL,Miami,15841001,0,3762457,,2833891,EMPRESAS JUAN YARUR SPA,2021,4,GDN5JXQ4P5NZE28ZRC90,1,City National Bank of Florida,FL,Miami,33131,1789
2021,2549007W5PWUV8XG3V90,73-0427310,2,945053,945053,RCB Bank,OK,Claremore,3176415,0,1130584,,1130584,"RCB HOLDING COMPANY, INC.",2021,4,2549007W5PWUV8XG3V90,2,RCB BANK,OK,CLAREMORE,74018,1652
2021,5493004KSSKCAP8VUU37,31-0404830,3,363778,363778,Peoples First Savings Bank,OH,Mason,70807,0,-1,,-1,,2021,4,5493004KSSKCAP8VUU37,3,Peoples First Savings Bank,OH,Mason,45040,167
2021,549300TN0HZ349E7ZH34,43-0658202,5,900892,900892,ALLIANCE CREDIT UNION,MO,Fenton,311983,0,-1,,-1,,2021,4,549300TN0HZ349E7ZH34,5,Alliance Credit Union,MO,Fenton,63026,324
2021,2549008NZFLT1BQ8EN23,85-0139226,5,298188,298188,Kirtland Federal Credit Union,NM,Albuquerque,784055,0,-1,,-1,,2021,4,2549008NZFLT1BQ8EN23,5,KIRTLAND FEDERAL CREDIT UNION,NM,ALBUQUERQUE,87108,1188
2021,549300MNGQM5SPNHQM24,16-0750654,5,570473,570473,St Joseph's Parish Buffalo Federal Credit Union,NY,Buffalo,90562,0,-1,,-1,,2021,4,549300MNGQM5SPNHQM24,5,St. Josephs Parish Federal Credit Union,NY,Buffalo,14223,77
2021,5493009D2COWW65B8673,95-6040815,5,619194,619194,NORTHROP GRUMMAN Federal Credit Union,CA,Gardena,1194171,0,-1,,-1,,2021,4,5493009D2COWW65B8673,5,NORTHROP GRUMMAN FEDERAL CREDIT UNION,CA,GARDENA,90248,1024
2021,2549004W2JKWS6P17T44,38-1151910,3,150044,150044,United Bank of Michigan,MI,Grand Rapids,695189,0,1207392,,1207392,UNITED BANK FINANCIAL CORPORATION,2021,4,2549004W2JKWS6P17T44,3,United Bank of Michigan,MI,Grand Rapids,49546,1433
2021,549300TH6U4UJ37WSG98,44-0574255,2,625654,625654,Country Club Bank,MO,Kansas City,1489226,0,1053496,,1053496,CCB FINANCIAL CORPORATION,2021,4,549300TH6U4UJ37WSG98,2,COUNTRY CLUB BANK,MO,KANSAS CITY,64112,444
2021,549300VG7NKKVNYENV67,27-1365466,5,4320210,4320210,"CCFCU FUNDING, LLC",NY,ALBANY,-1,3,-1,,-1,,2021,4,549300VG7NKKVNYENV67,5,CCFCU FUNDING LLC,NY,ALBANY,12205,3098
2021,254900NX6JAQSL0PM696,58-0916969,3,,36933,First State Bank,,,-1,-1,1493672,,-1,,2021,4,254900NX6JAQSL0PM696,3,First State Bank,GA,Wrens,30833,240
2021,549300M6LHDDWINJTR38,47-5335121,3,,5377088,"INFINITY MORTGAGE HOLDINGS, LLC",DE,WILMINGTON,-1,2,-1,,1107193,"AMERICO BANCSHARES, INC.",2021,4,549300M6LHDDWINJTR38,3,"Infinity Mortgage Holdings, LLC",TX,Austin,78717,805
2021,549300OSY236S7MBKO83,63-1052225,7,4320658,4320658,"CIS Financial Services, Inc.",AL,HAMILTON,-1,2,-1,,-1,,2021,4,549300OSY236S7MBKO83,7,"CIS Financial Services, Inc.",AL,Hamilton,35570,1856
2021,549300W7DWHDWZITFY92,62-0159190,3,381839,381839,Citizens Bank,TN,Hartsville,256012,0,1139288,,1139288,"CUMBERLAND BANCSHARES, INC.",2021,4,549300W7DWHDWZITFY92,3,Citizens Bank,TN,HARTSVILLE,37074,73
2021,5493002YXAOJOQPEGS38,76-0762186,7,3850251,3850251,"TruHome Solutions, LLC",MO,Clayton,-1,3,-1,,-1,,2021,4,5493002YXAOJOQPEGS38,7,"TRUHOME SOLUTIONS, LLC",KS,LENEXA,66219,2671
2021,549300NWB973YIHXKU90,25-1120908,5,719384,719384,Washington Area Teachers Federal Credit Union,PA,Washington,-1,0,-1,,-1,,2021,4,549300NWB973YIHXKU90,5,WASHINGTON AREA TEACHERS FEDERAL CREDIT UNION,PA,WASHINGTON,15301,51
2021,549300KBCEYCLANGUM06,91-1842269,7,91-1842269,-1,PacWest Funding Inc.,OR,Eugene,-1,3,-1,,-1,,2021,4,549300KBCEYCLANGUM06,7,"Pacwest Funding Inc., dba Precision Capital",OR,Eugene,97401,132
2021,54930007EJ1IS7U47Q27,55-0364107,5,802071,802071,UNIVERSAL Federal Credit Union,WV,Huntington,79205,0,-1,,-1,,2021,4,54930007EJ1IS7U47Q27,5,UNIVERSAL FEDERAL CREDIT UNION,WV,HUNTINGTON,25702,26
2021,549300LLESTPOVRG3X73,48-0216340,3,482156,482156,Farmers Bank & Trust,KS,Great Bend,872778,0,1055155,,1055155,"FARMERS ENTERPRISES, INC.",2021,4,549300LLESTPOVRG3X73,3,FARMERS BANK & TRUST,KS,GREAT BEND,67530,5066
2021,549300AOG9F040P5KW70,20-3357829,2,3415463,3415463,Reliant Bank,TN,Brentwood,1897550,0,3729562,,3729562,"RELIANT BANCORP, INC.",2021,4,549300AOG9F040P5KW70,2,RELIANT BANK,TN,BRENTWOOD,37027,9774
2021,549300V5MRNYGHSGR060,73-6093655,5,576792,576792,OKLAHOMA'S,OK,Oklahoma City,554267,0,-1,,-1,,2021,4,549300V5MRNYGHSGR060,5,Oklahoma's Credit Union,OK,Oklahoma City,73124-4027,916
2021,N8T7HW55LK5D2ORCKP39,25-1255405,9,379920,379920,First National Bank of Pennsylvania,PA,Greenville,34531413,0,3005332,,3005332,F.N.B. CORPORATION,2021,4,N8T7HW55LK5D2ORCKP39,9,FIRST NATIONAL BANK OF PA,OH,CHAGRIN FALLS,44023,28749
2021,549300CK7U1WMTIG6687,20-5238443,7,3955745,3955745,HighTechLending Inc,CA,Irvine,-1,3,-1,,-1,,2021,4,549300CK7U1WMTIG6687,7,"HIGHTECHLENDING, INC",CA,IRVINE,92614,3812
2021,549300RPOGWJRH63HS39,34-1084436,7,3837261,3837261,UNION HOME MORTGAGE CORP.,OH,STRONGSVILLE,-1,3,-1,,-1,,2021,4,549300RPOGWJRH63HS39,7,UNION HOME MORTGAGE,OH,STRONGSVILLE,44136,59012
2021,549300UVXY7S004OQL53,56-2237729,7,4320117,4320117,"Wyndham Capital Mortgage, Inc.",NC,Raleigh,-1,3,-1,,-1,,2021,4,549300UVXY7S004OQL53,7,"Wyndham Capital Mortgage, Inc",NC,Charlotte,28211,39379
2021,2549008W3O3PXWF90U35,63-0390327,5,722692,722692,Jefferson Credit Union,AL,Birmingham,67331,0,-1,,-1,,2021,4,2549008W3O3PXWF90U35,5,Jefferson Credit Union,AL,Hoover,35226,40
2021,549300TNGC371911XJ76,62-1308417,3,144034,144034,Bank of Cleveland,TN,Cleveland,286910,0,1399774,,1399774,BRADLEY COUNTY FINANCIAL CORP.,2021,4,549300TNGC371911XJ76,3,Bank of Cleveland,TN,Cleveland,37311,523
2021,5493004XOOZ30KRVGC40,22-0892830,3,1012671,1012671,NVE Bank,NJ,Englewood,674431,0,2460550,,2460569,"NVE BANCORP, MHC",2021,4,5493004XOOZ30KRVGC40,3,NVE BANK,NJ,ENGLEWOOD,07631,217
2021,549300Q7BO23YSZ45J73,39-1674018,3,1478231,1478231,Cornerstone Community Bank,WI,Grafton,215211,0,1492246,,1492246,"COMMUNITY BANCSHARES OF WISCONSIN, INC.",2021,4,549300Q7BO23YSZ45J73,3,CORNERSTONE COMMUNITY BANK,WI,GRAFTON,53024,236
2021,549300L1U2HOTC8O4K95,61-0335030,2,495419,495419,"Citizens Bank of Kentucky, Inc.",KY,Paintsville,656120,0,1071623,,1071623,CITIZENS NATIONAL CORPORATION,2021,4,549300L1U2HOTC8O4K95,2,"Citizens Bank of Kentucky, Inc.",KY,Paintsville,41240,216
2021,549300FW5QWKDV0UY394,20-0236095,7,3944637,3944637,"PRYSMA LENDING GROUP, LLC",CT,DANBURY,-1,3,-1,,-1,,2021,4,549300FW5QWKDV0UY394,7,PRYSMA LENDING GROUP LLC,CT,DANBURY,06811,290
2021,549300V68FAQU1OE7F25,54-0526070,5,1012176,1012176,Salem VA Credit Union,VA,Salem,81967,0,-1,,-1,,2021,4,549300V68FAQU1OE7F25,5,Salem VA Credit Union,VA,Salem,24153,4
2021,5493000JFVFQFL816N45,62-1700716,2,,2594240,ENCORE BANK,AR,Little Rock,-1,3,-1,,-1,,2021,4,5493000JFVFQFL816N45,2,Encore Bank,AR,Little Rock,72211,1861
2021,549300Z6EE8DBBFUW487,48-0760380,3,160959,160959,KS StateBank,KS,Manhattan,2142154,0,1139363,,1139363,MANHATTAN BANKING CORPORATION,2021,4,549300Z6EE8DBBFUW487,3,KS StateBank,KS,Manhattan,66502,5128
2021,549300TINI6CL78UD591,20-1832276,7,4730163,4730163,AMERICAN ADVISORS GROUP,CA,Sacramento,-1,3,-1,,-1,,2021,4,549300TINI6CL78UD591,7,AAG,CA,Orange,92868,29581
2021,254900SRWC0U4V5XQ024,94-0902780,3,479268,479268,Bank of Stockton,CA,Stockton,3357539,0,1399765,,1399765,1867 WESTERN FINANCIAL CORPORATION,2021,4,254900SRWC0U4V5XQ024,3,BANK OF STOCKTON,CA,STOCKTON,95202,339
2021,549300SQ82MLLWN3PD61,20-2307374,3,3384952,3384952,Idaho First Bank,,,220077,-1,-1,,-1,,2021,4,549300SQ82MLLWN3PD61,3,IDAHO FIRST BANK,ID,MCCALL,83638,266
2021,254900CQVBYQI6BDWS96,42-0778245,5,288590,288590,Community Choice Credit Union,IA,Johnston,550225,0,-1,,-1,,2021,4,254900CQVBYQI6BDWS96,5,Community Choice Credit Union,IA,Johnston,50131,849
2021,5493002UTIS7AQUDFF80,46-3284608,7,,-1,"BEST FINANCE CAPITAL, INC.",CA,GARDEN GROVE,-1,3,-1,,-1,,2021,4,5493002UTIS7AQUDFF80,7,"BEST FINANCE CAPITAL, INC.",CA,SANTA ANA,92707,957
2021,549300XZ4R55J9UKB235,36-2259531,5,428686,428686,SELFRELIANCE,IL,Chicago,622233,0,-1,,-1,,2021,4,549300XZ4R55J9UKB235,5,Selfreliance Federal Credit Union,IL,Chicago,60622-6911,368
2021,549300JA1J2RX1MKI366,46-2884509,7,5027253,5027253,"CAROLINA ONE MORTGAGE, LLC",DE,WILMINGTON,-1,2,-1,,-1,,2021,4,549300JA1J2RX1MKI366,7,"CAROLINA ONE MORTGAGE, LLC",SC,GREENVILLE,29601,1920
2021,549300NL3JN3ABDPH257,41-0557541,5,131490,131490,AFFINITY PLUS,MN,St. Paul,2399512,0,-1,,-1,,2021,4,549300NL3JN3ABDPH257,5,Affinity Plus Federal Credit Union,MN,Saint Paul,55107,10616
2021,549300QJOGSPJ8EAX798,74-1892270,1,428060,428060,Central National Bank,TX,Waco,938698,0,1106132,,1106132,CENTRABANC CORPORATION,2021,4,549300QJOGSPJ8EAX798,1,Central National Bank,TX,Waco,76712,404
2021,549300OYEKEORA1GI088,20-2409656,7,4438320,4438320,"GoPrime Mortgage, Inc.",NC,Raleigh,-1,3,-1,,-1,,2021,4,549300OYEKEORA1GI088,7,"GOPRIME MORTGAGE, INC.",NC,APEX,27502,4881
2021,549300WVVCPSUJMG9419,39-0147835,3,578741,578741,BLC Community Bank,WI,Little Chute,269194,0,2511313,,2511313,"INDEPENDENT BANCORP., LIMITED",2021,4,549300WVVCPSUJMG9419,3,BLC Community Bank,WI,Little Chute,54140,335
2021,549300LFCGLCYQ1SAJ07,54-6038172,5,957878,957878,Baylands Family Credit Union,VA,WEST POINT,85262,0,-1,,-1,,2021,4,549300LFCGLCYQ1SAJ07,5,Baylands Family Credit Union,VA,West Point,23181,70
2021,254900Y6EUNN0KGMJW67,32-0541903,7,,-1,Commercial Lender LLC,DE,Lewes,-1,3,-1,,-1,,2021,4,254900Y6EUNN0KGMJW67,7,"RCN Capital, LLC",CT,South Windsor,06074,1296
2021,549300O51V8F4P0SOY08,27-0411463,3,4236777,4236777,"First Oklahoma Mortgage, LLC",OK,Jenks,-1,2,-1,,3957589,"FIRST OKLAHOMA HOLDINGS, INC.",2021,4,549300O51V8F4P0SOY08,3,FIRST OKLAHOMA MORTGAGE,OK,JENKS,74037,334
2021,549300IKNQI45EOJU155,20-5356781,2,3467828,3467828,"Capital City Home Loans, LLC",GA,Kennesaw,-1,1,-1,,1085509,"CAPITAL CITY BANK GROUP, INC.",2021,4,549300IKNQI45EOJU155,2,"CAPITAL CITY HOME LOANS, LLC",GA,LAWRENCEVILLE,30043,6421
2021,549300OJTK0IPSNDA832,72-0719924,3,283438,283438,Liberty Bank and Trust Company,LA,New Orleans,600885,0,1130548,,1130548,"LIBERTY FINANCIAL SERVICES, INC.",2021,4,549300OJTK0IPSNDA832,3,Liberty bank and Trust Company,LA,New Orleans,70127,491
2021,549300YOESI1GLKRL151,33-0051773,7,3875692,3875692,"STEARNS LENDING, LLC",CA,Sacramento,-1,3,-1,,-1,,2021,4,549300YOESI1GLKRL151,7,"STEARNS LENDING, LLC",IL,CHICAGO,60613,51305
2021,549300OJS2SSFK0Y2I84,82-5095718,7,,-1,US Direct Lender,,,-1,-1,-1,,-1,,2021,4,549300OJS2SSFK0Y2I84,7,US Direct Lender,CA,La Canada Flintridge,91011,259
2021,549300OCQ8J0ZXMCTF89,04-3554142,9,,3953022,"Poli Mortgage Group, Inc.",MA,Canton,-1,3,-1,,-1,,2021,4,549300OCQ8J0ZXMCTF89,7,Poli Mortgage Group,MA,Walpole,02081,1336
2021,549300GNIV169ZIHU012,27-0812934,7,4321954,4321954,BERKADIA COMMERCIAL MORTGAGE LLC,DE,WILMINGTON,-1,2,-1,,-1,,2021,4,549300GNIV169ZIHU012,7,Berkadia Commercial Mortgage,PA,Ambler,19002,697
2021,549300760C8FJ53D2J56,38-1544100,5,214982,214982,JOLT CREDIT UNION,MI,Saginaw,342573,0,-1,,-1,,2021,4,549300760C8FJ53D2J56,5,Jolt Credit Union,MI,Saginaw,48608-0000,636
2021,5493006GFSNOUCCL1W91,72-0444318,5,,54571,THE NEW ORLEANS FIREMEN'S FEDERAL CREDIT UNION,LA,Metairie,175010,0,-1,,-1,,2021,4,5493006GFSNOUCCL1W91,5,New Orleans Firemen's Federal,LA,Metairie,70001,49
2021,549300ANE43ZL0O8VZ13,58-0243255,3,5135,5135,"First State Bank of Blakely, Inc.",GA,Blakely,509232,0,1139840,,1139840,"FIRST STATE BANCSHARES OF BLAKELY, INC.",2021,4,549300ANE43ZL0O8VZ13,3,"First State Bank of Blakely, Inc.",GA,Blakely,39823,267
2021,254900ZX1UPIG2E7TH11,72-1505298,7,4184113,4184113,"Assurance Financial Group, L.L.C.",LA,Baton Rouge,-1,3,-1,,-1,,2021,4,254900ZX1UPIG2E7TH11,7,"ASSURANCE FINANCIAL GROUP, L.L.C.",LA,BATON ROUGE,70809,10226
2021,549300KRHOMDHAKS8L29,56-6048692,5,942584,942584,SHARONVIEW FEDERAL CREDIT UNION,SC,Indian Land,1627129,0,-1,,-1,,2021,4,549300KRHOMDHAKS8L29,5,Sharonview Federal CU,SC,Indian Land,29707,2429
2021,HUX2X73FUCYHUVH1BK78,34-0797057,9,280110,280110,KeyBank National Association,OH,Cleveland,135758439,0,1068025,KEYCORP,1068025,KEYCORP,2021,4,HUX2X73FUCYHUVH1BK78,9,KeyBank National Association,OH,Cleveland,44114,75853
2021,5493007ZN3JNCBPMI730,61-0286270,3,330949,330949,"Morgantown Bank & Trust Company, Incorporated",KY,Morgantown,207027,-1,1119217,,1119217,"MORGANTOWN DEPOSIT BANCORP, INC.",2021,4,5493007ZN3JNCBPMI730,3,MORGANTOWN BANK & TRUST CO INC,KY,MORGANTOWN,42261,179
2021,549300BOYV1JVWTO8O89,15-0454140,2,722816,722816,Solvay Bank,NY,Solvay,934604,-1,1143342,,1143342,SOLVAY BANK CORP.,2021,4,549300BOYV1JVWTO8O89,2,Solvay Bank,NY,Solvay,13209,462
2021,5493008PQSMR41Y70C36,82-0416590,1,,-1,Amerant Mortgage LLC,,,-1,-1,-1,,-1,,2021,4,5493008PQSMR41Y70C36,1,Amerant Mortgage LLC,FL,Miami,33182,342
2021,254900U1OBL1MC6M6518,84-1875982,7,,-1,"MortgageCountry, LLC",,,-1,-1,-1,,-1,,2021,4,254900U1OBL1MC6M6518,7,MortgageCountry,PA,Blue Bell,19422,623
2021,549300QKFRNUZ2L5LY47,34-0963285,5,,-1,TopMark Federal Credit Union,,,-1,-1,-1,,-1,,2021,4,549300QKFRNUZ2L5LY47,5,TopMark Federal Credit Union,OH,Cridersville,45806,228
2021,254900TQL77TN5I01K05,39-0280510,3,111942,111942,Fortifi Bank,WI,Berlin,456691,0,1889538,,1889538,"FIRST BERLIN BANCORP, INC.",2021,4,254900TQL77TN5I01K05,3,Fortifi Bank,WI,Berlin,54923,788
2021,2549006HGDHH72X1BE36,39-0320310,3,576644,576644,The Greenwood's State Bank,WI,Lake Mills,313661,0,3618536,,3618536,"GREENWOODS FINANCIAL GROUP, INC.",2021,4,2549006HGDHH72X1BE36,3,THE GREENWOOD'S STATE BANK,WI,LAKE MILLS,53551,491
2021,B90YWS6AFX2LGWOXJ111,01-0123456,9,,-1,Bank 40,,,-1,-1,-1,,-1,,2021,4,B90YWS6AFX2LGWOXJ111,9,Bank0,UT,Tatertown,84096,2
2021,254900Q3NKMPZB4K2E34,91-0864218,5,,-1,Tri-Cities Community Federal Credit Union,,,-1,-1,-1,,-1,,2021,4,254900Q3NKMPZB4K2E34,5,Tri-Cities Community FederalCU,WA,Kennewick,99337,441
2021,C398JSK21YCXWM603F55,36-4108515,1,2508751,2508751,"Barrington Bank & Trust Company, N.A.",IL,Barrington,2445435,0,2260406,,2260406,WINTRUST FINANCIAL CORPORATION,2021,4,C398JSK21YCXWM603F55,1,"Barrington Bank & Trust, NA",IL,Rosemont,60018,37271
2021,5493008Q3XBC7O0Q4X02,64-0865228,5,2342816,2342816,HOPE FEDERAL CREDIT UNION,MS,Jackson,307051,0,-1,,-1,,2021,4,5493008Q3XBC7O0Q4X02,5,HOPE FEDERAL CREDIT UNION,MS,JACKSON,39202,314
2021,984500DB378C704F4610,41-0191495,5,632492,632492,CITY-COUNTY CREDIT UNION,MN,SAINT PAUL,893592,0,-1,,-1,,2021,4,984500DB378C704F4610,5,City & County Credit Union,MN,St. Paul,55101,749
2021,549300UB5TJ0YPVPT503,20-2693054,7,1578449,1578449,MASON MCDUFFIE MORTGAGE CORPORATION,CA,SAN FRANCISCO,-1,3,-1,,-1,,2021,4,549300UB5TJ0YPVPT503,7,Mason-McDuffie Mortgage Corporation,CA,San Ramon,94583,5581
2021,254900NTAC4H10MGSU23,39-0230585,5,734499,734499,Summit Credit Union,WI,Cottage Grove,3689604,0,-1,,-1,,2021,4,254900NTAC4H10MGSU23,5,Summit Credit Union,WI,Cottage Grove,53527,25878
2021,254900JH5HOQQ4CDPC30,31-4247738,1,44929,44929,The First National Bank of McConnelsville,OH,McConnelsville,150742,0,1137891,,1137891,"FNB SHARES, INC.",2021,4,254900JH5HOQQ4CDPC30,1,The First National Bank of McConnelsville,OH,McConnelsville,43756,146
2021,254900FP6SX9QWAB1J85,73-0222325,1,388155,388155,First Texoma National Bank,OK,Durant,185533,0,1141227,,1141227,"FNB FINANCIAL SERVICES, INC.",2021,4,254900FP6SX9QWAB1J85,1,First Texoma National Bank,OK,Durant,74701,116
2021,5493002XCPKQYCZ56W55,63-0728482,3,60330,60330,Peoples Bank of Alabama,AL,Cullman,824995,0,1136595,,1136595,"ALTRUST FINANCIAL SERVICES, INC.",2021,4,5493002XCPKQYCZ56W55,3,Peoples Bank of Alabama,AL,Cullman,35055,256
2021,5493007CNNPPB1T3TQ21,23-1377891,5,943871,943871,BELLCO,PA,Wyomissing,121467,0,-1,,-1,,2021,4,5493007CNNPPB1T3TQ21,5,BELLCO FCU,PA,Wyomissing,19610,244
2021,549300V0B2PZ5XF4SB58,81-0232138,5,205878,205878,BILLINGS,MT,Billings,163025,0,-1,,-1,,2021,4,549300V0B2PZ5XF4SB58,5,BILLINGS FEDERAL CREDIT UNION,MT,BILLINGS,59103,206
2021,5493007FRLGNQEXCGS66,47-0323447,2,576952,576952,First Nebraska Bank,NE,Valley,281717,0,1057430,,1057430,"VALLEY BANK SHARES, INC.",2021,4,5493007FRLGNQEXCGS66,2,FIRST NEBRASKA BANK,NE,VALLEY,68064,378
2021,549300GCILEV6KJUST91,71-0764688,1,49241,49241,"Relyance Bank, National Association",AR,Pine Bluff,860104,0,2267665,,2267665,"JEFFERSON BANCSHARES, INC.",2021,4,549300GCILEV6KJUST91,1,"RELYANCE BANK, N.A.",AR,PINE BLUFF,71601,173
2021,549300RAQJBTN6Z28096,36-3970472,1,2239288,2239288,"Wintrust Bank, N.A.",IL,Chicago,6849194,0,2260406,,2260406,WINTRUST FINANCIAL CORPORATION,2021,4,549300RAQJBTN6Z28096,1,"Wintrust Bank, NA",IL,Rosemont,60018,327
2021,549300QLZWERAXKGEP54,20-4238096,3,3410141,3410141,"Bank of Lexington, Inc.",KY,Lexington,248225,0,3825062,,1119404,"FIRST BRECKINRIDGE BANCSHARES, INC.",2021,4,549300QLZWERAXKGEP54,3,Bank of Lexington,KY,Lexington,40503,233
2021,I70W3N0Z6KOX8FYIH023,31-1278433,2,577128,577128,Peoples Bank,OH,Marietta,4351191,0,1070578,,1070578,PEOPLES BANCORP INC.,2021,4,I70W3N0Z6KOX8FYIH023,2,Peoples Bank,OH,Marietta,45750,3718
2021,5493007I0X1GRWIU8B34,87-0216202,5,277697,277697,AMERICA FIRST,UT,Riverdale,11712644,0,-1,,-1,,2021,4,5493007I0X1GRWIU8B34,5,AMERICA FIRST FEDERAL CREDIT UNION,UT,RIVERDALE,84405,29117
2021,549300XV2UKEPAMX9H12,72-0695783,3,459130,459130,Gulf Coast Bank,LA,Abbeville,369316,0,1085929,,1085929,"GULF COAST BANCSHARES, INC.",2021,4,549300XV2UKEPAMX9H12,3,Gulf Coast Bank,LA,Abbeville,70511,181
2021,549300H8LK0AWIAODP34,42-1757950,3,,3686928,Minnesota Bank & Trust,MN,Edina,718807,0,1206546,,1206546,"HEARTLAND FINANCIAL USA, INC.",2021,4,549300H8LK0AWIAODP34,3,MINNESOTA BANK & TRUST,MN,EDINA,55435,69
2021,549300MPZCS4LF270327,38-1489454,5,795294,795294,MEMBERS FIRST Credit Union,MI,Midland,535641,0,-1,,-1,,2021,4,549300MPZCS4LF270327,5,Members First Credit Union,MI,Midland,48641,1121
2021,54930091JQKCU3Z6IP44,47-1760589,7,,-1,"LENDINGONE, LLC",DE,DOVER,-1,3,-1,,-1,,2021,4,54930091JQKCU3Z6IP44,7,LendingOne LLC,FL,Boca Raton,33431,12641
2021,54930017CJWOENP0BZ82,14-1364933,5,278377,278377,SUNMARK FEDERAL CREDIT UNION,NY,Albany,740218,0,-1,,-1,,2021,4,54930017CJWOENP0BZ82,5,SUNMARK CREDIT UNION,NY,LATHAM,12110,2215
2021,549300WVV5REOCSC4A63,22-6076829,5,359780,359780,Advanced Financial Federal Credit Union,NJ,New Providence,90841,0,-1,,-1,,2021,4,549300WVV5REOCSC4A63,5,Advanced Financial FCU,NJ,New Providence,07974,18
2021,549300MVYX1L50756117,46-0230471,5,667971,667971,VOYAGE FEDERAL CREDIT UNION,SD,Sioux Falls,105516,0,-1,,-1,,2021,4,549300MVYX1L50756117,5,Voyage Federal Credit Union,SD,Sioux Falls,57105,133
2021,549300D5WZYDJFZQJ463,44-0541384,5,286073,286073,UNITED CONSUMERS CREDIT UNION,MO,Independence,149006,0,-1,,-1,,2021,4,549300D5WZYDJFZQJ463,5,UNITED CONSUMERS CREDIT UNION,MO,INDEPENDENCE,64055,149
2021,254900VOHINLR793U293,38-0633620,3,750341,750341,Highpoint Community Bank,MI,Hastings,324552,0,1136287,,1136287,HCB FINANCIAL CORP.,2021,4,254900VOHINLR793U293,3,HIGHPOINT COMMUNITY BANK,MI,HASTINGS,49058,237
2021,549300TU1SISIUY3SK49,39-1964828,3,2756767,2756767,Sunset Bank & Savings,WI,Waukesha,130563,0,2756776,,2756776,"WAUKESHA BANKSHARES, INC.",2021,4,549300TU1SISIUY3SK49,3,Sunset Bank & Savings,WI,Waukesha,53189,192
2021,549300XYY2S4S7UPJT86,26-2721010,7,,-1,Mortgage Lender,,,-1,-1,-1,,-1,,2021,4,549300XYY2S4S7UPJT86,7,"SK GLOBAL INVESTMENT, INC",CA,LOS ANGELES,90010,345
2021,549300G9EOR2GPHM0550,52-0692188,3,697978,697978,Community Bank of the Chesapeake,MD,Waldorf,1687468,0,2523389,"COMMUNITY FINANCIAL CORPORATION, THE",2523389,"COMMUNITY FINANCIAL CORPORATION, THE",2021,4,549300G9EOR2GPHM0550,3,COMMUNITY BANK OF THE CHESAPEAKE,MD,WALDORF,20601,186
2021,54930019RBT2SM6CQS78,45-0427679,3,2009605,2009605,Starion Bank,ND,Bismarck,1376396,0,1126729,,1126729,STARION BANCORPORATION,2021,4,54930019RBT2SM6CQS78,3,Starion Bank,ND,Mandan,58554-3114,751
2021,5493006RIR31ORKYB608,68-0151632,7,3885299,3885299,"LAND HOME FINANCIAL SERVICES, INC.",CA,Sacramento,-1,3,-1,,-1,,2021,4,5493006RIR31ORKYB608,7,"LAND HOME FINANCIAL SERVICES,",CA,CONCORD,94520,10910
2021,549300SIZ5KBISEZE503,04-1927940,3,709602,709602,UniBank for Savings,MA,Whitinsville,1767684,0,2465519,,2465519,UFS BANCORP,2021,4,549300SIZ5KBISEZE503,3,UNIBANK FOR SAVINGS,MA,WHITINSVILLE,01588,953
2021,54930030S6J5KOL5LJ73,11-1644012,5,414371,414371,FAIRWINDS CREDIT UNION,FL,Orlando,2670383,0,-1,,-1,,2021,4,54930030S6J5KOL5LJ73,5,FAIRWINDS CREDIT UNION,FL,ORLANDO,32826,5526
2021,549300L5PI87OOVHD857,42-0586885,2,433943,433943,Washington State Bank,IA,Washington,329224,0,1207468,,1207468,"W.S.B., INC.",2021,4,549300L5PI87OOVHD857,2,Washington State Bank,IA,Washington,52353,403
2021,549300CEKZ808Q0WJL95,74-2389400,7,3844782,3844782,Rocky Mountain Mortgage Company,TX,El Paso,-1,3,-1,,-1,,2021,4,549300CEKZ808Q0WJL95,7,ROCKY MOUNTAIN MORTGAGE COMPANY,TX,EL PASO,79935,2436
2021,549300WP41C3FFSKY830,81-0232919,5,341477,341477,Montana Federal Credit Union,MT,Great Falls,244491,0,-1,,-1,,2021,4,549300WP41C3FFSKY830,5,Montana Federal Credit Union,MT,Great Falls,59401,173
2021,2549009FXR8PWETMRA43,31-0251340,1,835079,835079,Covington Savings and Loan Association,OH,Covington,71256,0,3828148,,3828120,"COVINGTON FINANCIAL CORPORATION, MHC",2021,4,2549009FXR8PWETMRA43,1,Covington Savings & Loan Association,OH,Covington,45318,62
2021,549300S2RLEOF6WG7P87,61-0153205,3,982142,982142,The Cecilian Bank,KY,Cecilia,935868,0,1928633,,1928633,"FIRST CECILIAN BANCORP, INC.",2021,4,549300S2RLEOF6WG7P87,3,The Cecilian Bank,KY,Elizabethtown,42701,722
2021,254900UHFHT3IWKY8K19,34-4475249,5,142898,142898,"Directions Credit Union, Inc.",OH,Toledo,891611,0,-1,,-1,,2021,4,254900UHFHT3IWKY8K19,5,DIRECTIONS CREDIT UNION,OH,TOLEDO,43604,1014
2021,549300TEGBOIDI6Z5J56,93-0495636,5,106685,106685,Mid Oregon Federal Credit Union,OR,Bend,364587,0,-1,,-1,,2021,4,549300TEGBOIDI6Z5J56,5,Mid Oregon Federal Credit Union,OR,Bend,97701,297
2021,2549006A34A1F1ZGTT81,04-1269550,2,738303,738303,East Cambridge Savings Bank,MA,Cambridge,1106794,0,4459820,,4459820,1854 BANCORP,2021,4,2549006A34A1F1ZGTT81,2,EAST CAMBRIDGE SAVINGS BANK,MA,CAMBRIDGE,02141,499
2021,549300BLL6VL7AXWYP56,62-1494087,7,3913697,3913697,CHURCHILL MORTGAGE CORPORATION,TN,NASHVILLE,-1,3,-1,,-1,,2021,4,549300BLL6VL7AXWYP56,7,CHURCHILL MORTGAGE CORPORATION,TN,BRENTWOOD,37027,27689
2021,54930002M4XN64FM7Z89,06-0564890,3,65205,65205,The Torrington Savings Bank,CT,Torrington,829458,0,-1,,-1,,2021,4,54930002M4XN64FM7Z89,3,Torrington Savings Bank,CT,Torrington,06790,687
2021,549300EWL25M8JXH2R78,86-0108770,5,41496,41496,OneAZ Credit Union,AZ,PHOENIX,2169565,0,-1,,-1,,2021,4,549300EWL25M8JXH2R78,5,ONEAZ CREDIT UNION,AZ,PHOENIX,85027,4476
2021,549300H8JJI69WD7I525,34-4204840,2,542528,542528,Civista Bank,OH,Sandusky,2304000,-1,1246533,,1246533,"CIVISTA BANCSHARES, INC",2021,4,549300H8JJI69WD7I525,2,Civista Bank,OH,Sandusky,44870,3183
2021,549300GTVXJ2PGXNLM73,82-3060879,7,,-1,T2 FINANCIAL LLC,OH,COLUMBUS,-1,3,-1,,-1,,2021,4,549300GTVXJ2PGXNLM73,7,T2 Financial LLC dba Revolution Mortgage,OH,Westerville,43082,11416
2021,549300C5503CI7DSIP33,72-0474816,5,317388,317388,Bossier Federal Credit Union,LA,Bossier City,179239,0,-1,,-1,,2021,4,549300C5503CI7DSIP33,5,Bossier Federal Credit Union,LA,Bossier City,71171-5635,80
2021,549300NPHJJV4PURQK31,71-0810705,2,2716828,2716828,PREMIER BANK OF ARKANSAS,AR,Marion,164059,0,3123339,,3123339,"FCB FINANCIAL SERVICES, INC",2021,4,549300NPHJJV4PURQK31,2,Premier Bank of Arkansas,AR,Marion,72364-2101,68
2021,549300XYJEJCSZHWWM52,04-1680140,5,437398,437398,ALIGN CREDIT UNION,MA,Lowell,641379,0,-1,,-1,,2021,4,549300XYJEJCSZHWWM52,5,ALIGN CREDIT UNION,MA,LOWELL,01852,458
2021,549300T3Z5LVF06QVK79,23-2695045,3,,556011,Susquehanna Community Bank,PA,West Milton,-1,3,1985216,,-1,,2021,4,549300T3Z5LVF06QVK79,3,Susquehanna Community Bank,PA,West Milton,17886,337
2021,549300KGMXCXMVC0BO47,54-0699770,5,596286,596286,FREEDOM FIRST,VA,Roanoke,658588,0,-1,,-1,,2021,4,549300KGMXCXMVC0BO47,5,Freedom First Federal Credit Union,VA,Roanoke,24019-3002,1006
2021,254900ZS27YP5BQKD225,38-1623775,5,958893,958893,Lake Huron Credit Union,MI,Saginaw,52346,0,-1,,-1,,2021,4,254900ZS27YP5BQKD225,5,Lake Huron Credit Union,MI,Saginaw,48603,268
2021,549300XTFXREUXEWLW38,73-0440300,1,119153,119153,The Security National Bank of Enid,OK,Enid,324599,0,1064504,,1064504,SECURITY FINANCIAL SERVICES CORPORATION,2021,4,549300XTFXREUXEWLW38,1,The Security National Bank,OK,Enid,73701,135
2021,549300S3XVSI9XULIM45,74-1296016,1,855264,855264,First National Bank in Port Lavaca,TX,Port Lavaca,334939,0,-1,,2755153,"BAUER MANAGEMENT, INC.",2021,4,549300S3XVSI9XULIM45,1,First National Bank,TX,Port Lavaca,77979,213
2021,549300BRLQAIJ1LJA253,39-0447799,1,594947,594947,"Bank First, N.A.",WI,Manitowoc,2206443,0,1208009,,1208009,BANK FIRST CORPORATION,2021,4,549300BRLQAIJ1LJA253,1,BANK FIRST N.A.,WI,MANITOWOC,54220,3700
2021,2549004W7ZN0N715U578,94-6087440,5,37994,37994,CommonWealth Central Credit Union,CA,San Jose,530016,0,-1,,-1,,2021,4,2549004W7ZN0N715U578,5,CommonWealth Central Credit Union,CA,San Jose,95138,125
2021,2549008TT6UNYR7AXF54,48-0216075,1,474759,474759,"Sunflower Bank, National Association",CO,Denver,4172729,0,1066713,,1066713,FIRSTSUN CAPITAL BANCORP,2021,4,2549008TT6UNYR7AXF54,1,"Sunflower Bank, N.A.",TX,Plano,75093,10652
2021,549300OVA1LT74LITG21,25-0523055,1,624778,624778,First Federal Savings and Loan Association of Greene Co,PA,Waynesburg,938398,0,-1,,-1,,2021,4,549300OVA1LT74LITG21,1,FIRST FEDERAL SAVINGS AND LOAN,PA,WAYNESBURG,15370,949
2021,549300KP95LHU8OP0H40,95-3206305,7,,-1,"VAL-CHRIS INVESTMENTS, INC.",CA,IRVINE,-1,3,-1,,-1,,2021,4,549300KP95LHU8OP0H40,7,VAL-CHRIS INVESTMENTS INC.,CA,IRVINE,92620,487
2021,549300CEHN5CVC6INV48,31-1198067,1,489623,489623,The Park National Bank,OH,Newark,8528848,0,1142336,,1142336,PARK NATIONAL CORPORATION,2021,4,549300CEHN5CVC6INV48,1,The Park National Bank,OH,Newark,43055,8641
2021,549300F1D8U51K67LV24,62-0161420,3,999935,999935,First Century Bank,TN,Tazewell,419729,0,1135646,,1135646,"CLAIBORNE HOLDING COMPANY, INC.",2021,4,549300F1D8U51K67LV24,3,First Century Bank,TN,Tazewell,37879,419
2021,549300SYR11CYON0JE74,46-2886385,3,4522881,4522881,"BAYCOAST MORTGAGE COMPANY, LLC",MA,SWANSEA,-1,2,771609,,2623430,NARRAGANSETT FINANCIAL CORP,2021,4,549300SYR11CYON0JE74,3,"BAYCOAST MORTGAGE COMPANY, LLC",MA,SWANSEA,02777-4112,3816
2021,549300HNMUG8WS7JLL28,34-4205025,1,738013,738013,The Citizens National Bank of Bluffton,OH,Bluffton,877477,0,3248821,,3248821,"CITIZENS BANCSHARES, INC.",2021,4,549300HNMUG8WS7JLL28,1,The Citizens National Bank,OH,Bluffton,45817,1118
2021,984500F03B9034CQB904,83-2178626,7,,-1,"Beeline Loans, Inc.",RI,PROVIDENCE,-1,3,-1,,-1,,2021,4,984500F03B9034CQB904,7,"BEELINE LOANS, INC.",RI,PROVIDENCE,02909,3941
2021,549300IYKILIU506KA05,20-0262355,3,613400,613400,PeoplesBank,MA,Holyoke,2943806,0,3186585,,3186585,"PEOPLESBANCORP, MHC",2021,4,549300IYKILIU506KA05,3,PeoplesBank,MA,Holyoke,01040,1253
2021,254900S2BHB4ZY0JPI53,42-0464130,3,102342,102342,Raccoon Valley Bank,IA,Perry,304873,0,1205905,,1205905,GREENE INVESTMENT CO.,2021,4,254900S2BHB4ZY0JPI53,3,Raccoon Valley Bank,IA,Perry,50220,309
2021,549300HMP6CQXPB0L958,74-1109898,5,330770,330770,GULF COAST,TX,Corpus Christi,211426,0,-1,,-1,,2021,4,549300HMP6CQXPB0L958,5,GULF COAST FEDERAL CREDIT UNIO,TX,CORPUS CHRISTI,78414,106
2021,549300ULXKJUJDK2RQ54,95-3363852,7,4188102,4188102,MONARCH FUNDING CORP.,CA,ANAHEIM,-1,3,-1,,-1,,2021,4,549300ULXKJUJDK2RQ54,7,MONARCH FUNDING CORP.,CA,ANAHEIM,92807,251
2021,549300NGCDNC9174EF79,37-0723369,3,502849,502849,Banterra Bank,IL,Marion,1950815,0,3202832,,3202832,BANTERRA CORP,2021,4,549300NGCDNC9174EF79,3,Banterra Bank,IL,Marion,62959,872
2021,254900XRXNP494I3AE51,47-0131280,2,669555,669555,Midwest Bank National Association,NE,Pierce,804298,-1,1064652,,1064652,MIDWEST BANC HOLDING CO.,2021,4,254900XRXNP494I3AE51,2,Midwest Bank,NE,Norfolk,68701,228
2021,YQI2CPR3Z44KAR0HG822,39-1076859,3,403946,403946,The Park Bank,WI,Madison,1064967,0,1209716,,1209716,"PARK BANCORPORATION, INC.",2021,4,YQI2CPR3Z44KAR0HG822,3,The Park Bank,WI,Madison,53713-3010,1176
2021,549300CHBB3GN7JFXU86,04-3554784,7,3868621,3868621,"MSA MORTGAGE, LLC",MA,WINTHROP,-1,3,-1,,-1,,2021,4,549300CHBB3GN7JFXU86,7,"MSA MORTGAGE, LLC",MA,WINTHROP,02152,2278
2021,549300GBD8RBYHSIS855,54-0623641,5,251491,251491,ARGENT,VA,Chester,247446,0,-1,,-1,,2021,4,549300GBD8RBYHSIS855,5,ARGENT FEDERAL CREDIT UNION,VA,CHESTER,23831,176
2021,549300JNYMHRVCGKK706,23-2403099,5,511793,511793,FREEDOM CREDIT UNION,PA,Philadelphia,997441,0,-1,,-1,,2021,4,549300JNYMHRVCGKK706,5,FREEDOM CREDIT UNITON,PA,WARMINSTER,18974,946
2021,549300ZZME37MXI1EF14,43-1918759,7,3954944,3954944,"DAS Acquisition Company, LLC",MO,Clayton,-1,3,-1,,-1,,2021,4,549300ZZME37MXI1EF14,7,"DAS ACQUISITION COMPANY, LLC",MO,SAINT LOUIS,63141,28558
2021,54930074H8866HTIWU69,62-0263105,5,456492,456492,KNOXVILLE TVA EMPLOYEES CREDIT UNION,TN,Knoxville,2430831,0,-1,,-1,,2021,4,54930074H8866HTIWU69,5,Knoxville TVA Employees Credit Union,TN,Knoxville,37932,1751
2021,54930072YJBZ4YV3DY74,77-0329262,7,77-0329262,3894723,"MID-VALLEY SERVICES, INC.",CA,FRESNO,-1,3,-1,,-1,,2021,4,54930072YJBZ4YV3DY74,7,Mid Valley Services Inc,CA,Fresno,93711,392
2021,549300CPKDUJKREQRG38,20-4546870,1,3449066,3449066,"Investar Bank, National Association",LA,Baton Rouge,2146196,0,4090054,,4090054,INVESTAR HOLDING CORPORATION,2021,4,549300CPKDUJKREQRG38,1,INVESTAR BANK,LA,BATON ROUGE,70808,471
2021,254900YAD0R5TBY92Y41,39-0509860,2,153054,153054,Northwestern Bank,WI,Chippewa Falls,455721,0,1246542,,1246542,"NW BANCSHARES, INC.",2021,4,254900YAD0R5TBY92Y41,2,The Northwestern Bank,WI,Chippewa Falls,54729,361
2021,2549008O36ZLTWMCKU62,41-0249780,1,171759,171759,"F & M Community Bank, National Association",MN,Preston,138863,0,1122178,,1122178,"F & M FINANCIAL SERVICES, INC.",2021,4,2549008O36ZLTWMCKU62,1,"F & M Community Bank, N.A.",MN,Preston,55965,205
2021,5493000KTY8YQ4SFHT59,95-2015359,5,127587,127587,COASTHILLS,CA,Santa Maria,1201163,0,-1,,-1,,2021,4,5493000KTY8YQ4SFHT59,5,CoastHills Credit Union,CA,Santa Maria,93454,569
2021,549300BOONATEIE9GC38,75-0873880,5,328085,328085,1ST COMMUNITY FEDERAL CREDIT UNION,TX,San Angelo,281426,0,-1,,-1,,2021,4,549300BOONATEIE9GC38,5,1st Community Federal Credit Union,TX,San Angelo,76904,161
2021,549300MKTQIOL1FBNZ12,52-0309630,3,891226,891226,"Farmers and Merchants Bank Of Fowblesburg, Maryland",MD,UPPERCO,443098,0,5041521,,5041521,"FARMERS AND MERCHANTS BANCSHARES, INC.",2021,4,549300MKTQIOL1FBNZ12,3,Farmers and Merchants Bank,MD,Upperco,21155,232
2021,549300JS5JD63G4G8809,75-0264392,3,294564,294564,First Bank & Trust,TX,Lubbock,1137714,0,1206546,,1206546,"HEARTLAND FINANCIAL USA, INC.",2021,4,549300JS5JD63G4G8809,3,FIRST BANK & TRUST,TX,LUBBOCK,79424,2835
2021,254900DTLHVWQ7NP7R34,46-3676810,7,5023684,5023684,"The Loan Store, Inc.",DE,CAMDEN,-1,3,-1,,-1,,2021,4,254900DTLHVWQ7NP7R34,7,"The Loan Store, Inc.",CA,San Francisco,94108,3251
2021,5493007KYI3BO5LTXF79,83-0179749,5,117083,117083,Meridian Trust Federal Credit Union,WY,Cheyenne,425932,0,-1,,-1,,2021,4,5493007KYI3BO5LTXF79,5,MERIDIAN TRUST FCU,WY,CHEYENNE,82003,413
2021,549300TM179TSKK3HQ94,20-0353048,7,4185464,4185464,"THRIVE MORTGAGE, LLC",TX,CARROLLTON,-1,3,-1,,-1,,2021,4,549300TM179TSKK3HQ94,7,THRIVE MORTGAGE LLC,TX,GEORGETOWN,78633,13540
2021,5493008GTOZI3HQKE634,14-1136850,3,301800,301800,Ulster Savings Bank,NY,Kingston,956434,0,-1,,-1,,2021,4,5493008GTOZI3HQKE634,3,Ulster Savings Bank,NY,Kingston,12401,1404
2021,5493004GPC7K826BKF31,95-1682200,5,498894,498894,ARROWHEAD CENTRAL CREDIT UNION,CA,Rancho Cucamonga,1491799,0,-1,,-1,,2021,4,5493004GPC7K826BKF31,5,ARROWHEAD CENTRAL CREDIT UNION,CA,RANCHO CUCAMONGA,91730,805
2021,549300HPJZBSYILQTY06,81-3503395,7,,-1,PERFORMANCE MORTGAGE LLC,LA,MERAUX,-1,3,-1,,-1,,2021,4,549300HPJZBSYILQTY06,7,"Performance Mortgage, LLC",LA,Chalmette,70043,1047
2021,254900LTD432L5CHIZ48,46-3331326,7,46-3331326,-1,Home Mortgage Alliance Corporation (HMAC),CA,Santa Ana,-1,3,-1,,-1,,2021,4,254900LTD432L5CHIZ48,7,HOME MORTGAGE ALLIANCE CORP (HMAC),CA,SANTA ANA,92707,3381
2021,549300BPU3QTJ3ZRVE07,41-0607570,1,127055,127055,Western National Bank,MN,Duluth,104693,-1,3271267,,3271267,"WESTERN BANCORPORATION, INC.",2021,4,549300BPU3QTJ3ZRVE07,1,Western National Bank,MN,Duluth,55802,61
2021,549300DD6DH8XAGW3A86,56-0358476,1,864471,864471,Piedmont Federal Savings Bank,NC,Winston Salem,871367,0,-1,,-1,,2021,4,549300DD6DH8XAGW3A86,1,PIEDMONT FEDERAL SAVINGS BANK,NC,WINSTON SALEM,27103,758
2021,549300VEXSWLQB1TM843,84-0433515,5,292681,292681,COLORAMO,CO,Grand Junction,113655,0,-1,,-1,,2021,4,549300VEXSWLQB1TM843,5,Coloramo Federal Credit Union,CO,Grand Junction,81501,156
2021,549300YS7CHMGGRDEV77,23-1499751,5,68783,68783,ALLENTOWN,PA,Allentown,68721,0,-1,,-1,,2021,4,549300YS7CHMGGRDEV77,5,ALLENTOWN FEDERAL CREDIT UNION,PA,ALLENTOWN,18103,84
2021,5493007BVVG2E8KCTG95,81-0133810,2,475354,475354,Farmers State Bank,MT,Victor,436481,0,2108227,,2108227,FARMERS STATE FINANCIAL CORP.,2021,4,5493007BVVG2E8KCTG95,2,Farmers State Bank,MT,Florence,59833,395
2021,549300YW2Z3JIKD72X32,38-1399600,5,139898,139898,ASTERA,MI,Lansing,152101,0,-1,,-1,,2021,4,549300YW2Z3JIKD72X32,5,ASTERA CREDIT UNION,MI,Lansing,48917,84
2021,549300JQEF6V2RNWCC75,71-0051510,2,852544,852544,Southern Bancorp Bank,AR,Arkadelphia,1495986,0,1248939,,1248939,"SOUTHERN BANCORP, INC",2021,4,549300JQEF6V2RNWCC75,2,SOUTHERN BANCORP BANK,AR,ARKADELPHIA,71923,1022
2021,549300217ZPIHWEYT887,04-6051174,5,792,792,MASSMUTUAL,MA,Springfield,252668,0,-1,,-1,,2021,4,549300217ZPIHWEYT887,5,MassMutual Federal Credit Unio,MA,Springfield,01111,163
2021,5493003ST36V2G6YFH54,55-0365729,5,437772,437772,PIONEER WEST VIRGINIA,WV,Charleston,183419,0,-1,,-1,,2021,4,5493003ST36V2G6YFH54,5,Pioneer Appalachia Federal Credit Union,WV,Charleston,25301,220
2021,549300GT860C7IVCPZ04,11-3647435,7,5019351,5019351,DYBN FINANCIAL CORP.,FL,Indian Hbr Bch,-1,3,-1,,-1,,2021,4,549300GT860C7IVCPZ04,7,DYBN Financial Corp,FL,Rockledge,32955,811
2021,5493008E3WZYM5146L29,23-0570230,3,289515,289515,Farmers and Merchants Trust Company of Chambersburg,PA,Chambersburg,1271086,0,1118238,,1118238,FRANKLIN FINANCIAL SERVICES CORPORATION,2021,4,5493008E3WZYM5146L29,3,Farmers & Merchants Trust,PA,Chambersburg,17201,1460
2021,549300VJ2DUIQKBO9U08,37-0507990,3,443634,443634,Scott State Bank,IL,Bethany,172727,0,1206425,,1206425,"SCOTT BANCSHARES, INC.",2021,4,549300VJ2DUIQKBO9U08,3,SCOTT STATE BANK,IL,MT. ZION,62549,146
2021,254900VUE5T1INQKZ414,59-0907473,5,637778,637778,Coastline Federal Credit Union,FL,Jacksonville,120882,0,-1,,-1,,2021,4,254900VUE5T1INQKZ414,5,Coastline Federal Credit Union,FL,Jacksonville,32256,129
2021,549300Z66NI4HM439O26,94-1530642,5,734293,734293,SACRAMENTO Credit Union,CA,Sacramento,499031,0,-1,,-1,,2021,4,549300Z66NI4HM439O26,5,Sacramento Credit Union,CA,Sacramento,95814,465
2021,254900GRDRKSA8ZPAJ55,04-3765424,3,3194692,3194692,Traditions Bank,AL,Cullman,376949,0,3194683,,3194683,"TRADITIONS BANCSHARES, INC.",2021,4,254900GRDRKSA8ZPAJ55,3,Traditions Bank,AL,Cullman,35055,392
2021,5493006BPEIMPS70UU26,44-0380840,3,882952,882952,Ozark Bank,MO,Ozark,282026,0,-1,,-1,,2021,4,5493006BPEIMPS70UU26,3,Ozark Bank,MO,Ozark,65721,177
2021,254900VHUBSJJKOMBF27,77-0158990,7,3880995,3880995,"Golden Empire Mortgage, Inc.",CA,Bakersfield,-1,3,-1,,-1,,2021,4,254900VHUBSJJKOMBF27,7,"Golden Empire Mortgage, Inc.",CA,Bakersfield,93309,14102
2021,549300SWHFQY2F7RN335,95-4769926,7,3877454,3877454,"COMMUNITY MORTGAGE FUNDING, LLC",CA,Sacramento,-1,3,-1,,-1,,2021,4,549300SWHFQY2F7RN335,7,"COMMUNITY MORTGAGE FUNDING, LLC",CA,POMONA,91768,789
2021,549300SD5OZMLCCZ6H34,74-0872130,3,665865,665865,Round Top State Bank,TX,Round Top,604795,0,2684721,,2684721,"ROUND TOP BANCSHARES, INC.",2021,4,549300SD5OZMLCCZ6H34,3,Round Top State Bank,TX,Round Top,78954,241
2021,549300Z736FEFLWQ4G83,34-0871103,5,383093,383093,OHIO VALLEY COMMUNITY FEDERAL CREDIT UNION,OH,Clarington,156606,0,-1,,-1,,2021,4,549300Z736FEFLWQ4G83,5,Ohio Valley Community Credit Union,OH,Clarington,43915,73
2021,549300ZJK68X6PQU2308,31-4154280,5,1008692,1008692,TELHIO,OH,Columbus,844032,0,-1,,-1,,2021,4,549300ZJK68X6PQU2308,5,"TELHIO CREDIT UNION, INC.",OH,COLUMBUS,43215,1609
2021,54930040GLSEV5H11Q12,47-0467141,2,463650,463650,Adams Bank & Trust,NE,Ogallala,839145,0,1055623,,5006472,"ADAGE, LLC",2021,4,54930040GLSEV5H11Q12,2,Adams Bank & Trust,NE,Ogallala,69153,946
2021,254900OPB6J0NM26JY33,58-0827782,3,573036,573036,Oconee State Bank,GA,Watkinsville,399522,0,2729499,,2729499,OCONEE FINANCIAL CORPORATION,2021,4,254900OPB6J0NM26JY33,3,Oconee State Bank,GA,Watkinsville,30677,292
2021,5493002EOK9UP4QZ5N22,75-0297300,5,30799,30799,LIBERTYONE Credit Union,TX,Arlington,133817,0,-1,,-1,,2021,4,5493002EOK9UP4QZ5N22,5,LibertyOne Credit Union,TX,Dallas,75242-1048,63
2021,6UHRKD73G36IZYN3FC43,23-2892229,2,2354985,2354985,Customers Bank,PA,Phoenixville,11511729,0,4284536,,4284536,"CUSTOMERS BANCORP, INC",2021,4,6UHRKD73G36IZYN3FC43,2,Customers Bank,PA,West Reading,19611,1088
2021,549300ZPDWAT9R7KRW05,62-0263125,5,338392,338392,KNOXVILLE TEACHERS FEDERAL CREDIT UNION,TN,Knoxville,208247,0,-1,,-1,,2021,4,549300ZPDWAT9R7KRW05,5,Knoxville Teachers FCU,TN,Knoxville,37917,201
2021,5493003P1OKUPLVJ7M37,37-0532770,3,937339,937339,State Bank of Graymont,IL,Livingston,210363,0,1718209,,1718209,"GRAYMONT BANCORP, INC.",2021,4,5493003P1OKUPLVJ7M37,3,State Bank of Graymont,IL,Graymont,61743,152
2021,254900DGJQT6H4M24F92,62-1619339,3,,-1,One Bank of Tennessee,TN,Cookeville,-1,3,-1,,-1,,2021,4,254900DGJQT6H4M24F92,3,One Bank of TN,TN,Oneida,37841,775
2021,549300UQKYO1TM87WD57,99-0056630,2,564977,564977,Territorial Savings Bank,HI,Honolulu,2086295,0,3954681,,3954681,TERRITORIAL BANCORP INC.,2021,4,549300UQKYO1TM87WD57,2,Territorial Savings Bank,HI,Honolulu,96806,847
2021,549300508JOHWSRFDR57,39-0638020,1,598048,598048,The Stephenson National Bank and Trust,WI,Marinette,530628,0,1245509,,1245509,"STEPHENSON NATIONAL BANCORP, INC.",2021,4,549300508JOHWSRFDR57,1,STEPHENSON NATIONAL BANK & TRUST,WI,MARINETTE,54143,523
2021,549300VBLC1LTYHXGB54,36-1426671,2,238139,238139,First Bank of Manhattan,IL,Manhattan,172650,0,1206603,,1206603,"MANHATTAN BANCSHARES, INC.",2021,4,549300VBLC1LTYHXGB54,2,First Bank of Manhattan,IL,Manhattan,60442,147
2021,549300DA1N0K2LJI0471,24-0798456,5,412274,412274,CHOICE ONE COMMUNITY FEDERAL CREDIT UNION,PA,Plains Township,96327,0,-1,,-1,,2021,4,549300DA1N0K2LJI0471,5,Choice One Community FCU,PA,Wilkes-Barre,18702,134
2021,54930035C68SRQ1RS395,35-0310020,1,60648,60648,First National Bank,IN,Cloverdale,313638,0,1137529,,1137529,FIRST NATIONAL BANK CORP.,2021,4,54930035C68SRQ1RS395,1,First National Bank,IN,Cloverdale,46120,227
2021,254900XIGAR8HM0KJZ26,04-1298900,5,43098,43098,FALL RIVER MUNICIPAL CREDIT UNION,MA,FALL RIVER,211611,0,-1,,-1,,2021,4,254900XIGAR8HM0KJZ26,5,FALL RIVER MUNICIPAL CREDIT UN,MA,FALL RIVER,02721,374
2021,549300VVH8HHFMWL8536,94-0878385,5,414894,414894,CHEVRON,CA,Oakland,3575301,0,-1,,-1,,2021,4,549300VVH8HHFMWL8536,5,CHEVRON FEDERAL CREDIT UNION,CA,OAKLAND,94607,3433
2021,2549004R5IWT90NBTB98,26-0473514,2,3688623,3688623,Virginia Partners Bank,VA,Richmond,455306,0,1249918,,1249918,PARTNERS BANCORP,2021,4,2549004R5IWT90NBTB98,2,Virginia Partners Bank,VA,Fredericksburg,22404-8029,111
2021,54930080168VA6Z8UX21,53-0214895,5,498586,498586,TOWER,MD,Laurel,3255099,0,-1,,-1,,2021,4,54930080168VA6Z8UX21,5,Tower Federal Credit Union,MD,Laurel,20707,7803
2021,5493003WLEYGXGNTI654,93-0163693,5,423092,423092,SELCO COMMUNITY,OR,Eugene,1770728,0,-1,,-1,,2021,4,5493003WLEYGXGNTI654,5,SELCO COMMUNITY CREDIT UNION,OR,SPRINGFIELD,97475,1844
2021,549300LY3BVZZOO7LW95,55-0522816,5,665874,665874,FAIRMONT,WV,Fairmont,357547,0,-1,,-1,,2021,4,549300LY3BVZZOO7LW95,5,FAIRMONT FEDERAL CREDIT UNION,WV,FAIRMONT,26554,736
2021,549300GZ7AZQEUEDGU30,75-0150372,1,100357,100357,"Legend Bank, N.A.",TX,Bowie,758653,0,1416578,,1416578,"LEGEND BANCORP, INC.",2021,4,549300GZ7AZQEUEDGU30,1,"Legend Bank, N.A.",TX,Bowie,76230,415
2021,549300L1RVMMHUVKTQ94,04-1339820,3,154770,154770,MutualOne Bank,MA,Framingham,942561,0,-1,,-1,,2021,4,549300L1RVMMHUVKTQ94,3,MUTUALONE BANK,MA,FRAMINGHAM,01701,137
2021,549300W0YBCUV18HSR42,94-2261923,3,100562,100562,Tri Counties Bank,CA,Chico,6469416,0,1030170,,1030170,TRICO BANCSHARES,2021,4,549300W0YBCUV18HSR42,3,TRI COUNTIES BANK,CA,CHICO,95973,4394
2021,549300VGZHXNY2T0G559,34-1300434,5,265087,265087,SUN Federal Credit Union,OH,Maumee,532589,0,-1,,-1,,2021,4,549300VGZHXNY2T0G559,5,Sun Federal Credit Union,OH,Maumee,43537,1142
2021,5493001PN8XJZD64S690,41-2261870,7,41-2261870,-1,"AMERICAN HOME LENDING USA, LLC",IL,EDWARDSVILLE,-1,3,-1,,-1,,2021,4,5493001PN8XJZD64S690,7,"American Home Lending USA, LLC",IL,Edwardsville,62025,358
2021,54930082CRK7E43ZJ680,86-0100904,5,911571,911571,First Credit Union,AZ,Chandler,491790,0,-1,,-1,,2021,4,54930082CRK7E43ZJ680,5,First Credit Union,AZ,Chandler,85225,409
2021,2549004OC91L41W9XR37,94-1031345,5,504898,504898,Educational Employees Credit Union,CA,Fresno,3213872,0,-1,,-1,,2021,4,2549004OC91L41W9XR37,5,Educational Employees Credit Union,CA,Fresno,93755,2405
2021,2549008PQJ4J5Z32RI14,63-0148940,5,578291,578291,Mutual Savings Credit Union,AL,Birmingham,173443,0,-1,,-1,,2021,4,2549008PQJ4J5Z32RI14,5,MUTUAL SAVINGS CREDIT UNION,AL,Birmingham,35236,170
2021,254900HGO0ML9XQH7267,57-0242665,1,,-1,Oconee Federal Savings and Loan,SC,Seneca,-1,-1,-1,,-1,,2021,4,254900HGO0ML9XQH7267,1,Oconee Federal Savings and Loan Association,SC,Seneca,29678,281
2021,549300DHRESF8KLNP162,43-1161740,3,760854,760854,Southwest Missouri Bank,MO,Carthage,795891,0,1063552,,1063552,"SOUTHWEST MISSOURI BANCORPORATION, INC.",2021,4,549300DHRESF8KLNP162,3,Southwest Missouri Bank,MO,Carthage,64836,889
2021,5493004WMLN60ZJ2ON46,42-1554181,7,3851584,3851584,PULTE MORTGAGE LLC,DE,WILMINGTON,-1,3,-1,,-1,,2021,4,5493004WMLN60ZJ2ON46,7,Pulte Mortgage LLC,CO,Englewood,80112,26923
2021,549300PIL90PE1ZLKI49,59-0227113,5,876492,876492,COMMUNITY FIRST CREDIT UNION OF FLO,FL,Jacksonville,1752061,0,-1,,-1,,2021,4,549300PIL90PE1ZLKI49,5,Community First Credit Union of  FLorida,FL,Jacksonville,32204-1141,2336
2021,549300KOLMR4MSUXQS86,14-0912110,1,234506,234506,The National Bank of Coxsackie,NY,Coxsackie,325368,0,5333404,,5333404,"NBC BANCORP, INC.",2021,4,549300KOLMR4MSUXQS86,1,National Bank of Coxsackie,NY,Coxsackie,12051,589
2021,R6KJ2D7C3UT8OVTWHS39,47-0321480,3,450856,450856,Union Bank and Trust Company,NE,Lincoln,4583369,0,1053580,,1053580,"FARMERS & MERCHANTS INVESTMENT, INC.",2021,4,R6KJ2D7C3UT8OVTWHS39,3,Union Bank and Trust Company,NE,Lincoln,68501,2598
2021,549300YMIOLU51FSTO86,32-0544462,7,,-1,"CONSTRUCTIVE LOANS, LLC",DE,DOVER,-1,3,-1,,-1,,2021,4,549300YMIOLU51FSTO86,7,Constructive Loans LLC,IL,Oakbrook Terrace,60181,1312
2021,549300BLQQL5GPC6OJ66,57-0374874,5,67889,67889,SAFE FEDERAL CREDIT UNION,SC,Sumter,1114141,0,-1,,-1,,2021,4,549300BLQQL5GPC6OJ66,5,SAFE Federal Credit Union,SC,Sumter,29151,1094
2021,549300MXBLBJSY4S5R72,34-4450599,5,,-1,Fremont Federal Credit Union,OH,Fremont,-1,3,-1,,-1,,2021,4,549300MXBLBJSY4S5R72,5,FREMONT FEDERAL CREDIT UNION,OH,FREMONT,43420,359
2021,549300UF3FPC7U6RFC59,43-0975002,9,853952,853952,The Central Trust Bank,MO,Jefferson City,2678315,-1,1094314,,1094314,"CENTRAL BANCOMPANY, INC",2021,4,549300UF3FPC7U6RFC59,9,THE CENTRAL TRUST BANK,MO,JEFFERSON CITY,65101,13333
2021,549300RIPPSJXAQKZ383,37-0158730,3,340742,340742,CIBM Bank,IL,Champaign,696014,-1,1139532,,1139532,"CIB MARINE BANCSHARES, INC.",2021,4,549300RIPPSJXAQKZ383,3,CIBM Bank,WI,Elm Grove,53122,2251
2021,S0Q3AHZRL5K6VQE35M07,35-0508403,9,17147,17147,First Merchants Bank,IN,Muncie,12430349,0,1208559,,1208559,FIRST MERCHANTS CORPORATION,2021,4,S0Q3AHZRL5K6VQE35M07,9,FIRST MERCHANTS BANK,IN,MUNCIE,47305,10167
2021,549300QBU5SUXWZAXV90,52-0985554,5,485184,485184,The United Federal Credit Union,WV,Morgantown,99494,0,-1,,-1,,2021,4,549300QBU5SUXWZAXV90,5,The United Federal Credit Union,WV,Morgantown,26508,58
2021,549300ZLEJNF277L8Q40,75-0870689,5,556990,556990,Access Community Credit Union,TX,Amarillo,128502,0,-1,,-1,,2021,4,549300ZLEJNF277L8Q40,5,Access Community Credit Union,TX,Amarillo,79114,486
2021,54930039UO39UJGI7078,54-1910608,3,2797724,2797724,Towne Bank,VA,Portsmouth,11947775,0,-1,,-1,,2021,4,54930039UO39UJGI7078,3,TowneBank,VA,Portsmouth,23703,16606
2021,549300RYQVJMZ3X21K04,73-0185627,1,294751,294751,The City National Bank and Trust Company of Lawton,OK,Lawton,343994,0,4208961,,4208961,"JRMB II, INC",2021,4,549300RYQVJMZ3X21K04,1,CITY NATIONAL BANK AND TRUST,OK,LAWTON,73502,102
2021,54930013MXTMNAENKY84,73-0589767,5,28170,28170,ENERGY ONE FEDERAL CREDIT UNION,OK,Tulsa,233931,0,-1,,-1,,2021,4,54930013MXTMNAENKY84,5,Energy One Federal Credit Union,OK,Tulsa,74136,74
2021,549300FOTVC2DXJ6YD92,63-0915858,3,498531,498531,EvaBank,AL,Eva,382838,0,-1,,-1,,2021,4,549300FOTVC2DXJ6YD92,3,EvaBank,AL,Cullman,35055,650
2021,549300BEXTNMA3CARO05,62-0951437,2,590976,590976,Financial Federal Bank,TN,Memphis,652089,0,1144741,,1144741,FINANCIAL FEDCORP INC,2021,4,549300BEXTNMA3CARO05,2,Financial Federal Bank,TN,Memphis,38120,541
2021,549300S5NLOTO329NX77,06-0800610,7,2507923,2507923,"Farm Credit East, ACA",CT,Enfield,-1,3,-1,,-1,,2021,4,549300S5NLOTO329NX77,7,Farm Credit East ACA,CT,Enfield,06082,805
2021,254900OC69XWBZ2A8244,01-0022110,1,229173,229173,"Auburn Savings Bank, FSB",ME,Auburn,84197,0,3792409,,3799369,"AUBURN BANCORP, MHC",2021,4,254900OC69XWBZ2A8244,1,Auburn Savings Bank,ME,Auburn,04210,128
2021,5493001VQ02LHMFEXJ21,14-1471539,5,480581,480581,MID-HUDSON VALLEY,NY,Kingston,1084245,0,-1,,-1,,2021,4,5493001VQ02LHMFEXJ21,5,MID-HUDSON VALLEY FEDERAL C.U.,NY,KINGSTON,12401,786
2021,254900JMPUH6DCQM3W65,22-3886534,7,3915020,3915020,"Christensen Financial, Inc.",FL,Altamonte Springs,-1,3,-1,,-1,,2021,4,254900JMPUH6DCQM3W65,7,"Christensen Financial, Inc.",FL,Altamonte Springs,32714,3010
2021,54930043A47GB1KNJQ31,81-0231683,5,782986,782986,Altana Federal Credit Union,MT,Billings,300000,0,-1,,-1,,2021,4,54930043A47GB1KNJQ31,5,Altana Federal Credit Union,MT,Billings,59102,398
2021,254900FYMABY3EPG2K50,39-0147920,3,426945,426945,Bank of Milton,WI,Milton,132942,0,2342722,,2342722,"MILTON BANCSHARES, INC.",2021,4,254900FYMABY3EPG2K50,3,Bank of Milton,WI,Milton,53563,164
2021,5493009ULL1JFIC1C287,39-0126914,5,947990,947990,UNITEDONE Credit Union,WI,Manitowoc,222665,0,-1,,-1,,2021,4,5493009ULL1JFIC1C287,5,UNITEDONE CREDIT UNION,WI,MANITOWOC,54220,776
2021,549300GXMSA3UUO46130,74-0844632,1,414858,414858,"Incommons Bank, N.A.",TX,Mexia,179606,0,2227481,,2227481,"BI-STONE BANCSHARES, INC.",2021,4,549300GXMSA3UUO46130,1,"INCOMMONS BANK, N.A",TX,MEXIA,76667,190
2021,549300NXYX3K4WQSGJ17,95-1677890,5,237776,237776,STRATA Credit Union,CA,Bakersfield,266940,0,-1,,-1,,2021,4,549300NXYX3K4WQSGJ17,5,STRATA CREDIT UNION,CA,BAKERSFIELD,93301,254
2021,549300Q4BYXP7YD9UI61,05-0118560,3,876700,876700,Centreville Bank,RI,West Warwick,1341767,0,-1,,-1,,2021,4,549300Q4BYXP7YD9UI61,3,CENTREVILLE BANK,RI,WEST WARWICK,02893,770
2021,549300K5R2UQGSNVT989,94-1291034,5,642594,642594,SAN FRANCISCO FEDERAL CREDIT UNION,CA,San Francisco,1110479,0,-1,,-1,,2021,4,549300K5R2UQGSNVT989,5,San Francisco Federal Credit Union,CA,San Francisco,94102,139
2021,5493007OJ7D42T6RE854,04-1789020,3,714978,714978,The Cooperative Bank,MA,Boston,438269,0,-1,,-1,,2021,4,5493007OJ7D42T6RE854,3,The Cooperative Bank,MA,Roslindale,02131,298
2021,549300A23PXRZCMYM504,14-1512118,5,58887,58887,TCT,NY,Ballston Spa,235855,0,-1,,-1,,2021,4,549300A23PXRZCMYM504,5,TCT Federal Credit Union,NY,Ballston Spa,12020,341
2021,549300BNZVNK1XN85P72,42-0318300,3,735441,735441,American State Bank,IA,Sioux Center,948382,0,1201457,,1201457,"AMBANK COMPANY, INC.",2021,4,549300BNZVNK1XN85P72,3,AMERICAN STATE BANK,IA,SIOUX CENTER,51250,903
2021,254900Y4QCRHFQOGEU34,23-1421810,5,478887,478887,Ukrainian Selfreliance Federal Credit Union,PA,Feasterville,368954,0,-1,,-1,,2021,4,254900Y4QCRHFQOGEU34,5,UKRAINIAN SELFRELIANCE FEDERAL CREDIT UNION,PA,FEASTERVILLE,19053,459
2021,254900ZP8FK47JENCV60,75-0591480,3,176464,176464,Alliance Bank,TX,Sulphur Springs,979757,0,2127068,,2127068,"ALLIANCE BANCSHARES, INC.",2021,4,254900ZP8FK47JENCV60,3,Alliance Bank,TX,Sulphur Springs,75483-0500,740
2021,254900PEMVJN4DS4MS43,35-0896445,5,603492,603492,Independent Federal Credit Union,IN,Anderson,69271,0,-1,,-1,,2021,4,254900PEMVJN4DS4MS43,5,Independent Federal Credit Uni,IN,Anderson,46013,52
2021,549300V3N91EH05UWL23,95-1659710,5,1017087,1017087,SKYONE Federal Credit Union,CA,Hawthorne,508119,0,-1,,-1,,2021,4,549300V3N91EH05UWL23,5,SKYONE FEDERAL CREDIT UNION,CA,HAWTHORNE,90250,265
2021,54930059GZZ7G4G40O53,84-2327160,3,,-1,SeaTrust Mortgage Company,NC,Greensboro,-1,3,-1,,-1,,2021,4,54930059GZZ7G4G40O53,3,SeaTrust Mortgage Company,NC,Wilmington,28405,1158
2021,549300SQH6MBVMMRRA85,35-0887540,5,34470,34470,INOVA FEDERAL CREDIT UNION,IN,Elkhart,458314,0,-1,,-1,,2021,4,549300SQH6MBVMMRRA85,5,INOVA FEDERAL CREDIT UNION,IN,ELKHART,46516,1424
2021,549300Y6FMTOZSY0VW06,31-6034826,5,31291,31291,KEMBA FINANCIAL,OH,Gahanna,1471927,0,-1,,-1,,2021,4,549300Y6FMTOZSY0VW06,5,KEMBA FINANCIAL CREDIT UNION,OH,GAHANNA,43230,3161
2021,549300UHQ3UXVA4AGM53,84-0532189,2,828651,828651,ANB Bank,CO,Denver,2646243,0,2942702,,2942702,"STURM FINANCIAL GROUP, INC.",2021,4,549300UHQ3UXVA4AGM53,2,ANB Bank,CO,Denver,80206,720
2021,549300ZBXINP1Y94CN02,93-1248952,7,3878152,3878152,"DIRECTORS MORTGAGE, INC.",OR,LAKE OSWEGO,-1,3,-1,,-1,,2021,4,549300ZBXINP1Y94CN02,7,"Directors Mortgage, Inc.",OR,Lake Oswego,97035,5676
2021,549300ORTZ3CWXPNL693,38-1441242,5,697594,697594,ELGA CREDIT UNION,MI,Burton,794126,0,-1,,-1,,2021,4,549300ORTZ3CWXPNL693,5,ELGA Credit Union,MI,Burton,48519,1242
2021,549300EBDJ0OSO5L7O79,34-0928469,5,22691,22691,"ASSOCIATED SCHOOL EMPLOYEES CREDIT UNION, INC.",OH,YOUNGSTOWN,133496,0,-1,,-1,,2021,4,549300EBDJ0OSO5L7O79,5,ASSOCIATED SCHOOL EMPLOYEES CREDIT UNION,OH,Youngstown,44515,95
2021,5493008WOGGD8641UC13,20-8207683,7,3955905,3955905,"CAPSTONE DIRECT, INC.",CA,THOUSAND OAKS,-1,3,-1,,-1,,2021,4,5493008WOGGD8641UC13,7,"CAPSTONE DIRECT, INC.",CA,THOUSAND OAKS,91320,716
2021,254900BRCCRMIPW8R563,34-1691741,7,3696105,3696105,"AG Credit, Agricultural Credit Association",OH,Fostoria,-1,3,-1,,-1,,2021,4,254900BRCCRMIPW8R563,7,"Ag Credit, ACA",OH,Fostoria,44830,350
2021,549300V36YE6JCCEJB76,86-0101004,5,133074,133074,ARIZONA,AZ,Phoenix,1937883,0,-1,,-1,,2021,4,549300V36YE6JCCEJB76,5,Arizona Federal Credit Union,AZ,Phoenix,85008,3819
2021,549300UVFLI1W4O27J10,66-0206444,7,3872918,3872918,COOPERATIVA DE AHORRO Y CREDITO DE LARES,,Lares,-1,3,-1,,-1,,2021,4,549300UVFLI1W4O27J10,7,Cooperativa de A\C Lares,PR,Lares,00669,46
2021,549300HWFLUA8V78OT27,39-0532600,3,420644,420644,The Peoples Community Bank,WI,Mazomanie,300778,0,2516998,,2516998,"PEOPLES COMMUNITY BANCSHARES, INC., THE",2021,4,549300HWFLUA8V78OT27,3,The Peoples Community Bank,WI,Mazomanie,53560,496
2021,5493002Y5XYV7DV1ZV88,38-3564305,7,3870419,3870419,"GOLD STAR MORTGAGE FINANCIAL GROUP, CORPORATION",MI,PLYMOUTH,-1,3,-1,,-1,,2021,4,5493002Y5XYV7DV1ZV88,7,"Gold Star Mortgage Financial Group, Corporation",MI,Ann Arbor,48108,15161
2021,549300XFW2CXGSLDJ958,39-1447979,7,3871265,3871265,GATEWAY MORTGAGE CORPORATION,WI,KENOSHA,-1,3,-1,,-1,,2021,4,549300XFW2CXGSLDJ958,7,GATEWAY MORTGAGE CORPORATION,WI,KENOSHA,53142,1548
2021,549300M0SDF90SCNIY89,95-1684020,5,256571,256571,Gain Federal Credit Union,CA,Burbank,369336,-1,-1,,-1,,2021,4,549300M0SDF90SCNIY89,5,GAIN FEDERAL CREDIT UNION,CA,BURBANK,91506,416
2021,254900IZM1F435SFXE81,84-1790675,7,,-1,"A Mortgage Boutique, LLC",TN,Murfreesboro,-1,3,-1,,-1,,2021,4,254900IZM1F435SFXE81,7,"A Mortgage Boutique, LLC",TN,Murfreesboro,37129,1153
2021,QODK9N71Q3XVQS2JKH91,11-1212640,9,694904,694904,New York Community Bank,NY,Westbury,53617338,0,2132932,,2132932,"NEW YORK COMMUNITY BANCORP, INC.",2021,4,QODK9N71Q3XVQS2JKH91,9,New York Community Bank,NY,Hicksville,11801,1788
2021,25490074WALW1U7G4555,31-4177210,3,,58225,The Farmers Bank & Savings Company,OH,Pomeroy,334511,0,1132814,,1132814,"FARMERS BANCSHARES, INC.",2021,4,25490074WALW1U7G4555,3,THE FARMERS BANK & SAVINGS CO,OH,POMEROY,45769,346
2021,5493006QG55R8V712J33,72-1426574,3,2743244,2743244,Red River Bank,LA,Alexandria,1988197,0,2743235,,2743235,"RED RIVER BANCSHARES, INC.",2021,4,5493006QG55R8V712J33,3,Red River Bank,LA,Alexandria,71301,2241
2021,549300KNDTHPORJI2O79,47-4563523,9,,-1,"ANCHOR NATIONWIDE LOANS, LLC",CA,CALABASAS,-1,3,-1,,-1,,2021,4,549300KNDTHPORJI2O79,9,Anchor Nationwide Loans LLC,CA,Thousand Oaks,91362,813
2021,549300JWMTKHFOXRS523,54-0585044,5,484673,484673,BLUE EAGLE CREDIT UNION,VA,Roanoke,157730,0,-1,,-1,,2021,4,549300JWMTKHFOXRS523,5,Blue Eagle Credit Union,VA,Roanoke,24018,268
2021,549300RU85PQV881NJ83,84-0456625,5,828183,828183,FITZSIMONS FEDERAL CREDIT UNION,CO,AURORA,192889,0,-1,,-1,,2021,4,549300RU85PQV881NJ83,5,Fitzsimons Federal Credit Union,CO,Aurora,80045,191
2021,549300GQOPGZ1DO0MZ49,35-0576690,3,454546,454546,The Peoples State Bank,IN,Ellettsville,306743,0,1206676,,1206676,"ELLETTSVILLE BANCSHARES, INC.",2021,4,549300GQOPGZ1DO0MZ49,3,The Poples State Bank,IN,Ellettsville,47429,490
2021,70WY0ID1N53Q4254VH70,42-1741646,9,60143,60143,Comerica Bank,TX,Dallas,73336000,0,1199844,,1199844,COMERICA INCORPORATED,2021,4,70WY0ID1N53Q4254VH70,9,COMERICA BANK,MI,DETROIT,48226,13860
2021,549300LROQOOQU77WS20,95-4762204,7,3885440,3885440,LENOX FINANCIAL MORTGAGE CORPORATION,CA,SANTA ANA,-1,3,-1,,-1,,2021,4,549300LROQOOQU77WS20,7,Lenox Financial Mortgage Corporation,CA,Santa Ana,92707,7425
2021,549300RS5LTZ0JDZYI59,04-1238700,3,193809,193809,Dedham Institution for Savings,MA,Dedham,1543312,0,5164998,,5164989,1831 BANCORP MHC,2021,4,549300RS5LTZ0JDZYI59,3,DEDHAM INSTITUTION FOR SAVINGS,MA,DEDHAM,02026,953
2021,549300OQMU3ID8QA6M46,81-3467488,7,,-1,VELOCIO MORTGAGE L.L.C.,TX,HOUSTON,-1,3,-1,,-1,,2021,4,549300OQMU3ID8QA6M46,7,VELOCIO MORTGAGE L.L.C.,TX,HOUSTON,77027,4277
2021,5493007LUU2DLS755O60,35-0885381,5,461674,461674,Centra Credit Union,IN,Columbus,1559070,0,-1,,-1,,2021,4,5493007LUU2DLS755O60,5,CENTRA CREDIT UNION,IN,COLUMBUS,47201,2976
2021,549300GWO8DN75PL7X16,41-0522410,3,198251,198251,Sherburne State Bank,MN,Becker,131371,0,3348011,,3348011,"SAINT JOSEPH BANCSHARES ACQUISITIONS, INC.",2021,4,549300GWO8DN75PL7X16,3,SHERBURNE STATE BANK,MN,PO BOX 428,55308,280
2021,2549008X67CV1MNM7747,37-1572886,7,4320247,4320247,MEADOWBROOK FINANCIAL MORTGAGE BANKERS CORP.,NY,ALBANY,-1,3,-1,,-1,,2021,4,2549008X67CV1MNM7747,7,Meadowbrook Financial Mortgage Bankers Corp.,NY,Westbury,11590,4410
2021,213800XR2TCBQJSF1X93,48-1213018,3,2747587,2747587,NBKC BANK,KS,KANSAS,833228,0,2772990,,2772990,AMERI-NATIONAL CORPORATION,2021,4,213800XR2TCBQJSF1X93,3,NBKC BANK,MO,KANSAS CITY,64114,32265
2021,549300SE1WZDU07WPD35,04-1859290,5,147099,147099,GREATER SPRINGFIELD CREDIT UNION,MA,Springfield,180047,0,-1,,-1,,2021,4,549300SE1WZDU07WPD35,5,Greater Springfield Credit Union,MA,Springfield,01109,261
2021,549300D9ZODKN6CVV913,39-0477300,5,540896,540896,PRIME FINANCIAL CREDIT UNION,WI,Cudahy,113321,0,-1,,-1,,2021,4,549300D9ZODKN6CVV913,5,PRIME FINANCIAL CREDIT UNION,WI,CUDAHY,53110,514
2021,549300W2W119ZBFOWS21,81-0289023,5,655884,655884,CLEARWATER Federal Credit Union,MT,Missoula,564404,0,-1,,-1,,2021,4,549300W2W119ZBFOWS21,5,CLEARWATER FEDERAL CREDIT UNION,MT,MISSOULA,59801,677
2021,54930065Z1DW0CWIZQ58,86-0108241,5,440688,440688,CREDIT UNION WEST,AZ,Glendale,772531,0,-1,,-1,,2021,4,54930065Z1DW0CWIZQ58,5,Credit Union West,AZ,Glendale,85312,1656
2021,549300KZVNU4UKZSWD59,34-0796290,5,678678,678678,CANTON SCHOOL EMPLOYEES,OH,Canton,276065,0,-1,,-1,,2021,4,549300KZVNU4UKZSWD59,5,CANTON SCHOOL EMPLOYEES FCU,OH,CANTON,44714,285
2021,549300SY7D44QB2JV602,55-0758723,3,2692753,2692753,"Premier Bank, Inc.",WV,Huntington,1221060,0,2007647,,2007647,"PREMIER FINANCIAL BANCORP, INC.",2021,4,549300SY7D44QB2JV602,3,Premier Bank Inc,OH,Marietta,45750,285
2021,5493003JBN8UEVOU8O42,72-0649178,5,529994,529994,JEFFERSON FINANCIAL,LA,Metairie,882183,0,-1,,-1,,2021,4,5493003JBN8UEVOU8O42,5,JEFFERSON FINANCIAL FCU,LA,METAIRIE,70003,334
2021,254900MRUZFHXLEPLR52,91-0689235,5,419282,419282,People's Community Federal Credit Union,WA,Vancouver,221331,0,-1,,-1,,2021,4,254900MRUZFHXLEPLR52,5,People's Community FCU,WA,Vancouver,98666-0764,57
2021,254900WRP19TBSQG0Z89,41-0250840,3,806958,806958,Midwest Bank,MN,Detroit Lakes,527460,0,1125580,,1125580,"MIDWEST BANK GROUP, INC.",2021,4,254900WRP19TBSQG0Z89,3,Midwest Bank,MN,Detroit Lakes,56501,416
2021,549300Q6TVHCCFZ5R384,95-1654362,5,439477,439477,UME FEDERAL CREDIT UNION,CA,Burbank,238570,0,-1,,-1,,2021,4,549300Q6TVHCCFZ5R384,5,UMe Federal Credit Union,CA,Burbank,91505,121
2021,549300N3HTAM5X2VWB62,83-0173720,5,617583,617583,WHITE CROWN FEDERAL CREDIT UNION,CO,Denver,61506,0,-1,,-1,,2021,4,549300N3HTAM5X2VWB62,5,White Crown Federal Credit Union,CO,DENVER,80202,19
2021,5493002AZUZUDBY8ZU75,04-2162282,5,877378,877378,TAUNTON FEDERAL CREDIT UNION,MA,Taunton,184444,0,-1,,-1,,2021,4,5493002AZUZUDBY8ZU75,5,Taunton Federal Credit Union,MA,Taunton,02780,215
2021,549300HTKHBMJL4D9734,62-0575774,5,455299,455299,CORNERSTONE FINANCIAL CREDIT UNION,TN,Nashville,416692,0,-1,,-1,,2021,4,549300HTKHBMJL4D9734,5,CORNERSTONE FINANCIAL CREDIT U,TN,NASHVILLE,37212,214
2021,5493004U68X0X5LVHY72,72-0840853,5,4697,4697,RIVERLAND FEDERAL CREDIT UNION,LA,New Orleans,268904,0,-1,,-1,,2021,4,5493004U68X0X5LVHY72,5,RIVERLAND FEDERAL CREDIT UNION,LA,NEW ORLEANS,70113,136
2021,5493005LNO5N4F760786,94-0475380,3,783161,783161,First Northern Bank of Dixon,CA,Dixon,1292591,0,2880626,,2880626,FIRST NORTHERN COMMUNITY BANCORP,2021,4,5493005LNO5N4F760786,3,FIRST NORTHERN BANK OF DIXON,CA,DIXON,95620,433
2021,549300HNL0XN9S0MZM92,13-3394770,7,3872347,3872347,EQUITY NOW INC.,NY,NEW YORK,-1,3,-1,,-1,,2021,4,549300HNL0XN9S0MZM92,7,Equity Now Inc,NY,Mamaroneck,10543,1048
2021,549300H0IFPIJWI3KL08,63-0039180,2,353238,353238,Central State Bank,AL,Calera,330753,0,1084593,,1084593,CENTRAL STATE BANCORPORATION,2021,4,549300H0IFPIJWI3KL08,2,CENTRAL STATE BANK,AL,CALERA,35040,164
2021,5493001AGQGPJ3N3YL33,57-0762987,5,549291,549291,FOUNDERS FEDERAL CREDIT UNION,SC,Lancaster,2653556,0,-1,,-1,,2021,4,5493001AGQGPJ3N3YL33,5,Founders Federal Credit Union,SC,Lancaster,29720,5326
2021,549300CA0J0Z7OFQBG71,06-0655052,5,523871,523871,CONNEX CREDIT UNION,CT,North Haven,713890,0,-1,,-1,,2021,4,549300CA0J0Z7OFQBG71,5,CONNEX CREDIT UNION,CT,NORTH HAVEN,06473,826
2021,549300BB8TE7SXIUJI50,42-0664060,5,286895,286895,GREATER IOWA CREDIT UNION,IA,Ames,537721,0,-1,,-1,,2021,4,549300BB8TE7SXIUJI50,5,Greater Iowa Credit Union,IA,Ames,50010,746
2021,254900TBJSIXN1M7S968,46-2418620,7,46-2418620,-1,"FJM PRIVATE MORTGAGE FUND, LLC",CA,Petaluma,-1,3,-1,,-1,,2021,4,254900TBJSIXN1M7S968,7,"FJM Private Mortgage Fund, LLC",CA,Petaluma,94954,203
2021,549300UN8J4H5P8XWP62,04-1731230,3,1000276,1000276,The Pittsfield Co-operative Bank,MA,Pittsfield,321823,0,-1,,-1,,2021,4,549300UN8J4H5P8XWP62,3,PITTSFIELD COOPERATIVE BANK,MA,PITTSFIELD,01201,198
2021,549300D2MZZVH30ENJ10,35-2195549,7,4437510,4437510,"HAMILTON HOME LOANS, INC.",FL,SUNRISE,-1,3,-1,,-1,,2021,4,549300D2MZZVH30ENJ10,7,"Hamilton Home Loans, INC",FL,Sunrise,33323,7948
2021,549300GLDL4X3U4RFI74,63-0421006,5,612784,612784,Guardian Credit Union,AL,Montgomery,574065,0,-1,,-1,,2021,4,549300GLDL4X3U4RFI74,5,Guardian Credit Union,AL,Montgomery,36104,1378
2021,549300JHSXRPXKX47M78,82-3388360,7,,-1,"ACCELERATE MORTGAGE, LLC",DE,DOVER,-1,3,-1,,-1,,2021,4,549300JHSXRPXKX47M78,7,"Accelerate Mortgage, LLC",DE,Newark,19713,4262
2021,549300I43FC7P0IJMR13,33-0842784,7,,-1,"LOANLEADERS OF AMERICA, INC.",CA,IRVINE,-1,3,-1,,-1,,2021,4,549300I43FC7P0IJMR13,7,"Loanleaders of America, Inc",CA,Irvine,92614,1702
2021,54930063XGNMIXS57091,23-1343988,5,945978,945978,POLICE & FIRE,PA,Philadelphia,5628622,0,-1,,-1,,2021,4,54930063XGNMIXS57091,5,POLICE AND FIRE FEDERAL CREDIT UNION,PA,3333 STREET ROAD,19020,19220
2021,254900OD9TDRYGWJ0N48,46-0177437,1,355858,355858,First National Bank,SD,Ft. Pierre,1330030,0,1127294,,1127294,"CAPITOL BANCORPORATION, INC.",2021,4,254900OD9TDRYGWJ0N48,1,FIRST NATIONAL BANK,SD,PIERRE,57501,726
2021,549300RZFHIGIM84KN09,62-0201100,1,133850,133850,First Citizens National Bank,TN,Dyersburg,1824233,0,1098796,,1098796,"FIRST CITIZENS BANCSHARES, INC.",2021,4,549300RZFHIGIM84KN09,1,FIRST CITIZENS NATIONAL BANK,TN,DYERSBURG,38025,1567
2021,5493005NU5BA00C1N451,38-1332826,7,3870549,3870549,ROSS MORTGAGE CORPORATION,MI,TROY,-1,3,-1,,-1,,2021,4,5493005NU5BA00C1N451,7,ROSS MORTGAGE CORPORATION,MI,TROY,48084,2414
2021,549300OUFGVRFN8PZB89,75-0330569,3,610164,610164,Herring Bank,TX,Amarillo,445390,0,1109496,,1109496,"HERRING BANCORP, INC.",2021,4,549300OUFGVRFN8PZB89,3,HERRING BANK,TX,AMARILLO,79109,345
2021,549300XELYQIOXKMPE32,26-0822196,7,,-1,"IMAGINE HOME LENDING, LLC",WI,ONALASKA,-1,3,-1,,-1,,2021,4,549300XELYQIOXKMPE32,7,"Imagine Home Lending, LLC",WI,Onalaska,54650,23
2021,5493004V3AW2SVUJ5U52,84-0384061,5,731573,731573,FOOTHILLS,CO,Lakewood,107005,0,-1,,-1,,2021,4,5493004V3AW2SVUJ5U52,5,Foothills Credit Union,CO,Lakewood,80226,60
2021,549300GMZQGVLZ5KCW51,63-0422553,5,440183,440183,AUBURN UNIVERSITY CREDIT UNION,AL,Auburn,178720,0,-1,,-1,,2021,4,549300GMZQGVLZ5KCW51,5,Auburn University Credit Union,AL,Auburn,36832,104
2021,549300ZWA6HRT4N1Z222,42-0310580,3,731247,731247,Hills Bank and Trust Company,IA,Hills,3299556,0,1245291,,1245291,HILLS BANCORPORATION,2021,4,549300ZWA6HRT4N1Z222,3,HILLS BANK AND TRUST COMPANY,IA,HILLS,52235,5200
2021,549300OHTBYVLLO8NW69,35-0303200,3,629746,629746,The Farmers and Merchants Bank,IN,Boswell,131114,0,1135507,,1135507,"FARMERS AND MERCHANTS BANCORP, THE",2021,4,549300OHTBYVLLO8NW69,3,The Farmers & Merchants Bank,IN,Lafayette,47901-1301,163
2021,549300AJ6XFK1ACXWQ06,61-0182805,3,845247,845247,Edmonton State Bank,KY,Glasgow,546125,0,1098031,,1098031,"EDMONTON BANCSHARES, INC.",2021,4,549300AJ6XFK1ACXWQ06,3,EDMONTON STATE BANK,KY,GLASGOW,42141,953
2021,549300ZTT08EKQRVTR15,80-0463989,9,693224,693224,Atlantic Union Bank,VA,Richmond,17516056,0,1971693,,1971693,ATLANTIC UNION BANKSHARES CORPORATION,2021,4,549300ZTT08EKQRVTR15,9,Atlantic Union Bank,VA,Richmond,23219,7695
2021,254900KI7219LQKCI772,27-0083757,3,3158546,3158546,First Western Trust Bank,CO,Denver,1241291,0,3189906,,3189906,"FIRST WESTERN FINANCIAL, INC.",2021,4,254900KI7219LQKCI772,3,FIRST WESTERN TRUST BANK,CO,DENVER,80202,3981
2021,549300X844WCY1CCL322,26-1598586,3,3715417,3715417,"GSB MORTGAGE, INC.",TX,GRAPEVINE,-1,2,859552,,1141384,"GREATER SOUTHWEST BANCSHARES, INC.",2021,4,549300X844WCY1CCL322,3,"GSB MORTGAGE, INC.",TX,GRAPEVINE,76051,436
2021,549300HNJRM4GVCEUP46,95-2131131,5,333182,333182,FOOTHILL FEDERAL CREDIT UNION,CA,Arcadia,493091,0,-1,,-1,,2021,4,549300HNJRM4GVCEUP46,5,FOOTHILL FEDERAL CREDIT UNION,CA,ARCADIA,91006,540
2021,549300S8CJG5MSY8BH57,71-0811952,2,2895152,2895152,BANK OF LITTLE ROCK MORTGAGE CORPORATION,AR,LITTLE ROCK,-1,1,1397471,,2617082,"LITTLE ROCK BANKSHARES, INC.",2021,4,549300S8CJG5MSY8BH57,2,BANK OF LITTLE ROCK MORTGAGE CORPORATION,AR,LITTLE ROCK,72223,3063
2021,254900Q9OGO5Z0CLLF57,94-0362029,5,82499,82499,Central State Credit Union,CA,Stockton,-1,0,-1,,-1,,2021,4,254900Q9OGO5Z0CLLF57,5,Central State Credit Union,CA,Stockton,95202,17
2021,25490058TX0QV62WQ461,72-0498240,5,746595,746595,Pelican State Credit Union,LA,Baton Rouge,396478,0,-1,,-1,,2021,4,25490058TX0QV62WQ461,5,PELICAN STATE CREDIT UNION,LA,BATON ROUGE,70816-0000,454
2021,5493005DE3TY0D0PU504,23-0725565,3,854173,854173,INVESTMENT SAVINGS BANK,PA,Altoona,101664,0,-1,,-1,,2021,4,5493005DE3TY0D0PU504,3,Investment Savings Bank,PA,Altoona,16602,110
2021,549300C1YZ5ZORJBI935,74-0619460,3,171768,171768,"SouthStar Bank, S.S.B.",TX,Moulton,815907,0,1107184,,1107184,"SOUTHERN BANCSHARES, INC.",2021,4,549300C1YZ5ZORJBI935,3,SouthStar Bank SSB,TX,Moulton,77975,419
2021,549300VTMXH07KUIB722,46-0224713,5,878674,878674,SERVICE FIRST FEDERAL CREDIT UNION,SD,Sioux Falls,165244,0,-1,,-1,,2021,4,549300VTMXH07KUIB722,5,Service First Federal Credit Union,SD,Sioux Falls,57103-2133,92
2021,549300DOV2RLYPY10B52,43-0691607,3,873259,873259,Mid America Bank,MO,Jefferson City,480087,0,1978151,,1978151,"FRIENDSHIP BANCSHARES, INC.",2021,4,549300DOV2RLYPY10B52,3,Mid America Bank,MO,Jefferson City,65101-8703,458
2021,549300GE8KIGZVQV1223,04-4354554,7,4878485,4878485,MORTGAGE EQUITY PARTNERS LLC,MA,LYNNFIELD,-1,3,-1,,-1,,2021,4,549300GE8KIGZVQV1223,7,MORTGAGE EQUITY PARTNERS LLC,MA,LYNNFIELD,01940,3093
2021,549300JICBJ5KEDP3217,31-1657741,3,2887399,2887399,CenterBank,OH,Milford,224827,0,4415693,,4415693,"CENTERGROUP FINANCIAL, INC.",2021,4,549300JICBJ5KEDP3217,3,CENTERBANK,OH,MILFORD,45150,442
2021,254900XRQ4U9ABU6F580,82-0117415,3,543262,543262,D. L. Evans Bank,ID,Burley,1793987,0,2242523,,2242523,D.L. EVANS BANCORP,2021,4,254900XRQ4U9ABU6F580,3,D. L. EVANS BANK,ID,BURLEY,83318,1992
2021,5493005JPZ3LXXMB0S24,20-3702275,7,3915310,3915310,"FBC MORTGAGE, LLC",FL,NORTH PALM BEACH,-1,3,-1,,-1,,2021,4,5493005JPZ3LXXMB0S24,7,"FBC Mortgage, LLC",FL,Orlando,32801,28656
2021,549300BTFTXJ72LSIY30,22-3048514,7,5163115,5163115,"PINNACLE MORTGAGE, INC.",NJ,EAST HANOVER,-1,3,-1,,-1,,2021,4,549300BTFTXJ72LSIY30,7,Pinnacle Mortgage Inc.,NJ,East Hanover,07936,1284
2021,549300DRA4BDXW23LD45,41-1592297,7,3862384,3862384,"Servion, Inc.",MN,St. Paul,-1,3,-1,,-1,,2021,4,549300DRA4BDXW23LD45,7,Servion,MN,New Brighton,55112,8753
2021,549300VBY3NBKUNMKL64,95-3036119,5,453286,453286,HONDA Federal Credit Union,CA,Torrance,881508,0,-1,,-1,,2021,4,549300VBY3NBKUNMKL64,5,HONDA FEDERAL CREDIT UNION,OH,MARYSVILLE,43040,2157
2021,549300XAHXRVSRML8V19,87-0530005,7,3414765,3414765,"DIRECT MORTGAGE, CORP.",UT,Salt Lake City,-1,3,-1,,-1,,2021,4,549300XAHXRVSRML8V19,7,DIRECT MORTGAGE CORP,UT,Midvale,84047,3276
2021,549300DU662K57XBSH20,62-0630690,5,317397,317397,Memphis City Employees Credit Union,TN,Memphis,333262,0,-1,,-1,,2021,4,549300DU662K57XBSH20,5,Memphis City Employees Credit Union,TN,Memphis,38115,279
2021,549300BHD8N0WSH1Q305,58-0563846,5,107075,107075,POWERCO,GA,Atlanta,168818,0,-1,,-1,,2021,4,549300BHD8N0WSH1Q305,5,Powerco Federal Credit Union,GA,Atlanta,30308,153
2021,254900NZCGMT6517BA94,54-0629628,5,625289,625289,Apple Federal Credit Union,VA,Fairfax,3036714,0,-1,,-1,,2021,4,254900NZCGMT6517BA94,5,APPLE FEDERAL CREDIT UNION,VA,FAIRFAX,22030,3236
2021,549300A0SVCQJPHVGV20,39-0662755,5,855497,855497,ALTRA,WI,ONALASKA,1668081,0,-1,,-1,,2021,4,549300A0SVCQJPHVGV20,5,ALTRA FEDERAL CREDIT UNION,WI,ONALASKA,54650,6378
2021,549300ZVEC9BMHFLTM94,41-0145082,1,685779,685779,RiverWood Bank,MN,Baxter,445320,0,3207613,,3207613,GREAT RIVER HOLDING COMPANY,2021,4,549300ZVEC9BMHFLTM94,1,RiverWood Bank,MN,Baxter,56425,553
2021,549300A03BP6F4DI7N56,37-0646488,5,182072,182072,GCS,IL,Granite City,347221,0,-1,,-1,,2021,4,549300A03BP6F4DI7N56,5,GCS CREDIT UNION,IL,PONTOON BEACH,62040,372
2021,549300TMWSYX6B5ZOK69,61-0288090,3,899343,899343,Wilson & Muir Bank & Trust Company,KY,Bardstown,564599,0,1099122,,1099122,"WILSON & MUIR BANCORP, INC.",2021,4,549300TMWSYX6B5ZOK69,3,Wilson & Muir Bank & Trust Company,KY,Bardstown,40004,722
2021,549300YUZCW5UUIYIL79,62-0526770,5,446699,446699,THE TENNESSEE CREDIT UNION,TN,NASHVILLE,317373,0,-1,,-1,,2021,4,549300YUZCW5UUIYIL79,5,THE TENNESSEE CREDIT UNION,TN,NASHVILLE,37203,242
2021,2549009NMZ1FPA016I77,54-0613421,5,618384,618384,Celco Community Federal Credit Union,VA,Narrows,108847,0,-1,,-1,,2021,4,2549009NMZ1FPA016I77,5,Celco Community Federal Credit Union,VA,Narrows,24124-0361,43
2021,549300NC4WJQGK642G48,66-0223995,7,,-1,COOPERATIVA DE AHORRO Y CREDITO LA PUERTORRIQUEÑA,,San Juan,-1,3,-1,,-1,,2021,4,549300NC4WJQGK642G48,7,Coop. de A/C La Puertorriqueña,PR,San Juan,00921,298
2021,549300W8Q4KZC8LMAV19,63-0980487,3,1222519,1222519,First Metro Bank,AL,Muscle Shoals,684430,0,1980846,,1980846,FIRST METRO BANCORP,2021,4,549300W8Q4KZC8LMAV19,3,First Metro Bank,AL,Muscle Shoals,35661,300
2021,549300SENIFFLVGUHE44,56-0582031,5,570286,570286,FIRST FLIGHT FEDERAL CREDIT UNION,NC,Cary,188352,0,-1,,-1,,2021,4,549300SENIFFLVGUHE44,5,First Flight FCU,NC,Cary,27518,218
2021,5493007D8SNLKCBE4P48,16-0327665,2,414102,414102,Alden State Bank,NY,Alden,344720,0,-1,,-1,,2021,4,5493007D8SNLKCBE4P48,2,ALDEN STATE BANK,NY,ALDEN,14004,324
2021,254900KX4PZDHAK8I871,37-0213051,1,346771,346771,First Federal Savings Bank of Champaign-Urbana,IL,Champaign,172551,0,2507642,,2507642,"GREAT AMERICAN BANCORP, INC.",2021,4,254900KX4PZDHAK8I871,1,First Federal Savings Bank C-U,IL,Champaign,61820,352
2021,549300B92DSVIKGP5T53,36-1241755,3,447070,447070,Hoyne Savings Bank,IL,Chicago,445414,0,3849219,,3293223,"HOYNE SAVINGS, MHC",2021,4,549300B92DSVIKGP5T53,3,HOYNE SAVINGS BANK,IL,CHICAGO,60630,175
2021,549300OEWY869SOVHF18,36-1893340,3,817477,817477,Union Savings Bank,IL,Freeport,154500,0,2887317,,2887296,"UNION BANCSHARES, MHC",2021,4,549300OEWY869SOVHF18,3,UNION SAVINGS BANK,IL,FREEPORT,61032,264
2021,549300Q9TCZDLU48CG18,23-1568331,5,164685,164685,First Commonwealth Federal Credit Union,PA,Bethlehem,781905,0,-1,,-1,,2021,4,549300Q9TCZDLU48CG18,5,FIRST COMMONWEALTH FEDERAL CRE,PA,ALLENTOWN,18106,1124
2021,5493000KQ2PZ8G6VNI80,87-0234218,5,435899,435899,University First Federal Credit Union,UT,Salt Lake City,1174154,0,-1,,-1,,2021,4,5493000KQ2PZ8G6VNI80,5,UNIVERSITY FIRST FCU,UT,SALT LAKE CITY,84158,3235
2021,549300KX4S1573HISS22,95-4267987,7,3896165,3896165,OAKTREE FUNDING CORP.,CA,UPLAND,-1,3,-1,,-1,,2021,4,549300KX4S1573HISS22,7,OAKTREE FUNDING CORP,CA,UPLAND,91786,3483
2021,5493005H3NABV4GMAG85,06-0663293,5,,728199,CONNECTICUT STATE EMPLOYEES,CT,Hartford,1930928,0,-1,,-1,,2021,4,5493005H3NABV4GMAG85,5,"CSE CREDIT UNION, INC.",CT,HARTFORD,06105,1010
2021,254900C44LTMSEGQ5K05,11-1814791,5,932286,932286,ISLAND,NY,Hauppauge,1527006,0,-1,,-1,,2021,4,254900C44LTMSEGQ5K05,5,Island Federal Credit Union,NY,Hauppauge,11788,870
2021,254900KLRON8YJD2EN33,84-0526937,5,475091,475091,Weld Community Credit Union,CO,Greeley,-1,0,-1,,-1,,2021,4,254900KLRON8YJD2EN33,5,Weld Community Credit Union,CO,Greeley,80634-3722,45
2021,549300FN26DK7DGUPD51,38-2113597,2,715340,715340,West Michigan Community Bank,MI,Hudsonville,595821,0,2958990,,2958990,"NORTHSTAR FINANCIAL GROUP, INC.",2021,4,549300FN26DK7DGUPD51,2,West Michigan Community Bank,MI,Hudsonville,49426,433
2021,2549004FXPNKCLIN8250,84-2764875,7,,-1,"S1L, Inc.",DE,Wilmington,-1,3,-1,,-1,,2021,4,2549004FXPNKCLIN8250,7,SYNERGY ONE LENDING,CA,SAN DIEGO,92108,15855
2021,549300XCVBRR56D08F03,34-1633105,7,3837494,3837494,RESIDENTIAL BANCORP.,OH,CANTON,-1,3,-1,,-1,,2021,4,549300XCVBRR56D08F03,7,"MISSION LOANS, LLC",OH,NORTH CANTON,44720,16323
2021,549300GDBIZCOI6TMO49,27-3863726,7,4533645,4533645,ANGEL OAK HOME LOANS LLC,GA,ATLANTA,-1,3,-1,,-1,,2021,4,549300GDBIZCOI6TMO49,7,ANGEL OAK HOME LOANS LLC,GA,ATLANTA,30328,12317
2021,254900RKKWUZX0NEH310,43-0169830,3,825548,825548,Community State Bank of Missouri,MO,Bowling Green,240892,0,-1,,-1,,2021,4,254900RKKWUZX0NEH310,3,Community State Bank of Missouri,MO,Bowling Green,63334,225
2021,254900C0V7P5V6VLDD08,48-0686433,5,568788,568788,SM Federal Credit Union,KS,Mission,66155,0,-1,,-1,,2021,4,254900C0V7P5V6VLDD08,5,SM FEDERAL CREDIT UNION,KS,MISSION,66201,81
2021,254900ZHQ3HT9DN8GB42,59-0724728,5,91482,91482,Eglin Federal Credit Union,FL,Fort Walton Beach,2051194,0,-1,,-1,,2021,4,254900ZHQ3HT9DN8GB42,5,EGLIN FEDERAL CREDIT UNION,FL,FORT WALTON BEACH,32547,462
2021,549300O6Z0I6KYMESL47,95-4539084,7,3897788,3897788,AMWEST FUNDING CORP.,CA,BREA,-1,3,-1,,-1,,2021,4,549300O6Z0I6KYMESL47,7,AmWest Funding Corp,CA,Brea,92821,26314
2021,549300684I276INJKK63,72-0711760,3,935559,935559,Southern Heritage Bank,LA,Jonesville,305455,0,4346676,,4346676,"SHB BANCORP, INC.",2021,4,549300684I276INJKK63,3,Southern Heritage Bank,LA,Jonesville,71343,367
2021,549300PZP3UHKYJ5ET63,73-0560023,5,220590,220590,Tinker Federal Credit Union,OK,Oklahoma City,4228679,0,-1,,-1,,2021,4,549300PZP3UHKYJ5ET63,5,TINKER FEDERAL CREDIT UNION,OK,OKLAHOMA CITY,73108,2363
2021,549300GMYQSCNQRCBL04,41-0313750,5,940197,940197,HIWAY,MN,Saint Paul,1237913,0,-1,,-1,,2021,4,549300GMYQSCNQRCBL04,5,HIWAY CREDIT UNION,MN,SAINT PAUL,55103,2177
2021,254900YSYHBYDFRVT153,23-7247091,5,53097,53097,"Pathways Financial Credit Union, Inc.",OH,Columbus,414199,0,-1,,-1,,2021,4,254900YSYHBYDFRVT153,5,PATHWAYS FINANCIAL CREDIT UNION,OH,COLUMBUS,43230,607
2021,5493000LJB0L73TDJT41,71-0014514,1,864846,864846,First National Bank of North Arkansas,AR,Berryville,202865,0,2197548,,2027412,FIRST NATIONAL BANK OF NORTH ARKANSAS EMPLOYEE STOCK OWNERSHIP TRUST,2021,4,5493000LJB0L73TDJT41,1,First National Bank of North Arkansas,AR,Berryville,72616,195
2021,549300U18MOAH5F95P15,72-0433727,5,861676,861676,EFCU FINANCIAL,LA,Baton Rouge,540754,0,-1,,-1,,2021,4,549300U18MOAH5F95P15,5,EFCU Financial Federal Credit Union,LA,Baton Rouge,70816,250
2021,254900S293MIVH34PR45,36-1559567,1,375379,375379,North Side Federal Savings and Loan Association of Chicago,IL,Chicago,41042,0,-1,,-1,,2021,4,254900S293MIVH34PR45,1,North Side Federal Savings,IL,Chicago,60640,23
2021,549300512TZWD1YUA619,58-0664019,5,1000388,1000388,Coosa Valley Credit Union,GA,Rome,352247,0,-1,,-1,,2021,4,549300512TZWD1YUA619,5,Coosa Valley Credit Union,GA,Rome,30165,228
2021,6PTKHDJ8HDUF78PFWH30,36-1561860,9,210434,210434,The Northern Trust Company,IL,Chicago,135885433,0,1199611,,1199611,NORTHERN TRUST CORPORATION,2021,4,6PTKHDJ8HDUF78PFWH30,9,The Northern Trust Company,IL,Chicago,60603,931
2021,5493001GAASLCSP1PB64,31-1253766,1,99376,99376,"NATIONAL COOPERATIVE BANK, N.A.",OH,Hillsboro,2695854,0,3857308,,2398082,NATIONAL CONSUMER COOPERATIVE BANK,2021,4,5493001GAASLCSP1PB64,1,"NATIONAL COOPERATIVE BANK, N.A.",OH,HILLSBORO,45133,1563
2021,549300KZC4KKV3F7W494,94-1448021,5,280688,280688,BAY,CA,Capitola,1103546,0,-1,,-1,,2021,4,549300KZC4KKV3F7W494,5,BAY FEDERAL CREDIT UNION,CA,CAPITOLA,95010,1310
2021,549300RP0N2VARTRFQ77,39-0792568,3,955753,955753,River Falls State Bank,WI,River Falls,91788,0,2519805,"RIVER FALLS BANCSHARES, INC.",2519805,"RIVER FALLS BANCSHARES, INC.",2021,4,549300RP0N2VARTRFQ77,3,River Falls State Bank,WI,River Falls,54022,167
2021,2549007G9V4FYWWWDZ31,42-1554463,7,,-1,Acre Mortgage & Financial Inc. ,,,-1,-1,-1,,-1,,2021,4,2549007G9V4FYWWWDZ31,7,ACRE MORTGAGE & FINANCIAL INC,NJ,MARLTON,08053,1310
2021,549300UXCRU4C6HBN492,43-1560124,7,,-1,"FCS Financial, FLCA",MO,Jefferson City,-1,3,-1,,-1,,2021,4,549300UXCRU4C6HBN492,7,FCS Financial FLCA,MO,Jefferson City,65101,234
2021,549300RUKY2I2HQ2AI44,11-2433592,5,405388,405388,POLISH & SLAVIC FEDERAL CREDIT UNION,NY,New York,2068242,0,-1,,-1,,2021,4,549300RUKY2I2HQ2AI44,5,POLISH & SLAVIC FEDERAL CREDIT,NY,BROOKLYN,11222,1267
2021,5493003H8ECZKN77IZ88,39-0734270,3,290249,290249,Waukesha State Bank,WI,Waukesha,1027190,0,5149043,,5149043,BANK STREET CAPITAL CORPORATION,2021,4,5493003H8ECZKN77IZ88,3,WAUKESHA STATE BANK,WI,WAUKESHA,53187-0648,1951
2021,549300200TL6RMY5ZN25,39-0183840,2,517441,517441,The Bank of Brodhead,WI,Brodhead,155323,0,5371853,,5371853,"BRODHEAD BANCSHARES, INC.",2021,4,549300200TL6RMY5ZN25,2,Bank of Brodhead,WI,Brodhead,53520,184
2021,254900KE9OJJUH139Q12,36-1694689,3,325534,325534,Byron Bank,IL,Byron,271693,0,1203107,,1203107,"BYRON BANCSHARES, INC.",2021,4,254900KE9OJJUH139Q12,3,Byron Bank,IL,Byron,61010,659
2021,549300N4B8DUNK34FL02,24-0857756,5,573586,573586,PENN STATE,PA,Bellefonte,-1,0,-1,,-1,,2021,4,549300N4B8DUNK34FL02,5,Penn State Federal Credit Union,PA,State College,16803,207
2021,5493006LH4LKHY2EIN26,16-0621150,2,601416,601416,Five Star Bank,NY,Warsaw,4346616,0,1032464,,1032464,"FINANCIAL INSTITUTIONS, INC.",2021,4,5493006LH4LKHY2EIN26,2,Five Star Bank,NY,Warsaw,14569,1901
2021,549300SE6YAYK0PZZR74,82-0398499,3,300960,300960,Bank of Idaho,ID,Idaho Falls,405330,0,2561671,,2561671,BANK OF IDAHO HOLDING CO.,2021,4,549300SE6YAYK0PZZR74,3,Bank of Idaho,ID,Idaho Falls,83403,836
2021,G5AHTAP80NWA3Q8RDC78,74-0635455,9,682563,682563,Frost Bank,TX,San Antonio,34105305,0,1102367,,1102367,"CULLEN/FROST BANKERS, INC.",2021,4,G5AHTAP80NWA3Q8RDC78,9,FROST BANK,TX,SAN ANTONIO,78205,11053
2021,254900T0CZ8ZKC5R7A88,43-0380225,3,865151,865151,LEGENDS BANK,MO,Linn,394059,0,1119271,,1119271,LINN HOLDING COMPANY,2021,4,254900T0CZ8ZKC5R7A88,3,Legends Bank,MO,Linn,65051,194
2021,549300CGVVMPTCK0QG77,21-0744759,5,151881,151881,ABCO Federal Credit Union,NJ,Willingboro,198351,0,-1,,-1,,2021,4,549300CGVVMPTCK0QG77,5,ABCO FCU,NJ,Rancocas,08046,328
2021,549300QWOZZB97053F11,26-4507534,7,,-1,"KELLEY MORTGAGE, LLC",TN,COLUMBIA,-1,3,-1,,-1,,2021,4,549300QWOZZB97053F11,7,"Kelley Mortgage, LLC",TN,Columbia,38401,92
2021,549300G5JZD1PBR8EH75,54-6037776,5,661278,661278,Bronco Federal Credit Union,VA,Franklin,182041,0,-1,,-1,,2021,4,549300G5JZD1PBR8EH75,5,Bronco Federal Credit Union,VA,Franklin,23851,146
2021,5493007US5XO6WCOMQ49,36-2440502,3,955548,955548,SENB Bank,IL,Moline,298401,0,1203161,,1203161,MCLAUGHLIN HOLDING COMPANY,2021,4,5493007US5XO6WCOMQ49,3,SENB BANK,IL,MOLINE,61265,527
2021,549300YHKDUKPJGRPK46,95-1812302,5,30098,30098,SAFE 1 CREDIT UNION,CA,Bakersfield,652808,0,-1,,-1,,2021,4,549300YHKDUKPJGRPK46,5,Safe 1 Credit Union,CA,Bakersfield,93311,323
2021,5493007ZX1MGMF18FN43,58-0382310,3,,272030,The Peoples Bank of Georgia,GA,Talbotton,88766,0,-1,,-1,,2021,4,5493007ZX1MGMF18FN43,3,THE PEOPLES BANK OF GEORGIA,GA,TALBOTTON,31827,235
2021,549300HGDJQ37M5BE268,37-0274319,1,925037,925037,"INB, National Association",IL,Springfield,1156171,0,1208054,,1208054,"ILLINOIS NATIONAL BANCORP, INC.",2021,4,549300HGDJQ37M5BE268,1,"INB, NATIONAL ASSOCIATION",IL,SPRINGFIELD,62701,2167
2021,549300FJ9SHI3GDB7327,72-0504073,3,114774,114774,Abbeville Building & Loan (A State-Chartered Savings Bank),LA,Abbeville,55111,0,-1,,-1,,2021,4,549300FJ9SHI3GDB7327,3,Abbeville Building & Loan,LA,Abbeville,70511,715
2021,549300I4IUWMEMGLST06,75-6233226,3,729178,729178,"Cypress Bank, SSB",TX,Pittsburg,190310,0,3823974,,3823974,"CYPRESS BANCSHARES, INC.",2021,4,549300I4IUWMEMGLST06,3,CYPRESS BANK STATE SAVINGS BANK,TX,PITTSBURG,75686,209
2021,5493006TJ2N1MYD0XD45,75-1829272,1,293053,293053,Community National Bank,TX,Midland,1435230,0,2868950,,2868950,"MIDLAND BANCSHARES, INC.",2021,4,5493006TJ2N1MYD0XD45,1,COMMUNITY NATIONAL BANK,TX,MIDLAND,79701-4414,469
2021,5493001CM06UK2XY3I18,23-2695702,5,253981,253981,FRANKLIN MINT,PA,Chadds Ford Township,1194144,0,-1,,-1,,2021,4,5493001CM06UK2XY3I18,5,FRANKLIN MINT FEDERAL CREDIT UNION,PA,CHADDS FORD,19317,1038
2021,254900MWCJLSHMSYCL19,14-6077731,5,193180,193180,TEG Federal Credit Union,NY,Poughkeepsie,305532,0,-1,,-1,,2021,4,254900MWCJLSHMSYCL19,5,TEG Federal Credit Union,NY,Poughkeepsie,12603,621
2021,549300T7J3E2UGY5GL15,39-1767726,7,4183479,4183479,"INLANTA MORTGAGE, INC.",WI,PEWAUKEE,-1,3,-1,,-1,,2021,4,549300T7J3E2UGY5GL15,7,"INLANTA MORTGAGE, INC.",WI,PEWAUKEE,53072,10060
2021,5493004WQK3PHW1SDP63,73-0242140,3,,129358,VALOR BANK,OK,Edmond,100086,0,1056723,,1056723,FIRST OF GRANDFIELD CORPORATION,2021,4,5493004WQK3PHW1SDP63,3,Valor Bank,OK,Edmond,73013,1018
2021,5493002B2WMHY23GFK92,22-3554558,7,4184793,4184793,"AMERICAN FINANCIAL RESOURCES, INC.",NJ,Parsippany-Troy Hills,-1,3,-1,,-1,,2021,4,5493002B2WMHY23GFK92,7,AMERICAN FINANCIAL RESOURCES,NJ,PARSIPPANY,07054,12147
2021,254900YA1AQXNM8QVZ06,80-0312140,7,3913099,3913099,"WALKER & DUNLOP, LLC",DE,Wilmington,-1,3,-1,,-1,,2021,4,254900YA1AQXNM8QVZ06,7,"WALKER & DUNLOP, LLC",MD,BETHESDA,20814-5007,1307
2021,2549004G86NS7ZIP2L97,47-0098010,2,348159,348159,Bank of Bennington,NE,Bennington,146785,0,1062126,,4459754,"BBIG HOLDINGS, LLC",2021,4,2549004G86NS7ZIP2L97,2,i3 Bank,NE,Bennington,68007,205
2021,549300O1ESL3X18LPG95,95-1185803,5,471196,471196,California Coast Credit Union,CA,San Diego,2643806,0,-1,,-1,,2021,4,549300O1ESL3X18LPG95,5,CALIFORNIA COAST CREDIT UNION,CA,SAN DIEGO,92150,2584
2021,54930024L8BYJXUEP897,66-0669989,7,3873120,3873120,HOME MORTGAGE BANKERS CORP.,,Carolina,-1,3,-1,,-1,,2021,4,54930024L8BYJXUEP897,7,Home Mortgage Bankers,PR,Carolina,00983,361
2021,5493008CPTDVOS570626,34-0573493,9,915878,915878,Third Federal Savings and Loan Association of Cleveland,OH,Cleveland,14789845,0,3828045,,3828036,"THIRD FEDERAL SAVINGS AND LOAN ASSOCIATION OF CLEVELAND, MHC",2021,4,5493008CPTDVOS570626,9,Third Federal Savings and Loan,OH,Cleveland,44105,60110
2021,549300BR405NK5WS2370,36-1695055,5,,378099,ROCKFORD BELL CREDIT UNION,IL,LOVES PARK,31328,0,-1,,-1,,2021,4,549300BR405NK5WS2370,5,Rockford Bell Credit Union,IL,Loves Park,61111,41
2021,549300EM6UG8HE3P8U74,94-0755684,5,461496,461496,PATELCO,CA,Pleasanton,7290553,0,-1,,-1,,2021,4,549300EM6UG8HE3P8U74,5,PATELCO CREDIT UNION,CA,DUBLIN,94568,10137
2021,549300K6K2IS7FRS7S09,44-0373310,1,211271,211271,"North American Savings Bank, F.S.B.",MO,Grandview,2503779,0,3841941,,3841941,"NASB FINANCIAL, INC.",2021,4,549300K6K2IS7FRS7S09,1,North American Savings Bank,MO,Grandview,64030,26262
2021,549300Q02LGIN9AXKP98,23-7062675,5,709787,709787,FIRST TECHNOLOGY,CA,San Jose,13110529,0,-1,,-1,,2021,4,549300Q02LGIN9AXKP98,5,First Technology Credit Union,OR,Beaverton,97075-2100,18134
2021,549300C5GU86M1X2DG56,61-0153605,3,1007015,1007015,Central Bank & Trust Company,KY,Lexington,2762148,0,2158156,,2158156,"CENTRAL BANCSHARES, INC.",2021,4,549300C5GU86M1X2DG56,3,CENTRAL BANK & TRUST CO,KY,LEXINGTON,40588-1360,3273
2021,549300NP3DNB1K9Z8513,21-0628526,5,770095,770095,CREDIT UNION OF NEW JERSEY,NJ,Ewing,345077,0,-1,,-1,,2021,4,549300NP3DNB1K9Z8513,5,CREDIT UNION OF NEW JERSEY,NJ,EWING,08628,373
2021,549300VEIFZEX6HJVA94,74-6043196,5,262684,262684,CHOCOLATE BAYOU COMMUNITY FEDERAL CREDIT UNION,TX,Alvin,121988,0,-1,,-1,,2021,4,549300VEIFZEX6HJVA94,5,Chocolate Bayou Community FCU,TX,Alvin,77511,105
2021,549300B2JJHSM77T5Y41,46-3525878,7,5082681,5082681,LIBERTY HOME MORTGAGE CORPORATION,OH,ST MARYS,-1,3,-1,,-1,,2021,4,549300B2JJHSM77T5Y41,7,LIBERTY HOME MORTGAGE CORP,OH,INDEPENDENCE,44131,6458
2021,549300UVOSI4XZZGUE14,86-1092244,7,3877641,3877641,"VERITAS FUNDING, LLC",UT,MIDVALE,-1,3,-1,,-1,,2021,4,549300UVOSI4XZZGUE14,7,"Veritas Funding, LLC",UT,Midvale,84047,4815
2021,549300Q4S6BX5BFNR019,84-0402825,5,740575,740575,CREDIT UNION OF THE ROCKIES,CO,Golden,96805,0,-1,,-1,,2021,4,549300Q4S6BX5BFNR019,5,CU OF THE ROCKIES,CO,Golden,80402,93
2021,5493003K18C4JU5UJ328,91-0383363,3,768074,768074,First Financial Northwest Bank,WA,Renton,1341968,0,3843628,,3843628,"FIRST FINANCIAL NORTHWEST, INC.",2021,4,5493003K18C4JU5UJ328,3,First Financial Northwest Bank,WA,Renton,98057,252
2021,549300L8ZRL1FNUUOA59,46-1043031,7,,-1,"READYCAP COMMERCIAL, LLC",DE,WILMINGTON,-1,3,-1,,-1,,2021,4,549300L8ZRL1FNUUOA59,7,ReadyCap Commercial LLC,TX,Irving,75038,320
2021,5493007K6HGI9G0ECX16,95-4340199,3,1918344,1918344,Preferred Bank,CA,Los Angeles,4630165,0,-1,,-1,,2021,4,5493007K6HGI9G0ECX16,3,Preferred Bank,CA,Los Angeles,90017,248
2021,5493000F6NFDOVVZP043,41-2181683,3,3597930,3597930,"FIRST STATE MORTGAGE SERVICES, LLC",IL,MENDOTA,-1,2,-1,,1139345,"TRI-COUNTY FINANCIAL GROUP, INC.",2021,4,5493000F6NFDOVVZP043,3,"FIRST STATE MORTGAGE SERVICES, LLC",IL,BLOOMINGTON,61704,3937
2021,COOWI3L2W9TPYR3WJX37,62-0201385,9,485559,485559,First Horizon Bank,TN,Memphis,43126164,0,1094640,,1094640,FIRST HORIZON CORPORATION,2021,4,COOWI3L2W9TPYR3WJX37,9,FIRST HORIZON BANK,TN,MEMPHIS,38103,30235
2021,5493005U6VKOSGHRA756,52-0309468,3,105026,105026,The Farmers Bank of Willards,MD,Willards,389485,0,-1,,-1,,2021,4,5493005U6VKOSGHRA756,3,The Farmers Bank of Willards,MD,Willards,21874,270
2021,549300HVPIN7YD1REF28,91-1840442,3,2661861,2661861,People's Bank of Commerce,OR,Medford,370174,0,-1,,-1,,2021,4,549300HVPIN7YD1REF28,3,PEOPLE'S BANK OF COMMERCE,OR,MEDFORD,97504,454
2021,549300ZY6PRWY54O6995,47-1997371,9,,-1,"CAPITAL PLUS FINANCIAL, LLC",TX,BEDFORD,-1,3,-1,,-1,,2021,4,549300ZY6PRWY54O6995,9,Capital Plus Financial,TX,Bedford,76021,140
2021,549300GCEUZLVML1J263,04-3483190,7,3868582,3868582,RADIUS FINANCIAL GROUP INC.,MA,NORWELL,-1,3,-1,,-1,,2021,4,549300GCEUZLVML1J263,7,Radius Financial Group Inc,MA,Norwell,02061,4810
2021,549300XB72WCLQVIHN50,04-1020315,5,424594,424594,Alden Credit Union,MA,Chicopee,148245,0,-1,,-1,,2021,4,549300XB72WCLQVIHN50,5,ALDEN CREDIT UNION,MA,CHICOPEE,01020,247
2021,5493001I9VOT1BTB5V75,38-1480245,5,764599,764599,BlueOx Credit Union,MI,Battle Creek,179408,0,-1,,-1,,2021,4,5493001I9VOT1BTB5V75,5,BlueOx Credit Union,MI,Battle Creek,49068,258
2021,549300SZBQMYMAL3OM08,04-3395834,3,619701,619701,Avidia Bank,MA,Hudson,1668741,0,2465528,,2465528,ASSABET VALLEY BANCORP,2021,4,549300SZBQMYMAL3OM08,3,Avidia Bank,MA,Hudson,01749,728
2021,5493007BBMW58UQT5588,71-0231333,3,466240,466240,First Arkansas Bank and Trust,AR,Jacksonville,789777,0,1096550,,1096550,"FIRST ARKANSAS BANCSHARES, INC.",2021,4,5493007BBMW58UQT5588,3,First Arkansas Bank and Trust,AR,Jacksonville,72076,111
2021,549300O1FOCD65WZ9873,72-0401264,1,517674,517674,First Federal Bank of Louisiana,LA,Lake Charles,897174,0,-1,,-1,,2021,4,549300O1FOCD65WZ9873,1,FIRST FEDERAL BANK OF LOUISIAN,LA,LAKE CHARLES,70601,435
2021,549300AY1W8F91VLTB05,52-0627114,5,218597,218597,"STATE EMPLOYEES CREDIT UNION OF MARYLAND, INCORPORATED",MD,LUTHERVILLE TIMONIUM,3774676,0,-1,,-1,,2021,4,549300AY1W8F91VLTB05,5,STATE EMP CREDIT UNION OF MD,MD,LINTHICUM,21090,9580
2021,B94HV8SXGDD3J5XESU08,36-1577458,1,936136,936136,Old Second National Bank,IL,Aurora,2632912,0,1206911,,1206911,"OLD SECOND BANCORP, INC.",2021,4,B94HV8SXGDD3J5XESU08,1,Old Second National Bank,IL,Aurora,60506,1529
2021,549300J0CKZA0PR2DX58,23-0641835,3,557317,557317,The Gratz Bank,PA,Gratz,372273,0,1140640,,1140640,"GNB FINANCIAL SERVICES, INC.",2021,4,549300J0CKZA0PR2DX58,3,The Gratz Bank,PA,Gratz,17030,352
2021,5493002ONSVZNJT6QU36,54-0132580,2,781028,781028,Essex Bank,VA,Richmond,1431111,0,3687046,,3687046,COMMUNITY BANKERS TRUST CORPORATION,2021,4,5493002ONSVZNJT6QU36,2,ESSEX BANK,WV,MORGANTOWN,26505,563
2021,5493001LCP9RF6ADEZ78,75-0641890,1,614368,614368,First National Bank and Trust Company of Weatherford,TX,Weatherford,244245,-1,1105751,"FIRST BAIRD BANCSHARES, INC.",1105751,"FIRST BAIRD BANCSHARES, INC.",2021,4,5493001LCP9RF6ADEZ78,1,First National Bank and Trust Company of Weatherford,TX,Weatherford,76086,177
2021,2549007UK2BZOOSF6C76,64-0322079,3,718145,718145,First Security Bank,MS,Batesville,580035,0,1098509,,1098509,SECURITY CAPITAL CORPORATION,2021,4,2549007UK2BZOOSF6C76,3,First Security Bank,MS,Batesville,38606,302
2021,254900620TR9OUE6OJ65,42-6098592,5,509893,509893,N.W. Iowa Credit Union,IA,Le Mars,54854,0,-1,,-1,,2021,4,254900620TR9OUE6OJ65,5,N.W. Iowa Credit Union,IA,LeMars,51031,62
2021,549300HD2NONVMCRN332,20-8549934,7,3954869,3954869,"HALLMARK HOME MORTGAGE, LLC",IN,FORT WAYNE,-1,3,-1,,-1,,2021,4,549300HD2NONVMCRN332,7,"Hallmark Home Mortgage, LLC",IN,Fort Wayne,46825,5609
2021,5493005SBCJ71Z4XVY11,36-2304516,3,804338,804338,First Bank of Highland Park,IL,Highland Park,1863851,0,1205398,,1205398,FIRST BANK CHICAGO CORP.,2021,4,5493005SBCJ71Z4XVY11,3,FIRST BANK OF HIGHLAND PARK,IL,HIGHLAND PARK,60035,36
2021,549300VHSPIDK7A5D559,68-0572881,5,3862432,3862432,"CU MORTGAGE DIRECT, LLC",SD,SIOUX FALLS,-1,1,-1,,-1,,2021,4,549300VHSPIDK7A5D559,5,"CU MORTGAGE DIRECT, LLC",SD,SIOUX FALLS,57108,1186
2021,5493008ICL5D7TS4CI35,20-5799048,5,4320603,4320603,"SUPERIOR FINANCIAL SOLUTIONS, LLC",OH,LIMA,-1,3,-1,,-1,,2021,4,5493008ICL5D7TS4CI35,5,SUPERIOR FINANCIAL SOLUTIONS,OH,LIMA,45807,824
2021,549300DX0B304LAKUN93,43-1901144,7,4437257,4437257,JLB CORPORATION,MO,Clayton,-1,3,-1,,-1,,2021,4,549300DX0B304LAKUN93,7,JLB Corp dba Golden Oak Lending,MO,St. Louis,63146,10212
2021,549300FK3AFCFVAPH234,04-3557920,1,3109146,3109146,"Leader Bank, National Association",MA,Arlington,1583299,0,3439236,,3439236,"LEADER BANCORP, INC",2021,4,549300FK3AFCFVAPH234,1,Leader Bank NA,MA,Arlington,02474,14764
2021,549300JVXDPLF4P32H95,42-0839178,2,790543,790543,Community State Bank,IA,Ankeny,854727,0,2125813,,2125813,"QCR HOLDINGS, INC.",2021,4,549300JVXDPLF4P32H95,2,COMMUNITY STATE BANK,IA,ANKENY,50023,220
2021,5493006OZEG7DK77IP05,64-0179401,5,751692,751692,NAVIGATOR CU,MS,Pascagoula,328794,0,-1,,-1,,2021,4,5493006OZEG7DK77IP05,5,Navigator Credit Union,MS,Pascagoula,39568,185
2021,549300U1BTGE4PJ8EK24,34-0908500,5,201384,201384,STARK FEDERAL CREDIT UNION,OH,Canton,129225,0,-1,,-1,,2021,4,549300U1BTGE4PJ8EK24,5,Stark Federal Credit Union,OH,Canton,44720,166
2021,549300QQ8FVN501MZL94,23-0916895,1,1007417,1007417,First National Bank and Trust Company of Newtown,PA,Newtown,951799,0,1117491,,1117491,"FNB BANCORP, INC.",2021,4,549300QQ8FVN501MZL94,1,First National Bank and Trust,PA,Newtown,18940,172
2021,549300EMNQ2QLOEPQ289,75-1103106,1,339072,339072,"Colonial Savings, F.A.",TX,Fort Worth,1065955,0,3816677,,4264789,"JED TRUST, THE",2021,4,549300EMNQ2QLOEPQ289,1,Colonial Savings,TX,Fort Worth,76102,9541
2021,549300Z8EM6P4IUIYG50,11-3809585,1,3588424,3588424,"Waterford Bank, N.A.",OH,Toledo,772547,0,3588415,,3588415,"WATERFORD BANCORP, INC.",2021,4,549300Z8EM6P4IUIYG50,1,"WATERFORD BANK, N.A.",OH,TOLEDO,43617,433
2021,549300NZWZUYUWEOA562,35-6022541,5,926388,926388,Elements Financial Federal Credit Union,IN,Indianapolis,1687713,0,-1,,-1,,2021,4,549300NZWZUYUWEOA562,5,ELEMENTS FINANCIAL FEDERAL CU,IN,INDIANAPOLIS,46202,3263
2021,549300I0ICF6REKHOC74,45-3143795,7,45-3143795,-1,"DIRECT MORTGAGE LOANS, LLC",MD,HUNT VALLEY,-1,3,-1,,-1,,2021,4,549300I0ICF6REKHOC74,7,"Direct Mortgage Loans, LLC",MD,Hunt Valley,21031,3537
2021,549300VBSEU7L0HIUP28,54-0132390,3,759625,759625,Bank of Botetourt,VA,Roanoke,492817,0,-1,,-1,,2021,4,549300VBSEU7L0HIUP28,3,BANK OF BOTETOURT,VA,BUCHANAN,24066,192
2021,549300D1HSIL40QWFS52,75-2540628,1,4344878,4344878,CNB COMMUNITY DEVELOPMENT CORPORATION,TX,HENDERSON,-1,1,56351,,1917600,"VERABANK, INC.",2021,4,549300D1HSIL40QWFS52,1,VERABANK COMMUNITY DEVELOPMENT CORPORATION,TX,HENDERSON,75653-1009,8
2021,254900WAN5TOEYBJJR25,74-1288659,5,834885,834885,United Heritage Credit Union,TX,Austin,1076815,0,-1,,-1,,2021,4,254900WAN5TOEYBJJR25,5,United Heritage Credit Union,TX,Austin,78758,124
2021,2549007S3Y4859VJ1444,34-4239952,1,207470,207470,First Federal Bank of Ohio,OH,Galion,239606,0,-1,,-1,,2021,4,2549007S3Y4859VJ1444,1,First Federal Bank of Ohio,OH,Galion,44833,349
2021,549300IVS7RAU1H3GS10,75-1058562,3,917555,917555,UBank,TX,Huntington,245480,0,1109601,,1109601,"HUNTINGTON BANCSHARES, INC.",2021,4,549300IVS7RAU1H3GS10,3,Ubank,TX,Tyler,75703,124
2021,549300ZPSJZO10ZAX556,26-2301259,7,,-1,"AMERICAN HERITAGE LENDING, INC.",CA,COSTA MESA,-1,3,-1,,-1,,2021,4,549300ZPSJZO10ZAX556,7,"American Heritage Lending, LLC",CA,Irvine,92612,123
2021,254900FDPG829O6VBB05,20-1083350,7,,-1,Eastside Funding LLC,,,-1,-1,-1,,-1,,2021,4,254900FDPG829O6VBB05,7,Eastside Funding LLC,WA,Kirkland,98033,833
2021,54930069UB3VEGAQ9661,20-2960984,3,3356191,3356191,Bryant Bank,AL,Tuscaloosa,1839058,0,-1,,-1,,2021,4,54930069UB3VEGAQ9661,3,BRYANT BANK,AL,TUSCALOOSA,35406,973
2021,549300B63HUNVIWL5V50,39-1739126,1,2051127,2051127,American National Bank - Fox Cities,WI,Appleton,301912,0,2716640,,2716640,"AMERICAN NATIONAL BANCORP, INC.",2021,4,549300B63HUNVIWL5V50,1,American National Bank Fox Cities,WI,Appleton,54911,103
2021,213800K8DDKEL9X4OK57,37-0399785,3,382649,382649,FIRST SOUTHERN BANK.,IL,MARION,682935,0,2603450,,2603450,"MIDWEST COMMUNITY BANCSHARES, INC.",2021,4,213800K8DDKEL9X4OK57,3,First Southern Bank,IL,Marion,62959,367
2021,5493001LHLYJE6PHUL18,56-1366219,2,590220,590220,Uwharrie Bank,NC,Albemarle,654585,0,2082532,,2082532,UWHARRIE CAPITAL CORP,2021,4,5493001LHLYJE6PHUL18,2,UWHARRIE BANK,NC,ALBEMARLE,28002,1602
2021,549300S46DHLT3EQ9F05,41-0190810,3,279954,279954,Citizens Alliance Bank,MN,Clara City,847122,0,1128134,,1128134,"FORSTROM BANCORPORATION, INC.",2021,4,549300S46DHLT3EQ9F05,3,CITIZENS ALLIANCE BANK,MN,CLARA CITY,56222,272
2021,FVPV0TNOIM6NUIE59530,26-4382801,9,3918898,3918898,"CIT Bank, National Association",CA,Pasadena,45268906,0,1036967,,1036967,CIT GROUP INC.,2021,4,FVPV0TNOIM6NUIE59530,9,CIT BANK N.A.,CA,Pasadena,91103,3480
2021,549300PMVNBERP6TB157,88-0063564,5,863988,863988,ONE NEVADA CREDIT UNION,NV,Las Vegas,953920,0,-1,,-1,,2021,4,549300PMVNBERP6TB157,5,ONE NEVADA CREDIT UNION,NV,LAS VEGAS,89121,2052
2021,254900QIPUZ7PAK59X63,42-0463300,2,968249,968249,Peoples Bank,IA,Clive,341175,0,1210730,,1210730,RIGLER INVESTMENT COMPANY,2021,4,254900QIPUZ7PAK59X63,2,Peoples Bank,IA,Adel,50003,311
2021,549300SFG15JDKI5MD22,64-0134513,3,121642,121642,BankPlus,MS,Belzoni,2971297,0,1097306,,1097306,BANCPLUS CORPORATION,2021,4,549300SFG15JDKI5MD22,3,BANKPLUS,MS,RIDGELAND,39157,4105
2021,549300B3O78O3WRVJJ49,32-0256611,3,3612525,3612525,Level One Bank,MI,Farmington Hills,1582399,0,3612543,,3612543,"LEVEL ONE BANCORP, INC.",2021,4,549300B3O78O3WRVJJ49,3,Level One Bank,MI,Farmington Hills,48334,2598
2021,549300RXHLK3XT6SD946,74-1034487,3,45560,45560,Jefferson Bank,TX,San Antonio,1954112,0,1109290,,1109290,"JEFFERSON BANCSHARES, INC.",2021,4,549300RXHLK3XT6SD946,3,JEFFERSON BANK,TX,SAN ANTONIO,78201,983
2021,549300PIL8LFAQ04XC20,37-1801711,7,,-1,"SPRING EQ, LLC",DE,WILMINGTON,-1,3,-1,,-1,,2021,4,549300PIL8LFAQ04XC20,7,"SPRING EQ, LLC",PA,PHILADELPHIA,19104,33925
2021,54930078TNN7GKZ7NU89,52-1377663,1,538473,538473,"Presidential Bank, FSB",MD,Bethesda,617208,0,-1,,3917051,CLEVELAND FAMILY GENERATIONAL TRUST I,2021,4,54930078TNN7GKZ7NU89,1,"Presidential Bank, FSB",MD,Bethesda,20814,5160
2021,549300F8C5JA44WNMI75,27-2389039,7,4437873,4437873,AMERICAN NEIGHBORHOOD MORTGAGE ACCEPTANCE COMPANY LLC,DE,DOVER,-1,3,-1,,-1,,2021,4,549300F8C5JA44WNMI75,7,American Neighborhood Mortgage Acceptance Company,NJ,Mt. Laurel,08054,26000
2021,5493001UYBOONMFYPR30,46-3910740,7,,-1,"Legacy Home Loans, LLC",TN,BRENTWOOD,-1,3,-1,,-1,,2021,4,5493001UYBOONMFYPR30,7,Legacy Home Loans LLC d/b/a Steadfast Mortgage,TN,Nashville,37215,1641
2021,5493003Q3L1PO9NBVK64,91-0712539,5,656395,656395,WHATCOM EDUCATIONAL CREDIT UNION,WA,Bellingham,1712782,0,-1,,-1,,2021,4,5493003Q3L1PO9NBVK64,5,WHATCOM EDUCATIONAL CREDIT UNI,WA,BELLINGHAM,98227,1845
2021,5493004HRO0EREBVYM82,55-0203500,3,786733,786733,Jefferson Security Bank,WV,Shepherdstown,324402,0,-1,,-1,,2021,4,5493004HRO0EREBVYM82,3,Jefferson Security Bank,WV,Shepherdstown,25443,274
2021,549300O7SGM8FH65GQ47,37-0613731,3,416245,416245,Busey Bank,IL,Champaign,9679115,0,1203602,,1203602,FIRST BUSEY CORPORATION,2021,4,549300O7SGM8FH65GQ47,3,BUSEY BANK,IL,CHAMPAIGN,61820,5599
2021,5493008HZMBEJQEY0J72,48-0220635,3,198073,198073,First Federal Savings and Loan Bank,KS,Olathe,96953,0,3308051,,3308051,"FIRST FEDERAL OF OLATHE BANCORP, INC.",2021,4,5493008HZMBEJQEY0J72,3,First Federal Savings and Loan,KS,Olathe,66051,166
2021,549300QWYPPH283K6R36,37-0258325,3,738143,738143,Prospect Bank,IL,Paris,559587,0,2577766,,2577766,"EDGAR COUNTY BANC SHARES, INC.",2021,4,549300QWYPPH283K6R36,3,Prospect Bank,IL,Paris,61944,222
2021,549300RV76T00EYJVR19,57-0200135,3,277820,277820,Palmetto State Bank,SC,Hampton,547122,0,1076329,,1076329,"PALMETTO STATE BANKSHARES, INC.",2021,4,549300RV76T00EYJVR19,3,Palmetto State Bank,SC,Beaufort,29907,280
2021,2549001R901BOUXDJQ68,64-0116890,3,835743,835743,The Bank of Holly Springs,MS,Holly Springs,243789,0,2590644,,2590644,HOLLY SPRINGS BANCSHARES INC,2021,4,2549001R901BOUXDJQ68,3,Bank of Holly Springs,MS,Holly Springs,38635,367
2021,254900LKAJBFGO0IIP75,76-0454396,7,3844317,3844317,Republic State Mortgage Co.,TX,Houston,-1,3,-1,,-1,,2021,4,254900LKAJBFGO0IIP75,7,Republic State Mortgage Co.,TX,Houston,77006,6295
2021,WKN6AF1FCL7BBYGTGI83,35-0309764,2,785473,785473,First Savings Bank,IN,Clarksville,1289704,0,3908929,,3908929,"FIRST SAVINGS FINANCIAL GROUP, INC.",2021,4,WKN6AF1FCL7BBYGTGI83,2,FIRST SAVINGS BANK,IN,CLARKSVILLE,47129,18837
2021,549300YIOSILVWW8FH16,20-5041532,7,3877182,3877182,BRIDGELOCK CAPITAL,CA,WOODLAND HILLS,-1,3,-1,,-1,,2021,4,549300YIOSILVWW8FH16,7,Bridgelock Capital,CA,Woodland Hills,91367,573
2021,254900R028OZZTTP5D53,48-1159799,2,2304636,2304636,Community Bank,KS,Topeka,103197,0,2254704,,2254704,COMMUNITY FINANCIAL CORPORATION,2021,4,254900R028OZZTTP5D53,2,Community Bank,KS,Topeka,66614,286
2021,549300QXTT2NBSRNYO73,81-0247002,5,826675,826675,EMBARK,MT,Great Falls,108676,0,-1,,-1,,2021,4,549300QXTT2NBSRNYO73,5,Embark Credit Union,MT,Great Falls,59401,104
2021,254900U5VN6O84EWQL12,72-6019738,5,857099,857099,BRECO Federal Credit Union,LA,Baton Rouge,46351,0,-1,,-1,,2021,4,254900U5VN6O84EWQL12,5,BRECO FCU,LA,Baton Rouge,70816,32
2021,254900ZZPN19KA3GL698,32-0245730,7,32-0245730,-1,DMD Financial Corporation,TX,Frisco,-1,3,-1,,-1,,2021,4,254900ZZPN19KA3GL698,7,DMD Financial Corporation,TX,Dallas,75240,16
2021,54930055Z5ZI5MLNR750,06-0696607,5,347198,347198,ACHIEVE FINANCIAL,CT,Berlin,131950,0,-1,,-1,,2021,4,54930055Z5ZI5MLNR750,5,ACHIEVE FINANCIAL CREDIT UNION,CT,BERLIN,06037,127
2021,549300FRCDZ60TVZUA57,20-0558805,3,3282852,3282852,Howard Bank,MD,Baltimore,2374512,0,3386910,,3386910,"HOWARD BANCORP, INC.",2021,4,549300FRCDZ60TVZUA57,3,HOWARD BANK,MD,BALTIMORE,21224,219
2021,549300RDO3TWTFEYC795,20-8190898,3,4264163,4264163,"Towne Mortgage, LLC",VA,SUFFOLK,-1,3,-1,,-1,,2021,4,549300RDO3TWTFEYC795,3,"Towne Mortgage, LLC",VA,Virginia Beach,23451,1401
2021,549300HS714PZ0BMPN11,87-0127320,5,347590,347590,CYPRUS Federal Credit Union,UT,West Jordan,1149915,0,-1,,-1,,2021,4,549300HS714PZ0BMPN11,5,Cyprus Federal Credit Union,UT,West Jordan,84084,1967
2021,5493005NXMQ7SP5TOF96,52-0505410,3,39327,39327,"Calvin B. Taylor Banking Company of Berlin, Maryland",MD,Berlin,545953,0,2391300,,2391300,"CALVIN B. TAYLOR BANKSHARES, INC.",2021,4,5493005NXMQ7SP5TOF96,3,CALVIN B TAYLOR BANKING CO OF,MD,BERLIN,21811,257
2021,549300AR337B2RGP3C69,20-2282203,1,3306280,3306280,Legacy National Bank,AR,Springdale,547146,0,5070192,,5070192,"LEGACY BANCSHARES, INC.",2021,4,549300AR337B2RGP3C69,1,LEGACY NATIONAL BANK,AR,P O BOX 6490,72766,340
2021,5493000DE489KJV5XK24,20-5669228,7,,-1,RAYSTAR MORTGAGE GROUP INC,OK,Tulsa,-1,3,-1,,-1,,2021,4,5493000DE489KJV5XK24,7,Raystar Mortgage Group Inc,OK,Tulsa,74137,7
2021,549300PPKM4YL2GY3713,53-0208722,5,971977,971977,N R L Federal Credit Union,VA,Alexandria,454592,0,-1,,-1,,2021,4,549300PPKM4YL2GY3713,5,NRL FEDERAL CREDIT UNION,VA,ALEXANDRIA,22312,424
2021,549300TQVOMKNKFOH392,45-0138060,1,657271,657271,Gate City Bank,ND,Fargo,2380296,0,-1,,-1,,2021,4,549300TQVOMKNKFOH392,1,Gate City Bank,ND,Fargo,58102,8053
2021,5493001E3OD1D4Y8KX63,23-3102701,7,4534053,4534053,"FIRST HERITAGE FINANCIAL, LLC",PA,Trevose,-1,3,-1,,-1,,2021,4,5493001E3OD1D4Y8KX63,7,"First Heritage Financial, LLC",PA,Trevose,19053,1024
2021,2549003QXUI2HKRWW551,38-0299643,5,206491,206491,AAC Credit Union,MI,Grand Rapids,150838,0,-1,,-1,,2021,4,2549003QXUI2HKRWW551,5,AAC Credit Union,MI,Grand Rapids,49504,290
2021,254900L8E0QUT5VH5G34,63-0439839,5,948689,948689,Florence Federal Credit Union,AL,Florence,54164,0,-1,,-1,,2021,4,254900L8E0QUT5VH5G34,5,Florence Federal Credit Union,AL,Florence,35630,39
2021,549300DSPT6YGS1ZLR56,99-0073450,5,253271,253271,HICKAM,HI,Pearl City,619323,0,-1,,-1,,2021,4,549300DSPT6YGS1ZLR56,5,HICKAM FEDERAL CREDIT UNION,HI,HONOLULU,96820,97
2021,549300X3PFQJ32XJSB27,38-0787825,3,132554,132554,mBank,MI,Manistique,1316588,0,1123933,,1123933,MACKINAC FINANCIAL CORPORATION,2021,4,549300X3PFQJ32XJSB27,3,mBank,WI,green bay,54301,1130
2021,2549008EFPQHWHJ5MO60,57-0146256,1,631422,631422,The Conway National Bank,SC,Conway,1260905,0,1134108,,1134108,CNB CORPORATION,2021,4,2549008EFPQHWHJ5MO60,1,The Conway National Bank,SC,Conway,29526,441
2021,5493001ONS27RG5HKB81,20-2862630,3,,3316739,SouthernTrust Bank,IL,Goreville,58652,0,4456593,,4456593,SOUTH PORTE FINANCIAL INC.,2021,4,5493001ONS27RG5HKB81,3,"SouthernTrust Bank - Marion, IL",IL,Marion,62959,118
2021,254900TIRELTI8ENRL83,74-1110077,5,1017573,1017573,AMOCO,TX,Texas City,982805,0,-1,,-1,,2021,4,254900TIRELTI8ENRL83,5,AMOCO FEDERAL CREDIT UNION,TX,TEXAS CITY,77590,896
2021,549300CJDUFKEK0WMB04,13-6208514,5,414081,414081,UKRAINIAN NATIONAL Federal Credit Union,NY,New York,150417,0,-1,,-1,,2021,4,549300CJDUFKEK0WMB04,5,Ukrainian National F.C.U.,NY,New York,10003,64
2021,89450088V2BYQUO61B62,72-0427045,5,548276,548276,ANECA Federal Credit Union,LA,Shreveport,111408,0,-1,,-1,,2021,4,89450088V2BYQUO61B62,5,ANECA Federal Credit Union,LA,Shreveport,71105,61
2021,549300GIR2ODBIF9VF65,54-1880861,2,2736451,2736451,"New Peoples Bank, Inc.",VA,Honaker,705233,0,3049617,,3049617,"NEW PEOPLES BANKSHARES, INC.",2021,4,549300GIR2ODBIF9VF65,2,"New Peoples Bank, Inc.",VA,Honaker,24260,385
2021,549300FHGNOLF14HHS09,04-1145100,3,758703,758703,Cambridge Savings Bank,MA,Cambridge,4297767,0,2687795,,2687795,"CAMBRIDGE FINANCIAL GROUP, INC.",2021,4,549300FHGNOLF14HHS09,3,Cambridge Savings Bank,MA,Cambridge,02138,1495
2021,RO7SIV4IZNEGU4EXXS92,63-0015130,2,749635,749635,AuburnBank,AL,Auburn,828494,0,1129533,,1129533,"AUBURN NATIONAL BANCORPORATION, INC.",2021,4,RO7SIV4IZNEGU4EXXS92,2,AuburnBank,AL,Auburn,36830,367
2021,549300GED4IYN84L8F67,34-4306490,2,604024,604024,Minster Bank,OH,Minster,517904,0,2795702,,2795702,MINSTER FINANCIAL CORP.,2021,4,549300GED4IYN84L8F67,2,MINSTER BANK,OH,MINSTER,45865,505
2021,549300BIIFMYRSTVLE14,26-0905232,7,26-0905232,-1,"AMERICAN FINANCIAL LENDING, INC.",AZ,PHOENIX,-1,3,-1,,-1,,2021,4,549300BIIFMYRSTVLE14,7,American Financial Lending Inc,AZ,Phoenix,85050,51
2021,DX0JX77PRMOELF7VG772,58-0201800,2,395238,395238,Synovus Bank,GA,Columbus,48103435,0,1078846,,1078846,SYNOVUS FINANCIAL CORP.,2021,4,DX0JX77PRMOELF7VG772,2,Synovus Bank,GA,Columbus,31901,21405
2021,549300HJP2WLL8KDCA15,52-0633253,1,59370,59370,First Shore Federal Savings and Loan Association,MD,Salisbury,319272,0,-1,,-1,,2021,4,549300HJP2WLL8KDCA15,1,First Shore Federal Savings and Loan Association,MD,Salisbury,21801,424
2021,254900QLWNRZD8ZK6O36,14-0855737,3,521804,521804,Mahopac Bank,NY,Mahopac,1338214,0,2367921,,2367921,TOMPKINS FINANCIAL CORPORATION,2021,4,254900QLWNRZD8ZK6O36,3,Mahopac Bank,NY,Brewster,10509,235
2021,549300E4YLQ3BVQ4GW30,11-3019327,7,3874118,3874118,"WALL STREET MORTGAGE BANKERS, LTD.",NY,GREAT NECK,-1,3,-1,,-1,,2021,4,549300E4YLQ3BVQ4GW30,7,"WALL STREET MORTGAGE BANKERS, LTD. D/B/A POWER EXP",NY,GREAT NECK,11021,1686
2021,549300A68YW07V5R5G22,46-5295699,7,,-1,FUNDLOANS CAPITAL,CA,ENCINITAS,-1,3,-1,,-1,,2021,4,549300A68YW07V5R5G22,7,FUNDLOANS CAPITAL,CA,ENCINITAS,92024,1331
2021,5493000321W4GKLZ1Y10,75-1248359,5,370187,370187,MOBILITY Credit Union,TX,Irving,220852,0,-1,,-1,,2021,4,5493000321W4GKLZ1Y10,5,Mobility Credit Union,TX,Irving,75063,249
2021,5493008CMM76GR76GS36,24-0661750,3,779016,779016,Mifflinburg Bank and Trust Company,PA,Mifflinburg,458549,0,1137042,,1137042,"MIFFLINBURG BANCORP, INC.",2021,4,5493008CMM76GR76GS36,3,Mifflinburg Bank & Trust Company,PA,Mifflinburg,17844,376
2021,549300Y53L6CDUB50530,62-1759033,3,2758024,2758024,Landmark Community Bank,TN,Collierville,941454,0,-1,,-1,,2021,4,549300Y53L6CDUB50530,3,Landmark Community Bank,AR,Little Rock,72201,280
2021,5493002N8SUFLD1HGF75,33-0932995,7,33-0932995,-1,"JTF ROSE, INC.",CA,ORANGE,-1,3,-1,,-1,,2021,4,5493002N8SUFLD1HGF75,7,JTF Rose Inc.,CA,Orange,92867,84
2021,549300F570XAWYN8Z237,95-3972168,9,671464,671464,Bank of Hope,CA,Los Angeles,15666543,0,2961879,,2961879,"HOPE BANCORP, INC.",2021,4,549300F570XAWYN8Z237,9,Bank of Hope,CA,Los Angeles,90010,1363
2021,54930044G6TGPFFTFM49,43-0170340,3,565750,565750,Bank of Washington,MO,Washington,712214,0,2294812,,2294812,"DIAMOND BANCORP, INC",2021,4,54930044G6TGPFFTFM49,3,Bank of Washington,MO,Washington,63090,518
2021,549300YBDU83IKL6II41,25-1781429,3,534877,534877,Brentwood Bank,PA,Bethel Park,705972,0,2394628,,2394628,MUTUAL HOLDING COMPANY OF WESTERN PENNSYLVANIA,2021,4,549300YBDU83IKL6II41,3,Brentwood Bank,PA,Bethel Park,15102,451
2021,254900CDUILFTCPB7H89,38-6060726,5,667579,667579,Kellogg Community Credit Union,MI,Battle Creek,637246,0,-1,,-1,,2021,4,254900CDUILFTCPB7H89,5,KELLOGG COMMUNITY CREDIT UNION,MI,BATTLE CREEK,49014,880
2021,549300OP5DX4ZL2E2S84,56-0706163,5,708687,708687,Marine Federal Credit Union,NC,Jacksonville,717163,0,-1,,-1,,2021,4,549300OP5DX4ZL2E2S84,5,Marine Federal Credit Union,NC,Jacksonville,28546,224
2021,254900BQVRDMH5K9QS04,38-1796409,5,100393,100393,Frankenmuth Credit Union,MI,Frankenmuth,740859,0,-1,,-1,,2021,4,254900BQVRDMH5K9QS04,5,Frankenmuth Credit Union,MI,Frankenmuth,48734,2319
2021,549300B1DHIVKN5DEJ29,01-1978230,3,899008,899008,Winchester Savings Bank,MA,Winchester,577307,0,-1,,-1,,2021,4,549300B1DHIVKN5DEJ29,3,Winchester Savings Bank,MA,Winchester,01890,258
2021,5493008P6YO2KM3EO556,38-0464116,3,47247,47247,The Dart Bank,MI,Mason,460693,0,3726196,,3726196,DART FINANCIAL CORPORATION,2021,4,5493008P6YO2KM3EO556,3,DART BANK,MI,MASON,48854,3465
2021,5493009ZFRBMAYWB2F82,74-0560665,1,253356,253356,The Moody National Bank,TX,Galveston,1188927,0,1399813,,1107522,"MOODY BANCSHARES, INC.",2021,4,5493009ZFRBMAYWB2F82,1,MOODY NATIONAL BANK,TX,GALVESTON,77550,156
2021,549300BZDER2ZANLA242,59-0637653,5,17473,17473,TROPICAL FINANCIAL CREDIT UNION,FL,Miramar,741331,0,-1,,-1,,2021,4,549300BZDER2ZANLA242,5,TROPICAL FINANCIAL CREDIT UNION,FL,Miramar,33025,1684
2021,549300KZLDOQY0W4XL83,58-0659995,3,628178,628178,Heritage Southeast Bank,GA,Jonesboro,1336835,0,2708159,,2708159,"HERITAGE SOUTHEAST BANCORPORATION, INC.",2021,4,549300KZLDOQY0W4XL83,3,Heritage Southeast Bank,GA,HINESVILLE,31313-3222,189
2021,549300OHXNUMVE33Q475,41-0229822,1,637170,637170,American Federal Bank,ND,Fargo,628546,0,3802858,,3802858,AMERICAN FEDERAL CORPORATION,2021,4,549300OHXNUMVE33Q475,1,American Federal Bank,ND,Fargo,58102,469
2021,5493005NN76XZ2NOFH19,04-1946610,3,689209,689209,Country Bank for Savings,MA,Ware,1687946,0,-1,,-1,,2021,4,5493005NN76XZ2NOFH19,3,Country Bank for Savings,MA,Ware,01082,560
2021,54930000REMJYLBAS614,37-0206035,1,614948,614948,The First National Bank in Carlyle,IL,Carlyle,202031,0,1099618,,1099618,"FIRST NATIONAL BANCORPORATION IN CARLYLE, INC.",2021,4,54930000REMJYLBAS614,1,The First National Bank in Carlyle,IL,Carlyle,62231,44
2021,XC7Z0BA39TU7L1AKOJ12,36-1078850,3,850036,850036,First American Bank,IL,Elk Grove Village,5300331,0,1199974,,1199974,FIRST AMERICAN BANK CORPORATION,2021,4,XC7Z0BA39TU7L1AKOJ12,3,First American Bank,IL,Bloomingdale,60108,6385
2021,549300I0HE5X0T5OI648,95-0951410,5,234597,234597,CALIFORNIA CREDIT UNION,CA,GLENDALE,3190812,0,-1,,-1,,2021,4,549300I0HE5X0T5OI648,5,CALIFORNIA CREDIT UNION,CA,GLENDALE,91203,4765
2021,5493004C6NM2VNOH2N94,62-0290082,5,261294,261294,Appalachian Community Federal Credit Union,TN,Gray,192331,0,-1,,-1,,2021,4,5493004C6NM2VNOH2N94,5,Appalachian Community Federal Credit Union,TN,Gray,37615,331
2021,549300GIVX5W7UETD809,33-0358683,5,452186,452186,AMERICAN FIRST,CA,Brea,783770,0,-1,,-1,,2021,4,549300GIVX5W7UETD809,5,AMERICAN FIRST CREDIT UNION,CA,BREA,92821-6322,547
2021,549300MZ8VZJOVC63092,61-1306242,7,4323949,4323949,"Kind Lending, LLC",KY,LOUISVILLE,-1,3,-1,,-1,,2021,4,549300MZ8VZJOVC63092,7,"Kind Lending, LLC",CA,Santa Ana,92707,3852
2021,549300YX5RPSSMR88K92,84-1296387,7,,-1,"MERCHANTS MORTGAGE & TRUST CORPORATION, LLC",CO,Denver,-1,3,-1,,-1,,2021,4,549300YX5RPSSMR88K92,7,Merchants Mortgage & Trust Corporation,CO,Greenwood Village,80111,1002
2021,5493005QK4NV0ZZ5EM64,64-0154830,3,460033,460033,Community Bank of Mississippi,MS,Forest,3259650,0,1080595,,2313544,"COMMUNITY BANCSHARES OF MISSISSIPPI, INC. EMPLOYEE STOCK OWNERSHIP PLAN",2021,4,5493005QK4NV0ZZ5EM64,3,Community Bank of Mississippi,MS,Forest,39074,5710
2021,549300RMEQJVNY2YH756,23-1417551,5,999092,999092,BHCU,PA,Ridley Park,171385,0,-1,,-1,,2021,4,549300RMEQJVNY2YH756,5,BHCU,PA,Ridley Park,19078,157
2021,254900RKU25JCJEP4R59,23-7153176,5,552880,552880,SECNY Federal Credit Union,NY,Syracuse,201429,0,-1,,-1,,2021,4,254900RKU25JCJEP4R59,5,SECNY Federal Credit Union,NY,Baldwinsville,13027-0000,168
2021,549300H8H31LPYGJEW50,04-2876549,3,3437821,3437821,"SALEM FIVE MORTGAGE COMPANY, LLC",DE,WILMINGTON,-1,2,-1,,3365858,SALEM FIVE BANCORP,2021,4,549300H8H31LPYGJEW50,3,SALEM FIVE MORTGAGE COMPANY LLC,MA,SALEM,01970,5574
2021,549300GGCODNBIXJ4705,20-3411700,2,3437166,3437166,Patriot Community Bank,MA,Woburn,180208,0,-1,,-1,,2021,4,549300GGCODNBIXJ4705,2,Patriot Community Bank,MA,Woburn,01801,646
2021,254900Y3CWQSLFVW8D53,45-0314785,3,968557,977951,Union State Bank of Fargo,ND,Fargo,109857,2,2238544,,2238544,"BORDER BANCSHARES, INC.",2021,4,254900Y3CWQSLFVW8D53,3,BORDER BANK,ND,FARGO,58103,606
2021,549300DI1T4KP9NPFQ75,35-1090338,5,444097,444097,Industrial Federal Credit Union,IN,Lafayette,206257,0,-1,,-1,,2021,4,549300DI1T4KP9NPFQ75,5,Industrial Federal C. U.,IN,Lafayette,47905,254
2021,5493004HIVU0YCM5QS92,35-1082578,5,923190,923190,INTERRA CREDIT UNION,IN,GOSHEN,1205497,0,-1,,-1,,2021,4,5493004HIVU0YCM5QS92,5,Interra Credit Union,IN,Goshen,46527,2035
2021,549300W09D8JV1ANXX59,36-4226027,7,4185183,4185183,"THE ANDERSON FINANCIAL GROUP, INC.",IL,CHICAGO,-1,3,-1,,-1,,2021,4,549300W09D8JV1ANXX59,7,"THE ANDERSON FINANCIAL GROUP, INC.",IL,CHICAGO,60614,1619
2021,549300ZOKUKS0Z7C3X31,06-0674541,5,68082,68082,360 Federal Credit Union,CT,Windsor Locks,234183,0,-1,,-1,,2021,4,549300ZOKUKS0Z7C3X31,5,360 FEDERAL CREDIT UNION,CT,WINDSOR LOCKS,06096,501
2021,549300LEOR2LO8J9RT29,61-1189425,7,3913147,3913147,"VICTORY MORTGAGE, L.L.C.",KY,FORT MITCHELL,-1,2,3824421,,5045417,"VICTORY TRUST, THE",2021,4,549300LEOR2LO8J9RT29,7,VICTORY MORTGAGE LLC,KY,Erlanger,41018,3638
2021,549300BLY7T77VMK2263,37-0209600,3,307932,307932,Catlin Bank,IL,Catlin,62781,0,1246793,,1246793,"BUTLER POINT, INC.",2021,4,549300BLY7T77VMK2263,3,Catlin Bank,IL,Catlin,61858,667
2021,254900LTYFDA8IOP9O78,16-0817398,5,1004180,1004180,Cornerstone Community Federal Credit Union,NY,Lockport,441517,0,-1,,-1,,2021,4,254900LTYFDA8IOP9O78,5,Cornerstone Community Federal Credit Union,NY,Lockport,14094,122
2021,5493008G8ZYIEPB4CZ17,51-0097941,5,879989,879989,TIDEMARK FEDERAL CREDIT UNION,DE,Seaford,290083,0,-1,,-1,,2021,4,5493008G8ZYIEPB4CZ17,5,Tidemark Federal Credit Union,DE,Seaford,19973,217
2021,549300HVW3AI97UKTO72,41-6028665,5,290490,290490,WINGS FINANCIAL,MN,Apple Valley,5633125,0,-1,,-1,,2021,4,549300HVW3AI97UKTO72,5,WINGS FINANCIAL CREDIT UNION,MN,APPLE VALLEY,55124,8914
2021,5493009BOQDC6PCFR785,15-0395735,1,702117,702117,"NBT Bank, National Association",NY,Norwich,9642935,0,1139279,,1139279,NBT BANCORP INC.,2021,4,5493009BOQDC6PCFR785,1,NBT Bank NA,NY,Norwich,13815,4182
2021,X8V2II80XTQHRH7NCB19,04-3067724,9,128904,128904,Eastern Bank,MA,Boston,11628782,0,1427239,,1427239,EASTERN BANKSHARES INC,2021,4,X8V2II80XTQHRH7NCB19,9,Eastern Bank,MA,Lynn,01901,8083
2021,5493001SP13TNR6TUJ97,85-0158799,3,169756,169756,Western Commerce Bank,NM,Carlsbad,522839,0,1109227,,1109227,"WESTERN COMMERCE BANCSHARES OF CARLSBAD, INC.",2021,4,5493001SP13TNR6TUJ97,3,Western Commerce Bank,NM,Carlsbad,88220,119
2021,549300ZZ37YSVG4SJC73,47-0903141,7,4877406,4877406,"FORTUNE FINANCIAL, INC.",CO,ENGLEWOOD,-1,-1,-1,,-1,,2021,4,549300ZZ37YSVG4SJC73,7,"Fortune Financial, INC",CO,Englewood,80112,832
2021,549300HGZNH5YBU04369,91-0283150,3,584377,584377,Kitsap Bank,WA,Port Orchard,1168138,0,2603991,,2603991,"OLYMPIC BANCORP, INC.",2021,4,549300HGZNH5YBU04369,3,Kitsap Bank,WA,Port Orchard,98366,380
2021,5493008X303QT73TU753,34-4173465,1,130813,130813,Liberty National Bank,OH,Ada,337523,0,1246579,,1246579,"LIBERTY BANCSHARES, INC.",2021,4,5493008X303QT73TU753,1,LIBERTY NATIONAL BANK,OH,KENTON,43326,368
2021,254900HJA1Y85EJCGB90,06-0659509,5,595579,595579,Charter Oak Federal Credit Union,CT,Waterford,1176772,0,-1,,-1,,2021,4,254900HJA1Y85EJCGB90,5,CHARTER OAK FEDERAL CREDIT UNION,CT,WATERFORD,06385-0000,1338
2021,549300T0I2M6IPLVEN24,41-2259092,7,4438311,4438311,MCLEAN MORTGAGE CORPORATION,VA,FAIRFAX,-1,3,-1,,-1,,2021,4,549300T0I2M6IPLVEN24,7,MCLEAN MORTGAGE CORPORATION,VA,FAIRFAX,22030,16205
2021,549300BI43WZOK3XF350,43-1894848,3,2913702,2913702,Bank of Franklin County,MO,Washington,261035,0,2913711,,2913711,"FRANKLIN BANCORP, INC.",2021,4,549300BI43WZOK3XF350,3,Bank of Franklin County,MO,Washington,63090,285
2021,5493007JVSQYT5Y2V066,72-0632994,3,969255,969255,"Guaranty Bank & Trust Company of Delhi, Louisiana",LA,Delhi,296830,0,1107090,,1107090,"DELHI BANCSHARES, INC.",2021,4,5493007JVSQYT5Y2V066,3,"GUARANTY BANK & TRUST COMPANY OF DELHI, LOUISIANA",LA,DELHI,71232,469
2021,549300LW8UB33S1ZIF68,66-0228482,7,3878808,3878808,Cooperativa de Ahorro y Credito de Rincon,,Rincon,-1,3,-1,,-1,,2021,4,549300LW8UB33S1ZIF68,7,Cooperativa de AC Rincon,PR,Rincon,00677,325
2021,254900AVP2JVTYYT3V92,64-0220430,3,870539,870539,"The Peoples Bank, Biloxi, Mississippi",MS,Biloxi,592038,0,1133174,,1133174,PEOPLES FINANCIAL CORPORATION,2021,4,254900AVP2JVTYYT3V92,3,THE PEOPLES BANK,MS,BILOXI,39530-4214,200
2021,549300UK3Z5PC7V71K69,05-0197075,5,50694,50694,PAWTUCKET,RI,Pawtucket,2413643,0,-1,,-1,,2021,4,549300UK3Z5PC7V71K69,5,Pawtucket Credit Union,RI,Pawtucket,02861,4093
2021,549300FYXKL13UG7P021,41-1914032,7,2724047,2724047,"HOMESERVICES LENDING, LLC",DE,WILMINGTON,-1,2,-1,,-1,,2021,4,549300FYXKL13UG7P021,7,HOMESERVICES LENDING LLC,IA,URBANDALE,50322,1728
2021,254900SJMHCSRQOMRK11,95-0598145,5,355698,355698,California Bear Credit Union,CA,Los Angeles,113589,0,-1,,-1,,2021,4,254900SJMHCSRQOMRK11,5,CALIFORNIA BEAR CREDIT UNION,CA,LOS ANGELES,90013,41
2021,549300IVURCTJ6QVMD67,75-0264200,1,470050,470050,"First Financial Bank, National Association",TX,Abilene,8228226,0,1102312,,1102312,"FIRST FINANCIAL BANKSHARES, INC.",2021,4,549300IVURCTJ6QVMD67,1,First Financial Bank,TX,Abilene,79601,7250
2021,549300KEL5474M0Z1H81,81-1250682,7,81-1250682,-1,"RESULTS MORTGAGE, LLC",DE,DOVER,-1,3,-1,,-1,,2021,4,549300KEL5474M0Z1H81,7,"RESULTS MORTGAGE, LLC",IL,CHICAGO,60613,1684
2021,549300F7LVIOO42D5630,38-1406340,5,207292,207292,THE LOCAL,MI,Sterling Heights,96044,0,-1,,-1,,2021,4,549300F7LVIOO42D5630,5,The Local Credit Union,MI,Sterling Heights,48310,15
2021,549300RZCM5T73BZEI76,58-1171935,3,518037,518037,PeoplesSouth Bank,GA,Colquitt,808966,0,1866155,,1866155,"PEOPLESSOUTH BANCSHARES, INC.",2021,4,549300RZCM5T73BZEI76,3,PeoplesSouth Bank,GA,Colquitt,39837,554
2021,549300E0KRXI8PZWAO17,04-1123040,3,40499,40499,HarborOne Bank,MA,Brockton,3927983,0,4973353,,4973353,"HARBORONE BANCORP, INC.",2021,4,549300E0KRXI8PZWAO17,3,HarborOne Bank,MA,Brockton,02301-1100,1360
2021,5493009HFRW3TN5NRR78,25-0773370,3,526519,526519,1st Summit Bank,PA,Johnstown,1103543,0,1830240,,1830240,"1ST SUMMIT BANCORP OF JOHNSTOWN, INC.",2021,4,5493009HFRW3TN5NRR78,3,1ST SUMMIT BANK,PA,Johnstown,15904,820
2021,549300QV3GEYMP1WSO93,75-1791492,7,75-1791492,-1,"SIWELL, INC.",TX,LUBBOCK,-1,3,-1,,-1,,2021,4,549300QV3GEYMP1WSO93,7,"SIWELL, INC DBA CAPITAL MORTGAGE SERVICES OF TEXAS",TX,LUBBOCK,79413,895
2021,549300XRF9LCZ3RX3Q39,36-3899872,3,2140348,2140348,"Allied First Bank,sb",IL,Oswego,109679,0,3051580,,3051580,"ALLIED FIRST BANCORP, INC.",2021,4,549300XRF9LCZ3RX3Q39,3,"ALLIED FIRST BANK, SB",IL,OSWEGO,60543,1881
2021,5493003OO8EG0RKSFX83,73-0241651,2,18854,18854,Bank 7,OK,Oklahoma City,865377,0,3256134,,3256134,BANK7 CORP,2021,4,5493003OO8EG0RKSFX83,2,Bank7,OK,Oklahoma City,73116,127
2021,549300W40F67Y6WWQX34,20-3376201,2,3350658,3350658,First Vision Bank of Tennessee,TN,Tullahoma,277309,0,4547286,,4547286,"FIRST VISION FINANCIAL, INC.",2021,4,549300W40F67Y6WWQX34,2,First Vision Bank of Tennessee,TN,Tullahoma,37388,967
2021,254900PW5EE7M05BEZ97,56-0688557,3,416674,416674,"KS Bank, Inc.",NC,Smithfield,403406,0,2155276,,2155276,"KS BANCORP, INC.",2021,4,254900PW5EE7M05BEZ97,3,"KS BANK, INC.",NC,SMITHFIELD,27577,158
2021,549300TVVKZJG3FJDS34,74-1470665,5,260587,260587,DUGOOD FEDERAL CREDIT UNION,TX,Beaumont,343927,0,-1,,-1,,2021,4,549300TVVKZJG3FJDS34,5,DuGood Federal Credit Union,TX,Beaumont,77708,457
2021,549300RPUEZ5IC514S19,52-0348540,3,780722,780722,Hebron Savings Bank,MD,Hebron,604392,0,2876544,,2876544,"HSB BANCORP, INC.",2021,4,549300RPUEZ5IC514S19,3,HEBRON SAVINGS BANK,MD,Hebron,21830,145
2021,5493002QI5QUDX4RGW52,93-0401489,5,701370,701370,INROADS,OR,Saint Helens,246764,0,-1,,-1,,2021,4,5493002QI5QUDX4RGW52,5,InRoads Federal Credit Union,OR,St Helens,97051,330
2021,2549009IIR21WKPEE762,63-0021787,5,293099,293099,AlaTrust Credit Union,AL,Hoover,140792,0,-1,,-1,,2021,4,2549009IIR21WKPEE762,5,AlaTrust Credit Union,AL,Hoover,35244,109
2021,549300YL0TMLCEU0GW61,62-0883220,1,717737,717737,Citizens National Bank,TN,Sevierville,1109006,0,1086270,,1086270,"CNB BANCSHARES, INC.",2021,4,549300YL0TMLCEU0GW61,1,Citizens National Bank,TN,Sevierville,37862,263
2021,549300H8ZDZLHESMY152,66-0270259,7,3873344,3873344,COOPERATIVA DE AHORRO Y CREDITO DE CABO ROJO,,Cabo Rojo,-1,3,-1,,-1,,2021,4,549300H8ZDZLHESMY152,7,Cooperativa A/C Cabo Rojo,PR,Cabo Rojo,00623,56
2021,549300686RMBOL8Y1T93,04-1620675,1,227777,227777,Milford Federal Bank,MA,Milford,413903,0,-1,,-1,,2021,4,549300686RMBOL8Y1T93,1,MILFORD FEDERAL BANK,MA,MILFORD,01757,956
2021,254900DTLB5WWMBJAD86,39-0148000,3,806846,806846,Bank Five Nine,WI,Oconomowoc,1201814,0,2320618,,2320618,"OCONOMOWOC BANCSHARES, INC.",2021,4,254900DTLB5WWMBJAD86,3,Bank Five Nine,WI,Oconomowoc,53066,3224
2021,5493006PPEKKNUB9O715,41-0448460,2,813853,813853,Community Resource Bank,MN,Northfield,311596,0,1140789,,1140789,"NORTHFIELD BANCSHARES, INC.",2021,4,5493006PPEKKNUB9O715,2,COMMUNITY RESOURCE BANK,MN,NORTHFIELD,55057,257
2021,54930052808NIU3KIW97,20-2553605,7,4533636,4533636,"DIRECT LENDERS, LLC",GA,LAWRENCEVILLE,-1,3,-1,,-1,,2021,4,54930052808NIU3KIW97,7,"Direct Lenders, LLC.",GA,Kennesaw,30152,776
2021,GOJ1L4ZO0WN3FOYLH432,46-0133550,9,131650,131650,Great Western Bank,SD,Sioux Falls,12848070,0,4809920,,4809920,"GREAT WESTERN BANCORP, INC.",2021,4,GOJ1L4ZO0WN3FOYLH432,9,Great Western Bank,SD,SIOUX FALLS,57104,4305
2021,254900UQIE22KBNLG837,74-1110061,5,612672,612672,River City Federal Credit Union,TX,San Antonio,104690,0,-1,,-1,,2021,4,254900UQIE22KBNLG837,5,River City Federal Credit Union,TX,San Antonio,78212,87
2021,549300Y6YKK2XPSFJO71,81-4919190,7,,-1,"SYNERGY HOME MORTGAGE, LLC",DE,WILMINGTON,-1,3,-1,,-1,,2021,4,549300Y6YKK2XPSFJO71,7,"SYNERGY HOME MORTGAGE, LLC",SC,GREENVILLE,29601,622
2021,549300MKT4KNKP08CQ45,02-0108854,3,30502,30502,Northway Bank,NH,Berlin,912655,0,2582827,,2582827,"NORTHWAY FINANCIAL, INC.",2021,4,549300MKT4KNKP08CQ45,3,Northway Bank,NH,Berlin,03570,833
2021,5493001XZBZCQEIYKY53,84-2416060,7,,-1,"CENTER STREET LENDING VIII, LLC",CA,SACRAMENTO,-1,3,-1,,-1,,2021,4,5493001XZBZCQEIYKY53,7,Center Street Lending Fund VIII SPE LLC,CA,Irvine,92612,1401
2021,5493008Q2ZM3OTLTQH25,04-2177945,5,151582,151582,Direct Federal Credit Union,MA,Needham,757770,0,-1,,-1,,2021,4,5493008Q2ZM3OTLTQH25,5,DIRECT FEDERAL CREDIT UNION,MA,NEEDHAM,02494,415
2021,5493008R6KUI4KIER222,20-8074411,7,20-8074411,-1,"LEADING MORTAGE SOLUTIONS, INC.",CA,San Diego,-1,3,-1,,-1,,2021,4,5493008R6KUI4KIER222,7,Leading Mortgage Solutions,CA,SAN DIEGO,92130,110
2021,549300WWJ28EP3GZG107,66-0183103,9,510871,510871,FIRSTBANK CORP,,San Juan,12597360,-1,2744894,,2744894,FIRST BANCORP,2021,4,549300WWJ28EP3GZG107,9,FIRSTBANK,PR,San Juan,00908,5473
2021,5493008WWKO0RD22RN65,43-0560860,3,562058,562058,United Bank of Union,MO,Union,370680,0,1248368,,1248368,"CARDINAL BANCORP II, INC.",2021,4,5493008WWKO0RD22RN65,3,UNITED BANK OF UNION,MO,UNION,63084,533
2021,549300RWXIW3CFTANH88,84-0419976,5,860491,860491,SOOPER Credit Union,CO,Arvada,-1,0,-1,,-1,,2021,4,549300RWXIW3CFTANH88,5,SOOPER CREDIT UNION,CO,ARVADA,80003,119
2021,549300L4I0NP22SUIE86,23-0975715,3,824671,824671,Phoenixville Federal Bank and Trust,PA,Phoenixville,463395,0,-1,,-1,,2021,4,549300L4I0NP22SUIE86,3,PHOENIXVILLE FEDERAL BANK & TR,PA,PHOENIXVILLE,19460,226
2021,549300MGJ0J02F6KDW38,63-0800802,3,248633,248633,"First Jackson Bank, Inc.",AL,Stevenson,279232,0,2306993,,2306993,"1ST JACKSON BANCSHARES, INC.",2021,4,549300MGJ0J02F6KDW38,3,"First Jackson Bank, Inc",AL,Stevenson,35772,188
2021,549300E2EE7WCBVR5I65,04-2391206,5,506098,506098,Sharon & Crescent United Credit Union,MA,Sharon,625015,0,-1,,-1,,2021,4,549300E2EE7WCBVR5I65,5,SHARON & CRESCENT UNITED CREDIT UNION,MA,BROCKTON,02303,1043
2021,549300BOLK89ZL7BNX85,87-0231088,5,186883,186883,UTAH COMMUNITY,UT,Provo,1679503,0,-1,,-1,,2021,4,549300BOLK89ZL7BNX85,5,UTAH COMMUNITY FEDERAL CREDIT UNION,UT,PROVO,84604,5244
2021,5493002POZ4RFS6X0Z30,45-0192605,1,815156,815156,"Dakota Community Bank & Trust, National Association",ND,Hebron,862614,0,2265782,,2265782,"DAKOTA COMMUNITY BANSHARES, INC.",2021,4,5493002POZ4RFS6X0Z30,1,"Dakota Community Bank & Trust, NA",ND,Hebron,58638,814
2021,5493006FUC5WGWNUXC12,39-6049882,5,203294,203294,1st Community Credit Union,WI,Sparta,169746,0,-1,,-1,,2021,4,5493006FUC5WGWNUXC12,5,1st Community Credit Union,WI,Sparta,54656,439
2021,549300UEGARCJHF59B44,95-4441070,7,3877294,3877294,DEL SUR CORPORATION,CA,SAN FERNANDO,-1,3,-1,,-1,,2021,4,549300UEGARCJHF59B44,7,DEL SUR CORPORATION DBA CAMINO REAL MORTGAGE BANKE,CA,SAN FERNANDO,91340,320
2021,549300W6OBJ6KNM5Y833,75-1405029,3,414764,414764,Texas Bank,TX,Henderson,492840,0,3385511,,3385511,"HENDERSON TEXAS BANCSHARES, INC.",2021,4,549300W6OBJ6KNM5Y833,3,Texas Bank,TX,Henderson,75653,302
2021,549300DL0FLZ3XZV5J76,41-6024250,5,410298,410298,SHAREPOINT CREDIT UNION,MN,Bloomington,240631,0,-1,,-1,,2021,4,549300DL0FLZ3XZV5J76,5,SHAREPOINT CREDIT UNION,MN,BLOOMINGTON,55437,268
2021,549300EMGY2NJUW3A749,36-3575871,7,4438478,4438478,PACOR MORTGAGE CORP.,,,-1,3,-1,,-1,,2021,4,549300EMGY2NJUW3A749,7,Pacor Mortgage Corp,IL,Oak Forest,60452,1458
2021,549300YTNLQPR4PKXG57,45-4595995,7,45-4595995,-1,GET A RATE LLC,NJ,Hackensack,-1,3,-1,,-1,,2021,4,549300YTNLQPR4PKXG57,7,Get A Rate LLC,NJ,Hackensack,07601,2259
2021,549300SCF56K6YEG7X54,59-0626682,5,582074,582074,TAMPA BAY FEDERAL CREDIT UNION,FL,Tampa,321876,0,-1,,-1,,2021,4,549300SCF56K6YEG7X54,5,Tampa Bay Federal Credit Union,FL,Tampa,33603,360
2021,549300G6RZM5T8NQJW74,63-0322374,5,308489,308489,REDSTONE Federal Credit Union,AL,Huntsville,5454143,0,-1,,-1,,2021,4,549300G6RZM5T8NQJW74,5,REDSTONE FEDERAL CREDIT UNION,AL,HUNTSVILLE,35893,8129
2021,549300ZYK1Z0EK2JC967,82-0237616,3,324863,324863,The Bank of Commerce,ID,Ammon,1283566,0,-1,,-1,,2021,4,549300ZYK1Z0EK2JC967,3,THE BANK OF COMMERCE,ID,AMMON,83406,406
2021,ZXMJHJK466PBZTM5F379,59-3244348,9,2193616,2193616,"Raymond James Bank, National Association",FL,St. Petersburg,26468603,0,3815157,,3815157,"RAYMOND JAMES FINANCIAL, INC.",2021,4,ZXMJHJK466PBZTM5F379,9,Raymond James Bank,FL,St. Petersburg,33716,2597
2021,2549005AK04LGIZGXS10,75-0115555,1,366359,366359,The First National Bank of Anson,TX,Anson,65538,0,1103702,,1103702,"ANSON BANCSHARES, INC.",2021,4,2549005AK04LGIZGXS10,1,First National Bank of Anson,TX,Anson,79501,54
2021,549300LH06ZZHKPX5U83,86-1024756,1,2358769,2358769,BNC National Bank,AZ,Glendale,965305,0,1248162,,1248162,"BNCCORP, INC.",2021,4,549300LH06ZZHKPX5U83,1,BNC Naitonal Bank,ND,Bismarck,58501,9916
2021,549300IC1SF2RZ8ROR54,74-0745975,1,629353,629353,The First Liberty National Bank,TX,Liberty,351504,0,1233627,,1233627,"FIRST LIBERTY NATIONAL BANCSHARES, INC.",2021,4,549300IC1SF2RZ8ROR54,1,The First Liberty National Bank,TX,Liberty,77575,388
2021,549300G4F3X6FTMZP579,14-1002430,3,195111,195111,Rhinebeck Bank,NY,Rhinebeck,973811,0,5301270,,3271230,"RHINEBECK BANCORP, MHC",2021,4,549300G4F3X6FTMZP579,3,RHINEBECK BANK,NY,POUGHKEEPSIE,12601,382
2021,549300HGXROE7ZUGMP55,54-0121975,1,958727,958727,American National Bank and Trust Company,VA,Danville,2464860,0,1076691,,1076691,AMERICAN NATIONAL BANKSHARES INC.,2021,4,549300HGXROE7ZUGMP55,1,AMERICAN NATIONAL BANK & TRUST,VA,DANVILLE,24541,1638
2021,549300YPNOE7JUQFYZ45,66-0736233,7,4320265,4320265,"TRUST MORTGAGE, CORP",,San Juan,-1,3,-1,,-1,,2021,4,549300YPNOE7JUQFYZ45,7,Trust Mortgage Corp.,PR,San Juan,00923,853
2021,5493009BD405QQTMXO12,23-2515434,7,3885806,3885806,TBI MORTGAGE COMPANY,DE,WILMINGTON,-1,3,-1,,-1,,2021,4,5493009BD405QQTMXO12,7,TBI Mortgage Company,PA,Fort Washington,19034,8971
2021,549300PXIFIEPL7D7R86,62-0138830,3,227656,227656,Brighton Bank,TN,Brighton,41730,0,1140248,,1140248,"BRIGHTON BANCORP, INC.",2021,4,549300PXIFIEPL7D7R86,3,BRIGHTON BANK,TN,BRIGHTON,38011,826
2021,549300DDRY04AJC3ZZ52,01-0020240,3,132107,132107,Androscoggin Savings Bank,ME,Lewiston,1084186,0,2710808,,2710796,"ANDROSCOGGIN BANCORP, MHC",2021,4,549300DDRY04AJC3ZZ52,3,Androscoggin Bank,ME,Lewiston,04243,740
2021,549300W3DDDU92VW3661,61-0138790,3,373115,373115,Kentucky Bank,KY,Paris,1107663,-1,1070831,,1070831,"KENTUCKY BANCSHARES, INC.",2021,4,549300W3DDDU92VW3661,3,Kentucky Bank,KY,Louisville,40206,559
2021,549300RFPLMCMJL7BS81,26-2916887,7,5082663,5082663,"BELLWETHER ENTERPRISE REAL ESTATE CAPITAL, LLC",OH,CLEVELAND,-1,3,-1,,-1,,2021,4,549300RFPLMCMJL7BS81,7,"Bellwether Enterprise Real Estate Capital, LLC",OH,Cleveland,44121,354
2021,549300T92XVMWQW75772,04-1426920,3,109574,109574,Haverhill Bank,MA,Haverhill,415913,0,5462975,,5462975,HB HOLDINGS MHC,2021,4,549300T92XVMWQW75772,3,HAVERHILL BANK,MA,HAVERHILL,01830,273
2021,EFBDHEMMHTWI378O4988,37-0924892,3,426534,426534,Heartland Bank and Trust Company,IL,Bloomington,2909697,0,1208120,,1208120,"HBT FINANCIAL, INC.",2021,4,EFBDHEMMHTWI378O4988,3,Heartland Bank and Trust Company,IL,Bloomington,61704,2159
2021,54930032OCUOR526IR93,64-0220470,3,70638,70638,Peoples Bank,MS,Mendenhall,309299,0,4189314,,4189314,"PEOPLES BANCSHARES, INC.",2021,4,54930032OCUOR526IR93,3,PEOPLES BANK,MS,MENDENHALL,39114,746
2021,549300MOTRV68OSXM837,35-0536745,3,841472,841472,Mutual Savings Bank,IN,Franklin,175862,0,3252659,,3252659,THIRD CENTURY BANCORP,2021,4,549300MOTRV68OSXM837,3,MUTUAL SAVINGS BANK,IN,FRANKLIN,46131,244
2021,5493007ZG5EVEXW01J70,61-0721062,5,505989,505989,Advanz Federal Credit Union,KY,Louisville,126010,0,-1,,-1,,2021,4,5493007ZG5EVEXW01J70,5,Advanz Federal Credit Union,KY,Louisville,40223-4008,185
2021,549300JRZJXS01TP9N73,55-0229280,3,20633,20633,MCNB Bank and Trust Co.,WV,Welch,301427,0,2913083,,2913083,"MCNB BANKS, INC.",2021,4,549300JRZJXS01TP9N73,3,MCNB BANK AND TRUST CO,WV,WELCH,24801,164
2021,549300IQVXIW1VTW0D69,59-3018034,3,1867983,1867983,Citizens First Bank,FL,The Villages,2462753,0,2012315,,2012315,"VILLAGES BANCORPORATION, INC.",2021,4,549300IQVXIW1VTW0D69,3,CITIZENS FIRST BANK,FL,THE VILLAGES,32162,4887
2021,5493002R2CJ2LF78PR19,82-3136976,1,276074,276074,Seneca Savings,NY,Baldwinsville,210294,0,5125391,,5125373,SENECA FINANCIAL MHC,2021,4,5493002R2CJ2LF78PR19,1,SENECA SAVINGS,NY,BALDWINSVILLE,13027,188
2021,549300TEBV514KLDE180,91-0533444,5,949471,949471,PENINSULA COMMUNITY,WA,Shelton,196908,0,-1,,-1,,2021,4,549300TEBV514KLDE180,5,Peninsula Community Federal Credit Union,WA,Shelton,98584,192
2021,549300XECJ0294F1ZG19,26-2597540,7,4533597,4533597,"MATTAMY HOME FUNDING, LLC",DE,WILMINGTON,-1,3,-1,,-1,,2021,4,549300XECJ0294F1ZG19,7,MATTAMY HOME FUNDING LLC,FL,MAITLAND,32751,3515
2021,549300GGXWS23NTTOB96,61-1028560,3,776547,776547,Meade County Bank,KY,Brandenburg,212081,0,1100309,,1100309,"MEADE BANCORP, INC.",2021,4,549300GGXWS23NTTOB96,3,Meade County Bank,KY,Brandenburg,40108,377
2021,254900378RFGMBEKAF12,36-2472059,5,769594,769594,Deere Employees Credit Union,IL,Moline,1131130,0,-1,,-1,,2021,4,254900378RFGMBEKAF12,5,DEERE EMPLOYEES CREDIT UNION,IL,MOLINE,61265,4455
2021,549300ROGHTFGYNKE773,63-0414306,1,814074,814074,"First Federal Bank, A FSB",AL,Tuscaloosa,132336,0,3814459,,3814459,"SOUTHEASTERN FINANCIAL, INC.",2021,4,549300ROGHTFGYNKE773,1,FIRST FEDERAL BANK,AL,TUSCALOOSA,35406,4149
2021,549300DPWFIO1S3DF358,35-2537672,1,318974,318974,First Federal Savings and Loan Association of Lakewood,OH,Lakewood,1924103,0,4843090,,4843090,FIRST MUTUAL HOLDING CO.,2021,4,549300DPWFIO1S3DF358,1,FIRST FEDERAL S&L OF LAKEWOOD,OH,LAKEWOOD,44107,5039
2021,549300P6E4MG6WR4CW75,25-0801560,3,213471,213471,Slovenian Savings and Loan Association of Canonsburg,PA,Washington,438075,0,-1,,-1,,2021,4,549300P6E4MG6WR4CW75,3,Slovenian Savings and Loan Association,PA,Strabane,15363,285
2021,549300VS8Y4N1Y2J0S91,59-0153930,3,760331,760331,Brannen Bank,FL,Inverness,542405,0,1082375,,1082375,"BRANNEN BANKS OF FLORIDA, INC.",2021,4,549300VS8Y4N1Y2J0S91,3,Brannen Bank,FL,Inverness,34450,524
2021,254900QK56SK0RTQI188,66-0705554,7,4537326,4537326,Senior Mortgage Bankers Inc,,San Juan,-1,3,-1,,-1,,2021,4,254900QK56SK0RTQI188,7,SENIOR MORTGAGE BANKER,PR,SAN JUAN,00920,327
2021,549300BEFX6JRSCS5N78,71-0009885,2,456045,456045,Centennial Bank,AR,Conway,15015801,0,1491409,,1491409,"HOME BANCSHARES, INC.",2021,4,549300BEFX6JRSCS5N78,2,Centennial Bank,AR,Conway,72033,5647
2021,54930029L79O0A2ZXF27,59-1030268,5,406385,406385,LAUNCH FEDERAL CREDIT UNION,FL,Merritt Island,783397,0,-1,,-1,,2021,4,54930029L79O0A2ZXF27,5,LAUNCH CREDIT UNION,FL,MERRITT ISLAND,32952,1899
2021,5493000GJZZTT2UPGG82,84-0485197,5,813198,813198,AVENTA Credit Union,CO,Colorado Springs,216935,0,-1,,-1,,2021,4,5493000GJZZTT2UPGG82,5,Aventa Credit Union,CO,Colorado Springs,80918,140
2021,549300BR55JZCJBERC86,25-0660450,3,866121,866121,Mercer County State Bank,PA,Sandy Lake,426878,0,1247183,,1247183,"MERCER COUNTY STATE BANCORP, INC.",2021,4,549300BR55JZCJBERC86,3,MERCER COUNTY STATE BANK,PA,SANDY LAKE,16145,470
2021,549300REENMLD2RN3W58,61-0126230,3,261146,261146,Magnolia Bank,KY,Magnolia,313272,0,1095843,,1095843,"MAGNOLIA BANCSHARES, INC.",2021,4,549300REENMLD2RN3W58,3,MAGNOLIA BANK,KY,HODGENVILLE,42748,14335
2021,549300B0HNWBV7RX2661,95-1653038,5,1013379,1013379,Financial Partners Credit Union,CA,Downey,1503278,0,-1,,-1,,2021,4,549300B0HNWBV7RX2661,5,FINANCIAL PARTNERS CREDIT UNIO,CA,DOWNEY,90241,3596
2021,254900PCEQAPPZS8KL59,39-0334442,5,101390,101390,Guardian Credit Union,WI,Oak Creek,220222,0,-1,,-1,,2021,4,254900PCEQAPPZS8KL59,5,GUARDIAN CREDIT UNION,WI,West Allis,53227,322
2021,549300C2GTHMQQJ5CS20,04-1294820,3,952172,952172,Everett Co-operative Bank,MA,Everett,518211,0,-1,,-1,,2021,4,549300C2GTHMQQJ5CS20,3,Everett Co-Operative Bank,MA,Everett,02149,273
2021,549300ODTHTLPTSBD612,41-0800081,5,580696,580696,NOVATION CREDIT UNION,MN,Oakdale,162519,0,-1,,-1,,2021,4,549300ODTHTLPTSBD612,5,Novation Credit Union,MN,OAKDALE,55128,163
2021,5493005T6ET3508ZXP66,20-4095036,7,20-4095036,-1,"PINNACLE LENDING GROUP, INC.",NV,LAS VEGAS,-1,3,-1,,-1,,2021,4,5493005T6ET3508ZXP66,7,"PINNACLE LENDING GROUP, INC.",NV,LAS VEGAS,89118,1003
2021,549300YU5FXUC05UXI34,95-1652351,5,172279,172279,GLENDALE AREA SCHOOLS CREDIT UNION,CA,GLENDALE,378002,0,-1,,-1,,2021,4,549300YU5FXUC05UXI34,5,GLENDALE AREA SCHOOLS CREDIT UNION,CA,GLENDALE,91208,61
2021,549300P4KO88PZ6HZH66,04-2257264,5,188186,188186,NESC,MA,METHUEN,91345,0,-1,,-1,,2021,4,549300P4KO88PZ6HZH66,5,NESC Federal Credit Union,MA,Methuen,01844,104
2021,549300KDDWLC5I8K6C44,95-1797779,5,980698,980698,ORANGE COUNTY'S CREDIT UNION,CA,Santa Ana,1757975,0,-1,,-1,,2021,4,549300KDDWLC5I8K6C44,5,ORANGE COUNTY'S CREDIT UNION,CA,SANTA ANA,92705,2736
2021,549300P8K0GPRS1CUS51,43-0309403,1,908553,908553,HNB National Bank,MO,Hannibal,517723,0,-1,,-1,,2021,4,549300P8K0GPRS1CUS51,1,HNB National Bank,MO,Hannibal,63401,993
2021,549300CW5TQ2ILVQPH09,37-0562445,2,137447,137447,The FNB Community Bank,IL,Vandalia,355622,0,1099654,,1099654,FIRST VANDALIA CORP.,2021,4,549300CW5TQ2ILVQPH09,2,The FNB Community Bank,IL,Vandalia,62471,118
2021,5493002W6KWD0REQ1T16,58-0549681,3,100236,100236,SunMark Community Bank,GA,Hawkinsville,281595,0,1143566,,1143566,"SUNMARK BANCSHARES, INC.",2021,4,5493002W6KWD0REQ1T16,3,SUNMARK COMMUNITY BANK,GA,PERRY,31069,224
2021,2549009PBYH62M6NZK12,41-0473820,2,786555,786555,Peoples State Bank of Plainview,MN,Plainview,285061,0,1427640,,1427640,"WRZ BANKSHARES, INC.",2021,4,2549009PBYH62M6NZK12,2,Peoples State Bank of Plainview,MN,Plainview,55964,361
2021,549300YKTME1U7Z0UN20,15-0547278,5,793076,793076,Empower Federal Credit Union,NY,Syracuse,1954367,0,-1,,-1,,2021,4,549300YKTME1U7Z0UN20,5,EMPOWER FEDERAL CREDIT UNION,NY,SYRACUSE,13212,4913
2021,5493003X0GM1DHJIWC22,42-0175400,2,830542,830542,CBI Bank & Trust,IA,Muscatine,526087,0,1203899,,1203899,"CENTRAL BANCSHARES, INC.",2021,4,5493003X0GM1DHJIWC22,2,CBI Bank & Trust,IA,Muscatine,52761,1327
2021,5493000ZB0IHPJ66BJ32,94-2906968,3,497570,497570,Luther Burbank Savings,CA,Santa Rosa,7043170,0,3814208,,3814208,LUTHER BURBANK CORPORATION,2021,4,5493000ZB0IHPJ66BJ32,3,LUTHER BURBANK SAVINGS,CA,IRVINE,92618,2173
2021,5493002L7I6EYKW3NG91,36-2463577,3,890742,890742,Blackhawk Bank & Trust,IL,Milan,1403584,0,1823345,,1823345,"BLACKHAWK BANCORPORATION, INC.",2021,4,5493002L7I6EYKW3NG91,3,BLACKHAWK BANK & TRUST,IL,MILAN,61264,496
2021,254900FAEHPIBKT6SS85,55-0181210,3,718538,718538,The Grant County Bank,WV,PETERSBURG,260357,0,1131750,,1131750,"HIGHLANDS BANKSHARES, INC.",2021,4,254900FAEHPIBKT6SS85,3,The Grant County Bank,WV,Petersburg,26847,158
2021,549300JJ8BTDDILW4H12,54-1393963,2,94522,94522,Benchmark Community Bank,VA,Kenbridge,711852,0,1141441,,1141441,"BENCHMARK BANKSHARES, INC.",2021,4,549300JJ8BTDDILW4H12,2,BENCHMARK COMMUNITY BANK,VA,KENBRIDGE,23944,637
2021,254900803AYZRNV49618,35-0323330,2,427241,427241,The Friendship State Bank,IN,Friendship,388676,0,1401154,,1401154,FRIENDSHIP BANCORP,2021,4,254900803AYZRNV49618,2,THE FRIENDSHIP STATE BANK,IN,Friendship,47021,664
2021,254900O723MCLR701H50,20-2408098,7,5027486,5027486,"Neighborhood Loans, Inc.",IL,Des Plaines,-1,3,-1,,-1,,2021,4,254900O723MCLR701H50,7,"Neighborhood Loans, Inc.",IL,Downers Grove,60515,14055
2021,549300U001ZTHCHO4196,23-1390605,5,1864384,1864384,Inspire Federal Credit Union,PA,Newtown,190254,0,-1,,-1,,2021,4,549300U001ZTHCHO4196,5,INSPIRE FEDERAL CREDIT UNION,PA,NEWTOWN,18940,101
2021,549300THBFHMP4WJ0323,95-1786417,5,1875157,1875157,I.L.W.U. CREDIT UNION,CA,Long Beach,291947,0,-1,,-1,,2021,4,549300THBFHMP4WJ0323,5,ILWU Federal Credit Union,CA,Long Beach,90807,152
2021,549300JAEP0DFO79JO70,87-0232489,5,427791,427791,GRANITE FEDERAL CREDIT UNION,UT,Salt Lake City,512788,0,-1,,-1,,2021,4,549300JAEP0DFO79JO70,5,GRANITE FEDERAL CREDIT UNION,UT,SALT LAKE CITY,84106,986
2021,25490000VM5YTLF4NM50,43-0271450,3,498148,498148,Focus Bank,MO,Charleston,772906,0,1248573,,1248573,"SECURITY STATE BANCSHARES, INC.",2021,4,25490000VM5YTLF4NM50,3,Focus Bank,MO,Charleston,63834,433
2021,549300DRKDRXN7POBN12,20-2602253,3,3347911,3347911,Austin Capital Bank SSB,TX,Austin,139109,0,-1,,-1,,2021,4,549300DRKDRXN7POBN12,3,Austin Capital Bank SSB,TX,Austin,78757,2857
2021,254900CIEUZUO7CHPG88,39-0945701,5,989794,989794,CoVantage Credit Union,WI,Antigo,1905407,0,-1,,-1,,2021,4,254900CIEUZUO7CHPG88,5,CoVantage Credit Union,WI,Antigo,54409,6766
2021,D8RBTOL3JO2Q6IEO0F34,72-0124870,2,667757,667757,Origin Bank,LA,Choudrant,5294103,0,1885307,,1885307,"ORIGIN BANCORP, INC.",2021,4,D8RBTOL3JO2Q6IEO0F34,2,Origin Bank,TX,Dallas,75219,3343
2021,549300OR2C7AGDZFTS24,43-0368910,2,657459,657459,Midwest BankCentre,MO,Saint Louis,2050530,0,2803719,,1094556,"STUPP BROS., INC.",2021,4,549300OR2C7AGDZFTS24,2,MIDWEST BANKCENTRE,MO,ST. LOUIS,63131,1573
2021,5493008R64K2UUN2NP30,75-0358895,1,548351,548351,"Austin Bank, Texas National Association",TX,Jacksonville,1859995,0,1108350,,3035227,JSA FAMILY LIMITED PARTNERSHIP,2021,4,5493008R64K2UUN2NP30,1,Austin Bank Texas NA,TX,Jacksonville,75766,1559
2021,549300M7T9PJF7QD7M68,31-0540142,5,643377,643377,EMERY FEDERAL CREDIT UNION,OH,Cincinnati,152306,0,-1,,-1,,2021,4,549300M7T9PJF7QD7M68,5,Emery Federal Credit Union,OH,Cincinnati,45249-8967,189
2021,549300KM0M1BH7LBWW77,76-0714702,2,3120646,3120646,Patriot Bank,TN,Millington,364599,0,3227983,,1135374,"SECURITY BANCORP OF TENNESSEE, INC.",2021,4,549300KM0M1BH7LBWW77,2,PATRIOT BANK,TN,MILLINGTON,38053,1781
2021,5493006Q0EMYD3OJ8N13,59-1485307,3,725732,725732,BAC Florida Bank,FL,Coral Gables,2260033,0,5537668,,3671102,BBD PARTICIPACOES S.A.,2021,4,5493006Q0EMYD3OJ8N13,3,BRADESCO BAC FLORIDA BANK,FL,CORAL GABLES,33134,1028
2021,549300R0QZYJMOBCNI97,30-0092197,7,30-0092197,-1,ST FIN CORP,CA,LAGUNA HILLS,-1,3,-1,,-1,,2021,4,549300R0QZYJMOBCNI97,7,ST FIN CORP,CA,LAGUNA HILLS,92651,633
2021,TR24TWEY5RVRQV65HD49,23-1237295,9,722777,722777,"Santander Bank, N.A.",DE,Wilmington,84670854,0,3981856,,1239254,"BANCO SANTANDER, S.A.",2021,4,TR24TWEY5RVRQV65HD49,9,Santander Bank N.A.,NY,New York,10281,22528
2021,F28JOQ8OBWCFUYM0UX93,95-2795851,9,197478,197478,East West Bank,CA,Pasadena,44181503,0,2734233,,2734233,"EAST WEST BANCORP, INC.",2021,4,F28JOQ8OBWCFUYM0UX93,9,EAST WEST BANK,CA,PASADENA,91101,11105
2021,549300SEW263WB5KWU64,73-1139790,1,347956,347956,"Vast Bank, National Association",OK,Tulsa,681287,0,1951891,,1951891,TULSA VALLEY BANCSHARES CORPORATION,2021,4,549300SEW263WB5KWU64,1,"Vast Bank, N.A.",OK,Tulsa,74120,67
2021,549300PXL1KA5TOL2O82,31-1076317,7,3837412,3837412,"M/I FINANCIAL, LLC",OH,COLUMBUS,-1,3,-1,,-1,,2021,4,549300PXL1KA5TOL2O82,7,M/I FINANCIAL. LLC,OH,COLUMBUS,43219,7785
2021,549300RYWXR8TL5LIK35,23-2721546,7,3904930,3904930,"ALLIED MORTGAGE GROUP, INC.",PA,BALA CYNWYD,-1,3,-1,,-1,,2021,4,549300RYWXR8TL5LIK35,7,Allied Mortgage Group,PA,Bala Cynwyd,19004,9756
2021,549300QXJAPKTQHC4S45,83-1560419,7,,-1,Center City Mortgage and Investments LLC,PA,NEW PHILADELPHIA,-1,3,-1,,-1,,2021,4,549300QXJAPKTQHC4S45,7,CENTER CITY MORTGAGE AND INVESTMENTS LLC,PA,BALA CYNWYD,19047,886
2021,549300ZXXYWVD5ZXYN28,84-0361004,3,775054,775054,The Eastern Colorado Bank,CO,Cheyenne Wells,456801,0,3189894,,3189894,"WEED INVESTMENT GROUP, INC.",2021,4,549300ZXXYWVD5ZXYN28,3,The Eastern Colorado Bank,CO,Colorado Springs,80903,143
2021,5493007ILDVYNFLDXQ42,35-6001477,5,151685,151685,Fire Police City County Federal Credit Union,IN,Fort Wayne,131007,0,-1,,-1,,2021,4,5493007ILDVYNFLDXQ42,5,Fire Police City County FCU,IN,Fort Wayne,46804,270
2021,549300GS6ONO04ORI292,93-1277376,3,2954497,2954497,Willamette Valley Bank,OR,Salem,268938,0,3823198,,3823198,"OREGON BANCORP, INC.",2021,4,549300GS6ONO04ORI292,3,Willamette Valley Bank,OR,Salem,97301,7022
2021,549300W7E6C5534TB922,56-1066152,5,878795,878795,WELCOME Federal Credit Union,NC,Morrisville,83664,0,-1,,-1,,2021,4,549300W7E6C5534TB922,5,Welcome Federal Credit Union,NC,Morrisville,27560,33
2021,984500AE53C2CD1BA542,21-0640968,5,169970,169970,CAMPBELL EMPLOYEES FEDERAL CREDIT UNION,NJ,Cherry Hill,138734,0,-1,,-1,,2021,4,984500AE53C2CD1BA542,5,Campbell FCU,NJ,Maple Shade,08052,5
2021,254900MC07ETGW6C0M17,37-1788934,7,,-1,Sierra Lending Corporation,CA,WESTLAKE VILLAGE,-1,3,-1,,-1,,2021,4,254900MC07ETGW6C0M17,7,Sierra Lending Corporation,TX,Houston,77027,14
2021,254900MSO8KVQ05D2J27,04-2079901,5,150491,150491,Workers Credit Union,MA,Fitchburg,1871286,0,-1,,-1,,2021,4,254900MSO8KVQ05D2J27,5,Workers Credit Union,MA,Fitchburg,01420,1807
2021,549300EJ3PWN9QTWAN34,58-1542258,3,109136,109136,Peoples Bank & Trust,GA,Buford,336668,0,3466504,,3466504,"PEOPLES BANKTRUST, INC.",2021,4,549300EJ3PWN9QTWAN34,3,PEOPLES BANK & TRUST,GA,BUFORD,30518,56
2021,6GK3WNTSHBNJOVP1LV97,84-0470451,5,660589,660589,Ent Credit Union,CO,Colorado Springs,6685914,0,-1,,-1,,2021,4,6GK3WNTSHBNJOVP1LV97,5,Ent Credit Union (68671),CO,Colorado Springs,80921,19499
2021,549300TV5ZED3EINI708,39-1088977,3,163549,163549,IncredibleBank,WI,Wausau,1399926,0,1209426,,1209426,"RIVER VALLEY BANCORPORATION, INC.",2021,4,549300TV5ZED3EINI708,3,Incrediblebank,WI,WAUSAU,54401,1769
2021,549300Q26XXW77S35W27,39-0501178,1,23755,23755,First National Community Bank,WI,New Richmond,216070,0,1124118,,1124118,ONE CORPORATION,2021,4,549300Q26XXW77S35W27,1,FIRST NATIONAL COMMUNITY BANK,WI,NEW RICHMOND,54017,472
2021,5493007G0MFTSE8JPV83,31-4159790,3,729011,729011,The Community Bank,OH,Zanesville,449426,0,1249682,,1249682,"COMMUNITYBANC, INC.",2021,4,5493007G0MFTSE8JPV83,3,The Community Bank,OH,Zanesville,43701,736
2021,54930004SDYVHYN4M716,80-0291968,1,3821822,3821822,Coastal Carolina National Bank,SC,Myrtle Beach,445289,0,3823817,,3823817,"COASTAL CAROLINA BANCSHARES, INC.",2021,4,54930004SDYVHYN4M716,1,COASTAL CAROLINA NATIONAL BANK,SC,MYRTLE BEACH,29577,781
2021,OYWNLMHNBQQ7BAH3EE86,84-0788527,3,260055,260055,Alpine Bank,CO,Glenwood Springs,3864092,0,1061679,,1061679,ALPINE BANKS OF COLORADO,2021,4,OYWNLMHNBQQ7BAH3EE86,3,ALPINE BANK,CO,GLENWOOD SPRINGS,81601,3531
2021,549300CF8MP6S7MZV277,54-1476331,7,3882551,3882551,FIRST SAVINGS MORTGAGE CORPORATION,VA,MCLEAN,-1,3,-1,,-1,,2021,4,549300CF8MP6S7MZV277,7,First Savings Mortgage Corporation,VA,McLean,22102,8163
2021,5493001QMUDK2ML5S840,72-0505488,5,157481,157481,Neighbors Federal Credit Union,LA,Baton Rouge,934907,0,-1,,-1,,2021,4,5493001QMUDK2ML5S840,5,Neighbors Federal Credit Union,LA,Baton Rouge,70810,152
2021,549300214PKB2Y1ZWH75,48-0435820,3,919456,919456,Mid-America Bank,KS,Baldwin City,243850,0,2521059,,2521059,"MID-AMERICA BANKSHARES, INC.",2021,4,549300214PKB2Y1ZWH75,3,Mid America Bank,KS,Baldwin City,66006,1000
2021,254900ZCC2M5LEMAEK61,38-0531120,3,554941,554941,Farmers StateBank of Munith,MI,Munith,77525,0,-1,,-1,,2021,4,254900ZCC2M5LEMAEK61,3,Farmers state Bank of Munith,MI,Munith,49259,212
2021,549300UCNB01VMT4GV61,74-3073286,3,332402,332402,Envision Bank,MA,Randolph,631256,0,3122846,,3122846,RANDOLPH BANCORP INC.,2021,4,549300UCNB01VMT4GV61,3,Envision  Bank,MA,Quincy,02169,4556
2021,549300U2ACJ0QKSFKY48,57-0294574,3,355120,355120,Carolina Bank & Trust Co.,SC,Lamar,475163,0,1076525,FIRST CAROLINA BANCSHARES CORPORATION,1076525,FIRST CAROLINA BANCSHARES CORPORATION,2021,4,549300U2ACJ0QKSFKY48,3,Carolina Bank,SC,Florence,29501,218
2021,5493005G8JO0PPI0HN36,02-0687335,7,4531557,4531557,"THE MORTGAGE WAREHOUSE,LLC",KY,LOUISVILLE,-1,3,-1,,-1,,2021,4,5493005G8JO0PPI0HN36,7,The Mortgage Warehouse,KY,Louisville,40223,1482
2021,549300C5JF1UNQK9KC45,52-0677883,5,256786,256786,FIRST FINANCIAL OF MARYLAND,MD,Lutherville,1036402,0,-1,,-1,,2021,4,549300C5JF1UNQK9KC45,5,First Financial of MD FCU,MD,Sparks Glencoe,21152,1171
2021,549300PIBI14GDBLD168,66-0214491,7,,3950759,COOPERATIVA DE AHORRO Y CREDITO DE ISABELA,,ISABEL,-1,3,-1,,-1,,2021,4,549300PIBI14GDBLD168,7,Cooperativa de A/C Isabela,PR,Isabela,00662,80
2021,549300K3182R4M8RRD37,73-0138590,3,534756,534756,Sooner State Bank,OK,Tuttle,261000,0,1067372,,1067372,"TUTTLE BANCSHARES, INC.",2021,4,549300K3182R4M8RRD37,3,Sooner State Bank,OK,Oklahoma City,73120,189
2021,549300TJMPSMO4XCL284,95-1746861,5,587284,587284,TECHNICOLOR Federal Credit Union,CA,Burbank,89931,0,-1,,-1,,2021,4,549300TJMPSMO4XCL284,5,Technicolor Federal Credit Union,CA,Novato,94945,49
2021,5493006R3KP9HJOA7613,52-6083018,5,479585,479585,PRINCE GEORGE'S COMMUNITY,MD,Bowie,187631,0,-1,,-1,,2021,4,5493006R3KP9HJOA7613,5,Prince Georges Community FCU,MD,BOWIE,20721,163
2021,549300N4V3ZDLXURNC25,61-1154657,7,4531584,4531584,"River Valley AgCredit, ACA",KY,Mayfield,-1,3,-1,,-1,,2021,4,549300N4V3ZDLXURNC25,7,River Valley AgCredit,KY,Paducah,42001,77
2021,5493006LGHJCBICSE610,82-0218879,5,478494,478494,WESTMARK Credit Union,ID,Idaho Falls,869311,0,-1,,-1,,2021,4,5493006LGHJCBICSE610,5,Westmark Credit Union,ID,IDAHO FALLS,83403,1547
2021,0K2D5AK28E3O5CC06E35,94-2875288,9,802866,802866,Silicon Valley Bank,CA,Santa Clara,69942929,0,1031449,,1031449,SVB FINANCIAL GROUP,2021,4,0K2D5AK28E3O5CC06E35,9,Silicon Valley Bank,CA,Santa Clara,95054,1216
2021,549300XED7IBK9VVQH70,51-0370645,7,4534080,4534080,"PIKE CREEK MORTGAGE SERVICES, INC.",DE,WILMINGTON,-1,3,-1,,-1,,2021,4,549300XED7IBK9VVQH70,7,"Pike Creek Mortgage Services, Inc.",DE,Newark,19711,3958
2021,549300FR7PGHS5RN4G56,04-1728400,2,61476,61476,ABINGTON BANK,MA,Abington,565988,0,3728958,,3728930,HOMETOWN FINANCIAL GROUP MHC,2021,4,549300FR7PGHS5RN4G56,2,ABINGTON BANK,MA,ABINGTON,02351,226
2021,549300PTX8QF0BPQ5U19,39-1856165,7,2571054,2571054,"SHELTER MORTGAGE COMPANY, L.L.C.",IL,SPRINGFIELD,-1,3,-1,,-1,,2021,4,549300PTX8QF0BPQ5U19,7,"SHELTER MORTGAGE COMPANY, L.L.C.",SC,GREENVILLE,29601,10446
2021,5493007X0QZ825CCEZ27,74-1110016,5,817794,817794,ENERGY CAPITAL CREDIT UNION,TX,Houston,224239,0,-1,,-1,,2021,4,5493007X0QZ825CCEZ27,5,ENERGY CAPITAL CREDIT UNION,TX,HOUSTON,77065,115
2021,549300730ZNSQK9EBT50,95-1209332,5,243197,243197,USE Credit Union,CA,San Diego,1023696,0,-1,,-1,,2021,4,549300730ZNSQK9EBT50,5,USE CREDIT UNION,CA,SAN DIEGO,92121,524
2021,254900ZELVKWROFNEC29,23-2088266,5,248781,248781,Ardent Federal Credit Union,PA,Philadelphia,719480,0,-1,,-1,,2021,4,254900ZELVKWROFNEC29,5,Ardent Federal Credit Union,PA,Philadelphia,19130,510
2021,549300TJWSU1V4GWUL60,75-1827912,1,1015467,1015467,Crockett National Bank,TX,San Antonio,661362,0,1141861,,1141861,"CROCKETT COUNTY NATIONAL BANCSHARES, INC",2021,4,549300TJWSU1V4GWUL60,1,Crockett National Bank,TX,San Antonio,78209,65
2021,213800THW6KSUL191M34,45-0226664,5,369396,369396,FIRST COMMUNITY CREDIT UNION,ND,JAMESTOWN,850203,0,-1,,-1,,2021,4,213800THW6KSUL191M34,5,FIRST COMMUNITY CREDIT UNION,ND,JAMESTOWN,58401,1778
2021,549300R8VPSFM828B312,11-1751016,5,491783,491783,TEACHERS,NY,Hauppauge,7508575,0,-1,,-1,,2021,4,549300R8VPSFM828B312,5,Teachers Federal Credit Union,NY,Hauppauge,11788,7119
2021,549300C4J510S9L1RF98,45-0140105,1,933256,933256,"Alerus Financial, National Association",ND,Grand Forks,2354874,0,2067007,,2067007,ALERUS FINANCIAL CORPORATION,2021,4,549300C4J510S9L1RF98,1,ALERUS FINANCIAL NA,ND,GRAND FORKS,58206,7318
2021,549300YQ763HO7N3CO68,57-0825951,3,246022,246022,The Bank of South Carolina,SC,Charleston,445067,0,2297701,,2297701,BANK OF SOUTH CAROLINA CORPORATION,2021,4,549300YQ763HO7N3CO68,3,The Bank of South Carolina,SC,Summerville,29483,547
2021,254900WTWK93MSDEBV13,38-0468920,1,1005075,1005075,Dearborn Federal Savings Bank,MI,Dearborn,255791,0,-1,,-1,,2021,4,254900WTWK93MSDEBV13,1,Dearborn Federal Savings Bank,MI,Dearborn,48124,241
2021,549300PT6CCDYU4VHM41,23-0961140,5,268592,268592,PENNSYLVANIA STATE EMPLOYEES Credit Union,PA,Harrisburg,6284724,0,-1,,-1,,2021,4,549300PT6CCDYU4VHM41,5,PA STATE EMPLOYEES CU,PA,HARRISBURG,17106-7013,9139
2021,549300T0T513EF0UT426,43-2114621,3,3489035,3489035,The Piedmont Bank,GA,Norcross,1045244,0,3812035,,3812035,"PIEDMONT BANCORP, INC.",2021,4,549300T0T513EF0UT426,3,The Piedmont Bank,GA,Peachtree Corners,30092,126
2021,5493001HBW8F635CC420,04-1339492,1,652977,652977,Foxboro Federal Savings,MA,Foxborough,164736,0,-1,,-1,,2021,4,5493001HBW8F635CC420,1,Foxboro Federal Savings,MA,FOXBORO,02035,211
2021,549300E2RDLPC5BL1Z93,26-1740755,3,3690596,3690596,Progress Bank and Trust,AL,Huntsville,1208529,0,4503901,,4503901,PROGRESS FINANCIAL CORPORATION,2021,4,549300E2RDLPC5BL1Z93,3,PROGRESS BANK,AL,HUNTSVILLE,35801,1887
2021,5493008WHMQTG21UHU90,95-1652833,5,386674,386674,LONG BEACH CITY EMPLOYEES Federal Credit Union,CA,Signal Hill,297700,0,-1,,-1,,2021,4,5493008WHMQTG21UHU90,5,Long Beach City Employees Federal Credit Union,CA,Signal Hill,90755,95
2021,549300GMNBYF84V5RF83,59-0687423,5,522276,522276,FIRST COMMERCE CREDIT UNION,FL,Tallahassee,615519,0,-1,,-1,,2021,4,549300GMNBYF84V5RF83,5,First Commerce Credit Union,FL,Tallahassee,32317,800
2021,549300B7YGT5O5MJ7M45,75-0796472,5,325271,325271,FORT WORTH COMMUNITY,TX,Bedford,1001619,0,-1,,-1,,2021,4,549300B7YGT5O5MJ7M45,5,FORT WORTH COMMUNITY CREDIT UN,TX,BEDFORD,76021,290
2021,254900R7YE9RG1CL6U13,63-0757453,5,462699,462699,Family Security Credit Union,AL,Decatur,686741,0,-1,,-1,,2021,4,254900R7YE9RG1CL6U13,5,FAMILY SECURITY CREDIT UNION,AL,DECATUR,35603,334
2021,549300JBTQ88S1XGQG53,91-1465333,7,4533122,4533122,"WESTWOOD MORTGAGE, INC.",WA,SEATTLE,-1,3,-1,,-1,,2021,4,549300JBTQ88S1XGQG53,7,"WESTWOOD MORTGAGE, INC.",WA,SEATTLE,98115,409
2021,54930089R5VSN6GVCK47,62-1859961,3,3110197,3110197,SouthEast Bank,TN,Farragut,1751463,0,3808122,,3808131,"EDUCATION LOAN FINANCE, INC.",2021,4,54930089R5VSN6GVCK47,3,SOUTHEAST BANK,TN,KNOXVILLE,37922,304
2021,5493007VGBHF6SRXRR53,94-1651781,5,171889,171889,TECHNOLOGY,CA,San Jose,3045579,0,-1,,-1,,2021,4,5493007VGBHF6SRXRR53,5,Technology Credit Union,CA,San Jose,95131,1947
2021,549300R1M9F3KHD4D911,31-0395830,5,105790,105790,"HOMELAND CREDIT UNION, INC.",OH,CHILLICOTHE,452577,0,-1,,-1,,2021,4,549300R1M9F3KHD4D911,5,Homeland Credit Union,OH,Chillicothe,45601,225
2021,549300GXXWNCQH5XX485,59-0650050,5,571676,571676,HARVESTERS FEDERAL CREDIT UNION,FL,Cantonment,184330,0,-1,,-1,,2021,4,549300GXXWNCQH5XX485,5,Harvesters Federal Credit Union,FL,Cantonment,32533,136
2021,5493003V0VOGJ2CI8520,01-0100600,3,247908,247908,Kennebunk Savings Bank,ME,Kennebunk,1326464,0,5117716,,5117323,"KENNEBUNK SAVINGS BANCORP, MHC",2021,4,5493003V0VOGJ2CI8520,3,KENNEBUNK SAVINGS BANK,ME,KENNEBUNK,04043,747
2021,549300UOLCM9I7THWB63,34-1137072,5,651082,651082,PROMEDICA FEDERAL CREDIT UNION,OH,Toledo,55238,0,-1,,-1,,2021,4,549300UOLCM9I7THWB63,5,PROMEDICA FEDERAL CREDIT UNION,OH,TOLEDO,43606,51
2021,5493005PKOSG7MYX0B34,20-5216358,7,4741561,4741561,"Prosperity Home Mortgage, LLC",VA,Richmond,-1,3,-1,,-1,,2021,4,5493005PKOSG7MYX0B34,7,"PROSPERITY HOME MORTGAGE, LLC",VA,CHANTILLY,20151,59253
2021,5493003DHZPFGQQJCU86,21-0605343,3,391977,391977,Sturdy Savings Bank,NJ,Stone Harbor,845848,0,-1,,-1,,2021,4,5493003DHZPFGQQJCU86,3,STURDY SAVINGS BANK,NJ,CAPE MAY COURT HOUSE,08210,191
2021,549300T03X096VF60C57,46-0108140,3,275358,275358,American Bank & Trust,SD,Wessington Springs,985338,0,1131406,,1131406,"LEACKCO BANK HOLDING COMPANY, INC.",2021,4,549300T03X096VF60C57,3,American Bank & Trust,SD,Sioux Falls,57104,829
2021,549300HIKKZQ0TVJWA08,71-0292056,5,778680,778680,ARKANSAS Federal Credit Union,AR,Jacksonville,1286507,0,-1,,-1,,2021,4,549300HIKKZQ0TVJWA08,5,ARKANSAS FEDERAL CREDIT UNION,AR,JACKSONVILLE,72076,3645
2021,5493006Q43B8FBFUVL12,04-1939290,3,711801,711801,The Savings Bank,MA,Wakefield,613652,0,4466903,,4466912,WAKEFIELD BANCORP MHC,2021,4,5493006Q43B8FBFUVL12,3,THE SAVINGS BANK,MA,WAKEFIELD,01880,391
2021,549300SEIRB4CK6DTC04,71-0104875,1,799948,799948,The First National Bank of Lawrence County at Walnut Ridge,AR,Walnut Ridge,218273,0,3288425,,3288425,FIRST NATIONAL CAPITAL CORPORATION,2021,4,549300SEIRB4CK6DTC04,1,First National Bank of Lawrence County,AR,Walnut Ridge,72476,109
2021,254900BDGU9FU91PQA51,34-4379460,3,780218,780218,The Union Bank Company,OH,Columbus Grove,877982,-1,1136009,,1136009,"UNITED BANCSHARES, INC.",2021,4,254900BDGU9FU91PQA51,3,The Union Bank Co,OH,Columbus Grove,45830,2872
2021,25490000OGVJZR74L509,87-0481540,7,5023929,5023929,Utah Mortgage Loan Corporation,UT,Salt Lake City,-1,3,-1,,-1,,2021,4,25490000OGVJZR74L509,7,Utah Mortgage Loan Corporation,UT,Salt Lake City,84107,916
2021,549300VGMMXKSX821O69,11-2637419,7,3873698,3873698,"HARTFORD FUNDING, LTD.",NY,ALBANY,-1,3,-1,,-1,,2021,4,549300VGMMXKSX821O69,7,"Hartford Funding, Ltd.",NY,Woodbury,11797,1198
2021,254900R61QS4BG30IS52,26-1234319,7,26-1234319,-1,"Evesham Mortgage, LLC",NJ,Marlton,-1,3,-1,,-1,,2021,4,254900R61QS4BG30IS52,7,"EVESHAM MORTGAGE, LLC",NJ,MARLTON,08053,1431
2021,549300ESRQ6OLBB56N04,81-0251125,3,2634191,2634191,Glacier Bank,MT,Kalispell,13673038,0,2003975,,2003975,"GLACIER BANCORP, INC.",2021,4,549300ESRQ6OLBB56N04,3,Glacier Bank,MT,Kalispell,59901,15781
2021,5493007SZD2OVPMXT217,34-0399850,3,177920,177920,The Middlefield Banking Company,OH,Middlefield,1181870,0,1398740,,1398740,MIDDLEFIELD BANC CORP,2021,4,5493007SZD2OVPMXT217,3,THE MIDDLEFIELD BANKING COMPAN,OH,MIDDLEFIELD,44062,1356
2021,254900KSUTZO899YU680,41-0498480,3,788773,788773,HomeTown Bank,MN,Redwood Falls,353740,0,3800797,,3800797,"REDWOOD FINANCIAL, INC.",2021,4,254900KSUTZO899YU680,3,HomeTown Bank,MN,Redwood Falls,56283,869
2021,549300KR4ZW8KJC82O47,48-1238548,1,2907019,2907019,Community First National Bank,KS,Manhattan,292682,0,2948517,,2948517,TTAC CORP.,2021,4,549300KR4ZW8KJC82O47,1,Community First National Bank,KS,Manhattan,66502,1144
2021,Q107R4XFOZ6F6K73C488,46-0189380,1,326858,326858,The First National Bank in Sioux Falls,SD,Sioux Falls,1339634,0,1126354,,1126354,"MINNEHAHA BANSHARES, INC.",2021,4,Q107R4XFOZ6F6K73C488,1,The First National Bank in Sioux Falls,SD,Sioux Falls,57104,547
2021,254900VXGQ0PJJBNKA66,58-0152920,3,944739,944739,"The Bank of LaFayette, Georgia",GA,LaFayette,284705,0,1085965,,1085965,"LAFAYETTE BANKSHARES, INC.",2021,4,254900VXGQ0PJJBNKA66,3,BANK OF LAFAYETTE,GA,LAFAYETTE,30728,163
2021,254900F213LCBO4VGA06,45-3131005,3,923707,923707,The Lowell Five Cent Savings Bank,MA,Tewksbury,1190583,0,4268358,,4268349,LOWELL FIVE BANCORP MHC,2021,4,254900F213LCBO4VGA06,3,Lowell Five Cent Savings Bank,MA,Tewksbury,01876,250
2021,549300DRKI1J5D73X280,34-4242080,2,504311,504311,The Genoa Banking Company,OH,Genoa,376693,0,1071388,"GENBANC, INC.",1071388,"GENBANC, INC.",2021,4,549300DRKI1J5D73X280,2,GENOA BANKING COMPANY,OH,GENOA,43430,1009
2021,549300GDJSUYPH6UC416,39-0691250,3,310978,310978,"WaterStone Bank, SSB",WI,Wauwatosa,1993170,0,4523431,,4523431,"WATERSTONE FINANCIAL, INC.",2021,4,549300GDJSUYPH6UC416,3,WATERSTONE BANK,WI,WAUWATOSA,53226,254
2021,5493000W4QLNZXGPAF40,20-3450673,3,3650581,3650581,"Beach Community Mortgage Services, Inc.",FL,Fort Walton Beach,-1,2,3650572,,-1,,2021,4,5493000W4QLNZXGPAF40,3,"BEACH MORTGAGE, INC.",FL,FORT WALTON BEACH,32548,476
2021,549300SHQJPJG8CN8153,74-1541411,1,393953,393953,"HomeTown Bank, National Association",TX,Galveston,626891,0,-1,,1107522,"MOODY BANCSHARES, INC.",2021,4,549300SHQJPJG8CN8153,1,"HOMETOWN BANK, NATIONAL ASSOCIATION",TX,GALVESTON,77552,166
2021,549300F2X31IJ1AVQ527,23-3058683,2,2963547,2963547,Landmark Community Bank,PA,Pittston,326790,0,3734762,,3734762,LANDMARK BANCORP INC,2021,4,549300F2X31IJ1AVQ527,2,Landmark,PA,Scranton,18503,85
2021,549300ERHDU3FCE3FA33,14-0696635,1,866000,866000,Glens Falls National Bank and Trust Company,NY,Glens Falls,2564325,0,1048812,,1048812,ARROW FINANCIAL CORPORATION,2021,4,549300ERHDU3FCE3FA33,1,Glens Falls National Bank,NY,Glens Falls,12801,1328
2021,549300JSWMVSCXIPC896,59-0777511,5,114390,114390,MEMBERS FIRST CREDIT UNION OF FLORIDA,FL,Pensacola,200992,0,-1,,-1,,2021,4,549300JSWMVSCXIPC896,5,MEMBERS FIRST CREDIT UNION OF FLORIDA,FL,Pensacola,32502,269
2021,54930034MXV88NNFY879,27-2251017,3,1013070,1013070,Norwood Co-operative Bank,MA,Norwood,588779,0,3960918,,3960897,1889 BANCORP MHC,2021,4,54930034MXV88NNFY879,3,Norwood Cooperative Bank,MA,Norwood,02062,387
2021,254900SI9TPITPEZ5332,66-0827037,7,,-1,Capital Mortgage Services Corp.,,San Juan,-1,3,-1,,-1,,2021,4,254900SI9TPITPEZ5332,7,CAPITOL MORTGAGE,PR,SAN JUAN,00918,631
2021,5493004VB8XJ1L0EOO76,62-0301070,2,466754,466754,The Bank of Fayette County,TN,Piperton,656486,0,1099896,,1099896,"MOSCOW BANCSHARES, INC.",2021,4,5493004VB8XJ1L0EOO76,2,THE BANK OF FAYETTE COUNTY,TN,COLLIERVILLE,38017,296
2021,549300QPD4M26VIOFU53,13-3654244,7,3871434,3871434,SUMMIT MORTGAGE BANKERS INC.,NY,NEW YORK,-1,3,-1,,-1,,2021,4,549300QPD4M26VIOFU53,7,"Summit Mortgage Bankers, Inc.",NY,Flushing,11354,2943
2021,549300VJ7C5JB4W87F48,36-3608295,7,3869691,3869691,"Key Mortgage Services, Inc.",IL,Chicago,-1,3,-1,,-1,,2021,4,549300VJ7C5JB4W87F48,7,"KEY MORTGAGE SERVICES, INC.",IL,SCHAUMBURG,60173,4674
2021,549300P8KQYPAVPZL931,61-0189020,3,262741,262741,Farmers Bank and Trust Company,KY,Marion,374295,0,1246962,,1246962,"FARMERS BANCORP, INC. OF MARION, KENTUCKY",2021,4,549300P8KQYPAVPZL931,3,Farmers Bank and Trust Company,KY,Marion,42064,383
2021,2549005RQQ9A5CNFVG05,58-0508347,1,381932,381932,Commercial Banking Company,GA,Valdosta,235153,0,3839340,,4625858,LEE L. MIKUTA TRUST,2021,4,2549005RQQ9A5CNFVG05,1,Commercial Banking Company,GA,Valdosta,31602,245
2021,549300H6M7CI9LXTKS03,74-1152784,5,219875,219875,PRIMEWAY,TX,Houston,528010,0,-1,,-1,,2021,4,549300H6M7CI9LXTKS03,5,PrimeWay Federal Credit Union,TX,Houston,77040,526
2021,549300QG83M0EX7VC434,83-0110575,3,561659,561659,Pinnacle Bank - Wyoming,WY,Cody,972141,0,1053272,,1053272,"PINNACLE BANCORP, INC.",2021,4,549300QG83M0EX7VC434,3,Pinnacle Bank - Wyoming,WY,Cody,82414,1167
2021,549300LVO0PEC3F2EB53,04-6017803,5,451497,451497,RTN FEDERAL CREDIT UNION,MA,Waltham,904421,0,-1,,-1,,2021,4,549300LVO0PEC3F2EB53,5,RTN Federal Credit Union,MA,Waltham,02452,863
2021,TKT6FH38184ZYBTPKS77,04-1782600,9,613008,613008,Rockland Trust Company,MA,Rockland,11397638,-1,1136803,,1136803,INDEPENDENT BANK CORP.,2021,4,TKT6FH38184ZYBTPKS77,9,Rockland Trust Company,MA,Rockland,02370,8873
2021,549300G5DVGM0ZHRQC33,45-5510883,7,45-5510883,-1,CLEARPATH LENDING,CA,Sacramento,-1,3,-1,,-1,,2021,4,549300G5DVGM0ZHRQC33,7,ClearPath Lending,CA,Irvine,92618,16711
2021,5493003IRCQIQ6T3QS04,43-0796471,3,770853,770853,First Midwest Bank of Dexter,MO,Dexter,356828,0,2575249,,2575230,"MIDWEST BANCORPORATION, INC. AND AFFILIATES ESOP TRUST",2021,4,5493003IRCQIQ6T3QS04,3,First Midwest Bank of Dexter,MO,Poplar Bluff,63901,351
2021,549300UKYJZO6CZXIX60,36-4489176,7,4878195,4878195,"UNITED HOME LOANS, INC.",IL,CHICAGO,-1,3,-1,,-1,,2021,4,549300UKYJZO6CZXIX60,7,"United Home Loans, Inc.",IL,Westchester,60154,1277
2021,2549003ODK1CMS9CMW53,82-0197267,5,926472,926472,Rails West Federal Credit Union,ID,Chubbuck,60693,0,-1,,-1,,2021,4,2549003ODK1CMS9CMW53,5,RAILS WEST FCU,ID,CHUBBUCK,83202,41
2021,549300KUBRH1GICTLI84,02-0224611,5,14070,14070,NEW HAMPSHIRE,NH,Concord,278747,0,-1,,-1,,2021,4,549300KUBRH1GICTLI84,5,New Hampshire Federal Credit Union,NH,Concord,03301,288
2021,5493000BR75YQF0VQC27,74-3038404,7,4437583,4437583,HOMESTAR FINANCIAL CORPORATION,GA,NORCROSS,-1,3,-1,,-1,,2021,4,5493000BR75YQF0VQC27,7,HOMESTAR FINANCIAL CORPORATION,GA,GAINESVILLE,30501,21312
2021,549300LPT41QBMAC7948,61-0126170,3,473042,473042,"SOUTH CENTRAL BANK, INC.",KY,GLASGOW,1275110,0,2810285,,2810285,"SOUTH CENTRAL BANCSHARES OF KENTUCKY, INC.",2021,4,549300LPT41QBMAC7948,3,SOUTH CENTRAL BANK INC,KY,Glasgow,42141,3271
2021,549300AENO88GEUWCZ39,41-1941324,7,4728919,4728919,Luminate Home Loans,MN,Bloomington,-1,3,-1,,-1,,2021,4,549300AENO88GEUWCZ39,7,"Luminate Home Loans, Inc",MN,Minneapolis,55405,4810
2021,549300Z6QWABFYI73E79,99-0073436,5,269777,269777,HAWAIIUSA FEDERAL CREDIT UNION,HI,Honolulu,1754571,0,-1,,-1,,2021,4,549300Z6QWABFYI73E79,5,HAWAIIUSA FCU,HI,HONOLULU,96817,617
2021,5493008KVNSBXMICV874,47-3963268,7,,-1,"PS FUNDING, INC.",DE,DOVER,-1,3,-1,,-1,,2021,4,5493008KVNSBXMICV874,7,PS FUNDING INC.,CA,El Segundo,90245,2775
2021,5493005LKFCLR81TSN28,22-0900560,1,174572,174572,Columbia Bank,NJ,Fair Lawn,8177933,0,2571111,,2571120,COLUMBIA BANK MHC,2021,4,5493005LKFCLR81TSN28,1,Columbia Bank,NJ,Fair Lawn,07410,4127
2021,549300A7W1NQ3BYZCB68,63-0260951,2,539032,539032,Bank Independent,AL,Sheffield,1735234,0,1082209,,1082209,"BANCINDEPENDENT, INCORPORATED",2021,4,549300A7W1NQ3BYZCB68,2,Bank Independent,AL,Sheffield,35660,1848
2021,5493000KJ6VEEFTSNI20,37-1114524,2,,930442,Bank of Pontiac,IL,Pontiac,566444,0,1207712,,1207712,"PONTIAC BANCORP, INC.",2021,4,5493000KJ6VEEFTSNI20,2,Bank of Pontiac,IL,Pontiac,61764,621
2021,MV4O55SH8HO6KQSGW013,31-0308605,2,165628,165628,First Financial Bank,OH,Cincinnati,14434311,0,1071276,,1071276,FIRST FINANCIAL BANCORP,2021,4,MV4O55SH8HO6KQSGW013,2,First Financial Bank,OH,Cincinnati,45202,13717
2021,5493005G7RUITYI5B094,55-0476409,3,164331,164331,Logan Bank & Trust Company,WV,Logan,265752,0,1133259,,1133259,"LOGAN COUNTY BANCSHARES, INC.",2021,4,5493005G7RUITYI5B094,3,Logan Bank and Trust,WV,Logan,25601,272
2021,549300Z7KF7I03AULW22,75-0275915,5,820598,820598,EECU,TX,Fort Worth,2504825,0,-1,,-1,,2021,4,549300Z7KF7I03AULW22,5,EECU,TX,Fort Worth,76102,2885
2021,549300O2D8BPO6PJRB90,73-0496410,3,470452,470452,Armstrong Bank,OK,Muskogee,989917,0,3488485,,3488485,"IRONHORSE FINANCIAL GROUP, INC.",2021,4,549300O2D8BPO6PJRB90,3,ARMSTRONG BANK,OK,MUSKOGEE,74401,1587
2021,5493004RCIKTZ2ZKII25,46-3435079,7,46-3435079,-1,"Low VA Rates, LLC",CO,Brighton,-1,3,-1,,-1,,2021,4,5493004RCIKTZ2ZKII25,7,"Low VA Rates, LLC",UT,Lindon,84042,9992
2021,549300VIIXX6NYY12891,63-1282948,3,3034257,3034257,First Community Bank of Central Alabama,AL,Wetumpka,394595,0,3034248,,3034248,"CENTRAL ALABAMA BANCSHARES, INC.",2021,4,549300VIIXX6NYY12891,3,First Community Bank of Central Alabama,AL,Wetumpka,36092,121
2021,IUGPUX5LWRZ3B6KIZ697,58-1111076,3,764030,764030,Ameris Bank,GA,Atlanta,18156981,0,1082067,,1082067,AMERIS BANCORP,2021,4,IUGPUX5LWRZ3B6KIZ697,3,AMERIS BANK,GA,ATLANTA,30305,39658
2021,549300DQW5P73YGBL063,23-1975677,5,776686,776686,SERVICE 1ST,PA,Danville,428515,0,-1,,-1,,2021,4,549300DQW5P73YGBL063,5,SERVICE 1ST FEDERAL CREDIT UNI,PA,DANVILLE,17821,272
2021,549300ZL6THC5R7VUP98,73-1100200,2,106359,106359,First Fidelity Bank,OK,Oklahoma City,1797163,0,1064728,,1064728,"FIRST FIDELITY BANCORP, INC.",2021,4,549300ZL6THC5R7VUP98,2,FIRST FIDELITY BANK,OK,OKLAHOMA CITY,73118,411
2021,549300NFAQXBUC5NPK66,74-2252067,1,400365,400365,"First Commercial Bank, National Association",TX,Seguin,360599,0,2299992,,2299992,FIRST COMMERCIAL FINANCIAL CORP,2021,4,549300NFAQXBUC5NPK66,1,"First Commercial Bank, N.A.",TX,Seguin,78155,127
2021,549300SVKVT1EF3U0N48,51-0517525,7,3955370,3955370,"ON Q FINANCIAL, INC.",AZ,TEMPE,-1,3,-1,,-1,,2021,4,549300SVKVT1EF3U0N48,7,"ON Q FINANCIAL, INC",AZ,TEMPE,85281,15548
2021,2549008CUN0J8JKWUL22,75-0853180,7,,-1,Telco Plus Credit Union,,,-1,3,-1,,-1,,2021,4,2549008CUN0J8JKWUL22,7,TELCO PLUS CREDIT UNION,TX,Longview,75604,50
2021,549300VI8UYZW0WTE611,61-6029190,5,792695,792695,MEMBERS CHOICE,KY,ASHLAND,222302,0,-1,,-1,,2021,4,549300VI8UYZW0WTE611,5,Members Choice Credit Union,KY,Ashland,41101,280
2021,549300ZP58VS10D8CK07,48-0216720,3,615851,615851,The Farmers State Bank of Westmoreland,KS,Westmoreland,186475,0,-1,,-1,,2021,4,549300ZP58VS10D8CK07,3,THE FARMERS STATE BANK OF WESTMORELAND,KS,WESTMORELAND,66549,141
2021,254900IRNXUOKGT5XK11,36-2481667,3,375034,375034,West Suburban Bank,IL,Lombard,2304484,0,1245705,,1245705,"WEST SUBURBAN BANCORP, INC.",2021,4,254900IRNXUOKGT5XK11,3,West Suburban Bank,IL,Lombard,60148,354
2021,5493001J5Z6NXCZKQR68,48-6107341,5,497598,497598,SKYWARD,KS,Wichita,343686,0,-1,,-1,,2021,4,5493001J5Z6NXCZKQR68,5,Skyward Credit UNion,KS,Wichita,67215,387
2021,54930027GUR70U427Y19,72-0452899,5,877079,877079,Campus Federal Credit Union,LA,Baton Rouge,673111,0,-1,,-1,,2021,4,54930027GUR70U427Y19,5,CAMPUS FEDERAL CREDIT UNION,LA,BATON ROUGE,70808,440
2021,549300X23Y2CUDX6A106,46-2981456,7,4878029,4878029,"CAPITAL PARTNERS MORTGAGE, LLC",DE,WILMINGTON,-1,2,-1,,-1,,2021,4,549300X23Y2CUDX6A106,7,"CAPITAL PARTNERS MORTGAGE, LLC",SC,GREENVILLE,29601,1651
2021,2549002OCMCJIOOONI88,42-0326042,3,738040,738040,United Bank of Iowa,IA,Ida Grove,1742636,0,1205183,,1205183,"IDA GROVE BANCSHARES, INC.",2021,4,2549002OCMCJIOOONI88,3,United Bank of Iowa,IA,Ida Grove,51445,876
2021,549300BJ6EOJ9EF6JB96,44-0482800,3,646556,646556,Wells Bank,MO,Platte City,249659,0,1248779,,1248779,"WELLS BANCSHARES, INC.",2021,4,549300BJ6EOJ9EF6JB96,3,Wells Bank,MO,Platte City,64079,340
2021,ZF85QS7OXKPBG52R7N18,39-1941673,9,917742,917742,"Associated Bank, National Association",WI,Green Bay,32343129,0,1199563,,1199563,ASSOCIATED BANC-CORP,2021,4,ZF85QS7OXKPBG52R7N18,9,Associated Bank NA,WI,Green Bay,54301,23836
2021,549300QOIO7RN6JTEI45,85-0065555,1,606176,606176,Pioneer Bank,NM,Roswell,812885,0,3798933,,3798933,"PIONEER BANCORP, INC.",2021,4,549300QOIO7RN6JTEI45,1,PIONEER BANK,NM,ROSWELL,88201,108
2021,549300V5YG1VXZAU5G02,61-6031223,5,153997,153997,UNIVERSITY OF KENTUCKY,KY,Lexington,978294,0,-1,,-1,,2021,4,549300V5YG1VXZAU5G02,5,UNIVERSITY OF KY FCU,KY,LEXINGTON,40509,2865
2021,549300W2DSERWC01YR18,14-1155630,1,341310,341310,Walden Savings Bank,NY,Montgomery,594023,0,-1,,-1,,2021,4,549300W2DSERWC01YR18,1,WALDEN SAVINGS BANK,NY,MONTGOMERY,12549,635
2021,549300FOE3Q0OTXTQ820,75-3010758,3,522847,522847,"Limestone Bank, Inc.",KY,Louisville,1239472,0,1249712,,1249712,"LIMESTONE BANCORP, INC",2021,4,549300FOE3Q0OTXTQ820,3,LIMESTONE BANK,KY,LOUISVILLE,40223,192
2021,5493003I223S7AP6XL58,26-1366826,3,3637247,3637247,South Atlantic Bank,SC,Myrtle Beach,714414,0,3637238,,3637238,"SOUTH ATLANTIC BANCSHARES, INC.",2021,4,5493003I223S7AP6XL58,3,SOUTH ATLANTIC BANK,SC,MYRTLE BEACH,29572,900
2021,549300A81K8K8KJR9759,39-0624390,1,713476,713476,"PyraMax Bank, FSB",WI,Greenfield,425734,0,5301113,,5301122,"1895 BANCORP OF WISCONSIN, MHC",2021,4,549300A81K8K8KJR9759,1,PyraMax Bank,WI,Greenfield,53220,1066
2021,549300FTR6GEUX8QTI81,47-3626298,7,47-3626298,-1,"HOME APPROVALS DIRECT, INC.",CA,IRVINE,-1,3,-1,,-1,,2021,4,549300FTR6GEUX8QTI81,7,"Home Approvals Direct, Inc.",CA,Irvine,92612,2012
2021,549300L5PE7ZGYRW5Q15,85-0207454,3,1016857,1016857,Citizens Bank of Las Cruces,NM,Las Cruces,613543,0,1105078,,1105078,"AMADOR BANCSHARES, INC.",2021,4,549300L5PE7ZGYRW5Q15,3,CITIZENS BANK OF LAS CRUCES,NM,LAS CRUCES,88001,1011
2021,5493002N80S5V3OY3S68,38-3922561,7,38-3922561,-1,"GROUP MORTGAGE, LLC",DE,WILMINGTON,-1,3,-1,,-1,,2021,4,5493002N80S5V3OY3S68,7,"GROUP MORTGAGE, LLC",TX,HOUSTON,77027,1267
2021,549300OHLAHJ10DFF198,26-1747501,7,,-1,BELEM SERVICING LLC,UT,SAINT GEORGE,-1,3,-1,,-1,,2021,4,549300OHLAHJ10DFF198,7,"Belem Servicing, LLC dba Patriot Home Mortgage",UT,St. George,84770,1802
2021,549300ZBB5XXXOWVNS92,41-0216169,3,314257,314257,Deerwood Bank,MN,Waite Park,719021,0,2499082,,2499082,"DEERWOOD BANCSHARES, INC.",2021,4,549300ZBB5XXXOWVNS92,3,DEERWOOD BANK,MN,WAITE PARK,56387,1116
2021,549300Y8MO6UUFA38I79,54-0316051,5,,260091,"NORTHERN STAR CREDIT UNION, INC.",VA,Portsmouth,83271,0,-1,,-1,,2021,4,549300Y8MO6UUFA38I79,5,Northern Star Credit Union Inc.,VA,Portsmouth,23702,15
2021,5493000UZ37PYF2QMT96,52-0447180,5,225090,225090,POINT BREEZE,MD,Hunt Valley,773854,0,-1,,-1,,2021,4,5493000UZ37PYF2QMT96,5,Point Breeze Credit Union,MD,Hunt Valley,21031,482
2021,5493002OMAT2S3H4OF48,36-1588740,3,725077,725077,OSB Community Bank,IL,Ottawa,300300,-1,5009204,,5009204,"OTTAWA BANCORP, INC.",2021,4,5493002OMAT2S3H4OF48,3,OSB COMMUNITY BANK,IL,OTTAWA,61350,621
2021,2549009PZCHF8GGHET49,95-1677895,5,192679,192679,Santa Barbara Teachers Federal Credit Union,CA,Santa Barbara,238842,0,-1,,-1,,2021,4,2549009PZCHF8GGHET49,5,SANTA BARBARA TEACHERS FEDERAL CREDIT UNION,CA,SANTA BARBARA,93110,52
2021,549300IFU5D50EZHEU18,72-0185280,1,109659,109659,Louisiana National Bank,LA,Ruston,248963,-1,1133400,,1133400,"LOUISIANA BANCSHARES, INC.",2021,4,549300IFU5D50EZHEU18,1,Louisiana National Bank,LA,Ruston,71270,164
2021,5493003LIT6MPMIF5W07,45-0117720,3,879457,879457,Cornerstone Bank,ND,Fargo,983657,0,3435283,,3435283,"CORNERSTONE HOLDING COMPANY, INC.",2021,4,5493003LIT6MPMIF5W07,3,Cornerstone Bank,ND,Fargo,58104,192
2021,5493003GO99ZQDTH5407,32-0306914,7,4437725,4437725,"BROOKHOLLOW MORTGAGE SERVICES, LTD",TX,HOUSTON,-1,3,-1,,-1,,2021,4,5493003GO99ZQDTH5407,7,"BROOKHOLLOW MORTGAGE SERVICES, LTD",TX,HOUSTON,77027,1474
2021,549300FRM3OFF8EM0191,74-2899542,7,,-1,"JNC Mortgage Company, Inc.",,,-1,-1,-1,,-1,,2021,4,549300FRM3OFF8EM0191,7,JNC MORTGAGE COMPANY,TX,EL PASO,79928,217
2021,549300QVQQMJ9IWR0G78,75-2857425,7,3844410,3844410,"CERTAINTY HOME LOANS, LLC",DE,DOVER,-1,3,-1,,-1,,2021,4,549300QVQQMJ9IWR0G78,7,"CERTAINTY HOME LOANS, LLC",IL,CHICAGO,60613,9651
2021,5493009YXZEN8325UC34,46-3986756,7,4877394,4877394,"HOME MORTGAGE ALLIANCE, LLC",DE,DOVER,-1,3,-1,,-1,,2021,4,5493009YXZEN8325UC34,7,"HOME MORTGAGE ALLIANCE, LLC",IL,CHICAGO,60613,2969
2021,549300VW4CUMQW09U139,22-2570818,5,527196,527196,HEALTHCARE EMPLOYEES,NJ,Princeton,-1,0,-1,,-1,,2021,4,549300VW4CUMQW09U139,5,Healthcare Employees FCU,NJ,Princeton,08540,58
2021,254900YV0O58MHFPZV28,15-0443420,1,442011,442011,Generations Bank,NY,Seneca Falls,347773,0,2912479,,2912442,"SENECA FALLS SAVINGS BANK MHC, THE",2021,4,254900YV0O58MHFPZV28,1,Generations Bank,NY,Seneca Falls,13148,249
2021,5493006VVC2EW2KLYK29,35-0722275,1,677970,677970,Union Savings And Loan Association,IN,Connersville,168015,0,-1,,-1,,2021,4,5493006VVC2EW2KLYK29,1,Union Savings and Loan Association,IN,Connersville,47331,374
2021,549300RRQHIHHM9I4K21,48-0477295,5,365192,365192,CREDIT UNION OF AMERICA,KS,Wichita,985502,0,-1,,-1,,2021,4,549300RRQHIHHM9I4K21,5,CREDIT UNION OF AMERICA,KS,WICHITA,67226,3614
2021,549300MUCZWG8XJCW607,02-0223137,5,940179,940179,Triangle Credit Union,NH,Nashua,721374,0,-1,,-1,,2021,4,549300MUCZWG8XJCW607,5,TRIANGLE CREDIT UNION,NH,NASHUA,03064,623
2021,5493008VVXQIDO1EZ460,91-1780488,7,4188036,4188036,"SUMMIT FUNDING, INC.",CA,Sacramento,-1,3,-1,,-1,,2021,4,5493008VVXQIDO1EZ460,7,SUMMIT FUNDING.INC,CA,SACRAMENTO,95834,31340
2021,54930049L5WINET09Q97,34-1716542,7,3947843,3947843,"MID AMERICA MORTGAGE, INC.",OH,ROCKY RIVER,-1,3,-1,,-1,,2021,4,54930049L5WINET09Q97,7,"MID AMERICA MORTGAGE, INC.",TX,ADDISON,75001,28502
2021,549300JPGMCMBEJEK584,04-2683316,5,483386,483386,DIGITAL Federal Credit Union,MA,Marlborough,9361090,0,-1,,-1,,2021,4,549300JPGMCMBEJEK584,5,Digital Federal Credit Union,MA,Marlborough,01752,15815
2021,1VUZZZCW0TWP6R7N3Z33,06-0570800,3,443205,443205,Union Savings Bank,CT,Danbury,2276560,0,5301421,,5301421,"USB BANCORP, INC.",2021,4,1VUZZZCW0TWP6R7N3Z33,3,UNION SAVINGS BANK,CT,DANBURY,06810,617
2021,549300Q745S62Q6QNW78,54-0314870,1,754929,1139925,"NATIONAL BANKSHARES, INC.",VA,BLACKSBURG,1318594,-1,1139925,,1139925,"NATIONAL BANKSHARES, INC.",2021,4,549300Q745S62Q6QNW78,1,NATIONAL BANK OF BLACKSBURG,VA,BLACKSBURG,24060,470
2021,549300G3FCPL48R4HU28,33-1131083,7,33-1131083,-1,IAPPROVE LENDING,CA,SANTA ANA,-1,3,-1,,-1,,2021,4,549300G3FCPL48R4HU28,7,IAPPROVE LENDING,CA,Costa Mesa,92626,452
2021,549300JUZBXW5SUK5V79,23-6277336,5,35776,35776,HERITAGE VALLEY,PA,York,85957,0,-1,,-1,,2021,4,549300JUZBXW5SUK5V79,5,Heritage Valley FCU,PA,YORK,17402,169
2021,254900DIGH8B5QJNCC06,72-0875048,3,8033,8033,"Peoples Bank & Trust Company of Pointe Coupee Parish, Inc",LA,New Roads,324436,0,1084883,,1084883,"PEOPLES BANCSHARES OF POINTE COUPEE PARISH, INC.",2021,4,254900DIGH8B5QJNCC06,3,PEOPLES BANK AND TRUST COMPANY OF POINTE COUPEE,LA,New Roads,70760,352
2021,549300IGSWBIHAL67063,01-0464609,7,3868779,3868779,"RESIDENTIAL MORTGAGE SERVICES, INC.",ME,AUGUSTA,-1,3,-1,,-1,,2021,4,549300IGSWBIHAL67063,7,RESIDENTIAL MORTGAGE SERVICES,ME,SOUTH PORTLAND,04106,27383
2021,549300LYL7JC81I5DV55,82-0212120,5,821979,821979,CAPITAL EDUCATORS FEDERAL CREDIT UNION,ID,Meridian,783074,0,-1,,-1,,2021,4,549300LYL7JC81I5DV55,5,Capital Educators Fed CU,ID,Meridian,83680,1420
2021,549300IEIM2IT5YK4368,71-0799734,3,2596646,2596646,First Community Bank,AR,Batesville,1521073,0,2641694,,2641694,"FIRST COMMUNITY BANCSHARES, INC.",2021,4,549300IEIM2IT5YK4368,3,FIRST COMMUNITY BANK,AR,BATESVILLE,72501,2706
2021,254900YJOY30UROEAG69,74-0702223,1,583352,583352,First National Bank of Huntsville,TX,Huntsville,485869,-1,3018958,,3018958,"FIRST NATIONAL BANCSHARES OF HUNTSVILLE, INC.",2021,4,254900YJOY30UROEAG69,1,First National Bank of Huntsville,TX,Huntsville,77340,232
2021,5493002HQPD3K5EOQP52,84-0920461,3,178851,178851,Grand Valley Bank,UT,Heber,437297,0,1840931,,3701269,"SAGEBRUSH PARTNERS, LLLP",2021,4,5493002HQPD3K5EOQP52,3,GRAND VALLEY BANK,CO,FRUITA,81521,151
2021,549300WS8BW0I0BDA390,27-0222046,7,4438423,4438423,DIAMOND RESIDENTIAL MORTGAGE CORPORATION,IL,LAKE FOREST,-1,3,-1,,-1,,2021,4,549300WS8BW0I0BDA390,7,DIAMOND RESIDENTIAL MTG CORP,IL,LAKE FOREST,60045,5083
2021,549300INFJ8TYNZ1G568,42-1558009,9,3150447,3150447,"Charles Schwab Bank, SSB",TX,West lake Hills,216654000,0,1026632,,1026632,"CHARLES SCHWAB CORPORATION, THE",2021,4,549300INFJ8TYNZ1G568,9,"CHARLES SCHWAB BANK, SSB",CO,LONE TREE,80124,20871
2021,549300QFJDBOCX7WKY08,75-1747054,1,599764,599764,The American National Bank of Texas,TX,Terrell,3466962,0,2326629,,1895007,"A.N.B. HOLDING COMPANY, LTD.",2021,4,549300QFJDBOCX7WKY08,1,AMERICAN NATIONAL BANK OF TEXA,TX,TERRELL,75160,1468
2021,549300Z52CLXKDXGPH16,62-1663360,3,2614344,2614344,Peoples Bank of East Tennessee,TN,Madisonville,224830,0,3403161,,3403161,"PEOPLES BANCSHARES OF TN, INC.",2021,4,549300Z52CLXKDXGPH16,3,Peoples Bank of East Tennessee,TN,Madisonville,37354,137
2021,549300Y4GAAGXS20SL80,43-1044975,5,281498,281498,MISSOURI ELECTRIC COOPERATIVES EMPL,MO,Jefferson City,208018,0,-1,,-1,,2021,4,549300Y4GAAGXS20SL80,5,MECE Credit Union,MO,Jefferson City,65102,212
2021,5493004NKDOFN55L5X23,99-0145540,5,127073,127073,HAWAIIAN FINANCIAL,HI,Honolulu,673242,0,-1,,-1,,2021,4,5493004NKDOFN55L5X23,5,HAWAIIAN FINANCIAL FCU,HI,HONOLULU,96817,526
2021,549300C2LYW7GU30DV25,66-0433589,7,3872374,3872374,PREFERRED MORTGAGE CORPORATION,,Rio Piedras,-1,3,-1,,-1,,2021,4,549300C2LYW7GU30DV25,7,Preferred Mortgage Corporation,PR,San Juan,00918-2305,1365
2021,5493005FJKWE0GR4YS94,56-2674896,7,,-1,WINNPOINTE CORPORATION,CA,ORANGE,-1,3,-1,,-1,,2021,4,5493005FJKWE0GR4YS94,7,Winnnpointe Corp dba Interactive Mortgage,CA,Orange,92868,11424
2021,549300LTT1PNSPD2JT50,47-5403472,7,,-1,WESTERN EXPRESS LENDING,CA,LAKE FOREST,-1,3,-1,,-1,,2021,4,549300LTT1PNSPD2JT50,7,WESTERN EXPRESS LENDING,CA,LAKE FOREST,92630,3553
2021,549300VHITS0GXJRXV39,47-0386189,5,581871,581871,KELLOGG MIDWEST FEDERAL CREDIT UNION,NE,Omaha,48001,0,-1,,-1,,2021,4,549300VHITS0GXJRXV39,5,Kellogg Midwest FCU,NE,LaVista,68128,83
2021,549300V1IRRYSYRSPU54,93-0509316,5,228989,228989,CASTPARTS EMPLOYEES,OR,Portland,61632,0,-1,,-1,,2021,4,549300V1IRRYSYRSPU54,5,CastpartsEmplFCU,OR,Portland,97206,88
2021,549300JHEYBB5XFKFZ74,95-4766877,7,,-1,STRATIS FINANCIAL CORPORATION,CA,HUNTINGTON BEACH,-1,3,-1,,-1,,2021,4,549300JHEYBB5XFKFZ74,7,Stratis Financial Corp,CA,Huntington Beach,92649,20
2021,5493003ZHM6LK8T0QW13,20-5997003,3,,3594087,Hometown Bank of Pennsylvania,PA,Bedford,219250,0,-1,,-1,,2021,4,5493003ZHM6LK8T0QW13,3,Hometown Bank of Pennsylvania,PA,Bedford,15522,280
2021,OLO8RKM2RJ2ICV6SJH34,04-2942314,2,964700,964700,Boston Private Bank & Trust Company,MA,Boston,8796241,0,1248078,,1248078,"BOSTON PRIVATE FINANCIAL HOLDINGS, INC.",2021,4,OLO8RKM2RJ2ICV6SJH34,2,Boston Private Bank & Trust Company,MA,Boston,02109,1135
2021,549300TVLFC2SSLVOP06,59-3709910,7,,-1,"METROPLEX MORTGAGE SERVICES, INC.",FL,SAINT PETERSBURG,-1,3,-1,,-1,,2021,4,549300TVLFC2SSLVOP06,7,549300TVLFC2SSLVOP06,FL,8622 N HIMES AVE,33614,332
2021,2549005QV7K44ND43364,55-0169036,1,488420,488420,Fayette County National Bank,WV,Fayetteville,91840,0,2355759,,2355759,"FCNB BANCORP, INC.",2021,4,2549005QV7K44ND43364,1,Fayette County National Bank,WV,Fayetteville,25840,160
2021,549300BYGLNAWS20VR43,95-1679450,5,568274,568274,MYPOINT Credit Union,CA,San Diego,527832,0,-1,,-1,,2021,4,549300BYGLNAWS20VR43,5,MYPOINT CREDIT UNION,CA,SAN DIEGO,92123,440
2021,5493008BSTI0PQR0IL08,39-0906277,5,595793,595793,SUPERIOR CHOICE,WI,Superior,493429,0,-1,,-1,,2021,4,5493008BSTI0PQR0IL08,5,Superior Choice Credit Union,WI,Superior,54880,860
2021,5493006MCOP60BBI4G97,59-0193820,1,34537,34537,Seacoast National Bank,FL,Stuart,7108356,0,1085013,,1085013,SEACOAST BANKING CORPORATION OF FLORIDA,2021,4,5493006MCOP60BBI4G97,1,Seacoast National Bank,FL,Stuart,34994,6089
2021,549300PVS7DLMY766R09,59-0630266,5,757975,757975,MIAMI FIREFIGHTERS FCU,FL,Miami,113091,0,-1,,-1,,2021,4,549300PVS7DLMY766R09,5,Miami Firefighters FCU,FL,Miami,33136,115
2021,5493005ONLDV0W4QDI82,14-0945678,2,176101,176101,Orange Bank &Trust Company,NY,Middletown,1219002,0,3596009,,3596009,"ORANGE COUNTY BANCORP, INC.",2021,4,5493005ONLDV0W4QDI82,2,Orange Bank & Trust Company,NY,Middletown,10940,106
2021,254900ZCGCHCFNE8KY02,84-0523624,5,,238193,Northern Colorado Credit Union,CO,Greeley,63681,0,-1,,-1,,2021,4,254900ZCGCHCFNE8KY02,5,Northern Colorado Credit Union,CO,Greeley,80631,111
2021,549300Y1BH01D1B61H27,95-1658156,5,,557577,VA DESERT PACIFIC,CA,Signal Hill,-1,0,-1,,-1,,2021,4,549300Y1BH01D1B61H27,5,VA Desert Pacific FCU,CA,Signal Hill,90755,51
2021,549300CYL5ZW4ISL7T55,64-0560130,3,956938,956938,PriorityOne Bank,MS,Magee,696736,0,1084575,,1084575,PRIORITYONE CAPITAL CORPORATION,2021,4,549300CYL5ZW4ISL7T55,3,PriorityOne Bank,MS,Magee,39111,899
2021,549300BRR67NLTQSBT29,16-1237621,1,2623878,2623878,"HOME TOWN FUNDING, INC.",NY,CANANDAIGUA,-1,1,161602,,1133503,CANANDAIGUA NATIONAL CORPORATION,2021,4,549300BRR67NLTQSBT29,1,"Hometown Funding, INC. D/B/A CNB Mortgage Company",NY,Pittsford,14534,2954
2021,5493001D5DXR1S70P689,31-0547898,5,825285,825285,"RIVER VALLEY CREDIT UNION, INC.",OH,MIAMISBURG,343414,0,-1,,-1,,2021,4,5493001D5DXR1S70P689,5,River Valley Credit Union,OH,Miamisburg,45342,239
2021,549300JOD3S8ZGZLHP53,90-0186134,7,4731021,4731021,"GOOGAIN, INC.",CA,SUNNYVALE,-1,3,-1,,-1,,2021,4,549300JOD3S8ZGZLHP53,7,GOOGAIN INC,CA,SUNNYVALE,94086,9066
2021,549300F6S4S7QMOUVG59,95-2513485,5,425489,425489,FIRST ENTERTAINMENT,CA,Los Angeles,1613755,0,-1,,-1,,2021,4,549300F6S4S7QMOUVG59,5,FIRST ENTERTAINMENT CU,CA,HOLLYWOOD,90068,1226
2021,VN1JLT1F3FLLVN3FZG89,25-0964885,3,42420,42420,First Commonwealth Bank,PA,Indiana,8288367,0,1071306,,1071306,FIRST COMMONWEALTH FINANCIAL CORPORATION,2021,4,VN1JLT1F3FLLVN3FZG89,3,FIRST COMMONWEALTH BANK,PA,INDIANA,15701,14730
2021,549300B1HO0P8G3WYQ31,72-0180310,1,794475,794475,Eureka Homestead,LA,Metairie,106015,0,5371705,,5371705,"EUREKA HOMESTEAD BANCORP, INC.",2021,4,549300B1HO0P8G3WYQ31,1,Eureka Homestead,LA,Metairie,70005,202
2021,54930058TT77ICBGRI91,58-0902273,5,301770,301770,GEORGIA HERITAGE FEDERAL CREDIT UNION,GA,SAVANNAH,93457,0,-1,,-1,,2021,4,54930058TT77ICBGRI91,5,Georgia Heritage FCU,GA,Pooler,31322,67
2021,5493001YIUWLFRXQUO81,41-1726353,7,3862142,3862142,Summit Mortgage Corporation,MN,Plymouth,-1,3,-1,,-1,,2021,4,5493001YIUWLFRXQUO81,7,Summit Mortgage Corporation,MN,Plymouth,55441,7803
2021,549300KR83OL4XF00793,54-1874129,3,3362530,3362530,VILLAGE BANK MORTGAGE CORPORATION,VA,RICHMOND,-1,2,2760232,,3251027,VILLAGE BANK AND TRUST FINANCIAL CORP.,2021,4,549300KR83OL4XF00793,3,Village Bank Mortgage Corp.,VA,Midlothian,23113,1512
2021,549300V3UW6HP83URS67,38-1686050,5,986177,986177,ADVIA,MI,Parchment,2084525,0,-1,,-1,,2021,4,549300V3UW6HP83URS67,5,ADVIA CREDIT UNION,MI,PARCHMENT,49004,2892
2021,5493000XMEVMIQFXVW32,16-1223707,7,3873858,3873858,COMMONFUND MORTGAGE CORP.,NY,SYRACUSE,-1,3,-1,,-1,,2021,4,5493000XMEVMIQFXVW32,7,Commonfund Mortgage Corp,NY,Syracuse,13204,438
2021,549300US45HOXL30J494,22-1656665,5,870481,870481,FINANCIAL RESOURCES FEDERAL CREDIT UNION,NJ,Bridgewater,464144,0,-1,,-1,,2021,4,549300US45HOXL30J494,5,Financial Resources Federal Credit Union,NJ,Bridgewater,08807,281
2021,54930023OB56DYOL3G92,44-0200030,3,97457,97457,Citizens Bank of Amsterdam,MO,Butler,151033,0,1064317,,1064317,"AMSTERDAM BANCSHARES, INC.",2021,4,54930023OB56DYOL3G92,3,Citizens Bank of Amsterdam,MO,Cleveland,64734,126
2021,25490092DWDTDJ002J62,58-0521233,7,856373,856373,1st Franklin Financial Corporation,GA,Toccoa,-1,3,-1,,-1,,2021,4,25490092DWDTDJ002J62,7,1st Franklin Financial Corpora,GA,Tocccoa,30577,1315
2021,549300LCSS511JWT1A44,35-0352340,3,592644,592644,Greenfield Banking Company,IN,Greenfield,619714,0,1205996,,1205996,"GREENFIELD BANCSHARES, INC.",2021,4,549300LCSS511JWT1A44,3,Greenfield Banking Company,IN,Greenfield,46140,281
2021,549300L0OVX5O63S8C68,45-4889921,3,4462361,4462361,WASHINGTON TRUST MORTGAGE COMPANY LLC,RI,WARWICK,-1,2,-1,,1115349,"WASHINGTON TRUST BANCORP, INC.",2021,4,549300L0OVX5O63S8C68,3,Washington Trust Mortgage Company LLC,RI,Westerly,02891,2825
2021,549300TDS8QNL4IOOX73,35-0303170,3,412872,412872,Farmers and Mechanics Federal Savings Bank,IN,Bloomfield,74156,0,-1,,-1,,2021,4,549300TDS8QNL4IOOX73,3,Farmers and Mechanics,IN,Bloomfield,47424,97
2021,549300GR3G0K8VJOH721,23-7361484,5,825780,825780,LEBANON,PA,Lebanon,274885,0,-1,,-1,,2021,4,549300GR3G0K8VJOH721,5,LEBANON FCU,PA,LEBANON,17003,386
2021,254900TTXC2DBWKBNZ05,62-0553259,5,520898,520898,Bowater Employees Credit Union,TN,Calhoun,176601,0,-1,,-1,,2021,4,254900TTXC2DBWKBNZ05,5,Bowater Employees Credit Union,TN,Calhoun,37309,159
2021,549300FKW6LAHX0L9161,58-2487046,3,2823221,2823221,Georgia Community Bank,GA,Dawson,331527,0,1245581,,1245581,"GEORGIA COMMUNITY BANCORP, INCORPORATED",2021,4,549300FKW6LAHX0L9161,3,GEORGIA COMMUNITY BANK,GA,DAWSON,39842,368
2021,549300WZWPMDWIL12842,62-0123130,3,,51253,Apex Bank,TN,Camden,581088,0,5009389,,5009389,"APEX BANCORP, INC.",2021,4,549300WZWPMDWIL12842,3,Apex Bank,TN,Camden,38320,1506
2021,254900ZF5TG4BM7Y8P59,39-1775770,3,2164111,2164111,Wisconsin River Bank,WI,Sauk City,147046,0,2486813,,2486813,RIVER HOLDING COMPANY,2021,4,254900ZF5TG4BM7Y8P59,3,Wisconsin River Bank,WI,Sauk City,53578,123
2021,5493009V3WNJX9V2GZ85,84-0521049,9,288853,288853,FirstBank,CO,Lakewood,19904290,0,1060627,,1060627,FIRSTBANK HOLDING COMPANY,2021,4,5493009V3WNJX9V2GZ85,9,FirstBank,CO,Lakewood,80215,12485
2021,549300YD7XJM19TH5O82,37-6028123,5,606792,606792,CITIZENS EQUITY FIRST,IL,Peoria,6258523,0,-1,,-1,,2021,4,549300YD7XJM19TH5O82,5,CITIZENS EQUITY FIRST CREDIT U,IL,PEORIA,61607,7326
2021,549300YUVOQXC2XL4P90,23-1354306,3,,121914,Community State Bank of Orbisonia,PA,Orbisonia,-1,3,1248854,,-1,,2021,4,549300YUVOQXC2XL4P90,3,Community State Bank of Orbisonia,PA,Orbisonia,17243,633
2021,54930072UFREQ9ZZRG80,82-0587551,3,3212402,3212402,Pacific City Bank,CA,Los Angeles,1746302,0,3595084,,3595084,PCB BANCORP,2021,4,54930072UFREQ9ZZRG80,3,PACIFIC CITY BANK,CA,LOS ANGELES,90010,278
2021,5493002HI2PDK2BQF091,48-0464795,2,552059,552059,Bank of the Flint Hills,KS,Wamego,303957,0,1060524,,1060524,"WAMEGO BANCSHARES, INC.",2021,4,5493002HI2PDK2BQF091,2,BANK OF THE FLINT HILLS,KS,WAMEGO,66547,291
2021,254900CYWJYH3ES8BV63,46-0108155,3,65559,65559,Pioneer Bank & Trust,SD,Belle Fourche,694717,0,1143511,,1143511,"BELLE FOURCHE BANCSHARES, INC.",2021,4,254900CYWJYH3ES8BV63,3,Pioneer Bank & Trust,SD,Spearfish,57783,429
2021,5493003PL2K1NXVSU388,53-0197044,5,940580,940580,NYMEO FEDERAL CREDIT UNION,MD,FREDERICK,281558,0,-1,,-1,,2021,4,5493003PL2K1NXVSU388,5,Nymeo Federal Credit Union,MD,Frederick,21703,196
2021,549300UQPFB0RR8JCA42,46-0239917,2,256553,256553,Dacotah Bank,SD,Aberdeen,2689384,0,1121229,,1121229,"DACOTAH BANKS, INC.",2021,4,549300UQPFB0RR8JCA42,2,Dacotah Bank,SD,Aberdeen,57401,1287
2021,549300IYR2K45YQJGV33,52-2240353,7,2970509,2970509,"MidAtlantic Farm Credit, ACA",MD,Westminster,-1,3,-1,,-1,,2021,4,549300IYR2K45YQJGV33,7,"MIDATLANTIC FARM CREDIT, ACA",MD,WESTMINSTER,21157,334
2021,5493003FTQTUEICOS793,04-2393313,5,268891,268891,HOMEFIELD,MA,Grafton,154712,0,-1,,-1,,2021,4,5493003FTQTUEICOS793,5,HOMEFIELD CREDIT UNION,MA,NORTH GRAFTON,01536,128
2021,5493005MFZ2ASTT3WX73,73-0785513,3,25357,25357,All America Bank,OK,Oklahoma City,467458,0,-1,,-1,,2021,4,5493005MFZ2ASTT3WX73,3,All America Bank,OK,Lawton,73501,275
2021,549300V7I9AZRM78QT92,64-0750822,3,514132,514132,Citizens Bank,MS,Columbia,421145,0,1246681,,1246681,CITIZENS CORPORATION,2021,4,549300V7I9AZRM78QT92,3,Citizens Bank,MS,Columbia,39429,556
2021,K0ZDN2CBIQC0EHBKNK35,43-1472619,3,1190476,1190476,Enterprise Bank & Trust,MO,Clayton,7293396,0,2303910,,2303910,ENTERPRISE FINANCIAL SERVICES CORP,2021,4,K0ZDN2CBIQC0EHBKNK35,3,ENTERPRISE BANK & TRUST,MO,CLAYTON,63105,1022
2021,549300J7DJ7V4CSZCK98,66-0287790,7,3873371,3873371,COOPERATIVA DE AHORRO Y CREDITO ORIENTAL,PR,Humacao,-1,3,-1,,-1,,2021,4,549300J7DJ7V4CSZCK98,7,Cooperativa A/C Oriental,PR,Humacao,00792,211
2021,5493002QI2ILHHZH8D20,81-3798202,7,81-3798202,-1,"KBHS HOME LOANS, LLC",DE,DOVER,-1,3,-1,,-1,,2021,4,5493002QI2ILHHZH8D20,7,"KBHS HOME LOANS, LLC",IL,CHICAGO,60613,14973
2021,54930053KPO7OG48FP72,25-1504457,5,168188,168188,EVERENCE FEDERAL CREDIT UNION,PA,Lancaster,220464,0,-1,,-1,,2021,4,54930053KPO7OG48FP72,5,EVERENCE FEDERAL CREDIT UNION,PA,LANCASTER,17602,310
2021,254900GRNKKCY7NMXC23,82-0118025,3,,307062,FARMERS BANK,ID,Buhl,471264,0,2142306,,2142306,"FARMERS BANCORPORATION, INC.",2021,4,254900GRNKKCY7NMXC23,3,FARMERS BANK,ID,TWIN FALLS,83301,62
2021,549300JXIQJRQ1HME757,04-1332530,3,279105,279105,Florence Bank,MA,Northampton,1451182,0,3367106,,3367106,"FLORENCE BANCORP, MHC",2021,4,549300JXIQJRQ1HME757,3,Florence Bank,MA,Florence,01062,894
2021,549300MIDG4TRYO5ON35,20-4115285,7,,-1,"1ST RELIANT HOME LOANS, INC.",MD,LUTHERVILLE TIMONIUM,-1,3,-1,,-1,,2021,4,549300MIDG4TRYO5ON35,7,"1st Reliant Home Loans, Inc",CA,Tustin,92780,330
2021,549300USNPUCH96WTF23,41-0256760,2,45551,45551,Bank Midwest,IA,Spirit Lake,948772,0,1203714,,1203714,GOODENOW BANCORPORATION,2021,4,549300USNPUCH96WTF23,2,Bank Midwest,IA,Spirit Lake,51360,612
2021,254900N59TICVY7K7T48,63-0306292,5,995384,995384,AOD Federal Credit Union,AL,Bynum,325066,0,-1,,-1,,2021,4,254900N59TICVY7K7T48,5,AOD FEDERAL CREDIT UNION,AL,BYNUM,36253,179
2021,254900RD08FFMO7DRN13,71-0040460,3,989347,989347,Cross County Bank,AR,Wynne,240671,0,1131611,"CROSS COUNTY BANCSHARES, INC.",1131611,"CROSS COUNTY BANCSHARES, INC.",2021,4,254900RD08FFMO7DRN13,3,CROSS COUNTY BANK,AR,WYNNE,72396,86
2021,549300LN7FRX3PP2LO74,56-2094762,3,2744782,2744782,Union Bank,NC,Greenville,821627,0,5471801,,5471801,UB BANCORP,2021,4,549300LN7FRX3PP2LO74,3,Union Bank,NC,GREENVILLE,27858,163
2021,254900RA6QUTUBU19D95,63-0346919,5,700298,700298,Fort McClellan Credit Union,AL,Anniston,212598,0,-1,,-1,,2021,4,254900RA6QUTUBU19D95,5,Fort McClellan Credit Union,AL,Anniston,36207,76
2021,549300LI67PLCC1Z3P80,04-1953450,5,554996,554996,WEBSTER FIRST Federal Credit Union,MA,Worcester,1058543,0,-1,,-1,,2021,4,549300LI67PLCC1Z3P80,5,WEBSTER FIRST FEDERAL CREDIT UNION,MA,WORCESTER,01607,701
2021,549300QVGK8WC4HQ3C28,22-2470496,7,3873081,3873081,PRINCETON MORTGAGE CORPORATION,NJ,Ewing,-1,3,-1,,-1,,2021,4,549300QVGK8WC4HQ3C28,7,Princeton Mortgage Corporation,NJ,Pennington,08534,5889
2021,54930067OMWEWTHVDO95,75-0440734,3,,279,"Mineola Community Bank, S.S.B.",TX,Mineola,267688,0,3619711,,3619720,MINEOLA COMMUNITY MUTUAL HOLDING COMPANY,2021,4,54930067OMWEWTHVDO95,3,"Mineola Community Bank, SSB",TX,Mineola,75773,262
2021,2138007DQF1WY8NDYM18,36-2727135,3,685649,685649,NORTHWEST BANK OF ROCKFORD,IL,ROCKFORD,294962,0,1137453,,1137453,"FORESIGHT FINANCIAL GROUP, INC.",2021,4,2138007DQF1WY8NDYM18,3,NORTHWEST BANK OF ROCKFORD,IL,ROCKFORD,61103,740
2021,549300T9P3WXNMXX0I34,39-0369710,3,529341,529341,Ixonia Bank,WI,Ixonia,389451,0,1247295,,1247295,"IXONIA BANCSHARES, INC.",2021,4,549300T9P3WXNMXX0I34,3,IXONIA BANK,WI,IXONIA,53036,6744
2021,894500LIN378M3LLE796,27-3027124,7,,-1,"Financial Freedom Mortgage, LLC",NJ,Mount Laurel,-1,3,-1,,-1,,2021,4,894500LIN378M3LLE796,7,FINANCIAL FREEDOM MORTGAGE,NJ,MOUNT LAUREL,08054,2837
2021,54930039OWZFM2IGRN69,71-0042610,3,517049,517049,Chambers Bank,AR,Danville,971743,0,1141487,,1141487,"CHAMBERS BANCSHARES, INC.",2021,4,54930039OWZFM2IGRN69,3,Chambers Bank,AR,Danville,72833,1027
2021,549300Z2B4FHRYOXTS09,91-1618099,3,881478,881478,Heritage Bank,WA,Olympia,5550690,0,2166124,,2166124,HERITAGE FINANCIAL CORPORATION,2021,4,549300Z2B4FHRYOXTS09,3,HERITAGE BANK,WA,TACOMA,98418,813
2021,WWJYKHS2UNKSDW8XLB53,99-0034327,9,980661,980661,First Hawaiian Bank,HI,Honolulu,20167600,0,1025608,,1025608,"FIRST HAWAIIAN, INC.",2021,4,WWJYKHS2UNKSDW8XLB53,9,First Hawaiian Bank,HI,Honolulu,96819,6956
2021,549300ZUA8339ZH6W934,61-6024972,5,695497,695497,ASHLAND Credit Union,KY,ASHLAND,273530,0,-1,,-1,,2021,4,549300ZUA8339ZH6W934,5,ASHLAND CREDIT UNION,KY,ASHLAND,41105,556
2021,549300MZ53GGF2499G54,72-0493576,3,289739,289739,Guaranty Bank and Trust Company,LA,New Roads,216456,0,1083158,,1083158,"GREAT GUARANTY BANCSHARES, INC.",2021,4,549300MZ53GGF2499G54,3,GUARANTY BANK & TRUST CO,LA,NEW ROADS,70760,161
2021,254900MIHY4N3F840P17,72-0568100,5,750985,750985,Ouachita Valley Federal Credit Union,LA,West Monroe,245724,0,-1,,-1,,2021,4,254900MIHY4N3F840P17,5,Ouachita Valley FCU,LA,West Monroe,71292,140
2021,254900WBNJ2MGXXXDY75,15-0408130,3,729310,729310,Pathfinder Bank,NY,Oswego,1090000,0,2596776,,2596776,"PATHFINDER BANCORP, INC.",2021,4,254900WBNJ2MGXXXDY75,3,PATHFINDER BANK,NY,OSWEGO,13126,502
2021,549300HUGQ1D4T4GJH13,73-0126338,3,142955,142955,SpiritBank,OK,Tulsa,631902,0,1062135,,1062135,"SPIRIT BANKCORP, INC.",2021,4,549300HUGQ1D4T4GJH13,3,SpiritBank,OK,Tulsa,74119,417
2021,5493005LX4EJUYP1G119,20-0013136,7,3283822,3283822,"PRIVATE MORTGAGE ADVISORS, LLC",DE,DOVER,-1,3,-1,,-1,,2021,4,5493005LX4EJUYP1G119,7,"PRIVATE MORTGAGE ADVISORS, LLC",IL,CHICAGO,60613,138
2021,549300RBX56T2MW5HO19,84-1040263,7,2212665,2212665,"CHERRY CREEK MORTGAGE, LLC",DE,WILMINGTON,-1,3,-1,,-1,,2021,4,549300RBX56T2MW5HO19,7,Cherry Creek Mortgage,CO,Greenwood Village,80111,32428
2021,549300P7QM2ETZZY0323,94-1289802,5,297387,297387,HERITAGE COMMUNITY CREDIT UNION,CA,Sacramento,216601,0,-1,,-1,,2021,4,549300P7QM2ETZZY0323,5,HERITAGE COMMUNITY CREDIT UNION,CA,SACRAMENTO,95827,119
2021,549300KF8J8D4LYT7013,01-0217896,5,583884,583884,CENTRAL MAINE FEDERAL CREDIT UNION,ME,Lewiston,104636,0,-1,,-1,,2021,4,549300KF8J8D4LYT7013,5,CENTRAL MAINE FEDERAL CREDIT UNION,ME,LEWISTON,04240,10
2021,549300BFT56DKVQ9BL15,41-0788273,5,162775,162775,CENTRICITY Credit Union,MN,Hermantown,161055,0,-1,,-1,,2021,4,549300BFT56DKVQ9BL15,5,Centricity Credit Union,MN,Duluth,55811,339
2021,549300MTZQME2DHKE115,54-0695376,5,219389,219389,ARLINGTON COMMUNITY,VA,Falls Church,344927,0,-1,,-1,,2021,4,549300MTZQME2DHKE115,5,ARLINGTON COMMUNITY FCU,VA,ARLINGTON,22041,31
2021,5493002BECVKN2TJ6H05,81-0402347,3,615954,615954,TrailWest Bank,MT,Lolo,677687,0,1128880,,1128880,BITTERROOT HOLDING COMPANY,2021,4,5493002BECVKN2TJ6H05,3,TrailWest Bank,MT,Lolo,59847,359
2021,549300LGD38SS4PVFC71,01-0240399,5,699383,699383,TRUCHOICE,ME,South Portland,151286,0,-1,,-1,,2021,4,549300LGD38SS4PVFC71,5,TruChoice Federal Credit Union,ME,South Portland,04106,586
2021,549300D2T1KWYCTPUZ21,16-0422120,2,861304,861304,Elmira Savings Bank,NY,Elmira,607045,0,-1,,-1,,2021,4,549300D2T1KWYCTPUZ21,2,ELMIRA SAVINGS BANK,NY,ELMIRA,14901,1134
2021,549300AF1DMBPMDRP146,75-3050342,3,3187612,3187612,Arizona Bank & Trust,AZ,Phoenix,784240,0,1206546,,1206546,"HEARTLAND FINANCIAL USA, INC.",2021,4,549300AF1DMBPMDRP146,3,ARIZONA BANK & TRUST,AZ,PHOENIX,85016,233
2021,5493000V86JDJLM0OV13,45-5523107,7,45-5523107,-1,"CSL Financial, LLC",AL,MONTGOMERY,-1,3,-1,,-1,,2021,4,5493000V86JDJLM0OV13,7,"CSL Financial, LLC",AL,Mountain Brook,35223,1224
2021,549300NN5CG5Q640OV05,37-1052394,3,550635,550635,Hickory Point Bank and Trust,IL,Decatur,634960,0,4305459,,4305477,FIRST ILLINOIS CORPORATION,2021,4,549300NN5CG5Q640OV05,3,HICKORY POINT BANK & TRUST,IL,DECATUR,62525,551
2021,549300Z78KW88BIQNR50,72-0125095,3,101037,101037,First American Bank and Trust,LA,Vacherie,921678,0,1083729,,1083729,ONE AMERICAN CORP.,2021,4,549300Z78KW88BIQNR50,3,First American Bank and Trust,LA,Vacherie,70090,756
2021,254900MPKKQDGRJC2S10,26-2155465,2,3816510,3816510,PROFESSIONAL BANK,FL,Coral Gables,1052466,0,4647494,,4647494,PROFESSIONAL HOLDING CORP.,2021,4,254900MPKKQDGRJC2S10,2,Professional Bank,FL,Coral Gables,33134,182
2021,OTQ7L99FG3H1GQVQBT56,39-0159130,3,27548,27548,Blackhawk Bank,WI,Beloit,961480,0,1491913,,1491913,"BLACKHAWK BANCORP, INC.",2021,4,OTQ7L99FG3H1GQVQBT56,3,Blackhawk Bank,WI,Beloit,53511,2037
2021,254900O2VYWY7LKZ6T60,27-0086543,7,,-1,"Chartwell Financial, LLC",DE,DOVER,-1,3,-1,,-1,,2021,4,254900O2VYWY7LKZ6T60,7,"Chartwell Financial, LLC",IL,Oak Brook,60523,227
2021,549300F263I3XPN55P35,31-4291610,2,150727,150727,The Richwood Banking Company,OH,Richwood,732568,0,1250651,,1250651,"RICHWOOD BANCSHARES, INC.",2021,4,549300F263I3XPN55P35,2,THE RICHWOOD BANKING COMPANY,OH,RICHWOOD,43344,568
2021,54930009DUZUXUZIDL84,71-0203044,2,677644,677644,The Farmers & Merchants Bank,AR,Stuttgart,1493989,0,1099672,,1099672,"FARMERS AND MERCHANTS BANKSHARES, INC.",2021,4,54930009DUZUXUZIDL84,2,THE FARMERS & MERCHANTS BANK,AR,STUTTGART,72160,759
2021,549300J4330IBZ0BBI43,63-0513743,5,35785,35785,ALL IN,AL,Daleville,1514223,0,-1,,-1,,2021,4,549300J4330IBZ0BBI43,5,All In Credit Union,AL,Dothan,36303,633
2021,549300J59G4M2OH83E71,14-1036170,3,605610,605610,Sawyer Savings Bank,NY,Saugerties,255092,0,-1,,-1,,2021,4,549300J59G4M2OH83E71,3,SAWYER SAVINGS BANK,NY,SAUGERTIES,12477,194
2021,5493004F1BOBD3SG7P54,34-1415683,2,362717,362717,The Croghan Colonial Bank,OH,Fremont,873868,0,1071726,,1071726,"CROGHAN BANCSHARES, INC.",2021,4,5493004F1BOBD3SG7P54,2,Croghan Colonial Bank,OH,Fremont,43420,960
2021,549300ICVSTMS2XFXX81,39-0420510,3,178150,178150,Laona State Bank,WI,Laona,210565,0,1128189,,1128189,"NORTHERN WISCONSIN BANK HOLDING COMPANY, INC.",2021,4,549300ICVSTMS2XFXX81,3,Laona State Bank,WI,Laona,54541,224
2021,5493005LKELKKRLTQA25,34-1867889,2,2668598,2668598,Portage Community Bank,OH,Ravenna,356758,0,2668589,,2668589,"PORTAGE BANCSHARES, INC.",2021,4,5493005LKELKKRLTQA25,2,Portage Community Bank,OH,Ravenna,44266,787
2021,54930037K28BC4GVBU20,39-1934783,1,2693264,2693264,"Town Bank, N.A.",WI,Hartland,2416857,0,2260406,,2260406,WINTRUST FINANCIAL CORPORATION,2021,4,54930037K28BC4GVBU20,1,"Town Bank, NA",IL,Rosemont,60018,156
2021,549300M2Z8GR3VL0QQ74,46-0235529,5,187871,187871,BLACK HILLS FEDERAL CREDIT UNION,SD,Rapid City,1418352,0,-1,,-1,,2021,4,549300M2Z8GR3VL0QQ74,5,BLACK HILLS FEDERAL CREDIT UNI,SD,RAPID CITY,57702,1835
2021,254900WQ6O9JA8WI5W89,38-1440283,5,218887,218887,Dort Financial Credit Union,MI,Grand Blanc,1005502,0,-1,,-1,,2021,4,254900WQ6O9JA8WI5W89,5,DORT FINANCIAL CREDIT UNION,MI,GRAND BLANC,48439,1010
2021,549300LTO41UX0MSL179,23-7089684,5,297181,297181,PARK VIEW FEDERAL CREDIT UNION,VA,Harrisonburg,207420,0,-1,,-1,,2021,4,549300LTO41UX0MSL179,5,PARK VIEW FEDERAL CREDIT UNION,VA,HARRISONBURG,22802,231
2021,5493005L8AW1CTD9HZ03,42-0928970,3,639549,639549,First Central State Bank,IA,Dewitt,585109,0,1200311,,1200311,"OHNWARD BANCSHARES, INC.",2021,4,5493005L8AW1CTD9HZ03,3,FIRST CENTRAL STATE BANK,IA,DE WITT,52742,530
2021,549300KWKWPEKL40WD44,22-2812732,7,3871591,3871591,AMERICAN FEDERAL MORTGAGE CORPORATION,NJ,CHESTER,-1,3,-1,,-1,,2021,4,549300KWKWPEKL40WD44,7,American Federal Mortgage Corp,NJ,Chester,07930,4226
2021,549300D1LJKPCKRRHC31,75-0692281,5,715292,715292,CITY,TX,Dallas,496316,0,-1,,-1,,2021,4,549300D1LJKPCKRRHC31,5,City Credit Union,TX,Dallas,75228,265
2021,549300PW3M6ZVFRNAH90,37-1273743,7,4878131,4878131,D.W. BROWN MORTGAGE CORP.,IL,EDWARDSVILLE,-1,3,-1,,-1,,2021,4,549300PW3M6ZVFRNAH90,7,D W Brown Mortgage,IL,Edwardsville,62025,174
2021,549300ACR0JR0FZ47P31,35-1067773,5,398686,398686,DIAMOND VALLEY,IN,Evansville,134109,0,-1,,-1,,2021,4,549300ACR0JR0FZ47P31,5,Diamond Valley Federal Credit Union,IN,Evansville,47711,116
2021,549300IT6BBMQGOVFG70,04-1817540,3,418100,418100,Seamen's Bank,MA,Provincetown,377620,0,-1,,-1,,2021,4,549300IT6BBMQGOVFG70,3,Seamen's Bank,MA,Provincetown,02658,202
2021,549300QVXT6121Q7E798,41-2231564,3,959304,959304,Flushing Bank,NY,Uniondale,7017594,0,2393274,,2393274,FLUSHING FINANCIAL CORPORATION,2021,4,549300QVXT6121Q7E798,3,Flushing Bank,NY,Uniondale,11556,306
2021,54930087BYCGOODQ7P92,25-0971786,3,277277,277277,SSB Bank,PA,Pittsburgh,202628,0,5161353,,5161335,"SSB BANCORP, MHC",2021,4,54930087BYCGOODQ7P92,3,SSB Bank,PA,Pittsburgh,15237,359
2021,549300FKWBMLIMGZ7Q40,03-0572894,3,3378773,3378773,Bridgewater Bank,MN,Saint Louis Park,2263871,0,3378764,,3378764,"BRIDGEWATER BANCSHARES, INC.",2021,4,549300FKWBMLIMGZ7Q40,3,Bridgewater Bank,MN,St. Louis Park,55416,566
2021,549300QSOO0QJ7R1VQ66,82-1580200,7,,-1,"MILESTONE HOME LENDING, LLC",DE,WILMINGTON,-1,3,-1,,-1,,2021,4,549300QSOO0QJ7R1VQ66,7,"MILESTONE HOME LENDING, LLC",SC,GREENVILLE,29601,567
2021,549300REPZK0JXAZ6D94,86-0766296,7,86-0766296,-1,"FISHER FINANCIAL GROUP, INCORPORATED",AZ,GILBERT,-1,3,-1,,-1,,2021,4,549300REPZK0JXAZ6D94,7,"FISHER FINANCIAL GROUP, INC",AZ,GILBERT,85234,887
2021,254900F3ZV3WV1ADSM47,39-2070810,7,,-1,MJW Financial LLC,IN,Indianapolis,-1,3,-1,,-1,,2021,4,254900F3ZV3WV1ADSM47,7,MJW Financial LLC,IN,Indianapolis,46240,2300
2021,549300F6OBLSYWXXKH16,04-1695745,5,110794,110794,METRO,MA,Chelsea,2092359,0,-1,,-1,,2021,4,549300F6OBLSYWXXKH16,5,METRO CREDIT UNION,MA,CHELSEA,02150,2684
2021,549300CHR7TPQ6LLXG47,54-0451953,5,722674,722674,LANGLEY,VA,Newport News,3115798,0,-1,,-1,,2021,4,549300CHR7TPQ6LLXG47,5,LANGLEY FEDERAL CREDIT UNION,VA,NEWPORT NEWS,23606,4644
2021,5493005ANYGQWRPVGU61,35-0551480,3,947749,947749,The North Salem State Bank,IN,North Salem,385306,0,1136830,,1136830,"NORTH SALEM STATE BANCORPORATION, THE",2021,4,5493005ANYGQWRPVGU61,3,NORTH SALEM STATE BANK,IN,NORTH SALEM,46165,170
2021,549300FHRL270LZY2I23,31-0449766,3,411624,411624,Somerville Bank,OH,Somerville,198068,0,5169667,,5169667,SOMERVILLE BANCORP,2021,4,549300FHRL270LZY2I23,3,SOMERVILLE BANK,OH,SOMERVILLE,45064,399
2021,549300337GB2P1WP7003,56-2224037,9,2954330,2954330,Grandbridge Real Estate Capital LLC,NC,Raleigh,-1,2,-1,,1074156,TRUIST FINANCIAL CORPORATION,2021,4,549300337GB2P1WP7003,9,GRANDBRIDGE REAL ESTATE CAPITAL LLC,NC,WINSTON SALEM,27101,232
2021,549300PX0B48R1TGUV89,20-3388468,7,4533337,4533337,"JFK FINANCIAL, INC.",NV,LAS VEGAS,-1,3,-1,,-1,,2021,4,549300PX0B48R1TGUV89,7,JFK FINANCIAL INC,NV,LAS VEGAS,89123,1023
2021,549300ZWNETGFXTBBY03,47-3632618,7,5023705,5023705,"CANOPY MORTGAGE, LLC",UT,LINDON,-1,3,-1,,-1,,2021,4,549300ZWNETGFXTBBY03,7,"Canopy Mortgage, LLC",UT,Lindon,84003,18622
2021,549300DNRGCN05KNA737,37-0275030,3,980438,980438,First State Bank of Forrest,IL,Forrest,227316,0,1207981,,1207981,"FORREST BANCSHARES, INC.",2021,4,549300DNRGCN05KNA737,3,FIRST STATE BANK OF FORREST,IL,Peoria Heights,61616,333
2021,549300DMIVL13D62WX91,20-2355296,7,4184766,4184766,"InterContinental Capital Group, Inc",NY,Albany,-1,3,-1,,-1,,2021,4,549300DMIVL13D62WX91,7,INTERCONTINENTAL CAPITAL GROUP,NY,MELVILLE,11747,47375
2021,549300ISCZS1R0CJMO47,26-3780954,7,3851977,3851977,"PREMIA MORTGAGE, LLC",DE,DOVER,-1,3,-1,,-1,,2021,4,549300ISCZS1R0CJMO47,7,"PREMIA MORTGAGE, LLC",IL,CHICAGO,60613,3463
2021,549300SJLI7IC47X6H33,41-1718186,7,3862393,3862393,Mortgages Unlimited Inc.,MN,Maple Grove,-1,3,-1,,-1,,2021,4,549300SJLI7IC47X6H33,7,MORTGAGES UNLIMITED INC.,MN,MAPLE GROVE,55113,2534
2021,5493007VODM6C3GLTV93,62-0142445,2,329550,329550,INSOUTH Bank,TN,Brownsville,331525,0,1100000,,1100000,"INDEPENDENT SOUTHERN BANCSHARES, INC.",2021,4,5493007VODM6C3GLTV93,2,INSOUTH BANK,TN,BROWNSVILLE,38012,114
2021,549300IL3HLQ2SW5VN73,11-2961751,7,4320201,4320201,"ASSOCIATED MORTGAGE BANKERS, INC.",NY,RONKONKOMA,-1,3,-1,,-1,,2021,4,549300IL3HLQ2SW5VN73,7,Associated Mortgage Bankers Inc.,NY,Ronkonkoma,11779,565
2021,549300LG07PXWSIMC813,41-0749255,5,427399,427399,TRUSTONE FINANCIAL FEDERAL CREDIT UNION,MN,Plymouth,1553647,0,-1,,-1,,2021,4,549300LG07PXWSIMC813,5,TruStone Financial Credit Union,MN,Plymouth,55447,10756
2021,549300OITV2T766YLP15,05-0263842,5,318796,318796,OCEAN STATE CREDIT UNION,RI,Coventry,290218,0,-1,,-1,,2021,4,549300OITV2T766YLP15,5,OCEAN STATE CREDIT UNION,RI,COVENTRY,02816,620
2021,549300SQKZC6HESYGO25,23-7064112,5,258687,258687,Signature Federal Credit Union,VA,Alexandria,319196,0,-1,,-1,,2021,4,549300SQKZC6HESYGO25,5,SIGNATURE FEDERAL CREDIT UNION,VA,ALEXANDRIA,22305,229
2021,5493000EO85W8IS2FR22,95-6044941,5,284378,284378,LOGIX FEDERAL CREDIT UNION,CA,Burbank,6294783,0,-1,,-1,,2021,4,5493000EO85W8IS2FR22,5,LOGIX FEDERAL CREDIT UNION,CA,Valencia,91355,10141
2021,549300C6XY8GTVR2TV60,71-0512514,2,539377,539377,United Bank,AR,Springdale,202197,0,3832181,,3832181,"UNITED HOLDING COMPANY, INC.",2021,4,549300C6XY8GTVR2TV60,2,United Bank,AR,Springdale,72764,692
2021,549300TR6MWKSIOP3B72,05-1125010,2,782306,782306,Brookline Bank,MA,Brookline,4966140,0,2631510,,2631510,"BROOKLINE BANCORP, INC.",2021,4,549300TR6MWKSIOP3B72,2,Brookline Bank,MA,Brookline,02445,921
2021,254900WQCRCK13A7DC81,61-0523393,5,90588,90588,Fortera Federal Credit Union,TN,Clarksville,595572,0,-1,,-1,,2021,4,254900WQCRCK13A7DC81,5,Fortera Credit Union,TN,CLARKSVILLE,37040,900
2021,549300RDD5A10N9UOD34,38-1545237,5,1006296,1006296,FIRST GENERAL,MI,Norton Shores,54633,0,-1,,-1,,2021,4,549300RDD5A10N9UOD34,5,First General Credit Union,MI,Muskegon,49441,16
2021,549300SGEJUQK4Q7ZY34,74-1259391,5,166081,166081,FirstLight Federal Credit Union,TX,El Paso,1134340,0,-1,,-1,,2021,4,549300SGEJUQK4Q7ZY34,5,FLFCU,TX,EL PASO,79924,1708
2021,254900JU2DYRJVDHMG47,39-0210140,3,149150,149150,Citizens State Bank,WI,Cadott,121013,0,3559862,,3559862,"CITIZENS BANCORP, INC.",2021,4,254900JU2DYRJVDHMG47,3,Citizens State Bank,WI,Cadott,54727,261
2021,254900SRBPINTG8V7N66,37-0270120,3,477648,477648,"Pike Bancorp, Inc.",IL,Pittsfield,260769,0,1118966,,1118966,"PIKE BANCORP, INC.",2021,4,254900SRBPINTG8V7N66,3,Farmers State Bank,IL,Pittsfield,62363,123
2021,549300XOOL3OJTITCV30,23-1357102,5,167873,167873,CITADEL FEDERAL CREDIT UNION,PA,Exton,3777482,0,-1,,-1,,2021,4,549300XOOL3OJTITCV30,5,CITADEL FEDERAL CREDIT UNION,PA,EXTON,19341,5923
2021,549300ZJODJ0SZUNMX12,42-0247200,3,840747,840747,Farmers State Bank,IA,Waterloo,1168632,0,1204832,,1204832,"FSB FINANCIAL SERVICES, INC.",2021,4,549300ZJODJ0SZUNMX12,3,Farmers State Bank,IA,Waterloo,50701,977
2021,5493004QMY56VOFMPG66,23-0485486,3,805876,805876,PennCrest Bank,PA,Altoona,183325,0,-1,,-1,,2021,4,5493004QMY56VOFMPG66,3,PENNCREST BANK,PA,ALTOONA,16601,305
2021,549300QYN3TROD97TI79,57-0407742,5,263588,263588,ALLSOUTH,SC,Columbia,897983,0,-1,,-1,,2021,4,549300QYN3TROD97TI79,5,AllSouth Federal Credit Unin,SC,Columbia,29201,1082
2021,549300EAZZ1G4DMO8869,42-0173285,5,717595,717595,LINN AREA,IA,Cedar Rapids,468083,0,-1,,-1,,2021,4,549300EAZZ1G4DMO8869,5,Linn Area Credit Union,IA,Cedar Rapids,52402,930
2021,549300GMP8EYQD4U6Z40,38-3799175,7,38-3799175,-1,"Quaint Oak Mortgage, LLC",PA,Allentown,-1,3,-1,,-1,,2021,4,549300GMP8EYQD4U6Z40,7,"Quaint Oak Mortgage, LLC",PA,Allentown,18109,1273
2021,549300OYN1WD4APNOU82,47-0162740,3,151957,151957,First State Bank,NE,Gothenburg,555366,0,1057252,,1054765,"NEBRASKA BANKSHARES, INC.",2021,4,549300OYN1WD4APNOU82,3,First State Bank,NE,Gothenburg,69138,724
2021,549300TTPNZTZH2PH447,23-0441580,2,765019,765019,THE BRYN MAWR TRUST COMPANY,PA,BRYN MAWR,5248261,0,1140994,,1140994,BRYN MAWR BANK CORPORATION,2021,4,549300TTPNZTZH2PH447,2,The Bryn Mawr Trust Company,PA,Bryn Mawr,19010,641
2021,549300Z7FK8G2S8WGC14,61-1388642,7,4726951,4726951,"MORTGAGE SUPPLIERS, INC.",KY,WINCHESTER,-1,3,-1,,-1,,2021,4,549300Z7FK8G2S8WGC14,7,"MORTGAGE SUPPLIERS, INC",KY,WINCHESTER,40391,591
2021,5493001XNU40KOITE062,25-0974249,5,552572,552572,GREATER PITTSBURGH POLICE,PA,Pittsburgh,71044,0,-1,,-1,,2021,4,5493001XNU40KOITE062,5,Greater Pittsburgh Police FCU,PA,Pittsburgh,15220,41
2021,549300S63J8KM7BY5617,74-1200767,5,320780,320780,GENCO Federal Credit Union,TX,Waco,317940,0,-1,,-1,,2021,4,549300S63J8KM7BY5617,5,GENCO FEDERAL CREDIT UNION,TX,WACO,76710,192
2021,254900AHLSHUJOTJG402,58-1248467,3,491934,491934,Colony Bank,GA,Fitzgerald,1511400,0,1085170,,1085170,"COLONY BANKCORP, INC.",2021,4,254900AHLSHUJOTJG402,3,Colony Bank,GA,Fitzgerald,31750,2277
2021,549300QWWDI5EBFCNL02,63-0355713,5,377186,377186,FAMILY SAVINGS,AL,Rainbow City,434578,0,-1,,-1,,2021,4,549300QWWDI5EBFCNL02,5,Family Savings Credit Union,AL,Rainbow City,35906,276
2021,549300N6Q6IC190UPB76,84-0405947,5,360393,360393,DENVER COMMUNITY,CO,Denver,354070,0,-1,,-1,,2021,4,549300N6Q6IC190UPB76,5,Denver Community Credit Union,CO,Denver,80204,430
2021,549300I5PXYKWZSGG235,35-1077721,5,19280,19280,EVANSVILLE,IN,Evansville,69560,0,-1,,-1,,2021,4,549300I5PXYKWZSGG235,5,Evansville Federal Credit Unio,IN,Evansville,47704-0651,127
2021,549300FJRQ7KMJ2TQQ84,14-1844545,3,3217331,3217331,The Hometown Bank of Alabama,AL,Oneonta,397767,0,3451603,,3451603,"HOMETOWN BANCORP OF ALABAMA, INC.",2021,4,549300FJRQ7KMJ2TQQ84,3,The HomeTown Bank of Alabama,AL,Oneonta,35121,397
2021,254900KMMJNL0IJNSM73,66-0204432,5,203986,203986,CARIBE FEDERAL CREDIT UNION,,San Juan,422363,0,-1,,-1,,2021,4,254900KMMJNL0IJNSM73,5,Caribe Federal Credit Union,PR,San Juan,00918,153
2021,FU7RSW4CQQY98A2O7J66,73-0780382,9,339858,339858,"BOKF, National Association",OK,Tulsa,42074066,0,1883693,,1883693,BOK FINANCIAL CORPORATION,2021,4,FU7RSW4CQQY98A2O7J66,9,BOKF NA,OK,Tulsa,74172,21706
2021,549300CGYC6O4770DL96,61-0245510,3,683814,683814,Kentucky Farmers Bank Corporation,KY,Catlettsburg,208050,0,-1,,-1,,2021,4,549300CGYC6O4770DL96,3,Kentucky Farmers Bank,KY,Ashland,41102,265
2021,549300I3LFY4G7F9CE90,57-0363277,5,861582,861582,CPM Federal Credit Union,SC,North Charleston,392080,0,-1,,-1,,2021,4,549300I3LFY4G7F9CE90,5,CPM Federal Credit Union,SC,Greer,29651,607
2021,549300SC9Z72JZIKY819,34-4249480,1,567679,567679,Greenville Federal,OH,Greenville,198527,0,3828607,,3828595,GREENVILLE FEDERAL MHC,2021,4,549300SC9Z72JZIKY819,1,Greenville Federal Financial Company,OH,Greenville,45331-2649,316
2021,2549006AC9Y4MDVXIL37,38-1536749,5,479697,479697,Extra,MI,Warren,236333,0,-1,,-1,,2021,4,2549006AC9Y4MDVXIL37,5,Extra Credit Union,MI,Warren,48092,181
2021,549300OLRFUNCEDVGB16,43-0224210,3,709451,709451,COMMERCIAL TRUST COMPANY OF FAYETTE,MO,Fayette,134444,0,2313049,,2313049,HARRIS TAUBMAN FINANCIAL CORPORATION,2021,4,549300OLRFUNCEDVGB16,3,Commercial Trust Company,MO,Fayette,65248,267
2021,254900ACUWEGW702BR80,02-0594137,7,3881620,3881620,"FM Home Loans, LLC",NY,Brooklyn,-1,3,-1,,-1,,2021,4,254900ACUWEGW702BR80,7,"FM Home Loans, LLC",NY,Brooklyn,11210,8451
2021,8Q77SW3KZ88P3GNX0T60,35-0458180,2,874845,874845,Lake City Bank,IN,Warsaw,4934311,0,1208906,,1208906,LAKELAND FINANCIAL CORPORATION,2021,4,8Q77SW3KZ88P3GNX0T60,2,LAKE CITY BANK,IN,WARSAW,46581,3631
2021,549300QKSA6LO5S1CM57,31-1481059,7,31-1481059,-1,FINANCIAL ONE MORTGAGE CORPORATION,OH,COLUMBUS,-1,3,-1,,-1,,2021,4,549300QKSA6LO5S1CM57,7,Financial One Mortgage,OH,Columbus,43235,5
2021,549300G4VO4E5SNMQB32,84-0882445,2,257756,257756,FMS Bank,CO,Fort Morgan,197150,0,1066049,,1066049,MORGAN CAPITAL CORPORATION,2021,4,549300G4VO4E5SNMQB32,2,FMS BANK,CO,FORT  MORGAN,80701,212
2021,549300U8L31JJT1ZDP60,37-0458820,1,375043,375043,"Peoples National Bank , N.A.",IL,Mount Vernon,1209673,0,1250437,,1250437,"MARKET STREET BANCSHARES, INC.",2021,4,549300U8L31JJT1ZDP60,1,"Peoples National Bank, N.A.",IL,Mount Vernon,62864,1670
2021,549300OIJ6O9DNP74L72,20-3878295,5,3913772,3913772,"CU COMMUNITY, LLC",TN,OAK RIDGE,-1,1,-1,,-1,,2021,4,549300OIJ6O9DNP74L72,5,"CU COMMUNITY, LLC",TN,KNOXVILLE,37922,551
2021,549300Y7HCU10KIRLG30,35-0576197,3,568470,568470,Peoples Bank,IN,Munster,1326463,0,2237118,,2237118,NORTHWEST INDIANA BANCORP,2021,4,549300Y7HCU10KIRLG30,3,PEOPLES BANK,IN,MUNSTER,46324,1696
2021,549300F5TN705NCHGW39,47-0162750,2,499453,499453,First State Bank Nebraska,NE,Lincoln,608395,0,1056581,,1056581,FIRST STATE HOLDING CO.,2021,4,549300F5TN705NCHGW39,2,FIRST STATE BANK NEBRASKA,NE,LINCOLN,68516,380
2021,549300EA0U825E61X330,58-2267017,1,88231,88231,BankSouth,GA,Greensboro,717755,0,1134313,,1134313,BANKSOUTH HOLDING COMPANY,2021,4,549300EA0U825E61X330,1,BankSouth,GA,Greensboro,30642,278
2021,254900LVZ1O44BCREK60,56-0138905,3,919773,919773,"Belmont Savings Bank, SSB",NC,Belmont,91409,0,-1,,-1,,2021,4,254900LVZ1O44BCREK60,3,Belmont Savings Bank,NC,Belmont,28012,90
2021,2549008F85XOERURYW13,36-1204965,3,483274,483274,First Savings Bank of Hegewisch,IL,Chicago,679428,0,-1,,-1,,2021,4,2549008F85XOERURYW13,3,FIRST SAVINGS BANK OF HEGEWISCH,IL,CHICAGO,60633,1000
2021,549300HC0CLTNVGA0H76,44-0623480,5,581590,581590,River Region Credit Union,MO,Jefferson City,267453,0,-1,,-1,,2021,4,549300HC0CLTNVGA0H76,5,River Region Credit Union,MO,Jefferson City,65109,697
2021,549300ZY55MYW2FNSA48,01-0277393,5,559384,559384,MAINE HIGHLANDS FEDERAL CREDIT UNION,ME,Dexter,130268,0,-1,,-1,,2021,4,549300ZY55MYW2FNSA48,5,MAINE HIGHLANDS FEDERAL CREDIT UNION,ME,Dexter,04930,92
2021,549300RTMAIJNRX52596,39-0335807,3,742944,742944,FORTE BANK,WI,Hartford,236866,0,1209275,,1209275,"FNB HARTFORD BANCORP, INC.",2021,4,549300RTMAIJNRX52596,3,FORTE BANK,WI,HARTFORD,53027,329
2021,549300COSKD1GGV2KI91,04-3130808,3,1000100,1000100,East Boston Savings Bank,MA,Boston,6333078,0,1902651,,1902651,"MERIDIAN BANCORP, INC.",2021,4,549300COSKD1GGV2KI91,3,East Boston Savings Bank,MA,Peabody,01960,508
2021,54930038B7D8N5ZCSG62,31-4415974,5,23894,23894,"ATOMIC CREDIT UNION, INC.",OH,Piketon,349388,0,-1,,-1,,2021,4,54930038B7D8N5ZCSG62,5,"ATOMIC CREDIT UNION, INC",OH,PIKETON,45661,442
2021,VEQ70DCTAI4TBBHPYI39,47-0486526,1,660655,660655,American National Bank,NE,Omaha,4043203,0,1059715,,1059715,AMERICAN NATIONAL CORPORATION,2021,4,VEQ70DCTAI4TBBHPYI39,1,AMERICAN NATIONAL BANK,NE,OMAHA,68114,1834
2021,549300YEQNQT8LV5N068,04-1939190,3,330873,330873,Wakefield Co-operative Bank,MA,Wakefield,246633,0,-1,,-1,,2021,4,549300YEQNQT8LV5N068,3,Wakefield Co-operative Bank,MA,Wakefield,01880,239
2021,54930013LUOQHFFSBB26,27-0019832,7,3966385,3966385,LEGACY MORTGAGE LLC,NM,Albuquerque,-1,3,-1,,-1,,2021,4,54930013LUOQHFFSBB26,7,Legacy Mortgage LLC,NM,Albuquerque,87109,2777
2021,254900PH44D8BB632E53,04-1103180,5,176099,176099,City of Boston Credit Union,MA,Boston,456074,0,-1,,-1,,2021,4,254900PH44D8BB632E53,5,City of Boston Credit Union,MA,Boston,02108,256
2021,549300T69MHCQOIC3F90,66-0219584,7,3944730,3944730,COOPERATIVA DE AHORRO Y CREDITO DE CAMUY,,Camuy,-1,3,-1,,-1,,2021,4,549300T69MHCQOIC3F90,7,COOPERATIVA DE A/C DE CAMUY,PR,CAMUY,00627,145
2021,549300Z2FPZZD55OG155,75-0971964,5,667382,667382,UNION SQUARE,TX,Wichita Falls,372925,0,-1,,-1,,2021,4,549300Z2FPZZD55OG155,5,Union Square Credit Union,TX,Wichita Falls,76308,735
2021,549300IIYO1S63GOQ040,51-0654034,7,51-0654034,-1,"PCMA, INC.",CA,Los Angeles,-1,3,-1,,-1,,2021,4,549300IIYO1S63GOQ040,7,"PCMA, Inc.",CA,Irvine,92614,703
2021,254900YY8IQK41QDLZ95,16-0613220,5,690399,690399,Advantage Federal Credit Union,NY,Rochester,368478,0,-1,,-1,,2021,4,254900YY8IQK41QDLZ95,5,Advantage Federal Credit Union,NY,ROCHESTER,14623,448
2021,549300KI5WZF5PXKAF12,62-1372975,3,1394621,1394621,Metro Bank,AL,Pell City,763507,0,-1,,-1,,2021,4,549300KI5WZF5PXKAF12,3,METRO BANK,AL,PELL CITY,35128,236
2021,5493003EAJYUK1F8B139,37-1232652,3,953535,953535,Fortress Bank,IL,Peoria,473977,0,3735152,,3735152,"FIRST STATE BANCORPORATION, INC.",2021,4,5493003EAJYUK1F8B139,3,FORTRESS BANK,IL,PEORIA,61615,1380
2021,549300IOM384RW3HWE57,58-0960142,5,691583,691583,Five Star Credit Union,AL,Dothan,463276,0,-1,,-1,,2021,4,549300IOM384RW3HWE57,5,Five Star Credit Union,AL,Dothan,36302,426
2021,549300X03SL4SM0F3U87,20-1172127,3,3317932,3317932,ConnectOne Bank,NJ,Englewood Cliffs,6173877,0,1048764,,1048764,"CONNECTONE BANCORP, INC.",2021,4,549300X03SL4SM0F3U87,3,ConnectOne Bank,NJ,Englewood Cliffs,07632,520
2021,549300UI36AJZ0WZ4U93,95-3821253,7,3875665,3875665,"Taylor Morrison Home Funding, Inc",CA,RANCHO CUCAMONGA,-1,3,-1,,-1,,2021,4,549300UI36AJZ0WZ4U93,7,"TAYLOR MORRISON HOME FUNDING, INC.",FL,MAITLAND,32751,12108
2021,549300UWBYWOAZYM9C07,04-1801520,5,195997,195997,ST. JEAN'S Credit Union,MA,Lynn,270166,0,-1,,-1,,2021,4,549300UWBYWOAZYM9C07,5,ST JEAN'S CREDIT UNION,MA,LYNN,01904,152
2021,549300JH5DMYH0O5TM77,23-0341550,3,206174,206174,Ambler Savings Bank,PA,Ambler,410578,0,-1,,-1,,2021,4,549300JH5DMYH0O5TM77,3,AMBLER SAVINGS BANK,PA,AMBLER,19002-0210,200
2021,549300IRXW9RSZM2B951,71-0057070,2,592448,592448,Evolve Bank & Trust,AR,West Memphis,451290,0,1142411,,1142411,"EVOLVE BANCORP, INC",2021,4,549300IRXW9RSZM2B951,2,Evolve Bank & Trust,TN,Memphis,38119,6801
2021,5493000JHK8ZOZKD8J96,56-2172712,7,5027310,5027310,"Beverly - Hanks Mortgage Services, Inc.",NC,Asheville,-1,3,-1,,-1,,2021,4,5493000JHK8ZOZKD8J96,7,"Beverly-Hanks Mortgage Services, Inc",NC,Asheville,28803,149
2021,549300URUSGWHXJ4OZ19,04-1853160,2,115575,115575,Coastal Heritage Bank,MA,Weymouth,848382,0,3431203,,3398315,"EQUITABLE BANCORP, MHC",2021,4,549300URUSGWHXJ4OZ19,2,Coastal Heritage Bank,MA,Weymouth,02188,415
2021,549300CPWNBJ0UCBZ853,54-0325370,1,186221,186221,The Old Point National Bank of Phoebus,VA,Hampton,1048158,0,1076673,,1076673,OLD POINT FINANCIAL CORPORATION,2021,4,549300CPWNBJ0UCBZ853,1,The Old Point National Bank of Phoebus,VA,Hampton,23669,480
2021,549300FEBB5EMDXTC518,16-0516470,1,301574,301574,Lake Shore Savings Bank,NY,Dunkirk,610872,0,3464313,,3793086,"LAKE SHORE, MHC",2021,4,549300FEBB5EMDXTC518,1,Lake Shore Savings Bank,NY,Dunkirk,14048,512
2021,5493006GPVUJZWTAR765,34-0347710,1,144678,144678,First Federal Savings and Loan Association of Lorain,OH,Lorain,439760,0,-1,,-1,,2021,4,5493006GPVUJZWTAR765,1,First Federal Savings & Loan Association of Lorain,OH,Lorain,44053,483
2021,254900RZHOIGZ93T3S32,42-1476537,2,2687133,2687133,Premier Bank,IA,Dubuque,332475,0,2687124,,2687124,PREMIER FINANCIAL CORP.,2021,4,254900RZHOIGZ93T3S32,2,Premier Bank,IA,Dubuque,52002-0502,171
2021,2549000ZEJPSBH6OSH79,34-4263090,3,896427,896427,The Henry County Bank,OH,Napoleon,286240,0,2513157,,2513157,COMUNIBANC CORP.,2021,4,2549000ZEJPSBH6OSH79,3,The Henry County Bank,OH,Napoleon,43545,212
2021,549300JPG4IUQOVV5C90,04-1618915,1,87579,87579,"Middlesex Federal Savings, F.A.",MA,Somerville,446523,0,5399950,,5399950,MIDDLESEX FEDERAL MHC,2021,4,549300JPG4IUQOVV5C90,1,Middlesex Federal Savings,MA,Somerville,02144,130
2021,549300OWEWQ1QPPQS302,73-0183753,2,172457,172457,The Citizens Bank of Edmond,OK,Edmond,301883,0,2718354,,3078215,"CITIZENS BANCSHARES, INC., ESOP",2021,4,549300OWEWQ1QPPQS302,2,Citizens Bank of Edmond,OK,Edmond,73034,246
2021,549300EHE8JUF2GR3461,41-2032431,7,,-1,"PRIORITY MORTGAGE LENDING, INC.",LA,LAFAYETTE,-1,3,-1,,-1,,2021,4,549300EHE8JUF2GR3461,7,"PRIORITY MORTGAGE LENDING, INC.",LA,LAFAYETTE,70508,16
2021,2549008AGLU4AEH9GZ71,58-0137310,3,6039,6039,Pineland Bank,GA,Alma,288245,0,1081622,,1081622,SOUTH BANKING COMPANY,2021,4,2549008AGLU4AEH9GZ71,3,PINELAND BANK,GA,Alma,31510,178
2021,549300SI3EZ7U02L5E39,23-7092063,5,911889,911889,PROPONENT Federal Credit Union,NJ,Nutley,466600,0,-1,,-1,,2021,4,549300SI3EZ7U02L5E39,5,Proponent FCU,NJ,NUTLEY,07110,717
2021,U9WBLC3ZT2VBJSNY2Y81,06-0510330,3,882701,882701,Fairfield County Bank,CT,Ridgefield,1563031,0,3824373,,3824373,"FAIRFIELD COUNTY BANK, MHC",2021,4,U9WBLC3ZT2VBJSNY2Y81,3,FAIRFIELD COUNTY BANK,CT,RIDGEFIELD,06877,467
2021,2549009O1XK0YQZXEL45,31-0216000,3,847979,847979,Community Savings Bank,OH,Bethel,80899,0,-1,,-1,,2021,4,2549009O1XK0YQZXEL45,3,Community Savings Bank,OH,Bethel,45106,85
2021,549300V6F7N9BL5STN83,27-2114578,7,4877536,4877536,"ADVISA MORTGAGE SERVICES, LTD.",TX,HOUSTON,-1,3,-1,,-1,,2021,4,549300V6F7N9BL5STN83,7,"Advisa Mortgage Services, Ltd.",TX,HOUSTON,77072,1530
2021,549300ZMO1A0DHCESP30,75-2725402,7,3845734,3845734,"NTFN, INC.",TX,LEWISVILLE,-1,3,-1,,-1,,2021,4,549300ZMO1A0DHCESP30,7,"NTFN, INC.",TX,Plano,75093,5533
2021,549300Q7ODSDOEDUNP68,43-1633831,7,3842498,3842498,"FIRST INTEGRITY MORTGAGE SERVICES, INC.",MO,ST. LOUIS,-1,3,-1,,-1,,2021,4,549300Q7ODSDOEDUNP68,7,"First Integrity Mortgage Services, Inc.",MO,Saint Louis,63146,1009
2021,X6T32LKEPUT8LQMW6755,61-0197400,3,316840,316840,Republic Bank & Trust Company,KY,Louisville,5611084,0,1097025,,1097025,"REPUBLIC BANCORP, INC.",2021,4,X6T32LKEPUT8LQMW6755,3,REPUBLIC BANK & TRUST,KY,LOUISVILLE,40202,7994
2021,2549005B0YP23JCTYV51,95-3432640,5,139281,139281,POPA FEDERAL CREDIT UNION,CA,Cerritos,253042,0,-1,,-1,,2021,4,2549005B0YP23JCTYV51,5,POPA FCU - CERRITOS,CA,Cerritos,90307,276
2021,549300458LCI17J5BY03,24-0614415,1,465618,465618,The Honesdale National Bank,PA,Honesdale,705414,0,1144107,,1144107,"HONAT BANCORP, INC.",2021,4,549300458LCI17J5BY03,1,THE HONESDALE NATIONAL BANK,PA,WILKES BARRE,18701,689
2021,549300J8Y8IPQFMMIT88,20-0935064,3,853804,853804,The Bank of Canton,MA,Canton,677881,0,3259528,,3223855,"PONKAPOAG BANCORP, MHC",2021,4,549300J8Y8IPQFMMIT88,3,BANK OF CANTON,MA,CANTON,02021,965
2021,549300VIKSC6B00SLF36,35-0302320,3,423449,423449,"The Farmers Bank, Frankfort, Indiana",IN,Frankfort,611761,0,1209538,,1209538,"FARMERS BANCORP FRANKFORT INDIANA, THE",2021,4,549300VIKSC6B00SLF36,3,The Farmers Bank,IN,Frankfort,46041,406
2021,5493000M096YV1VLKD70,25-0866405,3,282075,282075,Washington Financial Bank,PA,Washington,1212241,0,3831335,,3831326,WFSB MUTUAL HOLDING COMPANY,2021,4,5493000M096YV1VLKD70,3,Washington Financial Bank,PA,Washington,15301,644
2021,549300U7ERLWHOGWFM48,38-1054890,2,324340,324340,ChoiceOne Bank,MI,Sparta,673946,0,1139297,,1139297,"CHOICEONE FINANCIAL SERVICES, INC.",2021,4,549300U7ERLWHOGWFM48,2,CHOICEONE BANK,MI,SPARTA,49345,1850
2021,549300ERL4SV8MDO3P56,63-0108592,5,455093,455093,AMERICA'S FIRST,AL,Birmingham,1682540,0,-1,,-1,,2021,4,549300ERL4SV8MDO3P56,5,AMERICA'S FIRST FEDERAL CU,AL,BIRMINGHAM,35203,2074
2021,549300VZ3M0323R12653,54-0132540,2,746429,746429,Touchstone Bank,VA,Prince George,468080,0,5483372,,5483372,"TOUCHSTONE BANKSHARES, INC.",2021,4,549300VZ3M0323R12653,2,Touchstone Bank,VA,Prince George,23875-1452,204
2021,549300HSB39FXRFMW540,80-0801750,7,4408051,4408051,"RUHL MORTGAGE, LLC",IA,DAVENPORT,-1,3,-1,,-1,,2021,4,549300HSB39FXRFMW540,7,RUHL MORTGAGE,IL,MOLINE,61265,1351
2021,549300WJVATE8FMFMR49,38-1475121,5,631682,631682,ADVANTAGE ONE Credit Union,MI,Brownstown Charter Township,149730,0,-1,,-1,,2021,4,549300WJVATE8FMFMR49,5,Advantage One Credit Union,MI,Brownstown,48134,441
2021,IFQSIUC9AGQV2NE8CN25,93-0419143,9,143662,143662,Umpqua Bank,OR,Roseburg,28816687,0,2747644,,2747644,UMPQUA HOLDINGS CORPORATION,2021,4,IFQSIUC9AGQV2NE8CN25,9,Umpqua Bank,OR,Portland,97258,32365
2021,549300LTSES0DE01Z405,37-0274310,2,771140,771140,Dieterich Bank,IL,Effingham,806234,0,1842355,,1842355,PRIME BANC CORP.,2021,4,549300LTSES0DE01Z405,2,DIETERICH BANK,IL,EFFINGHAM,62401,906
2021,5493007NQFYTLJ0O4M47,37-6026191,5,942397,942397,DECATUR EARTHMOVER CREDIT UNION,IL,Forsyth,255768,0,-1,,-1,,2021,4,5493007NQFYTLJ0O4M47,5,DECATUR EARTHMOVER CREDIT UNION,IL,DECATUR,62526,236
2021,25490030Z1TAY4VPEL47,62-6041453,5,,444190,Kingsport Press Credit Union,TN,KINGSPORT,71378,0,-1,,-1,,2021,4,25490030Z1TAY4VPEL47,5,Kingsport Press Credit Union,TN,Kingsport,37660,99
2021,549300MBSNDZDNPHNF53,38-1997775,5,311984,311984,HEALTH ADVANTAGE FEDERAL CREDIT UNION,MI,SAGINAW,141820,0,-1,,-1,,2021,4,549300MBSNDZDNPHNF53,5,Health Advantage Federal Credi,MI,Saginaw,48603,199
2021,254900XJUBW1WCO2J645,74-0540728,1,182951,182951,"Classic Bank, National Association",TX,Cameron,436386,0,2762384,,2762384,CAMERON FINANCIAL CORPORATION,2021,4,254900XJUBW1WCO2J645,1,"Classic Bank, National Association",TX,Cameron,76520,194
2021,549300AOB4S7B0DB7863,53-0197022,5,897479,897479,JUSTICE Federal Credit Union,VA,Chantilly,789398,0,-1,,-1,,2021,4,549300AOB4S7B0DB7863,5,Justice Federal Credit Union,VA,Chantilly,20151,1728
2021,3Y4U8VZURTYWI1W2K376,36-2085229,9,75633,75633,BMO Harris Bank National Association,IL,Chicago,137588093,0,1245415,,1231333,BANK OF MONTREAL,2021,4,3Y4U8VZURTYWI1W2K376,9,BMO Harris Bank N.A.,IL,Chicago,60656,29518
2021,5493004EVKOLRF3JI477,71-0258539,2,856748,856748,The Citizens Bank,AR,Batesville,920636,0,1131077,,1131077,"CITIZENS BANCSHARES OF BATESVILLE, INC.",2021,4,5493004EVKOLRF3JI477,2,THE CITIZENS BANK,AR,BATESVILLE,72503,288
2021,549300LHJR6FIWIU8E25,33-0649866,7,4186706,4186706,FIRST NATIONS HOME FINANCE CORPORATION,CA,SAN DIEGO,-1,3,-1,,-1,,2021,4,549300LHJR6FIWIU8E25,7,FIRST NATIONS HOME FINANCE CORPORATION,CA,SAN DIEGO,92111,1129
2021,254900WQBZOLXT53K570,42-0624950,3,998844,998844,Peoples Bank,IA,Rock Valley,638804,0,1249646,,1249646,PEOPLES BANCORP,2021,4,254900WQBZOLXT53K570,3,PEOPLES BANK,IA,ROCK VALLEY,51247,204
2021,54930048J00QUF04FP72,04-1677530,3,527600,527600,North Easton Savings Bank,MA,South Easton,1135696,0,-1,,-1,,2021,4,54930048J00QUF04FP72,3,NORTH EASTON SAVINGS BANK,MA,SOUTH EASTON,02375,943
2021,5493002LPXKMOZNXUY90,45-0134280,3,236153,236153,First International Bank & Trust,ND,Watford City,3466051,0,1135048,,1135048,"WATFORD CITY BANCSHARES, INC.",2021,4,5493002LPXKMOZNXUY90,3,First International Bank & Trust,ND,Minot,58701,2807
2021,549300XLRD9QLLJRCB89,04-2230576,5,263092,263092,GREYLOCK,MA,Pittsfield,1255426,0,-1,,-1,,2021,4,549300XLRD9QLLJRCB89,5,GREYLOCK FEDERAL CREDIT UNION,MA,PITTSFIELD,01201,1233
2021,549300TSZB60GNONKL22,45-0240799,5,237196,237196,RAILWAY CREDIT UNION,ND,Mandan,122122,0,-1,,-1,,2021,4,549300TSZB60GNONKL22,5,RAILWAY CREDIT UNION,ND,MANDAN,58554,129
2021,549300NJ26KCZVDMI076,75-1995738,1,739355,739355,Texas National Bank of Jacksonville,TX,Jacksonville,561787,0,2716471,,2716471,TEXAS NATIONAL BANCORPORATION,2021,4,549300NJ26KCZVDMI076,1,Texas National Bank of Jacksonville,TX,Tyler,75703,381
2021,549300K2M70MU2D2F940,20-5716674,3,3465226,3465226,Citywide Banks,CO,Denver,2295239,-1,1206546,,1206546,"HEARTLAND FINANCIAL USA, INC.",2021,4,549300K2M70MU2D2F940,3,CITYWIDE BANKS,CO,DENVER,80202,281
2021,254900040LMONERSH242,42-0183300,2,269049,269049,VisionBank of Iowa,IA,Ames,541944,0,4442596,,4442596,"VISIONBANKSHARES, INC.",2021,4,254900040LMONERSH242,2,VisionBank of Iowa,IA,Ames,50010,380
2021,549300N38Q5YKSSV1106,61-1570940,2,859002,859002,Easthampton Savings Bank,MA,Easthampton,1403024,0,3728958,,3728930,HOMETOWN FINANCIAL GROUP MHC,2021,4,549300N38Q5YKSSV1106,2,EASTHAMPTON SAVINGS BANK,MA,EASTHAMPTON,01027,668
2021,549300CP7747DCRW6U68,37-0207180,3,1001648,1001648,Carrollton Bank,IL,Carrollton,1996752,0,1860863,,1860863,CBX CORPORATION,2021,4,549300CP7747DCRW6U68,3,Carrollton Bank,MO,Saint Louis,63146,4473
2021,254900R51FSMCPO6HB07,72-0180410,3,372538,372538,The Evangeline Bank & Trust Company,LA,Ville Platte,583164,0,1133165,,1133165,"EVANGELINE BANCSHARES, INC.",2021,4,254900R51FSMCPO6HB07,3,Evangeline Bank & Trust Company,LA,Ville Platte,70586,706
2021,549300QV6YJK6ZDZPV54,37-0223930,1,658474,658474,Collinsville Building and Loan Association,IL,Collinsville,122956,0,-1,,-1,,2021,4,549300QV6YJK6ZDZPV54,1,Collinsville Building and Loan Association,IL,Collinsville,62234,146
2021,549300UGOOUZ7MQRIN06,26-0636784,3,3625664,3625664,Settlers Bank,WI,Windsor,310153,0,3625655,,3625655,"SB BANCORP, INC.",2021,4,549300UGOOUZ7MQRIN06,3,SETTLERS BANK,WI,WINDSOR,53598,404
2021,254900O86JRT86YLQO47,06-0677569,5,858274,858274,Seasons Federal Credit Union,CT,Middletown,148654,0,-1,,-1,,2021,4,254900O86JRT86YLQO47,5,Seasons Federal Credit Union,CT,Middletown,06457,150
2021,549300LUF8JLB9HKT321,31-0481480,1,875879,875879,Warsaw Federal Savings and Loan Association,OH,Cincinnati,55445,0,4843090,,4843090,FIRST MUTUAL HOLDING CO.,2021,4,549300LUF8JLB9HKT321,1,Warsaw Federal Savings and Loan Association,OH,Cincinnati,45205,275
2021,549300TPAN1WJY46W431,06-0336850,3,961400,961400,Essex Savings Bank,CT,Essex,420909,0,-1,,-1,,2021,4,549300TPAN1WJY46W431,3,Essex Savings Bank,CT,Essex,06426,224
2021,549300RUFHC5ZQDL8J10,62-0875633,3,162337,162337,Citizens Tri-County Bank,TN,Dunlap,927615,0,1085330,,1085330,"SEQUATCHIE VALLEY BANCSHARES, INC.",2021,4,549300RUFHC5ZQDL8J10,3,CITIZENS TRI COUNTY BANK,TN,DUNLAP,37327,1102
2021,549300YTDHBD4XHCIR35,94-1278209,5,388490,388490,THE POLICE Credit Union,CA,San Bruno,938859,0,-1,,-1,,2021,4,549300YTDHBD4XHCIR35,5,The Police Credit Union of California,CA,San Bruno,94066,467
2021,2549001EL4XFDHGNJO24,95-4110181,5,240084,240084,USC Credit Union,CA,Los Angeles,592036,0,-1,,-1,,2021,4,2549001EL4XFDHGNJO24,5,USC CREDIT UNION,CA,LOS ANGELES,90007,487
2021,54930075V56LV2823P16,04-1046540,5,428798,428798,ATHOL CREDIT UNION,MA,Athol,93690,0,-1,,-1,,2021,4,54930075V56LV2823P16,5,ATHOL CREDIT UNION,MA,ATHOL,01331,118
2021,549300NFPC3Y4W3Y7R87,77-0717225,7,4877639,4877639,CALCON MUTUAL MORTGAGE LLC,DE,CAMDEN,-1,3,-1,,-1,,2021,4,549300NFPC3Y4W3Y7R87,7,CalCon Mutual Mortgage LLC,CA,San Diego,92108,8280
2021,254900YK0G0T2WULHK84,37-0435187,2,709143,709143,Midwest Bank,IL,Monmouth,521891,0,3356632,,3356632,"WESTERN ILLINOIS BANCSHARES, INC.",2021,4,254900YK0G0T2WULHK84,2,MIDWEST BANK,IL,MONMOUTH,61462,349
2021,549300FX7K8PTEQUU487,53-0197038,9,546571,546571,PENTAGON FEDERAL CREDIT UNION,VA,McLean,24774361,0,-1,,-1,,2021,4,549300FX7K8PTEQUU487,9,PENTAGON FEDERAL CREDIT UNION,TX,SAN ANTONIO,78259,71475
2021,549300NZLFJGIDOXDW97,47-3963992,7,47-3963992,-1,"NEAL COMMUNITIES FUNDING, LLC",FL,PLANTATION,-1,3,-1,,-1,,2021,4,549300NZLFJGIDOXDW97,7,"NEAL COMMUNITIES FUNDING, LLC",FL,MAITLAND,32751,653
2021,549300E57105E8PDY082,81-0247124,5,868590,868590,VALLEY FINANCIAL CREDIT UNION,MT,Billings,297067,0,-1,,-1,,2021,4,549300E57105E8PDY082,5,Valley Financial Credit Union,MT,Billings,59102-5010,365
2021,549300NSOTTGIGCIV712,42-0747751,5,555591,555591,ASCENTRA,IA,Bettendorf,424288,0,-1,,-1,,2021,4,549300NSOTTGIGCIV712,5,ASCENTRA CREDIT UNION,IA,BETTENDORF,52722,1837
2021,254900X6OAHFW6BUT219,39-0823125,5,591599,591599,WESTconsin Credit Union,WI,Menomonie,1336372,0,-1,,-1,,2021,4,254900X6OAHFW6BUT219,5,WESTCONSIN CREDIT UNION,WI,MENOMONIE,54751,3662
2021,2549003SD8SH7JXN6S72,37-0622729,1,344647,344647,"First Bankers Trust Company, National Association",IL,Quincy,921626,0,1404632,,1404632,"FIRST BANKERS TRUSTSHARES, INC.",2021,4,2549003SD8SH7JXN6S72,1,FIRST BANKERS TRUST COMPANY,IL,QUINCY,62301,573
2021,549300XUFWU3F35PWM42,47-0376486,5,547372,547372,Cobalt Credit Union,NE,Papillion,1009387,0,-1,,-1,,2021,4,549300XUFWU3F35PWM42,5,COBALT CREDIT UNION,NE,PAPILLION,68046,928
2021,5493005WM8ZE8KHE1R85,47-5133238,7,3881992,3881992,"Allen Tate Mortgage Partners, LLC",NC,Charlotte,-1,3,-1,,-1,,2021,4,5493005WM8ZE8KHE1R85,7,"Allen Tate Mortgage Partners, LLC",NC,Charlotte,28210,1517
2021,549300OSZK2W0WJYS771,53-0216888,5,988975,988975,Northwest Federal Credit Union,VA,Herndon,3598362,0,-1,,-1,,2021,4,549300OSZK2W0WJYS771,5,NORTHWEST FEDERAL CREDIT UNION,VA,HERNDON,20170,5484
2021,549300EZIROI6ZF7B419,16-0967546,5,176482,176482,FAMILY FIRST OF NY,NY,Rochester,229657,0,-1,,-1,,2021,4,549300EZIROI6ZF7B419,5,Family First of NY FCU,NY,Rochester,14625,580
2021,549300VH184HHOFFT776,38-1629407,5,663898,663898,Meijer Credit Union,MI,Grand Rapids,67347,0,-1,,-1,,2021,4,549300VH184HHOFFT776,5,Meijer Credit Union,MI,Grand Rapids,49544,151
2021,549300NN0PRX3I4QGG46,47-1853960,7,47-1853960,-1,"Mid-Continent Funding, Inc.",MO,Columbia,-1,3,-1,,-1,,2021,4,549300NN0PRX3I4QGG46,7,"Mid-Continent Funding, Inc.",MO,Columbia,65203,3616
2021,254900GPEJ25OTHRU605,36-1136540,3,750239,750239,Glenview State Bank,IL,Glenview,1298814,0,1201112,,1201112,CUMMINS-AMERICAN CORP.,2021,4,254900GPEJ25OTHRU605,3,Glenview State Bank,IL,Glenview,60025,182
2021,254900L0XOVEOJWGQO95,23-7006496,5,166287,166287,CROSS VALLEY FEDERAL CREDIT UNION,PA,Wilkes Barre,159918,0,-1,,-1,,2021,4,254900L0XOVEOJWGQO95,5,Cross Valley Federal Credit Union,PA,Wilkes Barre,18702,129
2021,54930072OCHTUJOZQB56,35-0885388,5,428079,428079,EVANSVILLE TEACHERS,IN,Evansville,1850784,0,-1,,-1,,2021,4,54930072OCHTUJOZQB56,5,Evansville Teachers Federal Credit Union,KY,Louisville,40223,11409
2021,5493006JISETNI0GLE61,61-1355156,7,4531593,4531593,"Farm Credit Mid-America, ACA",KY,Louisville,-1,3,-1,,-1,,2021,4,5493006JISETNI0GLE61,7,FARM CREDIT MID-AMERICA,KY,LOUISVILLE,40299,7823
2021,254900BLW96EF9AADU93,02-0226828,5,592596,592596,Members First Credit Union N.H.,NH,Manchester,192999,0,-1,,-1,,2021,4,254900BLW96EF9AADU93,5,MEMBERS FIRST CREDIT UNION OF NH,NH,MANCHESTER,03104,230
2021,549300OQ5QR1CNV5HY08,81-0615913,7,3955660,3955660,"MORTGAGE MANAGEMENT CONSULTANTS, INC.",CA,PALMDALE,-1,3,-1,,-1,,2021,4,549300OQ5QR1CNV5HY08,7,"Mortgage Management Consultants, Inc.",CA,Palmdale,93551,1267
2021,549300GSCUJKJINRJ980,35-1616238,7,4183741,4183741,"RUOFF MORTGAGE COMPANY, INC.",IN,Indianapolis,-1,3,-1,,-1,,2021,4,549300GSCUJKJINRJ980,7,RUOFF MORTGAGE COMPANY,IN,FORT WAYNE,46804,40328
2021,549300TWPFOYZ33TOU32,34-2000096,7,3862021,3862021,MANN FINANCIAL INC.,MT,KALISPELL,-1,3,-1,,-1,,2021,4,549300TWPFOYZ33TOU32,7,Mann Mortgage LLC,MT,Kalispell,59901,10099
2021,2549001ZX3163R62TB83,34-0144400,3,584724,584724,Unified Bank,OH,Martins Ferry,684875,0,1071502,,1071502,"UNITED BANCORP, INC.",2021,4,2549001ZX3163R62TB83,3,Unified Bank,OH,Martins Ferry,43935,335
2021,549300FCPKXI75DX5M03,45-5349650,7,4741570,4741570,CityWorth Mortgage LLC,VA,FAIRFAX,-1,3,-1,,-1,,2021,4,549300FCPKXI75DX5M03,7,CITYWORTH MORTGAGE LLC,VA,FAIRFAX,22033,1203
2021,549300TUSRLWD8ETNR90,91-0565128,5,678892,678892,SPOKANE TEACHERS,WA,Liberty Lake,3290019,0,-1,,-1,,2021,4,549300TUSRLWD8ETNR90,5,SPOKANE TEACHERS CREDIT UNION,WA,LIBERTY LAKE,99019,8695
2021,2549006KT1XNB09W2M78,39-0848078,3,57451,57451,Dairy State Bank,WI,Rice Lake,517184,0,1126121,,1126121,"DAIRY STATE BANCORP, INC.",2021,4,2549006KT1XNB09W2M78,3,Dairy State Bank,WI,Rice Lake,54868,461
2021,5493001XKL0FTNOJ0866,26-1589507,7,5023590,5023590,"GENEVA FINANCIAL, LLC",AZ,ORO VALLEY,-1,3,-1,,-1,,2021,4,5493001XKL0FTNOJ0866,7,Geneva Financial LLC,AZ,Chandler,85225,14436
2021,5493001UU04U3T40J822,35-2259112,3,3366239,3366239,Commerce State Bank,WI,West Bend,707921,0,3366220,,3366220,"COMMERCE FINANCIAL HOLDINGS, INC.",2021,4,5493001UU04U3T40J822,3,Commerce State Bank,WI,West Bend,53090,605
2021,549300O3HNZKCYCYJK98,39-0214170,3,48440,48440,Cleveland State Bank,WI,Cleveland,129175,0,1202865,,1202865,"WISCUB, INC.",2021,4,549300O3HNZKCYCYJK98,3,Cleveland State Bank,WI,Cleveland,53015,301
2021,549300K59ORGG9RDD082,48-0168910,1,864378,864378,Citizens Federal Savings Bank,KS,Leavenworth,170908,-1,-1,,-1,,2021,4,549300K59ORGG9RDD082,1,CITIZENS FEDERAL SAVINGS BANK,KS,LEAVENWORTH,66048,297
2021,254900M1AHTCIYKM7V90,75-0191733,1,,596062,The City National Bank of Sulphur Springs,TX,Sulphur Springs,769422,0,1131666,,1131666,"SULPHUR SPRINGS BANCSHARES, INC.",2021,4,254900M1AHTCIYKM7V90,1,THE CITY NATIONAL BANK OF SULPHUR SPRINGS,TX,SULPHUR SPRINGS,75482,890
2021,254900RAPDJZFI07WS81,36-1366389,1,770639,770639,Hometown National Bank,IL,LaSalle,223184,0,1209323,,1209323,"LASALLE BANCORP, INC.",2021,4,254900RAPDJZFI07WS81,1,Hometown National Bank,IL,La Salle,61301,159
2021,254900QIXIWRRJZY1H73,54-0739484,2,268828,268828,LegacyBank,VA,Grundy,304925,0,2630193,,2630193,GNB BANKSHARES CORPORATION,2021,4,254900QIXIWRRJZY1H73,2,LEGACY BANK,VA,Grundy,24614,44
2021,549300PEQH6YK4DH0490,95-1820763,5,514785,514785,FRONTWAVE,CA,Oceanside,877458,-1,-1,,-1,,2021,4,549300PEQH6YK4DH0490,5,Frontwave Credit Union,CA,Oceanside,92056,1294
2021,549300WGEJKXK5PPHT03,20-0976388,7,4731076,4731076,"HOMESITE MORTGAGE, LLC",MI,SHELBY TOWNSHIP,-1,3,-1,,-1,,2021,4,549300WGEJKXK5PPHT03,7,"HOMESITE MORTGAGE, LLC",MI,SHELBY TOWNSHIP,48315,929
2021,5493000JZXUB8NOEMF64,45-0278124,5,235491,235491,TOWN AND COUNTRY Credit Union,ND,Minot,484003,0,-1,,-1,,2021,4,5493000JZXUB8NOEMF64,5,TOWN AND COUNTRY CREDIT UNION,ND,MINOT,58701,1427
2021,2549002F2MBMPG0YSQ20,35-0188195,1,991078,991078,BOONVILLE FEDERAL SAVINGS BANK,IN,BOONVILLE,54703,-1,-1,,-1,,2021,4,2549002F2MBMPG0YSQ20,1,Boonville Federal Savings Bank,IN,Boonville,47601,70
2021,5493009XSE00M8B9R434,75-2585326,7,3845716,3845716,"COUNTRYPLACE MORTGAGE, LTD.",TX,AUSTIN,-1,3,-1,,-1,,2021,4,5493009XSE00M8B9R434,7,"CountryPlace Mortgage, Ltd.",TX,Addison,75001,5018
2021,5493004LTLRA7Y5L3696,37-0731549,1,739832,739832,The Fisher National Bank,IL,Fisher,130742,0,2616179,,2616179,"FISHER BANCORP, INC.",2021,4,5493004LTLRA7Y5L3696,1,The Fisher National Bank,IL,Champaign,61822,406
2021,54930064IXFLV6MQAL59,65-0447670,7,4437547,4437547,"CROSSFIRE FINANCIAL NETWORK, INC.",FL,HOMESTEAD,-1,3,-1,,-1,,2021,4,54930064IXFLV6MQAL59,7,CROSSFIRE FINANCIAL,FL,MIAMI,33173,218
2021,549300YGJL5TVDN6LR41,36-4544942,2,990352,990352,United Bank & Trust,KS,Marysville,628754,0,3219577,,3219577,"UBT BANCSHARES, INC.",2021,4,549300YGJL5TVDN6LR41,2,United Bank & Trust,KS,Marysville,66508,213
2021,549300TA4MQM8WN2XG31,20-1193192,7,3875973,3875973,"VELOCITY COMMERCIAL CAPITAL, LLC",CA,Sacramento,-1,3,-1,,-1,,2021,4,549300TA4MQM8WN2XG31,7,VELOCITY COMMERCIAL CAPITAL LLC,CA,WESTLAKE VILLAGE,91362,4449
2021,549300VQUTI5IU7GXT57,87-0512002,7,3877623,3877623,SECURITYNATIONAL MORTGAGE COMPANY,UT,Salt Lake City,-1,3,-1,,-1,,2021,4,549300VQUTI5IU7GXT57,7,SECURITYNATIONAL MORTGAGE COMPANY,UT,SALT LAKE CITY,84123,29100
2021,254900DYDZ158KQYBD95,52-1762452,5,326380,326380,Marriott Employees' Federal Credit Union,MD,Rockville,182898,0,-1,,-1,,2021,4,254900DYDZ158KQYBD95,5,Marriott Employees FCU,MD,Rockville,20850,85
2021,54930028J11BWKUVGX50,91-0659059,5,8695,8695,HARBORSTONE,WA,Lakewood,1532553,0,-1,,-1,,2021,4,54930028J11BWKUVGX50,5,HARBORSTONE CREDIT UNION,WA,TACOMA,98498,355
2021,2549003VO95NGF435U70,55-0145530,3,832528,832528,"Clay County Bank, Inc.",WV,Clay,94197,0,1427211,,1427211,FIRST CLAY COUNTY BANC CORPORATION,2021,4,2549003VO95NGF435U70,3,CLAY COUNTY BANK,WV,Clay,25125,125
2021,549300T3F9S1MKFKHC53,14-1770243,7,3881509,3881509,HOMESTEAD FUNDING CORP.,NY,ALBANY,-1,3,-1,,-1,,2021,4,549300T3F9S1MKFKHC53,7,Homestead Funding Corp.,NY,Albany,12205,16900
2021,549300LIPY4ISRLGTF16,62-0530495,3,638131,638131,Bank of Dickson,TN,Dickson,233860,0,1085899,,1085899,DICKSON FINANCIAL CORPORATION,2021,4,549300LIPY4ISRLGTF16,3,Bank of Dickson,TN,Dickson,37055,218
2021,5493002BHZ2N82ENVH10,20-4224234,7,4531708,4531708,"Lend Smart Mortgage, LLC",MN,Oakdale,-1,3,-1,,-1,,2021,4,5493002BHZ2N82ENVH10,7,"Lend Smart Mortgage, LLC",MN,Shoreview,55126,4141
2021,5493007700FZNYYEHT38,48-0619523,5,537177,537177,KANSAS STATE UNIVERSITY Federal Credit Union,KS,Manhattan,86969,0,-1,,-1,,2021,4,5493007700FZNYYEHT38,5,KANSAS STATE UNIVERSITY FEDERAL CREDIT UNION,KS,MANHATTAN,66502,112
2021,254900PBEMOERRZO9E31,81-3881445,7,,-1,"iCore Lending, Inc.",CA,NEWPORT COAST,-1,3,-1,,-1,,2021,4,254900PBEMOERRZO9E31,7,iCore Lending Inc.,CA,Cerritos,90703,345
2021,DZC62HF6UIZYJ08V1J90,23-1928421,1,474919,474919,"Fulton Bank, National Association",PA,Lancaster,21759565,0,1117129,,1117129,FULTON FINANCIAL CORPORATION,2021,4,DZC62HF6UIZYJ08V1J90,1,FULTON BANK N.A.,PA,LANCASTER,17604,17849
2021,254900PE3F2ADLAJRQ97,38-1418180,5,902999,902999,Christian Financial Credit Union,MI,Sterling Heights,429328,0,-1,,-1,,2021,4,254900PE3F2ADLAJRQ97,5,Christian Financial Credit Union,MI,Sterling Heights,48312,212
2021,5493006L4FQIQFVFNS72,95-4671903,7,4190048,4190048,"MEGA CAPITAL FUNDING, INC.",CA,CALABASAS,-1,3,-1,,-1,,2021,4,5493006L4FQIQFVFNS72,7,"MEGA CAPITAL FUNDING, INC",CA,CALABASAS,91302,8627
2021,549300BIIOTBIZJPS834,62-1627636,9,62-1627636,-1,"TENNESSEE TRUST MORTGAGE, INC",TN,PLEASANT VIEW,-1,3,-1,,-1,,2021,4,549300BIIOTBIZJPS834,9,"Tennessee Trust Mortgage, Inc.",TN,Pleasant View,37146,235
2021,254900T8NVZTD1Q8U318,59-0947735,5,307697,307697,Guardians Credit Union,FL,West Palm Beach,206920,0,-1,,-1,,2021,4,254900T8NVZTD1Q8U318,5,Guardians Credit Union,FL,West Palm Beach,33406,47
2021,549300EWFHPBZH38K695,41-1956286,7,3636110,3636110,"COMPEER FINANCIAL, FLCA",WI,SUN PRAIRIE,-1,3,-1,,-1,,2021,4,549300EWFHPBZH38K695,7,COMPEER FINANCIAL,WI,SUN PRAIRIE,53590,2719
2021,549300UM6HPORF7X4415,37-6031888,5,506883,506883,IAA Credit Union,IL,Bloomington,274138,0,-1,,-1,,2021,4,549300UM6HPORF7X4415,5,IAA CREDIT UNION,IL,BLOOMINGTON,61701-0000,328
2021,254900IV7U7HAN6U7T54,55-0267603,2,722432,722432,Bank of Romney,WV,Romney,293960,0,1417324,,1417324,"ROMNEY BANKSHARES, INC.",2021,4,254900IV7U7HAN6U7T54,2,The Bank of Romney,WV,Romney,26757,295
2021,549300EIBXII5C4D4548,94-1175535,5,613875,613875,TULARE COUNTY,CA,Tulare,100701,0,-1,,-1,,2021,4,549300EIBXII5C4D4548,5,TULARE COUNTY FEDERAL CREDIT UNION,CA,Tulare,93274,207
2021,207ALC1P1YM0OVDV0K75,72-0210640,9,112837,112837,"Capital One, National Association",VA,McLean,328999040,0,2277860,,2277860,CAPITAL ONE FINANCIAL CORPORATION,2021,4,207ALC1P1YM0OVDV0K75,9,"CAPITAL ONE, NA",VA,McLean,22102,551
2021,5493007V8ZEVXWVS3567,26-1942598,3,3783313,3783313,Cross River Bank,NJ,Teaneck,2060327,0,4389329,,4389329,"CRB GROUP, INC.",2021,4,5493007V8ZEVXWVS3567,3,CROSS RIVER,NJ,FORT LEE,07024,65
2021,254900E6AIE4Z8YQM970,20-8006279,7,4877581,4877581,Citadel Servicing Corporation,CA,Irvine,-1,3,-1,,-1,,2021,4,254900E6AIE4Z8YQM970,7,Citadel Servicing Corporation,CA,Lake Forest,92630,7620
2021,2549005HG8EMM4748S60,37-0291490,3,830748,830748,Germantown Trust & Savings Bank,IL,Breese,394171,0,1098741,,1098741,GERMANTOWN BANC CORP.,2021,4,2549005HG8EMM4748S60,3,Germantown Trust & Savings Bank,IL,Bartelso,62218,203
2021,549300DK7QID2ZON6Q55,92-0019874,5,366573,366573,Alaska USA Federal Credit Union,AK,Anchorage,8335689,0,-1,,-1,,2021,4,549300DK7QID2ZON6Q55,5,Alaska USA Federal Credit Union,AK,ANCHORAGE,99503,10435
2021,2549008US5LUWX2ZH247,85-0124035,5,857398,857398,Del Norte Credit Union,NM,Santa Fe,701866,0,-1,,-1,,2021,4,2549008US5LUWX2ZH247,5,DEL NORTE CREDIT UNION,NM,LOS ALAMOS,87544,550
2021,549300IQGEUYRQBJC007,87-0234702,3,656470,656470,State Bank of Southern Utah,UT,Cedar City,1259099,0,2169871,,2169871,SOUTHERN UTAH BANCORPORATION,2021,4,549300IQGEUYRQBJC007,3,State Bank of Southern Utah,UT,Cedar City,84721,1107
2021,5493003UEX61E91S2B54,25-6051699,5,706580,706580,MERCER COUNTY COMMUNITY,PA,Hermitage,-1,0,-1,,-1,,2021,4,5493003UEX61E91S2B54,5,Mercer County Community FCU,PA,Hermitage,16148,43
2021,549300GGK5S87EZ84P32,66-0677190,7,4184999,4184999,LATIN AMERICAN FINANCIAL CORPORATION,,San Juan,-1,3,-1,,-1,,2021,4,549300GGK5S87EZ84P32,7,Latin American Financlal,PR,San Juan,00921,163
2021,549300OOBQV34V3WL383,54-0699296,5,32887,32887,ABNB Federal Credit Union,VA,Chesapeake,650923,0,-1,,-1,,2021,4,549300OOBQV34V3WL383,5,ABNB FEDERAL CREDIT UNION,VA,CHESAPEAKE,23320,877
2021,5493002H3RKHKUQU7R78,76-0644857,7,76-0644857,-1,"CWM PARTNERS, L.P.",TX,AUSTIN,-1,3,-1,,-1,,2021,4,5493002H3RKHKUQU7R78,7,"CWM Partners, LP dba Citywide Mortgage",OK,Oklahoma City,73160,572
2021,549300LMP5T3UBHAEI68,95-4249171,7,95-4249171,-1,VICTORIA FINANCIAL CORP.,CA,SAN GABRIEL,-1,3,-1,,-1,,2021,4,549300LMP5T3UBHAEI68,7,Victoria Financial Corp,CA,San Gabriel,91776,2172
2021,549300RU0T31BIA8UR19,86-0816467,7,3876327,3876327,"NEW WEST LENDING, INC.",AZ,PHOENIX,-1,3,-1,,-1,,2021,4,549300RU0T31BIA8UR19,7,"NEW WEST LENDING, INC.",AZ,PHOENIX,85020,1193
2021,5493006SSMPNYY3P8424,84-0457092,5,92685,92685,FIDELIS CATHOLIC,CO,Arvada,99042,0,-1,,-1,,2021,4,5493006SSMPNYY3P8424,5,Fidelis Catholic Federal Credit Union,CO,Arvada,80003,129
2021,5493005HTCBH4TWCVM82,04-3243815,7,3868760,3868760,"MEMBERS MORTGAGE COMPANY, INC.",MA,WINCHESTER,-1,3,-1,,-1,,2021,4,5493005HTCBH4TWCVM82,7,Members Mortgage Company Inc,MA,Stoneham,02180,2769
2021,549300SDO5FP7F86HH46,61-0273337,3,400141,400141,"FNB Bank, Inc.",KY,Mayfield,516631,0,1119347,,1119347,JACKSON FINANCIAL CORPORATION,2021,4,549300SDO5FP7F86HH46,3,FNB BANK,KY,MAYFIELD,42066,315
2021,549300IV3BQZRSE82O16,74-0650998,5,364690,364690,GECU,TX,El Paso,2939087,0,-1,,-1,,2021,4,549300IV3BQZRSE82O16,5,GECU,TX,EL PASO,79925,3871
2021,2549001WH56IR3WR8F53,34-4233110,1,80374,80374,First Federal Savings and Loan Association of Delta,OH,Delta,165024,0,4151928,,4151919,"FIRST FEDDELTA BANCSHARES, MHC",2021,4,2549001WH56IR3WR8F53,1,First Federal Savings & Loan Association of Delta,OH,Delta,43515,186
2021,549300WZCZNKQZ3TAU55,81-1679932,7,,-1,CUSTOMER SERVICE MORTGAGE CORPORATION,CA,WESTLAKE VILLAGE,-1,3,-1,,-1,,2021,4,549300WZCZNKQZ3TAU55,7,Customer Service Mortgage Corporation,CA,Westlake Village,91361,1808
2021,549300TJGBPVMBWV5P74,05-0317408,1,541307,541307,Admirals Bank,MA,Boston,219312,0,1250138,,1250138,"ADMIRALS BANCORP, INC.",2021,4,549300TJGBPVMBWV5P74,1,"Ethic, A Wealth Bank",MA,Boston,02110,16
2021,549300Z9PK8PPMKST414,41-0729173,5,32896,32896,GREAT RIVER FEDERAL CREDIT UNION,MN,Saint Cloud,188892,0,-1,,-1,,2021,4,549300Z9PK8PPMKST414,5,GREAT RIVER FEDERAL CU,MN,ST CLOUD,56301,79
2021,5493006WZJUEUK1TVM53,03-0148320,3,463605,463605,Peoples Trust Company of St. Albans,VT,St. Albans,267676,0,-1,,-1,,2021,4,5493006WZJUEUK1TVM53,3,Peoples Trust Company of St. Albans,VT,St. Albans,05478,363
2021,549300V315P16H3FSD37,75-1253045,5,546188,546188,LONE STAR,TX,Dallas,121887,0,-1,,-1,,2021,4,549300V315P16H3FSD37,5,Lone Star Credit Union,TX,Dallas,75228,133
2021,549300IL6X4MHW0HHI39,63-0348156,5,784494,784494,ALABAMA STATE EMPLOYEES CREDIT UNION,AL,Montgomery,323920,0,-1,,-1,,2021,4,549300IL6X4MHW0HHI39,5,Alabama State Employees Credit Union,AL,Montgomery,36106,109
2021,254900213F9YWHNVOO69,20-4515212,7,4183497,4183497,"CapGrow Home Mortgage, LLC",MO,Chesterfield,-1,3,-1,,-1,,2021,4,254900213F9YWHNVOO69,7,CapGrow Home Mortgage LLC,MO,Chesterfield,63017,370
2021,MMO6VV34TNP4Z1T8NG83,57-1016947,7,2333690,2333690,AgFirst Farm Credit Bank,SC,Columbia,-1,3,-1,,-1,,2021,4,MMO6VV34TNP4Z1T8NG83,7,AGFIRST FARM CREDIT BANK,SC,COLUMBIA,29201,2983
2021,549300S5FVOSK5DQJN30,85-0260899,7,3850505,3850505,INTERCAP LENDING INC.,NM,ESPANOLA,-1,3,-1,,-1,,2021,4,549300S5FVOSK5DQJN30,7,Intercap Lending Inc,UT,Draper,84020,15822
2021,549300PD2JKG2Z95GK78,61-0378920,3,79042,79042,West Point Bank,KY,Radcliff,284901,0,1119404,,1119404,"FIRST BRECKINRIDGE BANCSHARES, INC.",2021,4,549300PD2JKG2Z95GK78,3,West Point Bank,KY,Elizabethtown,42701,350
2021,549300AR1PZJHZ7BYH72,48-0301840,3,483751,483751,Labette Bank,KS,Altamont,399161,0,1057784,,1057784,"LABETTE COUNTY BANKSHARES, INC.",2021,4,549300AR1PZJHZ7BYH72,3,LABETTE BANK,KS,LACYGNE,66040,217
2021,5493009N13S1TDMHNJ11,06-0655103,5,819770,819770,NORTHEAST FAMILY Federal Credit Union,CT,Manchester,82976,0,-1,,-1,,2021,4,5493009N13S1TDMHNJ11,5,Northeast Family FCU,CT,Manchester,06045,72
2021,549300TFL8UPEHU61608,37-0388230,3,496845,496845,Bank & Trust Company,IL,Litchfield,346631,0,1099195,,1099195,"LBT BANCSHARES, INC.",2021,4,549300TFL8UPEHU61608,3,Bank & Trust Company,IL,Litchfield,62056,369
2021,KI0VI4JRMCIJ329YTN75,22-1186387,9,229801,229801,Valley National Bank,NJ,Passaic,37441578,0,1048773,,1048773,VALLEY NATIONAL BANCORP,2021,4,KI0VI4JRMCIJ329YTN75,9,Valley National Bank,NJ,Wayne,07470,10414
2021,549300GNMONGVTFMXS97,11-2998485,7,3874220,3874220,BLAIR SERVICES OF AMERICA INC.,NY,BETHPAEG,-1,3,-1,,-1,,2021,4,549300GNMONGVTFMXS97,7,"BLAIR SERVICES OF AMERICA, INC",NY,MELVILLE,11747,271
2021,549300YV3F7WA813QL95,20-2139081,3,3349241,3349241,First Resource Bank,PA,Exton,336419,0,-1,,-1,,2021,4,549300YV3F7WA813QL95,3,FIRST RESOURCE BANK,PA,Exton,19341,151
2021,5493001YS08XHF42M037,04-1288380,5,426691,426691,PIONEER VALLEY FEDERAL CREDIT UNION,MA,Springfield,109000,0,-1,,-1,,2021,4,5493001YS08XHF42M037,5,Pioneer Valley Federal Credit Union,MA,Springfield,01104,183
2021,254900FL0I8OUMMBOZ11,27-5343827,7,,-1,BENCH EQUITY L.L.C.,AZ,Mesa,-1,3,-1,,-1,,2021,4,254900FL0I8OUMMBOZ11,7,"Bench Equity, LLC",AZ,Mesa,85209,453
2021,254900KKWIJLOTNP7667,52-1075143,9,1074736,1074736,M&T Realty Capital Corporation,MD,Baltimore,-1,1,501105,,1037003,M&T BANK CORPORATION,2021,4,254900KKWIJLOTNP7667,9,M&T REALTY CAPITAL CORPORATION,DE,WILMINGTON,19801-1243,170
2021,254900UAJ26M2YIF0822,37-0253320,3,851631,851631,Better Banks,IL,Peoria,288139,0,1095058,,1095058,BACKLUND INVESTMENT CO.,2021,4,254900UAJ26M2YIF0822,3,Better Banks,IL,Bartonville,61607,371
2021,254900Q716E7IUMXGB91,47-2469140,7,47-2469140,-1,The Home Loan Expert LLC,MO,St Louis,-1,3,-1,,-1,,2021,4,254900Q716E7IUMXGB91,7,"THE HOME LOAN EXPERT, LLC",MO,SAINT LOUIS,63144,7037
2021,549300KUIZTYQRC0R888,41-0880598,1,901358,901358,Heritage Bank National Association,MN,Spicer,403053,0,2144739,,2144739,"HERITAGE BANCSHARES GROUP, INC.",2021,4,549300KUIZTYQRC0R888,1,Heritage Bank NA,MN,Spicer,56288,1131
2021,549300TZDKJ07KL8T621,14-0984880,3,24006,24006,PCSB Bank,NY,Brewster,1646356,0,5079476,,5079476,PCSB FINANCIAL CORPORATION,2021,4,549300TZDKJ07KL8T621,3,PCSB BANK,NY,YORKTOWN HEIGHTS,10598,248
2021,HIDXEG9BLUJZKBGUT764,53-0209950,5,561471,561471,Bank-Fund Staff Federal Credit Union,DC,WASHINGTON,5188505,0,-1,,-1,,2021,4,HIDXEG9BLUJZKBGUT764,5,BANK-FUND STAFF FEDERAL CREDIT,DC,1725 I STREET NW SUITE 15,20006,3523
2021,2549009GDCGUR2T6KU55,04-1442480,3,673909,673909,Hingham Institution for Savings,MA,Hingham,2590368,0,-1,,-1,,2021,4,2549009GDCGUR2T6KU55,3,HINGHAM INSTITUTION FOR SAVINGS,MA,HINGHAM,02043,503
2021,549300T3PE251I1FTX35,95-4399912,7,3897809,3897809,"PROFESSIONAL CONSOLIDATED FINANCIAL GROUP, INC.",CA,TEMPLE CITY,-1,3,-1,,-1,,2021,4,549300T3PE251I1FTX35,7,"Professional Consolidated Financial Group, Inc.",CA,Temple City,91780,250
2021,549300R22XCNNGVXRO22,13-5617009,5,602682,602682,SELF RELIANCE NY Federal Credit Union,NY,New York,1388544,0,-1,,-1,,2021,4,549300R22XCNNGVXRO22,5,Self Reliance (NY) FCU,NY,NEW YORK,10003,256
2021,549300B5Q1Q3J5NC8121,24-0831867,7,24-0831867,-1,Fairway Consumer Discount Company,PA,Luzerne,-1,3,-1,,-1,,2021,4,549300B5Q1Q3J5NC8121,7,Fairway Consumer Discount Co,PA,Luzerne,18709,111
2021,5493002XHCZ94X8YST31,39-0698030,3,524971,524971,Westbury Bank,WI,Waukesha,831386,0,4472249,,4472249,"WESTBURY BANCORP, INC.",2021,4,5493002XHCZ94X8YST31,3,Westbury Bank,WI,West Bend,53095,726
2021,549300XQ8DRJT0OETE90,62-0979475,2,497039,497039,Commercial Bank,TN,Harrogate,1285083,0,1080652,,2492485,"ROBERTSON HOLDING COMPANY, L.P.",2021,4,549300XQ8DRJT0OETE90,2,Commercial Bank,TN,Harrogate,37752,505
2021,549300G5DUB6RE1MCL12,48-0137740,3,1016259,1016259,The Bennington State Bank,KS,Salina,728981,0,1051906,,1051906,"BERCO, INC.",2021,4,549300G5DUB6RE1MCL12,3,THE BENNINGTON STATE BANK,KS,SALINA,67402,474
2021,549300KGWK2C69R8ZN27,41-0653148,5,762791,762791,NORTHWOODS,MN,Cloquet,120166,0,-1,,-1,,2021,4,549300KGWK2C69R8ZN27,5,NORTHWOODS CREDIT UNION,MN,CLOQUET,55720,266
2021,5493001MUHR5XU30WE58,31-4265148,1,623874,623874,First Federal Savings and Loan Association,OH,43055,221986,0,-1,,-1,,2021,4,5493001MUHR5XU30WE58,1,FIRST FEDERAL S&L OF NEWARK,OH,NEWARK,43055,804
2021,549300BSIYFJ3FALVK78,35-0886187,5,343284,343284,ProFed Federal Credit Union,IN,Fort Wayne,463083,0,-1,,-1,,2021,4,549300BSIYFJ3FALVK78,5,PROFED FEDERAL CREDIT UNION,IN,FORT WAYNE,46805,2052
2021,5493001SBOA8GKVW1N27,20-0262652,7,,-1,AAXY L.L.C.,TX,AUSTIN,-1,3,-1,,-1,,2021,4,5493001SBOA8GKVW1N27,7,AAXY LLC,TX,Austin,78729,1453
2021,549300L7JNOXBW10PN68,39-1909991,5,269076,269076,Empower Credit Union,WI,West Allis,89279,0,-1,,-1,,2021,4,549300L7JNOXBW10PN68,5,EMPOWER CREDIT UNION,WI,WEST ALLIS,53214,195
2021,2549007E9BI08H1N1T92,47-5054706,9,,-1,AAFMAA Mortgage Services LLC,,,-1,-1,-1,,-1,,2021,4,2549007E9BI08H1N1T92,9,AAFMAA Mortgage Services LLC,NC,Morrisville,27560,1559
2021,5493000V0CXKSOK29E51,23-2852733,2,2580243,2580243,American Bank,PA,Allentown,640427,0,3008753,,3008753,AMERICAN BANK INCORPORATED,2021,4,5493000V0CXKSOK29E51,2,American Bank,PA,Allentown,18104,213
2021,549300A8TEVE8WYT0T29,75-0888860,5,877284,877284,ABILENE TEACHERS Federal Credit Union,TX,Abilene,455628,0,-1,,-1,,2021,4,549300A8TEVE8WYT0T29,5,Abilene Teachers FCU,TX,Abilene,79608,244
2021,5493009F6BJDCZMZ7Y26,20-8468035,7,5019360,5019360,"MORTGAGE FINANCIAL SERVICES, LLC",LA,BATON ROUGE,-1,3,-1,,-1,,2021,4,5493009F6BJDCZMZ7Y26,7,MORTGAGE FINANCIAL SERVICE LLC,LA,BATON ROUGE,70816,7482
2021,549300LFR4FQMI48MF92,75-0616404,1,193162,193162,The First National Bank of Tom Bean,TX,Tom Bean,120021,0,-1,,-1,,2021,4,549300LFR4FQMI48MF92,1,THE FIRST NATIONAL BANK OF TOM BEAN,TX,TOM BEAN,75489,191
2021,549300K2EV48DVSYNV15,72-0214680,1,804374,804374,Home Federal Bank,LA,Shreveport,455773,0,4253121,,4253121,"HOME FEDERAL BANCORP, INC. OF LOUISIANA",2021,4,549300K2EV48DVSYNV15,1,Home Federal Bank,LA,SHREVEPORT,71105,793
2021,254900GNK8YXIZQ6LW40,72-0306740,3,125855,125855,Sabine State Bank and Trust Company,LA,Many,953666,-1,1108042,,1108042,"SABINE BANCSHARES, INC.",2021,4,254900GNK8YXIZQ6LW40,3,SABINE STATE BANK AND TRUST COMPANY,LA,MANY,71449,887
2021,549300XP5418ENGZVD49,58-0553953,3,510330,510330,F&M Bank,GA,Washington,276101,0,1137015,,1137015,WASHINGTON/WILKES HOLDING COMPANY,2021,4,549300XP5418ENGZVD49,3,F & M BANK,GA,WASHINGTON,30673,200
2021,254900LW5BPW0G1LMW49,47-0834560,7,5019678,5213908,"Regent Financial Group, Inc.",NE,Elkhorn,-1,3,-1,,-1,,2021,4,254900LW5BPW0G1LMW49,7,Regent Financial Group,NE,Omaha,68135,2067
2021,549300D214S3L7KZ0515,16-1686740,3,3228001,3228001,CRESCENT MORTGAGE COMPANY,DE,WILMINGTON,-1,5,365325,,1076217,"UNITED BANKSHARES, INC.",2021,4,549300D214S3L7KZ0515,3,Crescent Mortgage Company,GA,Atlanta,30328,7154
2021,549300FYFTBGRGV82A93,82-5462218,9,,-1,Unify Home Lending Inc.,SD,PIERRE,-1,3,-1,,-1,,2021,4,549300FYFTBGRGV82A93,9,Unify Home Lending Inc.,SD,Rapid City,57701,813
2021,549300N24HTC7KQ3LC70,39-0265500,3,336576,336576,"The Equitable Bank, S.S.B.",WI,Wauwatosa,301393,0,5301551,,5301533,TEB MHC,2021,4,549300N24HTC7KQ3LC70,3,THE EQUITABLE BANK SSB,WI,WAUWATOSA,53226,1976
2021,549300T3JUQ02E9W8I27,35-0576710,3,493741,493741,Alliance Bank,IN,Francesville,311229,0,1138405,,1138405,ALLIANCE BANCORP,2021,4,549300T3JUQ02E9W8I27,3,Alliance Bank,IN,Monon,47959,157
2021,549300SU3TF26I8KB315,31-0387145,5,150893,150893,UNIVERSAL 1 CREDIT UNION,OH,Dayton,423716,0,-1,,-1,,2021,4,549300SU3TF26I8KB315,5,Universal 1 Credit Union Inc.,OH,DAYTON,45409,409
2021,2549007UXYHMV9ES9L95,06-0655046,5,,1007770,MembersFirst CT Federal Credit Union,CT,Meriden,-1,0,-1,,-1,,2021,4,2549007UXYHMV9ES9L95,5,MEMBERSFIRST CT FCU,CT,MERIDEN,06450,43
2021,549300JXWG67QZF4I652,72-0184630,1,837970,837970,Fifth District Savings Bank,LA,New Orleans,437117,0,-1,,-1,,2021,4,549300JXWG67QZF4I652,1,Fifth District Savings Bank,LA,New Orleans,70114,306
2021,549300XPYR4FPCKYRF48,48-0249420,2,747257,747257,The Halstead Bank,KS,Halstead,118223,0,1064513,,1064513,"WILLIAMS HOLDING COMPANY, INC.",2021,4,549300XPYR4FPCKYRF48,2,Halstead Bank,KS,Halstead,67056,185
2021,254900KPCI98XVKU8U39,01-0270833,5,,469081,Acadia Federal Credit Union,ME,Fort Kent,223405,0,-1,,-1,,2021,4,254900KPCI98XVKU8U39,5,Acadia Federal Credit Union,ME,Fort Kent,04743,298
2021,549300N4D45V7JFCUS34,55-0780787,3,3034695,3034695,Main Street Bank Corp.,WV,Wheeling,472531,0,3178900,,3178900,MAIN STREET FINANCIAL SERVICES CORP,2021,4,549300N4D45V7JFCUS34,3,Main Street Bank,WV,Wheeling,26003,415
2021,549300D4P7FB9UH6CL48,37-6057285,5,91688,91688,Illinois State Police Federal Credit Union,IL,Springfield,97336,0,-1,,-1,,2021,4,549300D4P7FB9UH6CL48,5,Illinois State Police Federal Credit Union,IL,Springfield,62703,28
2021,549300W2VOHO3742H053,56-1382971,5,896191,896191,SELF-HELP Credit Union,NC,Durham,1100500,0,-1,,-1,,2021,4,549300W2VOHO3742H053,5,Self-Help Credit Union,NC,Durham,27701,902
2021,549300JI0UWY4QIWDV89,20-3492069,7,4533672,4533672,"NORTHPOINT MORTGAGE, INC.",MA,STURBRIDGE,-1,3,-1,,-1,,2021,4,549300JI0UWY4QIWDV89,7,"Northpoint Mortgage, Inc.",MA,Fiskdale,01518,3375
2021,549300HXQLIV5UBQEF05,37-0399845,3,441078,441078,Community Partners Savings Bank,IL,Salem,202070,0,-1,,-1,,2021,4,549300HXQLIV5UBQEF05,3,COMMUNITY PARTNERS SAVINGS BANK,IL,SALEM,62881,451
2021,5493008YRTIU0FNCTY07,25-0974219,5,688172,688172,TRI BORO,PA,Munhall,96398,0,-1,,-1,,2021,4,5493008YRTIU0FNCTY07,5,Tri Boro Federal Credit Union,PA,Munhall,15120-1906,107
2021,549300K5SWOZ1F2OHY48,47-0151910,2,81175,81175,Equitable Bank,NE,Grand Island,356893,0,4841041,,4841041,EQUITABLE FINANCIAL CORP.,2021,4,549300K5SWOZ1F2OHY48,2,EQUITABLE BANK,NE,GRAND ISLAND,68802,542
2021,5493009ROW8QSODANH20,48-0306560,3,636276,636276,Mutual Savings Association,KS,Leavenworth,208668,0,-1,,-1,,2021,4,5493009ROW8QSODANH20,3,MUTUAL SAVINGS ASSOCIATION,KS,LEAVENWORTH,66048,319
2021,549300T7QCXC3PXO0W07,74-1592875,5,583286,583286,AMPLIFY,TX,Austin,994465,0,-1,,-1,,2021,4,549300T7QCXC3PXO0W07,5,AMPLIFY CREDIT UNION,TX,AUSTIN,78708-5300,2955
2021,254900UA19NBVHVPQ177,48-0193755,3,869551,869551,The Denison State Bank,KS,Holton,359038,0,1058286,,1058286,"DENISON BANCSHARES, INC. OF HOLTON",2021,4,254900UA19NBVHVPQ177,3,Denison State Bank,KS,Holton,66436,267
2021,254900EQ7TPQ6NBKRF55,75-0974099,5,635484,635484,Nascoga Federal Credit Union,TX,Gainesville,103570,0,-1,,-1,,2021,4,254900EQ7TPQ6NBKRF55,5,4U Federal Credit Union,TX,Gainesville,76240,50
2021,549300L3IHIP0RH6IY76,85-0128861,5,534783,534783,SANDIA AREA,NM,Albuquerque,758443,0,-1,,-1,,2021,4,549300L3IHIP0RH6IY76,5,Sandia Area Federal Credit Union,NM,Albuquerque,87109,821
2021,2549009Y4KUKP1V77375,23-0672875,3,139478,139478,Harleysville Bank,PA,Harleysville,785550,0,2861492,,2861492,HARLEYSVILLE FINANCIAL CORPORATION,2021,4,2549009Y4KUKP1V77375,3,Harleysville Bank,PA,Harleysville,19438,309
2021,5493005E0SAPZ1LKU504,03-0486044,7,5138999,5138999,"MORTGAGE MASTERS OF INDIANA, INC.",IN,Evansville,-1,3,-1,,-1,,2021,4,5493005E0SAPZ1LKU504,7,"Mortgage Masters Of Indiana, Inc",IN,Evansville,47713,1649
2021,549300GSYIBSO9N4PB10,38-1438667,5,186098,186098,CONSUMERS,MI,Kalamazoo,1242456,0,-1,,-1,,2021,4,549300GSYIBSO9N4PB10,5,CONSUMERS CREDIT UNION,MI,OSHTEMO,49077,6479
2021,254900M3DBBSBUPR5L27,42-0495795,5,476285,476285,R.I.A. Federal Credit Union,IA,Bettendorf,458340,0,-1,,-1,,2021,4,254900M3DBBSBUPR5L27,5,R.I.A. Federal Credit Union,IA,Bettendorf,52722,1029
2021,5493000QUE28T1SH6H86,20-2248294,3,3429219,3429219,Heritage Bank & Trust,TN,Columbia,159825,0,-1,,-1,,2021,4,5493000QUE28T1SH6H86,3,Heritage Bank & Trust,TN,Columbia,38401,135
2021,5493006Q452T1FESHO34,66-0213182,7,3878741,3878741,Cooperativa De Ahorro Y Credito La Aiboniteña,,Aibonito,-1,3,-1,,-1,,2021,4,5493006Q452T1FESHO34,7,Cooperativa de A\C Aiboniteña,PR,Aibonito,00705,16
2021,549300TOZIPCBM0DLH67,37-0805312,5,35392,35392,ILLINOIS STATE CREDIT UNION,IL,Normal,138941,0,-1,,-1,,2021,4,549300TOZIPCBM0DLH67,5,Illinois State Credit Union,IL,Normal,61761,378
2021,549300X83ACLZT2UNN87,41-0174775,5,877097,877097,MINNCO CREDIT UNION,MN,Cambridge,326040,0,-1,,-1,,2021,4,549300X83ACLZT2UNN87,5,MINNCO CREDIT UNION,MN,CAMBRIDGE,55008,315
2021,549300L7610D7H3Z5585,26-4733625,2,3812147,3812147,Grand River Bank,MI,Grandville,321158,0,3916326,,3916326,"GRAND RIVER COMMERCE, INC.",2021,4,549300L7610D7H3Z5585,2,GRAND RIVER BANK,MI,GRANDVILLE,49418,459
2021,549300N1UWZ4871DND44,13-0822710,9,249612,249612,Apple Bank for Savings,NY,Manhasset,15808171,0,3446412,,3446412,"APPLE FINANCIAL HOLDINGS, INC.",2021,4,549300N1UWZ4871DND44,9,APPLE BANK FOR SAVINGS,NY,NEW YORK,10168,596
2021,549300DCGBXW5FJMV921,26-3874984,7,26-3874984,-1,"NMSI, INC.",CA,LOS ANGELES,-1,3,-1,,-1,,2021,4,549300DCGBXW5FJMV921,7,"NMSI, INC.",CA,LOS ANGELES,90010,7803
2021,549300ODXRVTZ21MSR34,14-1012960,3,425108,425108,Rondout Savings Bank,NY,Kingston,383396,0,-1,,-1,,2021,4,549300ODXRVTZ21MSR34,3,RONDOUT SAVINGS BANK,NY,KINGSTON,12401,544
2021,54930045J8O98TUGTW86,20-3977125,3,3408728,3408728,b1BANK,LA,Baton Rouge,2274490,0,3488850,,3488850,"BUSINESS FIRST BANCSHARES, INC.",2021,4,54930045J8O98TUGTW86,3,b1BANK,LA,Baton Rouge,70801,918
2021,549300XT5WP4TMNXL317,61-1174806,3,1469677,1469677,"Heritage Bank, Inc.",KY,Erlanger,975651,0,2269119,,2332536,"COMMONWEALTH HOLDINGS, L.L.C.",2021,4,549300XT5WP4TMNXL317,3,"Heritage Bank, Inc",KY,Burlington,41005,110
2021,2549006I89JVMC44TE62,37-0433210,3,478140,478140,Murphy-Wall State Bank and Trust Company,IL,Pinckneyville,129716,0,2232748,,2232748,"MURPHY-WALL BANCORP, INC.",2021,4,2549006I89JVMC44TE62,3,Murphy-Wall State Bank and Trust Company,IL,Pinckneyville,62274,250
2021,549300S32ZDD67D2FB46,01-0130870,3,289702,289702,Norway Savings Bank,ME,Norway,1237204,0,2835484,,2835475,"NORWAY BANCORP, MHC",2021,4,549300S32ZDD67D2FB46,3,Norway Savings Bank,ME,Norway,04268,1220
2021,549300QBV10SC3TEU133,57-0424876,5,839189,839189,CAROLINA FOOTHILLS,SC,Spartanburg,120154,0,-1,,-1,,2021,4,549300QBV10SC3TEU133,5,Carolina Foothills Federal Credit Union,SC,Spartanburg,29303,175
2021,254900EL5N0NK8M96118,59-0684192,5,94193,94193,DADE COUNTY FEDERAL CREDIT UNION,FL,Sweetwater,784002,0,-1,,-1,,2021,4,254900EL5N0NK8M96118,5,Dade County Federal Credit Union,FL,Miami,33172,184
2021,549300VN9E1DEKF26E34,59-0746906,5,26998,26998,SPACE COAST Credit Union,FL,Melbourne,4922318,0,-1,,-1,,2021,4,549300VN9E1DEKF26E34,5,SPACE COAST CREDIT UNION,FL,MELBOURNE,32940,14013
2021,337KMNHEWWWR6B7Q7W10,73-0383055,9,595270,595270,MidFirst Bank,OK,Oklahoma City,22986309,0,2568278,,3839096,"G. JEFFREY RECORDS, JR. 2003 FAMILY TRUST",2021,4,337KMNHEWWWR6B7Q7W10,9,MidFirst Bank,OK,Oklahoma City,73118,47835
2021,549300U2SQMRT681J356,46-1342618,7,46-1342618,-1,"COLUMBUS CAPITAL LENDING, LLC",FL,MIAMI,-1,3,-1,,-1,,2021,4,549300U2SQMRT681J356,7,"Columbus Capital Lending, LLC.",FL,Miami,33176,1535
2021,549300VE85K2XTVRSG76,41-0246420,3,,46053,The State Bank of Faribault,MN,Faribault,-1,3,1126158,,-1,,2021,4,549300VE85K2XTVRSG76,3,THE STATE BANK OF FARIBAULT,MN,Faribault,55021,214
2021,2549002YTHQ90AS4OM73,30-0217804,7,30-0217804,-1,"M2 Lending Solutions, LLC",CO,Denver,-1,3,-1,,-1,,2021,4,2549002YTHQ90AS4OM73,7,M2 LENDING SOLUTIONS LLC,CO,DENVER,80222,903
2021,549300T68H0CMTF8ZH83,61-0126130,3,903240,903240,Bank of Edmonson County,KY,Brownsville,217381,0,2155397,,2155397,"EDMONSON BANCSHARES, INC",2021,4,549300T68H0CMTF8ZH83,3,Bank of Edmonson County,KY,Brownsville,42210-0099,130
2021,2549006CSAAG67CX8Z55,56-0432082,5,101194,101194,Summit Credit Union,NC,Greensboro,263554,0,-1,,-1,,2021,4,2549006CSAAG67CX8Z55,5,Summit Credit Union,NC,Greensboro,27409,323
2021,549300GDJIT5E0RD3B88,66-0674421,7,4327965,4327965,MULTIPLES MORTGAGE CORPORATION,,SAN JUAN,-1,3,-1,,-1,,2021,4,549300GDJIT5E0RD3B88,7,MULTIPLES MORTGAGE CORP.,PR,Rio Piedras,00918,204
2021,549300HCWCQYV87S4729,73-0181535,1,154154,154154,The First National Bank and Trust Co.,OK,Chickasha,664810,0,1065163,,1065163,"FIRST INDEPENDENT BANCORP, INC.",2021,4,549300HCWCQYV87S4729,1,THE FIRST NATIONAL BANK & TRUST CO,OK,CHICKASHA,73018,190
2021,549300XO2MXF3RX56J09,52-0798315,5,329587,329587,BALTIMORE COUNTY EMPLOYEES,MD,Towson,402365,0,-1,,-1,,2021,4,549300XO2MXF3RX56J09,5,Baltimore County Employees CU,MD,Towson,21204,74
2021,5493007YN2BYYXCI7W64,46-0177475,3,540551,540551,"BANKWEST, INC.",SD,PIERRE,1205032,0,1124060,,1124060,"SOUTH DAKOTA BANCSHARES, INC.",2021,4,5493007YN2BYYXCI7W64,3,"BankWest, Inc.",SD,PIERRE,57501,2070
2021,5493001LCNCF6Z3ZQ632,01-0261795,5,637581,637581,FIVE COUNTY,ME,Bath,261431,0,-1,,-1,,2021,4,5493001LCNCF6Z3ZQ632,5,Five County Credit Union,ME,Bath,04530,151
2021,549300E3UCOTNUZIEB53,23-3102809,3,857811,857811,Mauch Chunk Trust Company,PA,Jim Thorpe,439915,0,3045011,,3045011,MAUCH CHUNK TRUST FINANCIAL CORP.,2021,4,549300E3UCOTNUZIEB53,3,MAUCH CHUNK TRUST COMPANY,PA,JIM THORPE,18229,302
2021,549300QFE7UAEZ8Q4U55,23-7155544,5,835284,835284,PARK SIDE FINANCIAL,MT,Whitefish,254364,0,-1,,-1,,2021,4,549300QFE7UAEZ8Q4U55,5,Park Side Credit Union,MT,Whitefish,59937,298
2021,549300U2B1ZNGX3H8U54,75-1157852,5,179586,179586,TEXAS TECH,TX,Lubbock,220695,0,-1,,-1,,2021,4,549300U2B1ZNGX3H8U54,5,Texas Tech Federal Credit Union,TX,Lubbock,79423,2349
2021,254900OGMHGN3FQRRB74,65-0159184,3,1414819,1414819,Helm Bank USA,FL,Miami,841472,0,-1,,-1,,2021,4,254900OGMHGN3FQRRB74,3,Helm Bank USA,FL,Miami,33131,250
2021,5493002FQ43Q3BNXZW27,62-0335770,3,709639,709639,Macon Bank and Trust Company,TN,Lafayette,426706,0,1136577,,1136577,"MACON BANCTRUST, INC.",2021,4,5493002FQ43Q3BNXZW27,3,Macon Bank and Trust Company,TN,Lafayette,37083,135
2021,549300YJ77JVC6X3BO61,58-2184934,1,2344753,2344753,Thomasville National Bank,GA,Thomasville,955436,0,2346010,,2346010,"THOMASVILLE BANCSHARES, INC",2021,4,549300YJ77JVC6X3BO61,1,Thomasville National Bank,GA,Thomasville,31792,315
2021,549300CPJH6JMU13EQ37,93-0496543,5,833598,833598,CENTRAL WILLAMETTE Credit Union,OR,Albany,338302,0,-1,,-1,,2021,4,549300CPJH6JMU13EQ37,5,Central Willamette Credit Union,OR,Albany,97321-3777,206
2021,25490070QB5LWJ9JID79,74-1165349,3,549862,549862,"Community Bank & Trust, Waco, Texas",TX,Waco,466543,0,1102200,,1102200,"COMMUNITY COMPANY, THE",2021,4,25490070QB5LWJ9JID79,3,Community Bank & Trust,TX,Waco,76701,214
2021,549300EDXX36BJ0X7583,56-2183599,2,2915461,2915461,North State Bank,NC,Raleigh,933435,0,3109070,,3109070,NORTH STATE BANCORP,2021,4,549300EDXX36BJ0X7583,2,NORTH STATE BANK,NC,RALEIGH,27609,1927
2021,549300E0WPRCJMXMUM09,52-2126008,2,2736291,2736291,Popular Bank,NY,New York,10055910,0,2138466,,1129382,"POPULAR, INC.",2021,4,549300E0WPRCJMXMUM09,2,POPULAR BANK,NY,NEW YORK,10004-2787,1218
2021,254900RQX8N4HXJIDK44,33-0397503,7,3880968,3880968,Franklin Loan Corporation,CA,Palm Desert,-1,3,-1,,-1,,2021,4,254900RQX8N4HXJIDK44,7,FRANKLIN LOAN CORPORATION,CA,PALM DESERT,92260,5346
2021,2549004PVBWPAZBFE759,04-1853650,5,215297,215297,Alltrust Credit Union,MA,Fairhaven,251193,-1,-1,,-1,,2021,4,2549004PVBWPAZBFE759,5,ALLTRUST CREDIT UNION,MA,FAIRHAVEN,02719,738
2021,5493001TX1L6BVUQ0J60,44-0162250,3,819453,819453,Bank of Odessa,MO,Odessa,273498,0,1053339,,1053339,"COUNTRY AGENCIES & INVESTMENTS, INC.",2021,4,5493001TX1L6BVUQ0J60,3,Bank of Odessa,MO,Odessa,64076-0000,317
2021,549300FJFORNJ9A43Q02,03-0184985,5,436298,436298,VERMONT STATE EMPLOYEES,VT,Montpelier,842398,0,-1,,-1,,2021,4,549300FJFORNJ9A43Q02,5,Vermont State Employee Credit Union,VT,Montpelier,05602,1655
2021,2549004Z576VEJBK3N72,65-0709224,7,,-1,"NP, Inc.",FL,Delray Beach,-1,3,-1,,-1,,2021,4,2549004Z576VEJBK3N72,7,"NP, Inc.",FL,Boca Raton,33431,9527
2021,254900XS6ZEOAD9Q6N72,59-0709646,5,56799,56799,We Florida Financial,FL,Margate,512721,0,-1,,-1,,2021,4,254900XS6ZEOAD9Q6N72,5,We Florida Financial,FL,Margate,33063,461
2021,549300SXHTIGZ7X3CS43,22-3381421,3,385686,385686,Lusitania Savings Bank,NJ,Newark,332856,0,3789986,,3789986,"LUSITANIA FINANCIAL, MHC",2021,4,549300SXHTIGZ7X3CS43,3,Lusitania Savings Bank,NJ,Newark,07105,238
2021,549300TDRENNEZ2S6M03,66-0545351,7,3872271,3872271,THE MONEY HOUSE INC.,,San Juan,-1,3,-1,,-1,,2021,4,549300TDRENNEZ2S6M03,7,The Moneyhouse Inc.,PR,San Juan,00901,4565
2021,254900ZWDLZRZ1IY7113,58-2619417,3,2989006,2989006,Guardian Bank,GA,Valdosta,429160,0,1493636,,1493636,"WB&T BANKSHARES, INC.",2021,4,254900ZWDLZRZ1IY7113,3,GUARDIAN BANK,GA,VALDOSTA,31602,183
2021,549300M2W1M6WRAK9S59,04-1875230,3,954279,954279,"StonehamBank, A Co-operative Bank",MA,Stoneham,606412,0,-1,,-1,,2021,4,549300M2W1M6WRAK9S59,3,STONEHAMBANK - A CO-OPERATIVE,MA,STONEHAM,02180,257
2021,549300HR2TLJ7IGFMV18,42-0144560,3,794345,794345,Blue Grass Savings Bank,IA,Blue Grass,201756,0,1143913,,1143913,E M F CORPORATION,2021,4,549300HR2TLJ7IGFMV18,3,Blue Grass Savings Bank,IA,Blue Grass,52726,134
2021,549300LZLYU85WF65870,42-0335350,3,836843,836843,MidWestOne Bank,IA,Iowa City,4645441,0,1245228,,1245228,"MIDWESTONE FINANCIAL GROUP, INC.",2021,4,549300LZLYU85WF65870,3,MIDWESTONE BANK,MN,GOLDEN VALLEY,55427-4533,3851
2021,549300TAWK59H74PXZ55,43-1088433,3,784159,784159,Peoples Community Bank,MO,Greenville,489241,0,1119431,,1119431,"GREENVILLE BANCSHARES, INC.",2021,4,549300TAWK59H74PXZ55,3,PEOPLES COMMUNITY BANK,MO,GREENVILLE,63944,665
2021,254900P44XJB3CPZ4V05,22-1489896,5,179474,179474,The Atlantic Federal Credit Union,NJ,Kenilworth,231607,0,-1,,-1,,2021,4,254900P44XJB3CPZ4V05,5,THE ATLANTIC FEDERAL CREDIT UNION,NJ,KENILWORTH,07033-0000,189
2021,549300BS91G2Y1TKFS35,61-1171735,7,,-1,Central Kentucky Agricultural Credit Association,KY,Lexington,-1,3,-1,,-1,,2021,4,549300BS91G2Y1TKFS35,7,Central Kentucky Agricultural,KY,Lexington,40588-1290,18
2021,549300PEWJWBNEOSS013,52-2304304,7,4877929,4877929,"BAYSHORE MORTGAGE FUNDING, LLC",MD,BALTIMORE,-1,3,-1,,-1,,2021,4,549300PEWJWBNEOSS013,7,Bayshore Mortgage Funding,MD,Timonium,21093,4249
2021,549300VPYRW4D9VH0G53,41-0518425,5,562496,562496,SOUTHPOINT FINANCIAL,MN,Sleepy Eye,369032,0,-1,,-1,,2021,4,549300VPYRW4D9VH0G53,5,SouthPoint Financial Credit Union,MN,Sleepy Eye,56085,1620
2021,549300LUSWY3HVRZHF54,41-0705136,5,737696,737696,CENTRAL MINNESOTA Credit Union,MN,Melrose,1201922,-1,-1,,-1,,2021,4,549300LUSWY3HVRZHF54,5,Central Minnesota Credit Union,MN,Sartell,56377,1970
2021,549300S7EJRY2DY1UR88,86-0489049,7,3876411,3876411,SUN AMERICAN MORTGAGE COMPANY,AZ,MESA,-1,3,-1,,-1,,2021,4,549300S7EJRY2DY1UR88,7,Sun American Mortgage Company,AZ,Mesa,85206,3380
2021,549300M723MK3TTJ2783,57-0874845,3,898627,898627,The Citizens Bank,SC,Olanta,577189,0,1357121,,1357121,CITIZENS BANCSHARES CORPORATION,2021,4,549300M723MK3TTJ2783,3,THE CITIZENS BANK,SC,OLANTA,29114,202
2021,5493007OYHUX3OJQ2537,56-0440967,1,900379,900379,Wake Forest Federal Savings and Loan Association,NC,Wake Forest,101810,0,3837430,,3837467,"WAKE FOREST BANCORP, M.H.C.",2021,4,5493007OYHUX3OJQ2537,1,Wake Forest Federal,NC,Wake Forest,27587,24
2021,254900XJCLA0W3K4J455,25-0970727,5,752381,752381,Grove City Area Federal Credit Union,PA,Grove City,86342,0,-1,,-1,,2021,4,254900XJCLA0W3K4J455,5,Grove City Area Federal Credit Union,PA,Grove City,16127,235
2021,254900Z9CBWZF8ECUS45,39-0218350,3,219044,219044,Collins State Bank,WI,Collins,98372,0,1399783,,1399783,"COLLINS BANKCORP, INC.",2021,4,254900Z9CBWZF8ECUS45,3,Collins State Bank,WI,Collins,54207,474
2021,549300B81YWV4GBENI49,35-2029944,3,2758613,2758613,First Internet Bank of Indiana,IN,Fishers,4097505,0,3393178,,3393178,FIRST INTERNET BANCORP,2021,4,549300B81YWV4GBENI49,3,First Internet Bank,IN,Fishers,46038,4304
2021,549300RWXUAFD1WAE410,54-1822116,7,4185428,4185428,"ATLANTIC BAY MORTGAGE GROUP, L.L.C.",VA,VIRGINIA BEACH,-1,3,-1,,-1,,2021,4,549300RWXUAFD1WAE410,7,ATLANTIC BAY MORTGAGE GROUP,VA,VIRGINIA BEACH,23452,30639
2021,549300ALPT3HYIWS8833,39-0684560,3,131940,131940,Waldo State Bank,WI,Waldo,86960,0,-1,,-1,,2021,4,549300ALPT3HYIWS8833,3,Waldo State Bank,WI,Waldo,53093,126
2021,549300E8JTSHNU1K4K92,73-0177595,1,634955,634955,The First National Bank and Trust Company of Okmulgee,OK,Okmulgee,264690,0,1056330,,1056330,FIRST OKMULGEE CORPORATION,2021,4,549300E8JTSHNU1K4K92,1,First National Bank & Trust Co,OK,Okmulgee,74447,145
2021,549300PV2KIL739QYQ35,75-0187771,1,552161,552161,Citizens National Bank of Texas,TX,Waxahachie,1168844,0,1105470,,1105470,"FIRST CITIZENS BANCSHARES, INC.",2021,4,549300PV2KIL739QYQ35,1,Citizens National Bank of Texas,TX,Waxahachie,75168,347
2021,549300DYB1ZT3UOGPL20,23-1502500,5,543084,543084,PHILADELPHIA,PA,Philadelphia,1210844,0,-1,,-1,,2021,4,549300DYB1ZT3UOGPL20,5,PHILADELPHIA FEDERAL CREDIT UN,PA,PHILADELPHIA,19154,1899
2021,549300DMI3W6YLDVSK93,59-3526917,2,2771694,2771694,First Home Bank,FL,Saint Petersburg,531151,-1,2881650,,2881650,"FIRST HOME BANCORP, INC.",2021,4,549300DMI3W6YLDVSK93,2,FIRST HOME BANK,FL,SEMINOLE,33772,10411
2021,5493007ZF78YQRSXQG49,81-0105500,2,685676,685676,Opportunity Bank of Montana,MT,Helena,1039105,0,4126609,,4126609,"EAGLE BANCORP MONTANA, INC.",2021,4,5493007ZF78YQRSXQG49,2,Opportunity Bank of Montana,MT,Helena,59601,4853
2021,549300Y5Y88FQLI7VE83,45-5633615,9,,-1,DEEPHAVEN MORTGAGE LLC,DE,DOVER,-1,3,-1,,-1,,2021,4,549300Y5Y88FQLI7VE83,9,Deephaven Mortgage LLC,NC,Charlotte,28277,4034
2021,5493007LU04D28P9RD79,73-0126720,2,311050,311050,American Heritage Bank,OK,Sapulpa,1149364,-1,1052220,,1052220,"AMERICAN BANCORPORATION, INC.",2021,4,5493007LU04D28P9RD79,2,American Heritage Bank,OK,Sapulpa,74066,453
2021,549300EKC7T8LXNFWP64,26-1117897,7,4437501,4437501,"BANKERS MORTGAGE LENDING, INC.",FL,Sunrise,-1,3,-1,,-1,,2021,4,549300EKC7T8LXNFWP64,7,"Bankers Mortgage Lending, Inc.",FL,Davie,33325,411
2021,5493005OOIYF660YQO46,20-1875448,7,4537232,4537232,RESIDENTIAL HOME MORTGAGE CORPORATION,NJ,Hampton,-1,3,-1,,-1,,2021,4,5493005OOIYF660YQO46,7,RESIDENTIAL HOME MORTGAGE CORPORATION,NJ,HAMPTON,08827,678
2021,254900YVNHCJ44QMIS36,25-1102344,5,907789,907789,C-B-W Schools Federal Credit Union,PA,Sidman,108845,0,-1,,-1,,2021,4,254900YVNHCJ44QMIS36,5,C-B-W Schools Federal Credit Union,PA,Sidman,15955,68
2021,2549008NRAZRGNG0TT58,38-1379433,5,607472,607472,PFCU,MI,Portland,577218,0,-1,,-1,,2021,4,2549008NRAZRGNG0TT58,5,PFCU,MI,Portland,48875,521
2021,254900CXHYTQMHXRX530,23-7001285,5,777982,777982,Louviers Federal Credit Union,DE,Newark,262868,0,-1,,-1,,2021,4,254900CXHYTQMHXRX530,5,LOUVIERS FEDERAL CREDIT UNION,DE,Newark,19711,53
2021,549300FTVK4FVXS1IW37,38-1688835,3,513340,513340,Commercial Bank,MI,Alma,504360,0,1249299,,1249299,COMMERCIAL NATIONAL FINANCIAL CORPORATION,2021,4,549300FTVK4FVXS1IW37,3,Commercial Bank,MI,Alma,48801,374
2021,549300RAGLSEPN0V3D13,26-4461592,7,4323800,4323800,"HANCOCK MORTGAGE PARTNERS, LLC",TX,SUGAR LAND,-1,3,-1,,-1,,2021,4,549300RAGLSEPN0V3D13,7,"Hancock Mortgage Partners, LLC",TX,Sugar Land,77478,2376
2021,549300754PTUH541X764,24-0796007,5,703477,703477,PENN EAST Federal Credit Union,PA,Scranton,172526,0,-1,,-1,,2021,4,549300754PTUH541X764,5,PENN EAST FEDERAL CREDIT UNION,PA,DICKSON CITY,18519,319
2021,254900N33AYNKI4VCV72,59-6143861,5,613697,613697,Gulf Winds Credit Union,FL,Pensacola,719555,0,-1,,-1,,2021,4,254900N33AYNKI4VCV72,5,GULF WINDS CREDIT UNION,FL,PENSACOLA,32534,1061
2021,254900MHHOS58M9D0445,94-6131870,5,63993,63993,Operating Engineers Local Union #3,CA,Livermore,1181089,0,-1,,-1,,2021,4,254900MHHOS58M9D0445,5,Operating Engineers Federal Credit Union,CA,Livermore,94551,368
2021,2549008GIE3QVYB2FT28,91-0346300,3,550279,550279,Olympia Federal Savings & Loan Association,WA,Olympia,710543,0,-1,,-1,,2021,4,2549008GIE3QVYB2FT28,3,OLYMPIA FEDERAL SAVINGS & LOAN,WA,OLYMPIA,98501,667
2021,549300ZGZ9WQMJLEPH17,16-1264933,7,3881518,3881518,"1ST PRIORITY MORTGAGE, INC.",NY,WILLIAMSVILLE,-1,3,-1,,-1,,2021,4,549300ZGZ9WQMJLEPH17,7,"1st Priority Mortgage, Inc.",NY,Williamsville,14221,2997
2021,54930034MNPILHP25H80,73-1577221,3,3851427,3851427,Gateway First Bank,OK,OKLAHOMA CITY,1498327,0,-1,,-1,,2021,4,54930034MNPILHP25H80,3,GATEWAY FIRST BANK,OK,JENKS,74037,56780
2021,254900U2ZPLWQTSD3158,62-0586328,5,493497,493497,Orion Federal Credit Union,TN,Memphis,930205,0,-1,,-1,,2021,4,254900U2ZPLWQTSD3158,5,Orion Federal Credit Union,TN,Memphis,38103,953
2021,5493002N5OA6GM61AC70,61-0189240,3,648242,648242,Independence Bank of Kentucky,KY,Owensboro,2596482,0,1118854,,1118854,"INDEPENDENCE BANCSHARES, INC.",2021,4,5493002N5OA6GM61AC70,3,INDEPENDENCE BANK OF KENTUCKY,KY,OWENSBORO,42301,2555
2021,254900SG0DG9VHV3LR79,64-0922862,3,2948058,2948058,First Commercial Bank,MS,Jackson,422335,0,3374935,,3374935,"FIRST COMMERCIAL BANCSHARES, INC.",2021,4,254900SG0DG9VHV3LR79,3,First Commercial Bank,MS,Jackson,39211,297
2021,549300KSOOZZVXCMA627,46-4200240,7,46-4200240,-1,ANGEL OAK MORTGAGE SOLUTIONS LLC,DE,WILMINGTON,-1,3,-1,,-1,,2021,4,549300KSOOZZVXCMA627,7,ANGEL OAK MORTGAGE SOLUTIONS LLC,GA,ATLANTA,30328,11119
2021,5493002TJKC8NLH1ZP82,45-4807792,7,,-1,"MORTGAGEONE, INC.",CA,SAN MARCOS,-1,3,-1,,-1,,2021,4,5493002TJKC8NLH1ZP82,7,"MortgageOne, Inc",CA,Carlsbad,92008,1046
2021,549300FZJCP0WM3QJH15,22-2491488,2,236706,236706,Peapack-Gladstone Bank,NJ,Bedminster,5177959,0,2651590,,2651590,PEAPACK-GLADSTONE FINANCIAL CORPORATION,2021,4,549300FZJCP0WM3QJH15,2,PEAPACK-GLADSTONE BANK,NJ,BEDMINSTER,07921,802
2021,2549005VXCHU3KAB6N44,34-0627390,3,,97279,Woodsfield Savings Bank,OH,Woodsfield,70293,0,-1,,-1,,2021,4,2549005VXCHU3KAB6N44,3,Woodsfield Savings Bank,OH,Woodsfield,43793,108
2021,549300G2G5WIECTLPX95,57-0385048,5,325084,325084,CAROLINA TRUST FEDERAL CREDIT UNION,SC,Myrtle Beach,247826,0,-1,,-1,,2021,4,549300G2G5WIECTLPX95,5,Carolina Trust Federal Credit Union,SC,Myrtle Beach,29577,433
2021,2549009V3JISNNLCD785,80-0743699,7,5027187,5027187,FAMILY FIRST FUNDING LLC,NJ,TOMS RIVER,-1,3,-1,,-1,,2021,4,2549009V3JISNNLCD785,7,Family First Funding LLC,NJ,Toms River,08753,8398
2021,5493006T76QKSBS2MS95,04-2314232,5,454096,454096,QUINCY CREDIT UNION,MA,Quincy,574982,0,-1,,-1,,2021,4,5493006T76QKSBS2MS95,5,QUINCY CREDIT UNION,MA,QUINCY,02169,592
2021,549300TWLXP5O4IHG211,62-0382058,5,456894,456894,Southeast Financial Credit Union,TN,Franklin,382347,0,-1,,-1,,2021,4,549300TWLXP5O4IHG211,5,Southeast Financial Credit Union,TN,Franklin,37064,223
2021,549300WYRD3CZ6KH1N11,31-0733646,5,571292,571292,CREDIT UNION OF OHIO,OH,Hilliard,141777,0,-1,,-1,,2021,4,549300WYRD3CZ6KH1N11,5,Credit Union of Ohio,OH,Hilliard,43026,192
2021,254900PWTPCOI9QU5G90,04-1207230,2,379470,379470,Canton Co-operative Bank,MA,Canton,124781,0,-1,,-1,,2021,4,254900PWTPCOI9QU5G90,2,Canton Cooperative Bank,MA,Canton,02021,51
2021,54930082GM1TWV6QVI24,41-0224890,9,800657,800657,"Bremer Bank, National Association",MN,St. Paul,13105582,0,1020180,,1121340,OTTO BREMER TRUST,2021,4,54930082GM1TWV6QVI24,9,"BREMER BANK, NA",MN,ST PAUL,55102,7831
2021,549300N2BFCK87IZW394,58-0957096,5,758888,758888,GEOVISTA,GA,Hinesville,147815,0,-1,,-1,,2021,4,549300N2BFCK87IZW394,5,GeoVista Credit Union,GA,Hinesville,31313,69
2021,5493008GYZEYGLI3NQ97,47-0933090,7,3878572,3878572,PENRITH HOME LOANS LLC,DE,WILMINGTON,-1,3,-1,,-1,,2021,4,5493008GYZEYGLI3NQ97,7,Penrith Home Loans LLC,WA,Seattle,98101,1889
2021,549300FB7LY738B0AS28,31-0627742,5,368090,368090,Sharefax Credit Union,OH,BATAVIA,397194,0,-1,,-1,,2021,4,549300FB7LY738B0AS28,5,Sharefax Credit Union,OH,Batavia,45103,407
2021,549300VGTHKRGXF7GQ17,39-0147810,3,380944,380944,The Bank of Kaukauna,WI,Kaukauna,107472,0,1202744,,1202744,"BROGAN BANKSHARES, INC.",2021,4,549300VGTHKRGXF7GQ17,3,The Bank of Kaukauna,WI,Kaukauna,54130,223
2021,549300IPFYHYZ3L7UL18,39-0147940,3,20053,20053,Security Bank,WI,New Auburn,118336,0,1128497,,1128497,"SECURITY BANK SHARES, INC.",2021,4,549300IPFYHYZ3L7UL18,3,Security Bank,WI,New Auburn,54757,195
2021,549300TRKZF3ZJPXJT92,42-1730597,7,42-1730597,-1,"PARLAY MORTGAGE & PROPERTY, INC.",IL,ADDISON,-1,3,-1,,-1,,2021,4,549300TRKZF3ZJPXJT92,7,PARLAY MORTGAGE AND PROPERTY INC,IL,LOCKPORT,60441,299
2021,549300OBJRCHJ0G6XU24,26-4558390,7,4880451,4880451,U S WIDE FINANCIAL LLC,MO,WENTZVILLE,-1,2,-1,,-1,,2021,4,549300OBJRCHJ0G6XU24,7,US WIDE FINANCIAL LLC,MO,ST LOUIS,63146,1279
2021,549300OV8NE5ZPEPMF52,20-4866754,7,4438441,4438441,"CELEBRITY HOME LOANS, LLC",IL,SPRINGFIELD,-1,3,-1,,-1,,2021,4,549300OV8NE5ZPEPMF52,7,"Celebrity Home Loans, LLC",IL,Oakbrook Terrace,60181,24475
2021,549300C4CKL0HRXJ3085,62-0197640,3,901938,901938,The Farmers Bank,TN,Portland,697513,0,1086122,,1086122,"FIRST FARMERS BANCSHARES, INC.",2021,4,549300C4CKL0HRXJ3085,3,The Farmers Bank,TN,Portland,37148,727
2021,549300TXW4YZE1CSWA75,04-1148930,3,119779,119779,Cape Cod Co-operative Bank,MA,Yarmouth Port,953491,0,3444801,,3444801,"COASTAL AFFILIATES, MHC",2021,4,549300TXW4YZE1CSWA75,3,THE COOPERATIVE BANK OF CAPE C,MA,YARMOUTH PORT,02675,867
2021,254900RQGXH1N2N6D695,38-1250516,5,794091,794091,Lake Trust Credit Union,MI,Brighton,1917933,0,-1,,-1,,2021,4,254900RQGXH1N2N6D695,5,LAKE TRUST CREDIT UNION,MI,BRIGHTON,48114,711
2021,5493005DJAOTPGS83Z81,04-1856390,2,447100,447100,Cornerstone Bank,MA,Spencer,1166320,0,3547038,,3547010,SSB COMMUNITY BANCORP MHC,2021,4,5493005DJAOTPGS83Z81,2,CORNERSTONE BANK,MA,SOUTHBRIDGE,01550,1350
2021,549300YV7HFY5MTM2Z65,02-0166180,3,74403,74403,Merrimack County Savings Bank,NH,Concord,938414,0,4436559,,4436559,NEW HAMPSHIRE MUTUAL BANCORP,2021,4,549300YV7HFY5MTM2Z65,3,Merrimack County Savings Bank,NH,Concord,03302,605
2021,549300INPBRHB0MQ7S63,23-0510610,3,411512,411512,Centric Bank,PA,Harrisburg,830689,0,1144086,,1144086,CENTRIC FINANCIAL CORPORATION,2021,4,549300INPBRHB0MQ7S63,3,Centric Bank,PA,Harrisburg,17112,283
2021,254900JH11ROOV921P96,20-8922230,7,,-1,ML Mortgage Corp.,CA,Rancho Cucamonga,-1,3,-1,,-1,,2021,4,254900JH11ROOV921P96,7,ML Mortgage Corp.,CA,Rancho Cucamonga,91730,2091
2021,984500A4CD08CED38D66,85-0153938,5,736194,736194,GUADALUPE CREDIT UNION,NM,Santa Fe,183021,0,-1,,-1,,2021,4,984500A4CD08CED38D66,5,Guadalupe Credit Union,NM,Santa Fe,87507,90
2021,549300EBW60Q23TUJN89,27-0982018,7,27-0982018,-1,KD CAPITAL MORTGAGE CORPORATION,CA,PASO ROBLES,-1,3,-1,,-1,,2021,4,549300EBW60Q23TUJN89,7,KD CAPITAL MORTGAGE CORPORATIO,CA,PASO ROBLES,93446,549
2021,5493005H0NK3SWWY4384,54-1968622,2,3019982,3019982,The Freedom Bank of Virginia,VA,Vienna,500393,0,-1,,-1,,2021,4,5493005H0NK3SWWY4384,2,The Freedom Bank of Virginia,VA,Fairfax,22030,1001
2021,R7JQ9JTCFHXBQU4XIT26,23-0970971,3,932978,932978,Firstrust Savings Bank,PA,Conshohocken,3722539,0,1250099,,-1,,2021,4,R7JQ9JTCFHXBQU4XIT26,3,FIRSTRUST BANK,PA,HORSHAM,19044-2201,2223
2021,5493004AS1SPBQOFDR49,68-0295876,7,2269838,2269838,"Commerce Home Mortgage, Inc.",CA,Sacramento,-1,3,-1,,-1,,2021,4,5493004AS1SPBQOFDR49,7,"CHANGE LENDING, LLC",CA,IRVINE,92606,27184
2021,549300HR275MEUDIFB90,20-0577100,1,3229642,3229642,American Investors Bank and Mortgage,MN,Eden Prairie,74784,0,3802698,,3802698,"BANK FINANCIAL SERVICES, INC.",2021,4,549300HR275MEUDIFB90,1,American Investors Bank and Mortgage,MN,Eden Prairie,55344,42
2021,254900VFRQR5ZLXRQ298,11-6175748,5,714183,714183,Ocean Financial Federal Credit Union,NY,Oceanside,321849,0,-1,,-1,,2021,4,254900VFRQR5ZLXRQ298,5,OCEAN FINANCIAL FCU,NY,OCEANSIDE,11572,80
2021,549300MU3SP76R81WW62,20-8763489,7,4438964,4438964,"COMMUNITY MORTGAGE, LLC",MO,Independence,-1,3,-1,,-1,,2021,4,549300MU3SP76R81WW62,7,"Community Mortgage, LLC",MO,Independence,64055,3593
2021,549300QWJ0FR6RCHNK90,92-0035331,5,358475,358475,TRUE NORTH FEDERAL CREDIT UNION,AK,Juneau,159642,0,-1,,-1,,2021,4,549300QWJ0FR6RCHNK90,5,TRUE NORTH FEDERAL CREDIT UNION,AK,JUNEAU,99801,326
2021,549300MU6FQRPD7FPQ11,44-0495280,3,671558,671558,Wood & Huston Bank,MO,Marshall,767851,0,1058558,,1058558,"WOOD & HUSTON BANCORPORATION, INC.",2021,4,549300MU6FQRPD7FPQ11,3,WOOD & HUSTON BANK,MO,MARSHALL,65340,521
2021,549300YV77ZZ5ADLO929,13-3173929,3,245016,245016,Habib American Bank,NY,New York,1896528,0,-1,,2817930,MAHAM BETEILIGUNGSGESELLSCHAFT AG,2021,4,549300YV77ZZ5ADLO929,3,Habib American Bank,NY,New York,10016,118
2021,549300HTK2JOGRTAIO10,25-1005441,5,899781,899781,The ONE,PA,Meadville,76407,0,-1,,-1,,2021,4,549300HTK2JOGRTAIO10,5,The ONE Federal Credit Union,PA,Meadville,16335,140
2021,254900FI70PE7HWAVD04,44-0241410,3,14155,14155,F & C Bank,MO,Holden,234223,0,2168931,,2168931,"F&C BANCORP, INC.",2021,4,254900FI70PE7HWAVD04,3,F & C Bank,MO,Holden,64040,161
2021,549300LC0BP2X1F6BE13,39-0238020,3,56548,56548,DMB Community Bank,WI,DeForest,491455,0,1135628,,1135628,"DMB CORPORATION, INC.",2021,4,549300LC0BP2X1F6BE13,3,DMB COMMUNITY BANK,WI,DEFOREST,53532,510
2021,549300DU4JZVSGF3G964,91-0168460,3,574976,574976,Cashmere Valley Bank,WA,Cashmere,1651499,0,-1,,-1,,2021,4,549300DU4JZVSGF3G964,3,CASHMERE VALLEY BANK,WA,CASHMERE,98815,612
2021,254900PKDTFIJ2XB1675,43-0170170,3,880855,880855,The Bank of Old Monroe,MO,Old Monroe,391852,0,2315164,,2315164,"CUIVRE RIVER BANCSHARES, INC.",2021,4,254900PKDTFIJ2XB1675,3,THE BANK OF OLD MONROE,MO,OLD MONROE,63369,539
2021,549300XA6P3X1GTJEY80,52-0584127,5,706076,706076,SECURITYPLUS,MD,Baltimore,-1,0,-1,,-1,,2021,4,549300XA6P3X1GTJEY80,5,Securityplus FCU,MD,Baltimore,21244,83
2021,549300552HVITY0L9184,73-0580255,5,970774,970774,US Employees O.C. Federal Credit Union,OK,Oklahoma City,173641,0,-1,,-1,,2021,4,549300552HVITY0L9184,5,US Employees OC Federal Credit Union,OK,Oklahoma City,73119,381
2021,549300WIBPMHJJ84YQ06,03-0454928,3,3145797,3145797,York Traditions Bank,PA,York,542394,0,-1,,-1,,2021,4,549300WIBPMHJJ84YQ06,3,TRADITIONS BANK,PA,YORK,17402,2082
2021,549300W07W12OUENKR02,38-0650660,1,682143,682143,County National Bank,MI,Hillsdale,736752,0,3340015,,3340015,"CNB COMMUNITY BANCORP, INC.",2021,4,549300W07W12OUENKR02,1,COUNTY NATIONAL BANK,MI,HILLSDALE,49242,1003
2021,549300EW5YD0HPCTME62,75-0275573,5,704595,704595,FORT WORTH CITY CREDIT UNION,TX,Fort Worth,212006,0,-1,,-1,,2021,4,549300EW5YD0HPCTME62,5,Fort Worth City CU,TX,Fort Worth,76107-4588,140
2021,549300UXY7OP0IC38293,38-3448372,3,2737980,2737980,Northpointe Bank,MI,Grand Rapids,2186056,0,2737814,,2737814,"NORTHPOINTE BANCSHARES, INC.",2021,4,549300UXY7OP0IC38293,3,Northpointe Bank,MI,Grand Rapids,49546,50811
2021,549300VTVP64BKEO3L58,62-0352350,3,714437,714437,Mountain Valley Bank,TN,Dunlap,110682,0,1134751,,1134751,"SEQUATCHIE COUNTY BANCORP, INC.",2021,4,549300VTVP64BKEO3L58,3,Mountain Valley Bank,TN,Dunlap,37327,136
2021,549300V8UCJTLZZT4M32,75-3238872,3,963002,963002,Bay State Savings Bank,MA,Worcester,437728,0,3535455,,3535437,1895 MHC,2021,4,549300V8UCJTLZZT4M32,3,BAY STATE SAVINGS BANK,MA,WORCESTER,01608,367
2021,549300MCIFZSDHUT8X63,52-2102740,7,3882805,3882805,"NFM, INC.",MD,LINTHICUM,-1,3,-1,,-1,,2021,4,549300MCIFZSDHUT8X63,7,"NFM, INC",MD,LINTHICUM,21090,33781
2021,549300PK4T5VBRY4TE47,95-4657278,7,95-4657278,-1,"CALLISTO GROUP, INC.",CA,GLENDALE,-1,3,-1,,-1,,2021,4,549300PK4T5VBRY4TE47,7,"Callisto Group, Inc. dba Metro Lending Services",CA,Glendale,91203,432
2021,549300L7CE67AJBV3102,76-0780998,7,4352529,4352529,"OPTION FINANCIAL, LLC",OH,CINCINNATI,-1,2,-1,,-1,,2021,4,549300L7CE67AJBV3102,7,Option Financial LLC,OH,Cincinnati,45247,528
2021,254900N860L1FESYGP70,86-0599790,7,4186902,4186902,HILTON FINANCIAL CORPORATION,AZ,PHOENIX,-1,3,-1,,-1,,2021,4,254900N860L1FESYGP70,7,Hilton Financial Corporation,AZ,Phoenix,85029-4330,89
2021,254900CCCPJ8S6GUIT87,41-0226825,5,218092,218092,Harbor Pointe Credit Union,MN,Duluth,120422,0,-1,,-1,,2021,4,254900CCCPJ8S6GUIT87,5,Harbor Pointe Credit Union,MN,Duluth,55802,161
2021,549300DF7LT6VI5BQC34,43-1853121,2,2785646,2785646,Old Missouri Bank,MO,Springfield,530931,0,2816803,,2816803,"JAMESMARK BANCSHARES, INC.",2021,4,549300DF7LT6VI5BQC34,2,Old Missouri Bank,MO,Springfield,65807,264
2021,549300VEZ43KYEWR3610,39-0394240,5,721994,721994,CAPITAL Credit Union,WI,Green Bay,1678005,0,-1,,-1,,2021,4,549300VEZ43KYEWR3610,5,CAPITAL CREDIT UNION,WI,GREEN BAY,54306,3597
2021,549300L8D4DNZNL31O66,74-1186856,5,530299,530299,EDUCATION FIRST,TX,Beaumont,426856,0,-1,,-1,,2021,4,549300L8D4DNZNL31O66,5,Education First Federal Credit Union,TX,Beaumont,77706,362
2021,5493002F9OWLKRICTY67,72-0593959,7,3915440,3915440,STANDARD MORTGAGE CORPORATION,LA,BATON ROUGE,-1,3,-1,,-1,,2021,4,5493002F9OWLKRICTY67,7,STANDARD MORTGAGE CORPORATION,LA,NEW ORLEANS,70139,3738
2021,549300XOTES5TCS8T794,37-0404035,1,762447,762447,"First Mid Bank & Trust, National Association",IL,Mattoon,3808206,0,1206760,,1206760,"FIRST MID BANCSHARES, INC.",2021,4,549300XOTES5TCS8T794,1,"First Mid Bank & Trust, NA",IL,Mattoon,61938,2018
2021,549300CPT4UV65RIEU74,48-0625190,5,711696,711696,Azura Credit Union,KS,Topeka,527177,0,-1,,-1,,2021,4,549300CPT4UV65RIEU74,5,Azura Credit Union,KS,Topeka,66612,851
2021,5493001141Z7CINOSB62,81-3050127,7,,-1,"LOANFLIGHT LENDING, LLC",FL,TAMPA,-1,3,-1,,-1,,2021,4,5493001141Z7CINOSB62,7,"LoanFlight Lending, LLC.",FL,Tampa,33602,3402
2021,549300EFCZM6KD6B8K69,22-2302263,7,3873483,3873483,MORTGAGE ACCESS CORP.,NJ,Morris Plains,-1,3,-1,,-1,,2021,4,549300EFCZM6KD6B8K69,7,Weichert Financial Services,NJ,Morris Plains,07950,6254
2021,549300SMD444BM2WO947,82-2803721,3,,5205819,Studio Bank,,,-1,-1,-1,,-1,,2021,4,549300SMD444BM2WO947,3,Studio Bank,TN,Nashville,37203,714
2021,549300EC7M6N4U9DR727,74-0775779,1,895055,895055,The First National Bank of McGregor,TX,Mc Gregor,531221,0,4619437,,4619437,"MCGREGOR BANCSHARES, INC.",2021,4,549300EC7M6N4U9DR727,1,FIRST NATIONAL BANK OF MCGREGOR,TX,MCGREGOR,76657,212
2021,549300U5SDGYPSPXZU37,65-0538449,1,2233875,2233875,"Natbank, National Association",FL,Hollywood,193785,0,2537676,,1242188,NATIONAL BANK OF CANADA,2021,4,549300U5SDGYPSPXZU37,1,Natbank N.A.,FL,Hollywood,33020,111
2021,RM2F4G3WBQ8R9OKYRH19,38-3360868,3,2608754,2608754,Mercantile Bank of Michigan,MI,Grand Rapids,3614957,0,2608763,,2608763,MERCANTILE BANK CORPORATION,2021,4,RM2F4G3WBQ8R9OKYRH19,3,Mercantile Bank of Michigan,MI,Wyoming,49519-9637,5249
2021,P7GC0W65KB5CEIHLDX81,35-1076581,3,130541,130541,Horizon Bank,IN,Michigan City,5236417,0,1209136,,1209136,"HORIZON BANCORP, INC.",2021,4,P7GC0W65KB5CEIHLDX81,3,HORIZON BANK,IN,MICHIGAN CITY,46360,7257
2021,549300LU6Y2TXG48QY48,74-1185010,5,491381,491381,RANDOLPH-BROOKS,TX,Live Oak,9675518,0,-1,,-1,,2021,4,549300LU6Y2TXG48QY48,5,Randolph-Brooks Federal Credit Union,TX,Universal City,78148,20658
2021,549300KXIFQ7HCW3FR89,62-0937729,3,361439,361439,Andrew Johnson Bank,TN,Greeneville,387643,0,1083185,,1083185,"ANDREW JOHNSON BANCSHARES, INC.",2021,4,549300KXIFQ7HCW3FR89,3,Andrew Johnson Bank,TN,Greeneville,37744,285
2021,549300ZLAWM1M5QAJH43,35-0310540,3,967046,967046,First State Bank of Middlebury,IN,Middlebury,593315,0,1210244,,1210244,CRYSTAL VALLEY FINANCIAL CORPORATION,2021,4,549300ZLAWM1M5QAJH43,3,First State Bank of Middlebury,IN,Middlebury,46540-0069,865
2021,549300LGEXCX325O8C49,35-0634720,3,716374,716374,First Harrison Bank,IN,Corydon,823006,0,2867458,,2867458,"FIRST CAPITAL, INC",2021,4,549300LGEXCX325O8C49,3,FIRST HARRISON BANK,IN,CORYDON,47112,1222
2021,549300TSIYX9RDYWC806,43-0811547,3,228158,228158,First Midwest Bank of Poplar Bluff,MO,Poplar Bluff,448549,0,2321594,,2321594,POPLAR BLUFF BANC COMPANY,2021,4,549300TSIYX9RDYWC806,3,First Midwest Bank of Poplar Bluff,MO,Poplar Bluff,63901,321
2021,549300III1DMY3SLAW56,57-0147610,3,271529,271529,Countybank,SC,Greenwood,437911,0,3147625,,3147625,TCB CORPORATION,2021,4,549300III1DMY3SLAW56,3,Countybank,SC,Greenwood,29648,2666
2021,549300L6D43H4DHZ8K12,65-1078899,7,65-1078899,-1,"QUIK FUND, INC.",FL,TALLAHASSEE,-1,3,-1,,-1,,2021,4,549300L6D43H4DHZ8K12,7,"Quik Fund, Inc",NY,Garden City,11530,375
2021,549300FKX3KC0CFK2D88,77-0194455,1,1412712,1412712,"Community West Bank, National Association",CA,Goleta,913700,0,2626299,,2626299,COMMUNITY WEST BANCSHARES,2021,4,549300FKX3KC0CFK2D88,1,Community West Bank,CA,Goleta,93117,516
2021,549300KBWX4NV5Q1E376,25-1664458,7,3886456,3886456,"NVR Mortgage Finance, Inc.",VA,RICHMOND,-1,3,-1,,-1,,2021,4,549300KBWX4NV5Q1E376,7,"NVR MORTGAGE FINANCE, INC.",PA,CANONSBURG,15317,23482
2021,549300NZI0KZUW6HBT60,48-0207525,2,916857,916857,FirstOak Bank,KS,Independence,186144,0,4328083,,4328083,"FNB BANCSHARES, INC.",2021,4,549300NZI0KZUW6HBT60,2,FirstOak Bank,KS,Independence,67301,121
2021,549300QUH5S3VFIWMU57,48-0237220,1,928056,928056,"GNBank, National Association",KS,Girard,641466,0,1064915,"GN BANKSHARES, INC.",1064915,"GN BANKSHARES, INC.",2021,4,549300QUH5S3VFIWMU57,1,"GNBank, N.A.",KS,Girard,66743,499
2021,WE0I402RW25AU38DTI13,91-1645638,3,352772,352772,Banner Bank,WA,Walla Walla,12304722,0,2126977,,2126977,BANNER CORPORATION,2021,4,WE0I402RW25AU38DTI13,3,Banner Bank,OR,Portland,97204,10747
2021,549300KER3YVZ3U5RK57,42-1132695,5,416197,416197,VERIDIAN CREDIT UNION,IA,Waterloo,4348222,0,-1,,-1,,2021,4,549300KER3YVZ3U5RK57,5,VERIDIAN CREDIT UNION,IA,WATERLOO,50701,13974
2021,549300SLZFPDLWNB0O94,58-2463842,3,2839790,2839790,First Reliance Bank,SC,Florence,659197,0,3070312,,3070312,"FIRST RELIANCE BANCSHARES, INC.",2021,4,549300SLZFPDLWNB0O94,3,First Reliance Bank,SC,Florence,29501,2776
2021,549300OCPYKDBIQ11H61,41-2149887,3,3267738,3267738,Valliance Bank,OK,Oklahoma City,453900,0,3447400,,3447400,VALLIANCE FINANCIAL CORP.,2021,4,549300OCPYKDBIQ11H61,3,Valliance Bank,OK,Oklahoma City,73118,109
2021,549300UU637N6PFNEE28,23-0338105,5,909390,909390,LEHIGH VALLEY EDUCATORS,PA,Allentown,324279,0,-1,,-1,,2021,4,549300UU637N6PFNEE28,5,Lehigh Valley Educators Credit Union,PA,Allentown,18103,167
2021,549300Y9VUF5EK6HHR23,39-1343265,2,160650,160650,Charter Bank,WI,Eau Claire,937953,0,3485989,,3485989,"CHARTER BANKSHARES, INC.",2021,4,549300Y9VUF5EK6HHR23,2,CHARTER BANK,WI,EAU CLAIRE,54701,520
2021,549300KZ01YWJR4OIS58,48-0644752,5,87887,87887,PANHANDLE FEDERAL CREDIT UNION,KS,Wellington,56827,0,-1,,-1,,2021,4,549300KZ01YWJR4OIS58,5,Panhandle Federal Credit Union,KS,WELLINGTON,67152,41
2021,549300DY5ZVXIORLFC39,83-0129675,1,17950,17950,"Bank of Bridger, National Association",MT,Bridger,610035,0,1122310,,1122310,"BRIDGER COMPANY, THE",2021,4,549300DY5ZVXIORLFC39,1,"BANK OF BRIDGER, N.A.",MT,RED LODGE,59068,111
2021,254900RKT0MP4YLDNX14,94-3164202,9,,-1,"Titan Mortgage Capital, Inc.",CA,Redding,-1,3,-1,,-1,,2021,4,254900RKT0MP4YLDNX14,9,"Titan Mortgage Capital, Inc.",AK,Anchorage,99503,178
2021,254900S1BUVJXXE9C251,34-4431845,5,,-1,Impact Credit Union,,,-1,-1,-1,,-1,,2021,4,254900S1BUVJXXE9C251,5,IMPACT CREDIT UNION,OH,CLYDE,43410,198
2021,549300RKVDUINI2A8Y77,22-1511702,5,,417774,MERCK EMPLOYEES FEDERAL CREDIT UNION,NJ,RAHWAY,1907988,0,-1,,-1,,2021,4,549300RKVDUINI2A8Y77,5,Merck Employees FCU,NJ,Rahway,07065,365
2021,549300XUKQ6W1CY6QK47,35-1116773,1,257578,257578,First Federal Savings Bank,IN,Rochester,437320,0,2389996,,2389996,AMERICAN MIDWEST FINANCIAL CORPORATION,2021,4,549300XUKQ6W1CY6QK47,1,FIRST FEDERAL SAVINGS BANK,IN,ROCHESTER,46975,2832
2021,5493009OLY1HC3F0SB77,06-1297784,7,06-1297784,-1,"WILLIAM RAVEIS MORTGAGE, LLC",DE,WILMINGTON,-1,3,-1,,-1,,2021,4,5493009OLY1HC3F0SB77,7,"WILLIAM RAVEIS MORTGAGE, LLC",CT,SHELTON,06484,2688
2021,5493008FT4WVSLWPKG77,39-0273600,3,279842,279842,River Bank,WI,Stoddard,526888,0,2486813,,2486813,RIVER HOLDING COMPANY,2021,4,5493008FT4WVSLWPKG77,3,River Bank,WI,Stoddard,54658,454
2021,549300BJPOL64WXEFY56,84-0404725,5,910677,910677,DENVER FIRE DEPARTMENT FEDERAL CREDIT UNION,CO,Denver,169384,0,-1,,-1,,2021,4,549300BJPOL64WXEFY56,5,Denver Fire Department Federal Credit Union,CO,Denver,80212,224
2021,549300NAIUVHH8SCGC11,64-0116990,3,58636,58636,Century Bank,MS,Lucedale,333115,0,2468275,,2468275,"BANCORP OF LUCEDALE, INC.",2021,4,549300NAIUVHH8SCGC11,3,Century Bank,MS,Lucedale,39452,139
2021,5493004F7BXDIUFVPV87,94-6069237,9,472988,472988,STAR ONE CREDIT UNION,CA,Sunnyvale,9073675,-1,-1,,-1,,2021,4,5493004F7BXDIUFVPV87,9,STAR ONE CREDIT UNION,CA,SUNNYVALE,94088,5497
2021,549300I6G5QEIEI78C93,38-0745805,5,785099,785099,CASE,MI,Lansing,302565,0,-1,,-1,,2021,4,549300I6G5QEIEI78C93,5,CASE Credit Union,MI,East Lansing,48823,254
2021,549300W20M87S246SZ26,26-4221599,7,4889904,4889904,"MDE Home Loans, LLC",NJ,TINTON FALLS,-1,3,-1,,-1,,2021,4,549300W20M87S246SZ26,7,MDE Home Loans LLC,NJ,Tinton Falls,07724,896
2021,549300X7J20OLLSGTZ36,52-0284053,5,572794,572794,"MUNICIPAL EMPLOYEES CREDIT UNION OF BALTIMORE, INCORPORATED",MD,LUTHERVILLE TIMONIUM,1197660,0,-1,,-1,,2021,4,549300X7J20OLLSGTZ36,5,MUNICIPAL EMPLOYEES CREDIT UNION,MD,BALTIMORE,21202,474
2021,5493009SXBJ8LKIU7Q54,48-0649730,3,361055,361055,CoreFirst Bank & Trust,KS,Topeka,963219,0,1057588,,2883298,COMMERCE BANK AND TRUST HOLDING COMPANY EMPLOYEE STOCK OWNERSHIP PLAN,2021,4,5493009SXBJ8LKIU7Q54,3,CoreFirst Bank & Trust,KS,Topeka,66611,706
2021,549300BKCQISE9PR4J88,01-0232897,5,233086,233086,TOWN & COUNTRY FEDERAL CREDIT UNION,ME,Scarborough,421547,0,-1,,-1,,2021,4,549300BKCQISE9PR4J88,5,TOWN & COUNTRY FEDERAL CREDIT,ME,SOUTH PORTLAND,04116-9420,613
2021,5493003P55WOWIBVUF09,48-0587457,5,623098,623098,GOLDEN PLAINS,KS,Garden City,674892,0,-1,,-1,,2021,4,5493003P55WOWIBVUF09,5,GOLDEN PLAINS CREDIT UNION,KS,GARDEN CITY,67846,1748
2021,254900SOAE0WU8JM0177,47-0914596,2,3248849,3248849,MainStreet Bank,VA,Alexandria,1277238,0,4977397,,4977397,"MAINSTREET BANCSHARES, INC.",2021,4,254900SOAE0WU8JM0177,2,MainStreet Bank,VA,Faifax,22030,161
2021,254900O11S8JQGWU2U45,39-0803157,5,65894,65894,Glacier Hills Credit Union,WI,West Bend,146753,0,-1,,-1,,2021,4,254900O11S8JQGWU2U45,5,Glacier Hills Credit Union,WI,West Bend,53095,320
2021,549300T1KLQQ7B84EZ41,72-1028573,1,594853,594853,"Citizens National Bank, N.A.",LA,Bossier City,1041866,0,2344856,,2344856,"CITIZENS NATIONAL BANCSHARES OF BOSSIER, INC.",2021,4,549300T1KLQQ7B84EZ41,1,CITIZENS NATIONAL BANK,LA,BOSSIER CITY,71111,552
2021,549300OZV7J05G72WS11,31-0502711,5,68699,68699,"IH CREDIT UNION, INC.",OH,SPRINGFIELD,291988,0,-1,,-1,,2021,4,549300OZV7J05G72WS11,5,IH CREDIT UNION,OH,Springfield,45502,61
2021,HDU55UX4CXD9YSL1U194,34-1940362,1,2986407,2986407,"Westfield Bank, FSB",OH,Westfield Center,1480441,0,3828670,,3828661,OHIO FARMERS INSURANCE COMPANY,2021,4,HDU55UX4CXD9YSL1U194,1,"Westfield Bank, FSB",OH,Westfield Center,44251,604
2021,549300FUMS21JPQM1N03,39-0738415,5,941699,941699,FOX COMMUNITIES,WI,Appleton,1834894,0,-1,,-1,,2021,4,549300FUMS21JPQM1N03,5,Fox Communities Credit Union,WI,Appleton,54915,4360
2021,549300FCKH37LHQEEV88,06-1051107,7,,4537223,SANBORN MORTGAGE CORPORATION,CT,WEST HARTFORD,-1,3,-1,,-1,,2021,4,549300FCKH37LHQEEV88,7,SANBORN MORTGAGE CORPORATION,CT,WEST HARTFORD,06107,154
2021,549300E34W6TNRG7B624,93-0241933,5,542890,542890,OREGONIANS CREDIT UNION,OR,Milwaukie,301163,0,-1,,-1,,2021,4,549300E34W6TNRG7B624,5,Oregonians Credit Union,OR,Milwaukie,97267,127
2021,549300N5GF79IZ5Y7G10,23-1370526,5,801878,801878,AMERICAN HERITAGE FCU,PA,Philadelphia,2749196,0,-1,,-1,,2021,4,549300N5GF79IZ5Y7G10,5,AMERICAN HERITAGE FEDERAL CREDIT UNION,PA,PHILADELPHIA,19115,5408
2021,LBIZXW7X2N50PETIH863,35-1719464,3,547840,547840,STAR Financial Bank,IN,Fort Wayne,2089468,0,1141647,,1141647,"STAR FINANCIAL GROUP, INC.",2021,4,LBIZXW7X2N50PETIH863,3,STAR Financial Bank,IN,Fort Wayne,46802,2541
2021,549300CPM35KXH0BZ823,74-1237070,5,930189,930189,NAVY ARMY COMMUNITY CREDIT UNION,TX,Corpus Christi,3264304,0,-1,,-1,,2021,4,549300CPM35KXH0BZ823,5,NAVY ARMY CCU,TX,CORPUS CHRISTI,78414,6355
2021,54930070JV4STJJ0XS74,02-0222930,5,240879,240879,NORTHEAST CREDIT UNION,NH,Portsmouth,1544752,0,-1,,-1,,2021,4,54930070JV4STJJ0XS74,5,NORTHEAST CREDIT UNION,NH,PORTSMOUTH,03801,2821
2021,549300WLYZ63QPFTDP84,34-0606020,3,985479,985479,Wayne Savings Community Bank,OH,Wooster,493771,0,3271203,,3271203,"WAYNE SAVINGS BANCSHARES, INC.",2021,4,549300WLYZ63QPFTDP84,3,Wayne Savings Community Bank,OH,Wooster,44691,392
2021,5493000WAJ1FMTFL5D75,74-3061159,7,3951671,3951671,HomePromise Corporation,VA,Glen Allen,-1,3,-1,,-1,,2021,4,5493000WAJ1FMTFL5D75,7,HomePromise Corporation,PA,Greencastle,17225,623
2021,549300IQ5NY7CSJLZW53,46-0187030,3,77851,77851,First Bank & Trust,SD,Brookings,2069570,0,1123072,,1123072,FISHBACK FINANCIAL CORPORATION,2021,4,549300IQ5NY7CSJLZW53,3,First Bank & Trust,SD,Sioux Falls,57108,3565
2021,549300TF1E42EUFBSL45,94-0672780,3,936462,936462,Mechanics Bank,CA,Walnut Creek,17204194,0,-1,,4759650,2011 TCRT,2021,4,549300TF1E42EUFBSL45,3,Mechanics Bank,CA,Walnut Drive,94596,1733
2021,549300WYBPIWKK6SQC06,45-0283315,3,929352,929352,Bell Bank,ND,Fargo,6492180,0,1417333,,1417333,"STATE BANKSHARES, INC.",2021,4,549300WYBPIWKK6SQC06,3,BELL BANK,ND,FARGO,58103,26248
2021,549300ILIUB22RTQKQ27,36-4917779,7,,-1,"BKCO MORTGAGE, LLC",DE,DOVER,-1,3,-1,,-1,,2021,4,549300ILIUB22RTQKQ27,7,"BKCO MORTGAGE, LLC",IL,CHICAGO,60613,723
2021,5493002HFXKKQDK8PH83,25-1037987,5,782182,782182,FRIENDLY FEDERAL CREDIT UNION,PA,Aliquippa,53088,0,-1,,-1,,2021,4,5493002HFXKKQDK8PH83,5,FRIENDLY FEDERAL CREDIT UNION,PA,ALIQUIPPA,15001,57
2021,549300NK1QGOPLHFHL22,33-0801082,7,,-1,"MORTGAGE 2000, INC.",CA,REDONDO BEACH,-1,3,-1,,-1,,2021,4,549300NK1QGOPLHFHL22,7,"Mortgage 2000, Inc.",CA,Redondo Beach,90277,648
2021,2549006SV57592TPRW11,56-2007637,7,4741600,4741600,"Corporate Investors Mortgage Group, Inc.",NC,Chapel Hill,-1,3,-1,,-1,,2021,4,2549006SV57592TPRW11,7,CORPORATE INVESTORS MORTGAGE,NC,CHAPEL HILL,27517,3993
2021,254900W6YNVUG39YQI51,58-1696802,3,995571,995571,South Georgia Bank,GA,Glennville,163406,0,3049569,,3049569,"SOUTH GROUP BANCSHARES, INC.",2021,4,254900W6YNVUG39YQI51,3,South Georgia Bank,GA,Glennville,30427,117
2021,549300II7Y8V2KY9TM28,72-0214660,1,929978,929978,"Home Bank, National Association",LA,Lafayette,2195856,0,3851191,,3851191,"HOME BANCORP, INC.",2021,4,549300II7Y8V2KY9TM28,1,Home Bank National Association,LA,Lafayette,70598,1073
2021,549300767F7CDUJR8Q67,94-1541515,5,649397,64897,COMMUNITY FIRST CREDIT UNION,CA,Santa Rosa,546009,0,-1,,-1,,2021,4,549300767F7CDUJR8Q67,5,Community First Credit Union,CA,Santa Rosa,95401,554
2021,549300K83T0RO62KWB61,75-0270470,3,466857,466857,Happy State Bank,TX,Happy,3824411,0,1843062,,1843062,"HAPPY BANCSHARES, INC.",2021,4,549300K83T0RO62KWB61,3,HAPPY STATE BANK,TX,AMARILLO,79101,2454
2021,549300S88V04SSPMA685,83-0668619,7,,-1,"DEFINE MORTGAGE SOLUTIONS, LLC",AZ,PHOENIX,-1,3,-1,,-1,,2021,4,549300S88V04SSPMA685,7,"Define Mortgage Solutions, LLC",AZ,Phoenix,85034,6269
2021,549300S4QGNTM8G5J005,39-1460253,7,3871274,3871274,WISCONSIN MORTGAGE CORPORATION,WI,BROOKFIELD,-1,3,-1,,-1,,2021,4,549300S4QGNTM8G5J005,7,WISCONSIN MORTGAGE CORPORATION,WI,BROOKFIELD,53008-0942,1488
2021,549300YN7OQX9PTS2T45,74-2903252,1,2788656,2788656,"Lone Star Capital Bank, National Association",TX,San Antonio,251138,0,-1,,-1,,2021,4,549300YN7OQX9PTS2T45,1,"LONE STAR CAPITAL BANK, N.A.",TX,SAN ANTONIO,78232,36
2021,254900R8P0FFNZJAW611,38-1844068,5,960690,960690,Community West Credit Union,MI,Kentwood,188639,0,-1,,-1,,2021,4,254900R8P0FFNZJAW611,5,Community West Credit Union,MI,Kentwood,49512,461
2021,2549004CU9LAM5CYA280,22-3626334,7,5163021,5163021,Kwik Mortgage Corporation,NJ,Parsippany,-1,3,-1,,-1,,2021,4,2549004CU9LAM5CYA280,7,KWIK MORTGAGE CORPORATION,NJ,PARSIPPANY,07054,3334
2021,2549005SIVTHG14U2905,80-0832417,7,80-0832417,-1,A&D Mortgage LLC,FL,Hollywood,-1,3,-1,,-1,,2021,4,2549005SIVTHG14U2905,7,A&D MORTGAGE LLC,FL,HOLLYWOOD,33020,7747
2021,549300IXTSQB6QVVI060,63-0108746,3,,257233,First Bank of Alabama,AL,Talladega,-1,3,1135356,,-1,,2021,4,549300IXTSQB6QVVI060,3,First Bank of Alabama,AL,Talladega,35160,182
2021,549300KW705BBINDIZ26,75-1774772,1,529958,529958,"TIB, National Association",TX,Farmers Branch,2712795,-1,1109094,,1109094,INDEPENDENT BANKERS FINANCIAL CORPORATION,2021,4,549300KW705BBINDIZ26,1,"TIB, National Association",TX,Farmers Branch,75234,1155
2021,254900NBFODCTL4XR339,15-0368650,1,313009,313009,The Upstate National Bank,NY,Ogdensburg,164719,0,-1,,-1,,2021,4,254900NBFODCTL4XR339,1,THE UPSTATE NATIONAL BANK,NY,ROCHESTER,14614,108
2021,549300CU8QPZJILTBA54,84-1118027,7,3849358,3849358,"PREMIER MORTGAGE SERVICES, INC.",CO,PUEBLO,-1,3,-1,,-1,,2021,4,549300CU8QPZJILTBA54,7,"Premier Mortgage Services, Inc.",CO,Pueblo,81008,339
2021,2549004ODQE9FVROV477,27-2524146,7,,-1,"So-Cal Capital, Inc.",CA,Newport Beach,-1,3,-1,,-1,,2021,4,2549004ODQE9FVROV477,7,"SO-CAL CAPITAL, INC.",CA,NEWPORT BEACH,92660,47
2021,549300IGNOIAXDMNRD90,44-0666515,5,151199,151199,CENTRAL MISSOURI COMMUNITY CREDIT UNION,MO,Warrensburg,106263,0,-1,,-1,,2021,4,549300IGNOIAXDMNRD90,5,CENTRAL MISSOURI COMMUNITY CREDIT UNION,MO,WARRENSBURG,64093,169
2021,254900NGM4SWQ6TJE045,39-6050513,5,943796,943796,N.E.W. Credit Union,WI,Oconto Falls,112768,0,-1,,-1,,2021,4,254900NGM4SWQ6TJE045,5,N.E.W. Credit Union,WI,Oconto Falls,54154,142
2021,254900EHOJ91PS23E696,90-1283607,5,286680,286680,Yolo Federal Credit Union,CA,Woodland,298619,-1,-1,,-1,,2021,4,254900EHOJ91PS23E696,5,Yolo Federal Credit Union,CA,Woodland,95695,200
2021,549300D15L4ETR8E9517,63-0288900,5,56276,56276,Heritage South Credit Union,AL,Sylacauga,142915,0,-1,,-1,,2021,4,549300D15L4ETR8E9517,5,Heritage South Credit Union,AL,Sylacauga,35150,125
2021,549300W4FT4H1UWPGU95,42-0804594,5,225698,225698,GREENSTATE CREDIT UNION,IA,North Liberty,5757174,-1,-1,,-1,,2021,4,549300W4FT4H1UWPGU95,5,GREENSTATE CREDIT UNION,IA,NORTH LIBERTY,52317,23092
2021,549300QGLK6W51MPXW45,20-1399886,7,20-1399886,-1,"BARTON CREEK LENDING GROUP, LLC",TX,AUSTIN,-1,3,-1,,-1,,2021,4,549300QGLK6W51MPXW45,7,BARTON CREEK LENDING GROUP,TX,AUSTIN,78746,1391
2021,254900HAGON6ZM70CW84,27-3888083,7,,-1,Budget Mortgage Corp.,CA,Los Angeles,-1,3,-1,,-1,,2021,4,254900HAGON6ZM70CW84,7,Budget Mortgage Corp.,CA,Los Angeles,90064-5051,135
2021,254900C2WQ2VFP9M4K17,25-1567314,7,3947786,3947786,American Financial Mortgage Corporation,PA,Pittsburgh,-1,3,-1,,-1,,2021,4,254900C2WQ2VFP9M4K17,7,AMERICAN FINANCIAL MORTGAGE CO,PA,Pittsburgh,15241,1
2021,254900XNCZ58J8OHZO17,25-0954108,5,607874,607874,FREEDOM UNITED FCU,PA,Rochester,65808,0,-1,,-1,,2021,4,254900XNCZ58J8OHZO17,5,FREEDOM UNITED FCU,PA,ROCHESTER,15074,45
2021,25490053IH908EDF8D65,35-0868126,5,570875,570875,Madison County Federal Credit Union,IN,Anderson,75942,0,-1,,-1,,2021,4,25490053IH908EDF8D65,5,Madison County Federal Credit,IN,Anderson,46012,195
2021,549300HN58ONH5KNJJ12,45-4156623,7,4878234,4878234,"THOMPSON KANE & COMPANY, LLC",DE,WILMINGTON,-1,3,-1,,-1,,2021,4,549300HN58ONH5KNJJ12,7,"Thompson Kane & Company, Inc",WI,Madison,53717,1896
2021,254900CN1DD55MJDFH69,39-0671465,5,789097,789097,University of Wisconsin Credit Union,WI,Madison,3331481,0,-1,,-1,,2021,4,254900CN1DD55MJDFH69,5,UW CREDIT UNION,WI,MADISON,53705,19747
2021,549300SJPU5FBHX6JQ61,38-1598795,5,,190693,KENT COUNTY CREDIT UNION,MI,Grand Rapids,48989,0,-1,,-1,,2021,4,549300SJPU5FBHX6JQ61,5,Intandem Credit Union,MI,Grand Rapids,49505,125
2021,549300BUIG4G67S5O712,05-0255222,5,525996,525996,WESTERLY COMMUNITY,RI,Westerly,326735,0,-1,,-1,,2021,4,549300BUIG4G67S5O712,5,WESTERLY COMMUNITY CREDIT UNON,RI,WAKEFIELD,02879,351
2021,549300S19BPWGHQOYU13,65-1038507,7,4878140,4878140,"FAIRWAY FUNDING GROUP, INC.",FL,Sarasota,-1,3,-1,,-1,,2021,4,549300S19BPWGHQOYU13,7,Fairway Funding Group Inc,FL,Lakewood Ranch,34202,942
2021,5493001I7Z53NDBE4X59,84-4620031,7,,-1,ALTITUDE FINANCIAL CORPORATION,AZ,PHOENIX,-1,3,-1,,-1,,2021,4,5493001I7Z53NDBE4X59,7,Altitude Financial Corporation,AZ,Tucson,85715,3774
2021,25490052T4M68YYACN14,58-2207255,1,2354387,2354387,QUANTUM NATIONAL BANK,GA,SUWANEE,512653,0,2354369,,2354369,QUANTUM CAPITAL CORP.,2021,4,25490052T4M68YYACN14,1,Quantum National Bank,GA,Suwanee,30024,71
2021,254900F4K0YUTIQ7Q952,73-0742019,5,398695,398695,Oklahoma Educators Credit Union,OK,Oklahoma City,166993,0,-1,,-1,,2021,4,254900F4K0YUTIQ7Q952,5,OKLAHOMA EDUCATORS CREDIT UNION,OK,BETHANY,73008,258
2021,549300ESV371MYVWQV54,72-0369226,3,1014376,1014376,Citizens Savings Bank,LA,Bogalusa,234386,0,-1,,-1,,2021,4,549300ESV371MYVWQV54,3,Citizens Savings Bank,LA,Bogalusa,70427,249
2021,549300QRH7IX8IMYTC57,47-0294050,3,397559,397559,Dundee Bank,NE,Omaha,297240,0,2332620,,2332620,"MACKEY BANCO, INC.",2021,4,549300QRH7IX8IMYTC57,3,Dundee Bank,NE,Omaha,68132,1088
2021,5493002YYAGPQ7L1YS68,52-0414240,3,41825,41825,Middletown Valley Bank,MD,Middletown,513360,0,5292707,,5292707,"COMMUNITY HERITAGE FINANCIAL, INC.",2021,4,5493002YYAGPQ7L1YS68,3,MIDDLETOWN VALLEY BANK,MD,MIDDLETOWN,21769,164
2021,549300U37SC1LBUJFV92,65-0315279,1,1940747,1940747,"Desjardins Bank, National Association",FL,Hallandale Beach,221124,0,3065895,,3196801,"DESJARDINS GROUP, THE",2021,4,549300U37SC1LBUJFV92,1,DESJARDINS BANK,FL,HALLANDALE BEACH,33009,187
2021,549300GN85R5S1V3SJ96,31-6034125,5,704492,704492,"KEMBA CREDIT UNION, INC.",OH,West Chester,1029826,0,-1,,-1,,2021,4,549300GN85R5S1V3SJ96,5,KEMBA CREDIT UNION INC,OH,WEST CHESTER,45069,911
2021,549300K1XY5G3M8R6S46,33-0777764,7,,-1,Secure One Capital Corporation,CA,Westlake Village,-1,3,-1,,-1,,2021,4,549300K1XY5G3M8R6S46,7,33-0777764,CA,3200 PARK CENTER DR 1300,92626,3691
2021,549300SKSQ3IYUXJCH36,41-0362490,3,166652,166652,Alliance Bank,MN,Lake City,639882,0,1127146,,1127146,"ALLIANCE FINANCIAL SERVICES, INC.",2021,4,549300SKSQ3IYUXJCH36,3,ALLIANCE BANK,MN,LAKE CITY,55041,388
2021,549300YN94MOAVYW0F52,47-0912342,7,3896932,3896932,"GoodLeap, LLC",CA,Sacramento,-1,3,-1,,-1,,2021,4,549300YN94MOAVYW0F52,7,"GOODLEAP, LLC",CA,ROSEVILLE,95661,29677
2021,254900RM3T6WAVE6SA24,84-3281476,7,,-1,AML Funding LLC dba Absolute Mortgage & Lending,,,-1,-1,-1,,-1,,2021,4,254900RM3T6WAVE6SA24,7,AML Funding LLC dba Absolute Mortgage & Lending,TX,Dallas,75244,1409
2021,549300BEM32ZRV7MJ178,75-1046251,3,361167,361167,Southside Bank,TX,Tyler,6743520,0,1245068,,1245068,"SOUTHSIDE BANCSHARES, INC.",2021,4,549300BEM32ZRV7MJ178,3,SOUTHSIDE BANK,TX,TYLER,75701,1402
2021,254900FKPTR6FQ8IH565,41-0406600,1,799751,799751,Minnesota National Bank,MN,Sauk Centre,214319,-1,1246243,,1246364,MINNESOTA NATIONAL BANK RETIREMENT SAVINGS AND EMPLOYEE STOCK OWNERSHIP PLAN & TRUST,2021,4,254900FKPTR6FQ8IH565,1,Minnesota National Bank,MN,Sauk Centre,56378,122
2021,54930094PMFTE71NZK32,42-0274740,2,566243,566243,Glenwood State Bank,IA,Glenwood,177134,0,1204421,GLENWOOD BANCORPORATION,1204421,GLENWOOD BANCORPORATION,2021,4,54930094PMFTE71NZK32,2,Glenwood State Bank,IA,Glenwood,51534,141
2021,254900I6OUSD8YCJUJ63,38-1435020,5,576194,576194,COPOCO Community Credit Union,MI,Bay City,95962,0,-1,,-1,,2021,4,254900I6OUSD8YCJUJ63,5,COPOCO Community Credit Union,MI,Bay City,48706,150
2021,549300RK7Q0WLYYRNC19,91-1758031,1,2529176,2529176,Security National Bank of South Dakota,SD,Dakota Dunes,192831,0,1200348,SECURITY NATIONAL CORPORATION,1200348,SECURITY NATIONAL CORPORATION,2021,4,549300RK7Q0WLYYRNC19,1,SECURITY NATIONAL BANK OF SD,SD,DAKOTA DUNES,57049,73
2021,549300O86UUZZGSLX538,73-0581984,5,765671,765671,RED CROWN,OK,Tulsa,221691,0,-1,,-1,,2021,4,549300O86UUZZGSLX538,5,RED CROWN FEDERAL CREDIT UNION,OK,TULSA,74137,177
2021,549300J3YLW53W0K4T67,84-1553724,7,3849451,3849451,"CENTENNIAL LENDING, LLC",CO,Centennial,-1,3,-1,,-1,,2021,4,549300J3YLW53W0K4T67,7,"Centennial Lending, LLC",CO,Firestone,80504,1402
2021,549300ON2ILGPUVKZT28,73-1517395,3,2684552,2684552,American Bank of Oklahoma,OK,Collinsville,323127,0,3043008,,3043008,AMERIBANK HOLDING COMPANY,2021,4,549300ON2ILGPUVKZT28,3,American Bank of Oklahoma,OK,Collinsville,74021,918
2021,549300L34FQYD6PROV86,75-0105467,1,,340751,The First National Bank of Albany,TX,Albany,566971,0,1958395,,1246926,"ALBANY BANCSHARES, INC.",2021,4,549300L34FQYD6PROV86,1,First National Bank Albany/Breckenridge,TX,Albany,76430,156
2021,549300GXIH93QAIAWV16,66-0271958,7,3873353,3873353,Cooperativa de A/C de Maunabo,,Maunabo,-1,3,-1,,-1,,2021,4,549300GXIH93QAIAWV16,7,Cooperativa A/C Maunacoop,PR,MAUNABO,00707,61
2021,549300WD04PCWCETKZ02,39-0451504,3,597546,597546,Premier Community Bank,WI,Marion,315809,0,1210749,,1210749,"M.S.B. BANCORPORATION, INC.",2021,4,549300WD04PCWCETKZ02,3,PREMIER COMMUNITY BANK,WI,MARION,54950,149
2021,Q7C315HKI8VX0SSKBS64,64-0117230,9,606046,606046,Cadence Bank,MS,Tupelo,21061188,-1,-1,,-1,,2021,4,Q7C315HKI8VX0SSKBS64,9,Cadence Bank,MS,Tupelo,38804,25742
2021,549300M20N1NQO7LMK11,35-0843168,3,398248,398248,The Campbell & Fetter Bank,IN,Kendallville,316463,0,1203901,,1203901,C&F BANC SHARES CORP.,2021,4,549300M20N1NQO7LMK11,3,The Campbell & Fetter Bank,IN,Kendallville,46755,279
2021,549300OWLJ3NG26J9N79,63-0700642,1,330239,330239,First National Bank,AL,Hamilton,295787,0,1131376,,1131376,"MARION COUNTY BANCSHARES, INC.",2021,4,549300OWLJ3NG26J9N79,1,FIRST NATIONAL BANK,AL,HAMILTON,35570,159
2021,549300WKFR15017V9850,84-1496821,7,3848883,3848883,MEGASTAR FINANCIAL CORP.,CO,Denver,-1,3,-1,,-1,,2021,4,549300WKFR15017V9850,7,MEGASTAR FINANCIAL CORPORATION,CO,DENVER,80205,5769
2021,549300JVGOSG4QV2ZU37,72-1224272,9,,4185549,"PIERREMONT MORTGAGE, INC.",LA,SHREVEPORT,-1,3,-1,,-1,,2021,4,549300JVGOSG4QV2ZU37,9,"Pierremont Mortgage, Inc.",LA,Shreveport,71105,125
2021,549300WXIUJ8ZTV7X921,36-2484148,3,821036,821036,Peoples Bank of Kankakee County,IL,Bourbonnais,230427,0,1201813,,1201813,"ROMY HAMMES, INC.",2021,4,549300WXIUJ8ZTV7X921,3,Peoples Bank of Kankakee County,IL,Bourbonnais,60914,373
2021,254900HIDMT4ZG09RP47,45-4414811,7,,-1,Credence Funding Corporation,MD,Aberdeen,-1,3,-1,,-1,,2021,4,254900HIDMT4ZG09RP47,7,Credence Funding Corporation,MD,Aberdeen,21001,482
2021,549300BRSSSUNB0U6552,74-1650800,1,807955,807955,"American Bank, National Association",TX,Corpus Christi,1572538,0,1109964,,1109964,AMERICAN BANK HOLDING CORPORATION,2021,4,549300BRSSSUNB0U6552,1,"American Bank, N.A.",TX,Corpus Christi,78466,467
2021,549300QY4UCP33T94N09,14-0486153,1,505,505,Ballston Spa National Bank,NY,Ballston Spa,584882,0,1048728,,1048728,"BALLSTON SPA BANCORP, INC.",2021,4,549300QY4UCP33T94N09,1,Ballston Spa National Bank,NY,Ballston Spa,12020,574
2021,5493009KSPF2426CPQ08,36-2736672,7,2026611,2026611,CROWN MORTGAGE COMPANY,IL,OAK LAWN,-1,3,-1,,-1,,2021,4,5493009KSPF2426CPQ08,7,Crown Mortgage Company,IL,Oak Lawn,60453,634
2021,549300MZCM3IR0ZWDI94,87-0341422,3,207872,207872,First Utah Bank,UT,Salt Lake City,378936,0,1027992,FIRST UTAH BANCORPORATION,1027992,FIRST UTAH BANCORPORATION,2021,4,549300MZCM3IR0ZWDI94,3,First Utah Bank,UT,Salt Lake City,84109,1
2021,549300MMQJ2MM37FDE66,43-1830585,7,3842377,3842377,"FRONTIER FINANCIAL, INC.",MO,Chesterfield,-1,3,-1,,-1,,2021,4,549300MMQJ2MM37FDE66,7,"Frontier Financial, Inc. DBA Frontier Mortgage",MO,Chesterfield,63005,1071
2021,549300JH6IWUYV8WYT95,38-1428856,3,648345,648345,Sidney State Bank,MI,Sidney Township,81828,0,3621497,,3621497,SIDNEY BANCORP.,2021,4,549300JH6IWUYV8WYT95,3,Sidney State Bank,MI,Sidney,48885,121
2021,5493003DVQUF5HAI1O03,36-0760135,5,441984,441984,CORPORATE AMERICA FAMILY,IL,Elgin,613668,0,-1,,-1,,2021,4,5493003DVQUF5HAI1O03,5,Corporate America Family CU,IL,Elgin,60123,336
2021,254900PUAN5SKAJB2J42,41-0845601,5,382498,382498,Heartland Credit Union,MN,Inver Grove Hts,121610,0,-1,,-1,,2021,4,254900PUAN5SKAJB2J42,5,Heartland Credit Union,MN,Inver Grove Heights,55077,155
2021,549300BK51FTOVBDMC15,37-0188390,1,720746,720746,The Bradford National Bank of Greenville,IL,Greenville,367781,0,2456919,,2456919,"BRADFORD BANCORP, INC.",2021,4,549300BK51FTOVBDMC15,1,THE BRADFORD NATIONAL BANK OF GREENVILLE,IL,GREENVILLE,62246,409
2021,254900FBWEZ3YUPOBN33,27-2056826,7,27-2056826,-1,"LIMA ONE CAPITAL, LLC",GA,Atlanta,-1,3,-1,,-1,,2021,4,254900FBWEZ3YUPOBN33,7,"LIMA ONE CAPITAL, LLC",SC,GREENVILLE,29601,4140
2021,549300FGUI1NQCS1M144,36-2559411,3,607333,607333,Midwest Community Bank,IL,Freeport,244416,0,1205585,,1205585,"FREEPORT BANCSHARES, INC.",2021,4,549300FGUI1NQCS1M144,3,Midwest Community Bank,IL,Freeport,61032,2987
2021,5493007TJ86W1ZK4LZ15,55-0118830,2,2353595,2353595,First Community Bank,VA,Bluefield,2796982,0,1478017,,1478017,"FIRST COMMUNITY BANKSHARES, INC.",2021,4,5493007TJ86W1ZK4LZ15,2,First Community Bank,VA,Bluefield,24605,2170
2021,549300YZRLQQC62C3P68,24-0796253,5,867575,867575,PALCO FEDERAL CREDIT UNION,PA,Muncy,80939,0,-1,,-1,,2021,4,549300YZRLQQC62C3P68,5,PALCO Federal Credit Union,PA,Muncy,17756-0330,21
2021,549300NQCH8PMKEYBL30,75-0813625,5,974491,974491,POSTEL FAMILY CREDIT UNION,TX,Wichita Falls,61687,0,-1,,-1,,2021,4,549300NQCH8PMKEYBL30,5,Postel Family Credit Union,TX,Wichita Falls,76301,28
2021,549300IJI189UIQW0294,54-0647188,5,397698,397698,NEXTMARK,VA,Fairfax,502466,0,-1,,-1,,2021,4,549300IJI189UIQW0294,5,NEXTMARK FEDERAL CREDIT UNION,VA,FAIRFAX,22030,1135
2021,549300TA2979XCT9L593,35-1104078,5,702685,702685,FINANCIAL BUILDERS Federal Credit Union,IN,Kokomo,107946,0,-1,,-1,,2021,4,549300TA2979XCT9L593,5,Financial Builders FCU,IN,Kokomo,46904,176
2021,549300OLJQ30ZT21BC55,47-0996983,7,47-0996983,-1,BANC ONE MORTGAGE CORPORATION,CA,ORANGE,-1,3,-1,,-1,,2021,4,549300OLJQ30ZT21BC55,7,Banc One Mortgage Corporation,CA,Orange,92868,747
2021,549300PBTV7FCWLSMM53,84-1564935,7,3848810,3848810,"MORTGAGE SOLUTIONS OF COLORADO, LLC",CO,Littleton,-1,3,-1,,-1,,2021,4,549300PBTV7FCWLSMM53,7,MORTGAGE SOLUTIONS OF COLORADO,CO,COLORADO  SPRINGS,80918,18495
2021,549300XRB0LTJL53XI04,45-0280822,3,676151,676151,Unison Bank,ND,Jamestown,336858,0,1247129,,1143678,"MCINTOSH COUNTY BANK HOLDING COMPANY, INC.",2021,4,549300XRB0LTJL53XI04,3,Unison Bank,ND,Jamestown,58401,399
2021,549300T1ONVEMLQ4B629,46-0208038,1,441256,441256,First Dakota National Bank,SD,Yankton,1776882,0,1404687,,1404687,FIRST DAKOTA FINANCIAL CORPORATION,2021,4,549300T1ONVEMLQ4B629,1,First Dakota National Bank,SD,Yankton,57078,1738
2021,2549006U8SXATH10WI14,48-0212120,3,144052,144052,Exchange Bank & Trust,KS,Atchison,444393,0,1054000,,1054000,EXCHANGE BANKSHARES CORPORATION OF KANSAS,2021,4,2549006U8SXATH10WI14,3,EXCHANGE BANK & TRUST,KS,ATCHISON,66002,156
2021,254900GYV99GSRS94462,63-0595512,3,386432,386432,Liberty Bank,AL,Geraldine,148466,0,1084753,,1084753,"FIRST BANCORPORATION OF GERALDINE, INC.",2021,4,254900GYV99GSRS94462,3,LIBERTY BANK,AL,SNEAD,35952,177
2021,254900SKRNN38GYC7R38,38-1443193,5,,-1,Ukrainian Selfreliance Michigan Federal Credit Union,,,-1,-1,-1,,-1,,2021,4,254900SKRNN38GYC7R38,5,Ukrainian Selfreliance Michiga,MI,Warren,48091,61
2021,549300CMO3QHQGZ2Z096,37-0275005,3,698546,698546,First State Bank of Campbell Hill,IL,Campbell Hill,110997,0,1427387,"CAMPBELL HILL BANCSHARES, INC.",1427387,"CAMPBELL HILL BANCSHARES, INC.",2021,4,549300CMO3QHQGZ2Z096,3,FIRST ST BK OF CAMPBELL HILL,IL,CAMPBELL HILL,62916,115
2021,549300RV3BMT6ES6TO70,35-0298350,1,391575,391575,"United Fidelity Bank, fsb",IN,Evansville,968809,0,3832293,,3848931,"PEDCOR FINANCIAL, LLC",2021,4,549300RV3BMT6ES6TO70,1,"UNITED FIDELITY BANK, FSB",IN,EVANSVILLE,47706,422
2021,549300GL556PQ7WG0G08,59-0630270,5,80972,80972,"Educational Federal Credit Union, dba EdFed",FL,Miami,1183095,-1,-1,,-1,,2021,4,549300GL556PQ7WG0G08,5,EDUCATIONAL FEDERAL CREDIT UNION,FL,MIAMI,33183,626
