idrssd,year,bank_name,assets_c,tier1_capital_c,total_loans_c
37,2021,Bank of Hancock County,87398,16145,0
242,2021,"First Community  Bank, Xenia-Flora",51841,5215,0
279,2021,MINEOLA COMMUNITY BANK S. S. B.,299643,30645,0
354,2021,Bison State Bank,20368,1652,618
457,2021,LOWRY STATE BANK,58927,4918,0
505,2021,Ballston Spa National Bank,687274,57562,3352
1155,2021,First State Bank & Trust Company,281394,25245,323
1351,2021,Bank of Grandin,186703,27484,0
1454,2021,Hilltop National Bank,930784,102043,4236
1669,2021,Liberty National Bank,351611,48752,0
1856,2021,Washita State Bank,77372,11537,0
2161,2021,LAMAR NATIONAL BANK,279336,22795,0
2732,2021,"Albany Bank & Trust Co., N.A.",690727,102005,0
2750,2021,Genoa Community Bank,63872,7436,0
3252,2021,FIRST NATIONAL BANK OF GORDON,240659,29084,0
3458,2021,Farmers Bank Of Green City,67456,5431,0
3720,2021,"Bank Of Clarendon, The",315828,39960,50
3971,2021,Midcountry Bank,843294,102256,0
4156,2021,Kanza Bank,275440,23055,326
4231,2021,FARMERS AND MERCHANTS BANK,138784,18406,0
5069,2021,First Credit Bank,439042,193310,0
5135,2021,First State Bank of Blakely,527680,81679,0
5210,2021,ACNB Bank,2541188,226800,11034
5461,2021,BAC Community Bank,748353,72772,0
5751,2021,Kearny County Bank,239661,36820,722
6039,2021,Pineland Bank,345551,32448,0
6329,2021,Anderson Brothers Bank,1108539,98229,7492
7009,2021,Bessemer Trust Company,828195,91291,0
7045,2021,The Peoples Bank,245405,22942,0
7072,2021,Wallkill Valley Federal Savings And Loan Association,355697,35692,7124
7456,2021,Bank of Hartington,110959,9692,0
7634,2021,THE FOUR COUNTY BANK,78810,11154,0
8033,2021,Peoples Bank And Trust Company Of Pointe Coupee Parish,357165,47985,0
8462,2021,Perryton National Bank,163332,26156,0
8631,2021,The Pleasants County Bank,67660,7122,0
9357,2021,Fidelity Bank,859978,69221,0
9553,2021,ADAMS COUNTY BANK,203051,19113,0
9807,2021,Amboy Bank,2687604,362806,0
9955,2021,"First State Bank And Trust Company Of Larned, The",185855,23101,0
10250,2021,"Bank Of Elk River, The",583201,45420,0
10849,2021,FIRST STATE BANK,258134,25934,0
11145,2021,Lake-Osceola State Bank,343267,28023,641
11640,2021,FIRST NATIONAL BANK OF CLARKSDALE,392897,45662,0
11837,2021,The Farmers Bank,134437,15158,0
12030,2021,FNB South,469136,67372,0
12142,2021,The Cleveland State Bank,278419,27245,0
12311,2021,The Huntington National Bank,122837617,10601382,1274913
12647,2021,The Portage County Bank,183744,18276,130
12656,2021,EMERALD BANK,19227,2037,0
12946,2021,Farmers Bank & Trust Company,1793266,170367,10063
13103,2021,Bristol County Savings Bank,2788219,334659,5784
13251,2021,Elysian Bank,57565,6346,0
13457,2021,Bank Of Lewellen,25132,6407,0
14155,2021,F and C Bank,265441,27245,125
14650,2021,Bank Of Locust Grove,45909,5172,0
14753,2021,"Farmers State Bank Of Bucklin, Kansas, The",55291,4513,0
14865,2021,Bank Of Eastern Oregon,666291,51368,0
14977,2021,First Federal Bank Littlefield Texas ssb,53376,10045,0
16551,2021,Northview Bank,383782,42542,1210
16748,2021,The Elberfeld State Bank,86524,10036,0
17110,2021,The Haverford Trust Company,168840,27538,0
17147,2021,First Merchants Bank,14044203,1283922,3966
17259,2021,The First National Bank In Marlow,60710,5660,0
17950,2021,"Bank Of Bridger, National Association",699460,60127,3625
17978,2021,Elizabethton Federal Savings Bank,309592,123593,0
18050,2021,First National Bank of Bastrop,730154,69877,304
18827,2021,"NexTier Bank, N.A.",1649262,146586,0
18836,2021,Capon Valley Bank,182208,18220,0
18854,2021,Bank 7,1015692,105696,324
19356,2021,SECURITY BANK AND TRUST COMPANY,91568,8642,0
19936,2021,Citizens Bank of Americus,400145,33758,0
19972,2021,FARMERS BUILDING AND SAVINGS BANK,114358,21723,0
20053,2021,Security Bank,137375,16037,0
20633,2021,MCNB Bank And Trust Co.,321845,36774,0
20857,2021,Granite Falls Bank,169976,14795,300
21256,2021,State Bank Of Burrton,11078,1226,0
21359,2021,AMERICAN STATE BANK OF GRYGLA,66451,6225,0
21658,2021,ALLIANCE BANK,203621,19533,0
22048,2021,Union Bank & Trust Company,250411,24570,0
22543,2021,State Savings Bank,305258,26068,2257
22552,2021,FIRST SOUTHEAST BANK,115194,9380,0
22730,2021,West Union Bank,217519,18818,0
23456,2021,The First National Bank Of Henning,260181,27836,1349
23504,2021,BNB Bank,6433919,503524,52785
23643,2021,COMMERCIAL BANK & TRUST COMPANY,240291,21796,0
23755,2021,First National Community Bank,270454,21945,5000
24006,2021,PCSB Bank,1788574,226335,0
24378,2021,Galion Building and Loan Bank,68792,7364,0
24453,2021,ROCKY MOUNTAIN BANK,407552,38367,11773
24659,2021,Produce State Bank,109287,7772,0
24668,2021,"BTH Bank, National Association",1973112,241996,1726
24949,2021,BARABOO STATE BANK,489383,46556,3547
25357,2021,All America Bank,452555,42937,0
25647,2021,First Secure Bank and Trust Co,377472,20537,0
26176,2021,"Broadway Federal Bank, F.S.B",481551,46565,0
26457,2021,La Monte Community Bank,40812,3518,0
26765,2021,Vantage Bank Texas,2508606,273670,1490
27070,2021,Prevail Bank,860665,110923,0
27548,2021,Blackhawk Bank,1131767,100085,6096
27614,2021,The Andover Bank,526749,40067,0
27847,2021,DIAMOND BANK,704546,69230,0
28013,2021,Northfield Bank,5515631,656324,0
28152,2021,Harvest Bank,186197,14861,1846
28675,2021,"Cumberland Federal Bank, Federal Savings Bank",187329,20087,0
28732,2021,Peoples Bank & Trust Co,121837,13717,1144
29476,2021,RiverBank,95965,11975,0
29636,2021,The Citizens Bank Of Philadelphia,1450419,99171,0
29878,2021,Maspeth Federal Savings And Loan Association,2051715,662358,0
30052,2021,Amistad Bank,38396,4651,272
30502,2021,NORTHWAY BANK,1116213,102688,237
30650,2021,Lake Community Bank,140816,16073,0
30810,2021,Discover Bank,111335503,12414710,0
31134,2021,"First National Bank Of Waynesboro, The",182003,26745,0
31255,2021,Central Bank,823221,80811,638
31657,2021,"First State Bank of Ben Wheeler, Texas",172914,22181,0
31826,2021,Powell Valley National Bank,383959,40152,0
31835,2021,BANK OF ANGUILLA,158573,15983,0
32234,2021,First National Bank and Trust Company,203332,19309,0
32766,2021,LAKESIDE BANK,176670,27055,0
32971,2021,Security Federal Savings Bank,322203,34747,2249
33147,2021,Farmers Bank And Trust Company,325015,29144,0
33259,2021,Premier Bank,926970,90248,0
33268,2021,The Roscoe State Bank,200969,18610,0
33370,2021,"Home Savings Bank, Fsb",25990,3375,0
33839,2021,Peoples State Bank of Colfax,38052,4294,0
33857,2021,Frontier Bank,989887,92117,12087
34425,2021,Virginia Commonwealth Bank,1219037,129845,4004
34434,2021,MAGNOLIA STATE BANK,380381,33833,0
34537,2021,Seacoast National Bank,8343334,897731,68890
34555,2021,MA Bank,327071,30216,0
34742,2021,First Western Bank,499831,43192,3168
35057,2021,Alliant Bank,175233,17830,1311
35301,2021,STATE STREET BANK AND TRUST COMPANY,311181000,17306000,0
35570,2021,Investors Bank,25991260,2391126,30357
35646,2021,Bonduel State Bank,78352,13958,0
35879,2021,East Wisconsin Savings Bank,269932,22690,417
36456,2021,Community First Bank,127482,12577,0
36933,2021,First State Bank,208378,16340,0
37051,2021,Oakwood Bank,101019,8220,0
37341,2021,Bank Of Ontario,60451,6753,0
37435,2021,United Bank,1931825,161366,7232
37640,2021,GERMAN AMERICAN BANK,4972069,460936,16904
37659,2021,FARMERS STATE BANK,45443,5566,0
37949,2021,Bank of Rantoul,260976,25469,1087
38740,2021,Owen County State Bank,279150,28775,875
39327,2021,"Calvin B. Taylor Banking Company of Berlin, Maryland",709621,91563,0
39756,2021,NBC Oklahoma,764077,63199,531
40033,2021,richton bank & Trust,57454,7812,0
40499,2021,Harborone Bank,4486533,506822,208612
40855,2021,ESB Bank,133374,12650,0
41553,2021,First State Bank,109774,13949,0
41629,2021,Pioneer Bank,261157,28563,0
41825,2021,Middletown Valley Bank,675261,61673,331
41955,2021,Bank of Newman Grove,36020,3713,0
42037,2021,PEOPLES EXCHANGE BANK,83377,10781,0
42354,2021,THE COMMERCIAL NATIONAL BANK OF BRADY,160475,19331,0
42372,2021,First Federal Savings Bank Of Lincolnton,426587,67287,0
42420,2021,FIRST COMMONWEALTH BANK,9055507,791569,33436
42448,2021,FIRST NATIONAL BANK,1874026,197291,0
42457,2021,Commercial Bank,55315,6876,0
43052,2021,Security State Bank,122274,21370,0
43351,2021,Peoples State Bank,259469,23691,0
43856,2021,THE MINERS NATIONAL BANK OF EVELETH,79120,6378,0
43959,2021,Bridge City State Bank,244547,23120,0
44040,2021,"First National Bank Of Monterey, The",368751,44778,0
44433,2021,"Intercredit Bank, National Association",376370,41718,0
44741,2021,Citizens Bank,588830,56836,8019
44750,2021,Citizens Bank of the Midwest,154642,15666,0
44929,2021,First National Bank,193808,11013,0
45038,2021,STATE BANK OF DAVIS,169778,18632,0
45047,2021,The First National Bank At Paris,217294,22416,0
45056,2021,Platte Valley Bank,94134,12370,0
45430,2021,Johnson County Bank,136788,19775,0
45458,2021,Vintage Bank Kansas,175844,16454,0
45551,2021,Bank Midwest,1095927,94451,8485
45560,2021,Jefferson Bank,2298044,195394,18299
45775,2021,Iron Workers Savings Bank,190707,18063,0
46053,2021,The State Bank Of Faribault,267715,23608,2307
46941,2021,Farmers Bank And Trust Company,170845,18801,0
47247,2021,The Dart Bank,622173,55986,97068
47256,2021,Community Financial Bank,51316,5279,0
47452,2021,FIRST NATIONAL BANK OF BENTON,70520,11836,0
47500,2021,Claremont Savings Bank,479916,64563,0
48057,2021,Prairie Bank of Kansas,126416,10322,0
48150,2021,Franklin State Bank,35951,5208,0
48374,2021,First Financial Bank,1566559,152498,8138
48440,2021,Cleveland State Bank,163806,15947,0
49054,2021,Commerce Bank,224935,26985,0
49148,2021,RUSHVILLE STATE BANK,117333,15475,0
49241,2021,"Relyance Bank, National Association",1007257,113780,0
49652,2021,First Bank,139555,17778,0
49858,2021,Bank Of South Texas,137087,15122,0
49951,2021,The First Security Bank,123120,10592,0
50144,2021,state bank of medora,95275,13776,0
50461,2021,California Pacific Bank,82484,34461,0
51253,2021,APEX BANK,904999,98565,240
51356,2021,Latimer State Bank,70991,14270,0
51459,2021,Centera Bank,320186,25252,0
51842,2021,FARMERS & MERCHANTS UNION BANK,429933,50000,57
52719,2021,The Depository Trust Company,3560309,775494,0
52951,2021,Security State Bank Of Oklahoma,284304,34113,0
53051,2021,The Buckholts State Bank,92603,14534,0
54058,2021,The Bank Of Tescott,431796,58690,1
54656,2021,Citizens State Bank,1212864,123694,0
54973,2021,"American Savings Bank, FSB",8396533,677786,28275
55336,2021,METAIRIE BANK & TRUST,485965,43023,850
55635,2021,Citizens Savings Bank & Trust,111579,6827,0
55653,2021,Fidelity State Bank And Trust Company,150380,12834,0
55970,2021,Evergreen Federal Bank,579413,63662,1843
56258,2021,"Citizens Bank & Trust Co., Hutchinson, Minn.",291879,20515,0
56351,2021,"VeraBank, N.A.",2976083,267083,5507
56548,2021,DMB Community Bank,540567,66584,661
56717,2021,The Dime Bank,881484,88575,0
57040,2021,First National Bank at Darlington,170724,24172,0
57451,2021,Dairy State Bank,628992,67763,0
58225,2021,FARMERS BANK & SAVINGS CO.,371405,35963,0
58243,2021,Johnson Bank,5967069,725880,132918
58355,2021,Vantage Bank,42044,3578,0
58551,2021,Security State Bank,235993,23391,0
58636,2021,CENTURY BANK,423388,38277,3160
58757,2021,Kensington Bank,310288,25099,778
58971,2021,Washington Trust Bank,9803057,736755,28572
59316,2021,Wayne Bank,1853047,159202,0
59352,2021,Citizens National Bank,509285,50982,0
59370,2021,First Shore Federal Savings And Loan Association,327969,50283,0
59754,2021,The Bank Of Wyandotte,13397,1223,0
60143,2021,Comerica Bank,88120000,7278000,5000
60330,2021,PEOPLES BANK OF ALABAMA,1075067,84724,2866
60545,2021,The Home Trust & Savings Bank,256209,26262,0
60554,2021,First State Bank Minnesota,83037,8204,0
60648,2021,First National Bank,383912,31406,1841
61122,2021,First United Bank & Trust,1718792,167275,3546
61355,2021,"CorTrust Bank, N.A.",1421973,120488,7115
61476,2021,Abington Bank,573495,67347,0
61757,2021,American Heritage National Bank,475655,44231,989
61832,2021,The First National Bank of Mount Dora,320518,38598,0
61953,2021,FNB Coweta,91236,8211,0
62044,2021,Sebree Deposit Bank,21640,2351,0
62110,2021,"Rockefeller Trust Company, N.A.",17049,14380,0
62147,2021,Community First Bank,109972,9604,176
63050,2021,The Dolores State Bank,310665,39942,0
63069,2021,City National Bank,76261355,5741505,0
63201,2021,CAYUGA LAKE NATIONAL BANK,196742,20064,0
63573,2021,Walpole Co-operative Bank,555316,99969,0
63733,2021,Citizens Bank,1014959,91210,0
63742,2021,HOMETOWN BANK,604268,66218,2032
63751,2021,Towanda State Bank,10270,503,0
64150,2021,Wyoming Bank & Trust,254315,25118,3258
64552,2021,Chickasaw Community Bank,293241,30666,34937
64730,2021,Farmers & Merchants Bank,231012,26858,0
65205,2021,Torrington Savings Bank,894404,171731,0
65513,2021,Delta National Bank and Trust Company,379814,53481,0
65559,2021,Pioneer Bank & Trust,855819,82156,3082
65746,2021,"Citizens Union Bank of Shelbyville, Inc.",1020491,107833,7779
65858,2021,Emprise Bank,2122627,153847,0
66154,2021,DECATUR COUNTY BANK,188128,16629,0
66275,2021,FIRST SOUTHERN BANK,345272,28794,405
66677,2021,Cincinnati Federal,237153,34792,13345
67142,2021,Peoples Trust & Savings Bank,208771,31545,0
67151,2021,Kirkpatrick Bank,923011,98450,3912
67209,2021,Newburyport Five Cents Savings Bank,1205217,138591,624
67254,2021,Young Americans Bank,21690,1464,0
67656,2021,First Savings Bank,1108607,121173,0
67870,2021,Tc Federal Bank,349927,40090,2945
68671,2021,"Grand Bank For Savings, F.S.B.",94887,10917,625
68756,2021,Liberty National Bank,737968,68993,260
68831,2021,Bank Of Franklin,177187,18159,0
69333,2021,The Citizens National Bank of Meridian,1595716,167590,934
69678,2021,Baker Boyer National Bank,724924,58214,0
70218,2021,United Orient Bank,85132,13563,0
70414,2021,THE NORTHUMBERLAND NATIONAL BANK,611517,59016,2622
70638,2021,Peoples Bank,393586,37352,5526
70955,2021,Nebraska State Bank,19980,2609,0
71073,2021,Home Federal Savings And Loan Association Of Niles Ohio,109424,12198,0
71457,2021,Bruning Bank,422798,48439,0
71859,2021,CBW BANK,85972,14822,3594
72258,2021,The Converse County Bank,782513,63989,2796
72351,2021,Farmers State Bank,70887,10401,0
72454,2021,FREEPORT STATE BANK,135059,12910,0
72678,2021,BELMONT SAVINGS BANK,413302,72173,0
73116,2021,Artisans' Bank,621905,52422,4805
73152,2021,THE FARMERS AND MERCHANTS NATIONAL BANK OF FAIRVIEW,130304,13043,0
73554,2021,Pathway Bank,188379,19352,0
73956,2021,Security State Bank,54435,7311,0
74056,2021,South Central State Bank,146368,18044,0
74140,2021,Isabella Bank,1908060,153102,2741
74403,2021,Merrimack County Savings Bank,1038330,97114,0
74449,2021,First National Bank in Tigerton,24527,3343,0
75259,2021,First Oklahoma Bank,889477,74780,6390
75446,2021,South Ottumwa Savings Bank,559414,53117,0
75455,2021,The Northern State Bank Of Gonvick,40955,6617,0
75558,2021,FIRST NATIONAL BANK BAIRD,474580,45291,0
75633,2021,"BMO Harris Bank, N.A.",153847049,14258427,202854
75651,2021,CERESCOBANK,58583,8473,0
76153,2021,BANK OF CLARKS,40255,4308,0
76443,2021,The Peoples Bank,126325,14220,0
76854,2021,GRAND BANK,437705,45896,0
77150,2021,First Farmers & Merchants State Bank Grand Meadow,78328,6769,0
77253,2021,The Hondo National Bank,322123,27086,0
77422,2021,Community Bankers' Bank,169047,18564,0
77851,2021,First Bank & Trust,3647138,337853,48796
78157,2021,Bandera Bank,75081,7822,0
78241,2021,First Naturalstate Bank,73922,7247,0
78559,2021,Summit National Bank,90165,8650,0
79042,2021,West Point Bank,330373,28518,0
79127,2021,Home National Bank,74309,9132,0
79145,2021,Farmers & Merchants State Bank,197577,21292,216
79257,2021,Grove Bank,36047,3373,0
79855,2021,City Bank   Trust Company,231264,23682,1668
80150,2021,First Fidelity Bank,445272,39903,0
80374,2021,First Federal Savings And Loan Association Of Delta,199910,21204,0
80431,2021,UNION BANK & TRUST COMPANY,96532,10269,0
81175,2021,Equitable Bank,412680,35743,1445
82033,2021,FIRST NATIONAL BANK OF PASC,221191,24229,0
82257,2021,BRYANT STATE BANK,41462,4532,0
82350,2021,THE LAUDERDALE COUNTY BANK,59301,5805,0
82659,2021,CITIZENS STATE BANK OF HAYFIELD,119290,7746,0
83151,2021,Flagship Bank Minnesota,291639,25765,0
83236,2021,Bank of the South,81230,14938,0
83375,2021,CENTURY BANK,1089837,104221,0
83638,2021,"Amerant Bank, National Association",7761170,794257,0
83834,2021,AMERICAN BANK & TRUST COMPANY,232862,23730,0
83852,2021,Richland State Bank,41764,4271,381
83955,2021,GREENFIELD BANKING COMPANY,77494,6195,0
84046,2021,First Trust & Savings Bank,55732,6081,0
84541,2021,Guaranty Bank and Trust Company,1225079,106956,2275
84804,2021,Citizens Bank of Cape Vincent,78289,6679,0
85052,2021,Uinta Bank,252005,20248,0
85472,2021,Oceanfirst Bank,11340082,942122,45524
85931,2021,PATTERSON STATE BANK,311864,24286,0
86349,2021,The Union Bank Of Mena,316588,30170,0
86675,2021,Rosedale Federal Savings And Loan Association,1021460,249516,0
87047,2021,First State Bank of Porter,160945,23759,0
87159,2021,First State Bank Of Newcastle,172520,20977,0
87234,2021,FIRST NATIONAL BANK OF MIDDLE TENNESSEE,580326,70292,46389
87476,2021,"Wilmington Savings Bank, The",173853,31257,0
87579,2021,"Middlesex Federal Savings, F.A.",455867,44313,0
88231,2021,Banksouth,983471,91677,178095
88259,2021,JANESVILLE STATE BANK,83087,10233,0
88352,2021,First State Bank Of Bedias,182821,28652,0
88455,2021,Heartland Bank,685769,63973,0
88950,2021,Financial Security Bank,126424,10677,0
89032,2021,Plaquemine Bank & Trust Company,184179,19398,0
89135,2021,First National Bank of Wauchula,79597,8626,0
89854,2021,Minnstar Bank National Association,153760,13630,0
89957,2021,Cendera Bank,120289,13381,0
90047,2021,Palo Savings Bank,45842,4834,0
90177,2021,First Federal Savings And Loan Association,332972,29798,0
90328,2021,SKYLINE NATIONAL BANK,855085,79240,0
90337,2021,UNITED COMMUNITY BANK,592807,84759,0
90579,2021,First Federal Savings And Loan Association Of Mcminnville,548435,69128,0
91615,2021,The Antwerp Exchange Bank Company,136426,12539,0
91754,2021,First National Bank of Bellville,814789,82231,0
91950,2021,Farmers State Bank Of Canton,53418,5976,0
92144,2021,Community State Bank,47556,9013,0
92676,2021,Windsor Federal Savings And Loan Association,655774,66815,0
92706,2021,Sugar River Bank,330152,46744,0
92902,2021,Bank Of Cattaraugus,23717,2167,0
93244,2021,Woodford State Bank,301037,24765,0
93543,2021,Springs Valley Bank & Trust,495849,52008,894
93619,2021,"STATE STREET BANK AND TRUST COMPANY, N.A.",41976,41390,0
94139,2021,Merchants & Marine Bank,646760,76799,0
94522,2021,Benchmark Community Bank,870811,78849,1130
94755,2021,Sundance State Bank,227266,22194,0
94858,2021,Adrian Bank,159793,17447,0
95051,2021,ONE AMERICAN BANK,511180,58137,363133
95677,2021,"Rockland Savings Bank, Fsb",88042,8519,164
96553,2021,HERSHEY STATE BANK,82611,10774,0
97055,2021,HENDERSON STATE BANK,273030,33003,0
97279,2021,Woodsfield Savings Bank,76066,6889,0
97457,2021,CITIZENS BANK,178001,13371,0
97804,2021,MountainOne Bank,864253,113822,1193
97943,2021,Marion County State Bank,587566,47896,2087
98351,2021,The Citizens State Bank of Ouray,149500,12654,0
98463,2021,Citizens Bank,983607,91193,996
98717,2021,"Eastbank, National Association",162349,33676,0
99143,2021,Merchants and Planters Bank,328707,31195,0
99376,2021,"National Cooperative Bank, N.A.",3026132,328772,109200
99442,2021,BANK OF COMMERCE,666904,59657,0
99536,2021,One Bank of Tennessee,1268649,94051,1823
99853,2021,First State Bank,47988,5222,0
100236,2021,Sunmark Community Bank,371711,34035,0
100357,2021,"Legend Bank, N. A.",872008,81042,0
100562,2021,Tri Counties Bank,7629234,714811,6268
100777,2021,cfsbank,505529,76016,0
100843,2021,FNBC Bank,577809,55299,0
101019,2021,Bank Leumi USA,7224089,833182,0
101037,2021,First American Bank And Trust,1111169,144574,0
101439,2021,"Durden Banking Company, Inc.",206824,31009,0
101671,2021,Adirondack Bank,955437,70138,518
101738,2021,Great Southern Bank,339578,28586,0
101952,2021,Brady National Bank,158678,12595,0
102333,2021,Wilkinson County Bank,55204,8363,0
102342,2021,RACCOON VALLEY BANK,343525,28566,0
102539,2021,Community Banks Of Shelby County,55560,5703,0
102557,2021,Foundation One Bank,147404,13997,5135
102874,2021,Paper City Savings Association,211543,25897,0
103134,2021,THE BANK OF COMMERCE,73385,7590,0
104234,2021,The Harrison County Bank,135388,13474,0
104542,2021,Marseilles Bank,67616,6528,0
104971,2021,Martinsville First Savings Bank,38898,6566,0
105026,2021,The Farmers Bank Of Willards,445551,45311,0
105473,2021,HOME FEDERAL BANK OF TENNESSEE,2541489,431636,4516
105530,2021,Farmers State Bank,168662,24068,0
106359,2021,First Fidelity Bank,2174836,174882,0
106452,2021,The Pueblo Bank And Trust Company,542289,55154,0
106676,2021,Bar Harbor Savings and Loan Association,103476,12199,0
107244,2021,Bank OZK,27162596,3573471,8995
107459,2021,The Corder Bank,22035,2233,0
107570,2021,First Federal Savings Bank,391221,43222,137
107758,2021,Bonanza Valley State Bank,73899,6093,0
108072,2021,Buffalo Federal Bank,145754,14476,2609
108269,2021,THE FIRST NATIONAL BANK OF MOODY,52076,10319,0
108652,2021,"First National Bank Of Buhl, The",30879,2201,0
108746,2021,MASON CITY NATIONAL BANK,75122,12533,0
108951,2021,Reliabank Dakota,566227,47502,11957
109136,2021,Peoples Bank & Trust,389638,39382,0
109154,2021,FIRST SECURITY BANK,82117,6736,250
109453,2021,BankStar Financial,213971,17749,0
109574,2021,Haverhill Bank,504646,49013,0
109659,2021,First National Bank,270090,25569,0
110413,2021,Sutton Bank,1184813,91408,136
110936,2021,Banco do Brasil Americas,732325,67529,0
110945,2021,United Southern Bank,254367,28340,0
110972,2021,First Federal Savings Bank Of Washington,77021,9210,0
111157,2021,Bank of Lindsay,78040,8578,0
111205,2021,Partners Bank,696040,77403,1249
111942,2021,Fortifi Bank,525258,47902,0
111979,2021,Security State Bank,603303,65935,526
112163,2021,Guaranty Bank & Trust,2741053,260459,5542
112332,2021,First National Bank Of Hartford,125768,18418,0
112444,2021,Jackson County Bank,200252,19577,0
112510,2021,The Baltic State Bank,94790,6218,0
112556,2021,State Bank Of Chandler,52320,6184,0
112837,2021,Capital One-National Association,363521558,26671288,2709620
113003,2021,Stafford Savings Bank,339934,141046,0
113030,2021,Farmers State Bank,140468,19697,0
113441,2021,FARMERS STATE BANK,991484,83763,488
113601,2021,Bank of New England,1073051,164233,0
113740,2021,First State Bank,926882,86016,11035
113937,2021,Merchants Bank Of Alabama,371149,33727,0
114149,2021,PARTNERS BANK OF WISCONSIN,238983,30365,0
114251,2021,F&M Bank Minnesota,147712,10918,0
114260,2021,First National Bank Alaska,4695315,538520,15818
114457,2021,"FIRST NATIONAL BANK AND TRUST, ELK CITY",301489,35282,0
114774,2021,"Abbeville Building & Loan, A State Chartered Savings Bank",57937,17116,7195
114840,2021,First State Bank,383156,35864,1542
114859,2021,First Bank And Trust Company,79992,7655,0
115146,2021,ST ANSGAR STATE BANK,148245,14512,0
115575,2021,Coastal Heritage Bank,929336,88207,0
116358,2021,State Bank of Cold Spring,75571,6548,0
116554,2021,First State Bank,20203,2502,7861
116741,2021,United Bank and Trust Company,195120,26302,0
117038,2021,HNB FIRST BANK,191763,17111,2074
117074,2021,Colonial Federal Savings Bank,336043,47724,0
117458,2021,BankFirst,830237,84650,96
117775,2021,The Southern Bank Company,112345,10773,0
118156,2021,SECURITY BANK & TRUST CO,741406,67654,0
118660,2021,HOME BANK OF CALIFORNIA,201935,24977,0
118736,2021,Bank of Yazoo City,268989,30476,0
119153,2021,THE SECURITY NATIONAL BANK OF ENID,363754,31002,0
119528,2021,The Farmers National Bank Of Emlenton,1027003,76246,75
119779,2021,Cape Cod Co-Operative Bank,1176201,104050,6778
119872,2021,First Seacoast Bank,443496,47222,0
120476,2021,Argentine Federal Savings,55742,7691,0
120542,2021,State Bank Of Chilton,373999,35761,0
120609,2021,Thomaston Savings Bank,1369376,135506,4814
120953,2021,FARMERS STATE BANK,245523,20831,0
121642,2021,BankPlus,4699272,387231,28684
121651,2021,Jonesboro State Bank,438488,43446,0
121914,2021,Community State Bank Of Orbisonia,393190,38664,0
122153,2021,JACKSON PARISH BANK,87912,10886,0
122546,2021,"First National Bank Of Sandoval, The",66242,7333,0
122854,2021,Independent Bank,17747717,1776420,82647
123075,2021,Milton Savings Bank,70660,16185,0
123374,2021,Beauregard Federal Savings Bank,73588,11583,0
124344,2021,Bank of Sun Prairie,491417,57026,421
124830,2021,Bank of Camilla,121324,17472,0
125154,2021,"FSNB, National Association",494549,61649,0
125471,2021,Sterling National Bank,29739853,3198145,11749
125855,2021,Sabine State Bank And Trust Company,1161643,110159,3987
125873,2021,Clay County Savings Bank,133308,11801,145
125958,2021,Lorraine State Bank,26236,3978,0
126012,2021,Champlain National Bank,390451,36413,0
126049,2021,"Connect Bank,Inc.",101382,15189,0
126375,2021,VIDALIA FEDERAL SAVINGS BANK,205940,31807,0
126553,2021,North Shore Bank Of Commerce,362523,37357,25984
126834,2021,Citizens Bank,695184,118577,176
127055,2021,WESTERN NATIONAL BANK,112351,11303,0
127224,2021,First United National Bank,309263,25639,0
128258,2021,WESTERN DAKOTA BANK,48482,3595,0
128904,2021,Eastern Bank,15952528,2259904,1140
129349,2021,FIRST NATIONAL BANK OF STEELEVILLE,239312,30853,0
129358,2021,VALOR BANK,138961,10839,9150
129479,2021,Wheatland Bank,615480,54250,17942
129732,2021,Byline Bank,6383680,616218,7924
129853,2021,Commercial State Bank Of Wagner,198358,21051,0
129910,2021,PEOPLES EXCHANGE BANK,460749,42026,5001
130345,2021,Community State Bank,537722,41595,0
130541,2021,Horizon Bank,5874671,492221,13538
130813,2021,Liberty National Bank,398452,49154,781
131034,2021,Citizens Bank of Florida,452253,38934,0
131173,2021,Guaranty Bank,1142831,111098,11359
131436,2021,FIRST BANK,498965,41808,0
131650,2021,Great Western Bank,12809603,1227380,11638
131717,2021,"Farmers State Bank, Inc.",59201,6514,0
131940,2021,Waldo State Bank,107635,11357,0
132107,2021,Androscoggin Savings Bank,1365796,123778,5919
132451,2021,The First National Bank Of Louisburg,146443,16901,0
132554,2021,mBank,1499686,134069,1639
132778,2021,Homestead Savings Bank,77986,5060,0
132938,2021,Planters & Citizens Bank,127213,12139,0
133579,2021,The Bank Of Bennington,494946,51046,0
133850,2021,First Citizens National Bank,2034249,187605,19787
133971,2021,LISLE SAVINGS BANK,594174,129407,0
134156,2021,FIRST CENTRAL BANK,113644,11783,0
134437,2021,Troy Bank and Trust Company,1146956,108182,501
134455,2021,Tensas State Bank,168935,21150,0
134848,2021,Teutopolis State Bank,283878,35301,568
135836,2021,South Lafourche Bank & Trust Company,146251,15480,0
135854,2021,Heartland State Bank,97492,10457,0
136048,2021,Peoples Savings Bank,107636,9728,0
136338,2021,Merchants & Farmers Bank & Trust Company,436338,48893,0
136459,2021,Gates Banking And Trust Company,55360,5225,0
136655,2021,LYNDON STATE BANK,83028,8000,0
137205,2021,Machias Savings Bank,1843300,214849,3038
137447,2021,The FNB Community Bank,416241,48143,63
137456,2021,The Bank of Beaver City,138605,15084,0
137559,2021,Farmers National Bank,153464,23855,0
137643,2021,West Iowa Bank,145717,19342,0
137652,2021,University Bank,552432,52315,178829
137915,2021,EMIGRANT BANK,6261152,1181531,3798
138051,2021,FARMERS STATE BANK of Aliceville,169408,24803,0
138257,2021,The First National Bank of Aspermont,73747,10395,0
138556,2021,Home Banking Company,104229,9893,0
139133,2021,AmeriFirst Bank,298494,22784,0
139478,2021,Harleysville Bank,874507,79514,720
139553,2021,Mabrey Bank,1452171,112796,0
139656,2021,Equity Bank,4012781,385696,12394
139740,2021,West Bank,3183377,261241,3176
139834,2021,CITIZENS STATE BANK,82919,10755,0
139843,2021,First Farmers Bank And Trust Company,2204345,218701,25358
139955,2021,MAINSTREET BANK,100391,9722,0
140157,2021,Homestead Bank,297302,47101,0
140362,2021,SUNWEST BANK,1914858,204029,640
140634,2021,First State Bank Of Randolph County,91132,7779,0
141211,2021,THE MUNCY BANK AND TRUST COMPANY,531168,51783,0
141341,2021,"Bank Of Carbondale, The",266204,33755,0
141350,2021,The First State Bank,94641,8614,0
141556,2021,"Stearns Bank, NA",2172170,470550,0
141677,2021,First Savings And Loan Association,58184,12710,0
141958,2021,Bank of Gleason,122378,27109,0
142049,2021,Bank 1St,158279,19522,234
142179,2021,Streator Home Savings Bank,167448,42647,0
142955,2021,Spiritbank,712789,69416,2297
143372,2021,Progressive Ozark Bank,147742,13095,0
143662,2021,Umpqua Bank,29231539,2873383,766225
143859,2021,FARMERS STATE BANK,314533,26991,0
143952,2021,The First Bank Of Baldwin,229541,20684,0
144034,2021,BANK OF CLEVELAND,344437,47615,4158
144052,2021,EXCHANGE BANK & TRUST,515413,50439,0
144155,2021,"Sterling State Bank, Austin, Minnesota",447418,32981,0
144678,2021,First Federal Savings And Loan Association Of Lorain,467865,66782,0
144856,2021,First State Bank and Trust,321673,28229,537
144913,2021,THE NEFFS NATIONAL BANK,406818,72195,0
145059,2021,Bank Of Halls,116536,8538,0
145545,2021,FIRST NATIONAL BANK OF WATERLOO,733744,62058,1671
145554,2021,"First National Bank And Trust Company Of Broken Arrow, The",224010,22612,0
145741,2021,Farmers & Merchants State Bank,216646,20273,165
145844,2021,The Fountain Trust Company,528119,49089,0
146056,2021,Allnations Bank,41767,4828,0
146663,2021,SAVINGS BANK OF MENDOCINO COUNTY,1301976,197712,10994
146672,2021,"Flagstar Bank, FSB",31013209,2390378,7097809
147651,2021,Community State Bank Of Canton,52240,5752,0
147679,2021,Glen Rock Savings Bank,281002,32939,0
147857,2021,First Bank Blue Earth,282953,25267,0
147923,2021,Bank Of Ocean City,494559,43720,0
148171,2021,"Golden Belt Bank, FSA",261881,30615,2610
148238,2021,PEOPLES BANK,221767,22060,0
148340,2021,Union State Bank,117265,8577,0
148470,2021,1st Bank of Sea Isle City,266258,27790,0
148715,2021,PBK Bank,139797,16573,0
148809,2021,Rsi Bank,606375,90517,0
148920,2021,THE REPUBLIC BANKING COMPANY,54446,8669,0
149150,2021,CITIZENS STATE BANK,145281,14377,4342
150035,2021,First Farmers And Merchants Bank,1800117,143371,3679
150044,2021,United Bank of Michigan,799610,76268,7063
150156,2021,Union State Bank Of Browns Valley,27737,2540,0
150727,2021,"The Richwood Banking Company, Inc.",894048,74068,4790
151546,2021,Security National Bank,93771,8722,0
151957,2021,First State Bank,701030,72319,5583
152057,2021,BANK OF COMMERCE,195781,19436,0
152253,2021,Castle Rock Bank,237382,32778,0
152431,2021,Longview Bank & Trust,203983,16983,0
152440,2021,CENTRAL STATE BANK,166801,22246,0
153054,2021,The Northwestern Bank,542519,52826,400
153353,2021,PEOPLES BANK AND TRUST COMPANY,738355,65742,1833
154154,2021,The First National Bank & Trust Co,777821,86493,405
154770,2021,MutualOne Bank,994921,183992,587
155759,2021,Cleo State Bank,88559,16082,0
156457,2021,Hometown Community Bank,70403,6559,0
156635,2021,Colchester State Bank,79663,10822,0
156970,2021,Family Bank,126904,13597,0
157155,2021,Thayer County Bank,73919,8126,0
157379,2021,Methuen Co-Operative Bank,109810,10271,0
157650,2021,Minnesota Lakes Bank,157305,10211,0
157744,2021,HOOSIER HEARTLAND STATE BANK,235377,19156,0
157856,2021,FIRST BANK & TRUST COMPANY,60448,7345,0
158376,2021,First Federal Savings Bank of Angola,140605,28007,0
158741,2021,Crossroads Bank,202834,26859,0
159636,2021,WIlson Bank & Trust,3355389,364976,19473
159645,2021,State Bank of Reeseville,121979,10916,0
159953,2021,OKLAHOMA BANK AND TRUST COMPANY,176253,24864,0
159971,2021,"Somerset Savings Bank, SLA",621164,122799,0
160360,2021,Oregon Pacific Banking Co. Dba Oregon Pacific Bank,538199,45133,0
160454,2021,"First National Bank Of Ballinger, The",218619,19715,425
160650,2021,Charter Bank,1120018,122586,1493
160959,2021,KS STATEBANK,2322706,237058,82181
161273,2021,"North Shore Bank, A Co-Operative Bank",1498233,152361,6390
161602,2021,"Canandaigua National Bank And Trust Company, The",3631802,318295,17549
162337,2021,Citizens Tri-County Bank,1061996,93756,2662
163343,2021,Centrebank,95541,11579,178
163549,2021,IncredibleBank,1651034,124514,25030
163857,2021,F&M BANK,561850,56572,13458
164153,2021,Lake Region Bank,140209,12060,0
164331,2021,Logan Bank & Trust Company,301829,26863,0
164377,2021,Sharon Bank,182828,17213,0
164957,2021,Concordia Bank,87644,8679,0
164975,2021,STOUGHTON COOPERATIVE BANK,121866,10830,275
165039,2021,SOUTHCREST BANK NATIONAL ASSOCIATION,712386,58468,0
165628,2021,First Financial Bank,15898051,1452507,41103
165758,2021,NEW MARKET BANK,166727,11107,1978
165806,2021,Bank of Castile,1771267,144448,248
166111,2021,The North Country Savings Bank,299130,42475,0
166531,2021,Bank of Frankewing,363588,36755,0
166652,2021,Alliance Bank,747369,72068,0
166849,2021,Farmers National Bank Of Griggsville,113458,11540,146
167453,2021,Bluff View Bank,123478,22224,0
167752,2021,Marion National Bank,25764,3181,0
168357,2021,"Community Development Bank, fsb",208562,16585,180
168571,2021,Armor Bank,207340,29126,0
169327,2021,"Provident State Bank, Inc",549338,50531,2367
169354,2021,The State National Bank Of Big Spring,451809,46118,0
169653,2021,FIRST BANK,6580061,622962,137274
169756,2021,Western Commerce Bank,555863,44353,0
170257,2021,Haskell National Bank,82952,9058,0
170275,2021,Volunteer Federal Savings Bank,251389,31163,0
170332,2021,First Exchange Bank,314225,29021,0
170640,2021,1st State Bank Of Mason City,28620,3485,0
171133,2021,Eastern National Bank,349708,23792,0
171656,2021,Carson Bank,137059,11025,0
171759,2021,"F   M COMMUNITY BANK, N.A.",162976,16893,0
171768,2021,"SouthStar Bank, S.S.B.",1120556,104728,5558
172251,2021,Randall State Bank,54046,5852,0
172457,2021,THE CITIZENS BANK OF EDMOND,326887,31218,2125
172475,2021,Crest Savings Bank,547567,41479,176
172859,2021,First State Bank,165941,18297,0
173306,2021,National Bank Of Middlebury,485242,39278,2038
173342,2021,Piggott State Bank,108611,8755,0
173557,2021,St. Johns Bank & Trust Co.,327914,30066,0
173575,2021,The Village Bank,1527478,149227,0
173641,2021,The First National Bank Of Russell Springs,265571,30414,0
173959,2021,The First National Bank of Hebbronville,96721,15972,0
174321,2021,Blue Ridge Bank,160912,13340,0
174367,2021,COMMERCE BANK TEXAS,57958,7275,0
174572,2021,Columbia Bank,8784587,852897,4146
175056,2021,Bank of Western Oklahoma,340774,25353,0
175140,2021,Community First Bank,497574,48377,71
175458,2021,BANK OF MEAD,28171,3241,0
175609,2021,BANK OF MILLBROOK,267744,25167,0
176101,2021,ORANGE BANK & TRUST COMPANY,1653658,135034,0
176325,2021,FARMERS & MERCHANTS BANK,225385,20500,0
176437,2021,Bank Of Wrightsville,68198,6258,0
176464,2021,Alliance Bank,1159566,98931,1173
176642,2021,LNB Community Bank,139809,13181,962
177135,2021,First Progressive Bank,31725,8466,0
177443,2021,First National Bank in Taylorville,217213,36233,0
177500,2021,First National Bank of Orwell,83925,7246,0
177555,2021,Corn Growers State Bank,27079,2218,0
177751,2021,Cass Commercial Bank,1242688,161299,0
177920,2021,The Middlefield Banking Company,1391248,128193,878
178150,2021,Laona State Bank,244461,23886,0
178244,2021,Bellevue State Bank,140152,19450,0
178356,2021,Colfax Banking Company,138743,11873,295
178851,2021,Grand Valley Bank,524139,45346,763
179148,2021,Success Bank,216773,23999,0
179335,2021,Bank Of Wiggins,182726,29917,0
179700,2021,CLINTON SAVINGS BANK,629935,69853,151
180144,2021,"Sacramento Deposit Bank, The",123875,12577,0
180443,2021,IOWA PRAIRIE BANK,70893,4023,0
180537,2021,TOWN-COUNTRY NATIONAL BANK,126209,21537,0
180845,2021,ILLINI STATE BANK,143278,16904,0
181963,2021,The City National Bank Of Taylor,230568,23283,0
182353,2021,Bank of Palmer,49090,5109,0
182951,2021,"Classic Bank, National Association",473316,42649,0
183668,2021,The Bank of Hemet,898499,86296,0
183770,2021,Mechanics Cooperative Bank,659783,69520,0
183958,2021,First National Bank and Trust,254628,36685,0
184656,2021,CITIZENS NATIONAL BANK OF HILLSBORO,209918,24728,0
184759,2021,Washita Valley Bank,45466,7537,0
185251,2021,First National Bank,21221,2161,0
185448,2021,SOLON STATE BANK,118237,24188,0
185859,2021,Lindell Bank and Trust Company,540147,67648,0
186221,2021,The Old Point National Bank of Phoebus,1218766,104036,14413
186548,2021,TSB Bank,168038,17647,472
186717,2021,First Northern Bank and Trust Company,831388,106452,0
186744,2021,First Citizens Bank,1531661,171255,5202
187648,2021,Vermont State Bank,29928,3453,0
187947,2021,Bank Iowa,1670163,144009,9669
188056,2021,Northern State Bank Of Thief River Falls,378463,35903,0
188177,2021,Westmoreland Federal Savings And Loan Association,171873,42224,0
188430,2021,"Florida Capital Bank, National Association",475591,58082,104165
188449,2021,PCSB Bank,290779,28513,0
188720,2021,"Farmers Bank Of Appomattox, The",274364,36271,0
188739,2021,Basile State Bank,65535,6648,0
188917,2021,First National Bank of Absecon,165146,16199,0
189044,2021,Commonwealth Bank And Trust Company,1189137,111149,45498
189129,2021,The Commercial & Savings Bank of Millersburg,1031475,86285,1378
189745,2021,Inland Bank and Trust,1288228,156137,64132
189950,2021,First State Bank of Roscoe,128089,13731,0
190563,2021,First State Bank of Texas,206968,20593,0
190648,2021,Iowa Savings Bank,235049,19533,0
190947,2021,FIRST STATE BANK,118950,11300,0
190956,2021,The Wanda State Bank,161262,24315,0
191355,2021,FRONTIER BANK,371935,35589,398
191935,2021,First State Bank of the Florida Keys,1069107,94650,1368
192147,2021,11,467389,54218,1424
192558,2021,First Bank Kansas,496966,41829,1175
192651,2021,PEOPLES STATE BANK OF WELLS,60493,5908,0
192857,2021,BANK OF THE PANHANDLE,194582,22552,1013
193162,2021,The First National Bank Of Tom Bean,143135,12693,1852
193247,2021,Fidelity Bank,112254,11636,34333
193537,2021,Bank Of Dawson,142668,23508,0
193649,2021,The First Trust and Savings Bank,281595,41552,0
193809,2021,Dedham Institution For Savings,1736025,211069,1964
194440,2021,Commercial Savings Bank,223333,17330,647
194570,2021,Heritage Bank of St Tammany,141443,20273,3220
194936,2021,BankSouth,195530,36895,0
195111,2021,Rhinebeck Bank,1128660,110717,2718
195157,2021,The First National Bank Of Sedan,60760,6600,0
195456,2021,First National Bank,88988,7369,0
196752,2021,TriCentury Bank,121767,13542,0
196800,2021,Martha's Vineyard Savings Bank,1036709,116137,8002
197142,2021,Springfield State Bank,363402,52939,0
197254,2021,First National Bank of Spearville,48529,5734,0
197302,2021,Eagle Bank,495647,60057,470
197478,2021,East West Bank,52225880,4662426,1788
197759,2021,FIRST NATIONAL BANK MINNESOTA,367443,34299,97
198073,2021,First Federal Savings And Loan Bank,97584,13455,0
198149,2021,Abbybank,618383,47987,4305
198251,2021,Sherburne State Bank,185991,13773,65
198961,2021,First National Bank Of Bosque County,151902,14180,0
199137,2021,The Warrington Bank,97668,16278,0
199351,2021,Western National Bank,135558,12201,0
199436,2021,Altamaha Bank & Trust Company,232170,21841,0
199463,2021,WESTERN BANK,378444,35057,0
200042,2021,State Bank Of Wapello,41089,5567,0
200378,2021,"Banc Of California, National Association",7867910,938346,1413
200435,2021,Wauchula State Bank,849470,85751,0
201254,2021,Americana Community Bank,139440,10412,0
201834,2021,LAKESIDE BANK,2180015,223108,4258
202514,2021,CUMBERLAND SECURITY BANK,257465,33493,0
202541,2021,Iowa Trust And Savings Bank,214232,20198,0
202907,2021,Community Bank National Association,13738328,1028285,1622
203043,2021,Midwest Heritage Bank,329731,42140,3368
203052,2021,Senath State Bank,95163,12850,0
203575,2021,"Conneaut Savings Bank, The",82243,11088,0
204004,2021,The Provident Bank,12914397,1086589,0
204077,2021,Chesapeake Bank Of Maryland,234691,43798,6074
204237,2021,Magnolia State Bank,188554,20058,0
204826,2021,First National Bank in New Bremen,369134,33601,1137
205243,2021,Farmers And Merchants Bank,402377,53367,0
205346,2021,Farmers Savings Bank,378469,33911,0
205458,2021,State Bank of Taunton,49412,5600,0
205542,2021,Cherokee State Bank,235433,28567,0
206156,2021,Southwest Capital Bank,372408,36352,0
206174,2021,Ambler Savings Bank,444259,56428,0
206473,2021,Equitable Savings and Loan Association,168110,27236,2209
206772,2021,EASTERN INTERNATIONAL BANK,142042,20514,0
206950,2021,Union State Bank,58024,4566,0
207041,2021,The First National Bank of Brownstown,45595,4638,0
207050,2021,West Gate Bank,912511,102007,108322
207452,2021,Grant County Bank,258293,32810,0
207470,2021,First Federal Bank of Ohio,259330,38544,2741
207555,2021,Northwestern Bank N.A.,159864,14807,0
207845,2021,First National Bank and Trust Company,1412929,114625,4691
207872,2021,First Utah Bank,615054,53115,3840
207957,2021,"Citizens State Bank of Tyler, Inc.",29395,2291,0
208057,2021,Vermillion State Bank,708185,87259,0
208244,2021,Old National Bank,22855667,1870617,63250
208347,2021,BENTON STATE BANK,70843,6600,0
208440,2021,Farmers State Bank,124331,13853,0
208459,2021,"Stearns Bank Of Upsala, National Association",81373,13091,0
208570,2021,Universal Bank,423835,60990,0
208655,2021,First Northeast Bank of Nebraska,337260,43668,0
208972,2021,Keysavings Bank,88238,11231,0
209148,2021,The First National Bank Of Carmi,569020,46002,0
209362,2021,"Bank of Whittier, NA",117420,16491,0
209559,2021,FNB Washington,79445,20567,0
209858,2021,InBank,606977,51786,7497
210238,2021,SOUTHEASTERN BANK,537655,53916,0
210256,2021,Wadena State Bank,212186,18246,0
210434,2021,THE NORTHERN TRUST COMPANY,169571085,9998147,0
210779,2021,Peoples Federal Savings And Loan Association,124866,15415,0
211114,2021,"Hyden Citizens Bank, Inc",138416,12505,0
211271,2021,"North American Savings Bank, F.S.B.",2586577,371858,709913
211338,2021,Coffee County Bank,230023,24906,2304
211851,2021,SECURITY STATE BANK OF WANAMINGO,72513,8443,0
212018,2021,Pennian Bank,606829,54443,0
212335,2021,Persons Banking Company,386354,23375,0
212344,2021,Citizens State Bank,109610,21748,0
212465,2021,"MUFG Union Bank, N.A.",132111226,14633853,848520
212522,2021,Somerset Trust Company,1610627,127397,2703
212577,2021,HomeTrust Bank,3679624,371075,118439
213471,2021,"Slovenian Savings And Loan Association Of Canonsburg, Pa",488714,71348,0
213538,2021,BANK OF ABBEVILLE & TRUST COMPANY,195255,30317,103
213912,2021,The Apple Creek Banking Company,179273,12824,0
213958,2021,"CITIZENS STATE BANK OF WAVERLY, INC",97675,7420,500
214106,2021,The Bank Of Greene County,1860315,151140,0
214414,2021,FARMERS AND MERCHANTS STATE BANK,1884051,164322,7740
214722,2021,Chesapeake Bank,1209220,106272,2533
214807,2021,DEUTSCHE BANK TRUST COMPANY AMERICAS,45312000,9275000,0
214843,2021,"First National Bank In Creston, The",382267,30704,0
215345,2021,Manufacturers Bank & Trust Company,417490,53490,1302
215354,2021,Meramec Valley Bank,138878,11263,0
215653,2021,Welcome State Bank,35143,3726,0
215662,2021,American Bank Of Commerce,1220924,103662,19442
215710,2021,The Juniata Valley Bank,792722,63074,0
216164,2021,First State Bank,178237,14947,476
216230,2021,FIRST NATIONAL BANK NW FL,187730,20019,0
216922,2021,FIRST BANK,7290532,682312,48348
217059,2021,First Farmers & Merchants Bank Cannon Falls,417785,46680,5485
218131,2021,CBBC Bank,419427,59005,0
218261,2021,ZAPATA NATIONAL BANK,90170,11769,0
218850,2021,STATE BANK OF ODELL,31200,2568,0
218878,2021,"Security Bank, S.B.",212447,15786,989
219044,2021,Collins State Bank,112018,9490,0
219651,2021,CNB Bank,498276,41026,1655
219679,2021,Carrollton Federal Bank,34703,5356,0
220059,2021,"WNB FINANCIAL, N.A.",501630,49197,46
220527,2021,Peoples Bank,1413741,147198,9139
220844,2021,DENVER SAVINGS BANK,195095,18079,0
220974,2021,First Federal Bank,825172,81598,4378
221775,2021,"Interamerican Bank, A Federal Savings Bank",227519,28893,0
222156,2021,First State Bank Of Wyoming,216202,33645,1221
222446,2021,Denmark State Bank,646420,55654,1405
222558,2021,"Bank Of Baker, The",173797,17207,0
222754,2021,"First Westroads Bank, Inc.",340627,38784,0
223322,2021,The First Bank and Trust Company,2342375,243556,17687
223452,2021,Peoples Bank Of Wyaconda,117438,11680,0
223751,2021,Belt Valley Bank,72557,10268,0
223845,2021,Danville State Savings Bank,164604,19478,0
224954,2021,HEADWATERS STATE BANK,78249,10177,0
225054,2021,Andover State Bank,134282,9928,36
225157,2021,Ultima Bank Minnesota,196579,19903,0
225559,2021,Bank of Bartlett,436016,34464,21205
225942,2021,Heritage Bank,41509,3829,0
226949,2021,Grand Rivers Community Bank,21744,697,0
227151,2021,Union State Bank,540484,48063,0
227357,2021,"Brenham National Bank, The",418686,41693,0
227656,2021,Brighton Bank,54978,3613,3380
227777,2021,Milford Federal Bank,438696,51290,3324
228000,2021,Franklin Savings Bank,489365,115955,588
228055,2021,Farmers Security Bank,67350,6526,0
228158,2021,First Midwest Bank Of Poplar Bluff,491353,46318,779
228279,2021,Crossroads Bank,469765,42905,4883
228345,2021,State Bank Of Newburg,211358,38211,120
229070,2021,First Federal Savings And Loan Association Of San Rafael,222524,41861,0
229173,2021,"Auburn Savings Bank, Fsb",90944,7729,0
229342,2021,State Bank & Trust Co.,196958,16564,585
229454,2021,FIRST STATE BANK OF BROWNSBORO,126099,11458,0
229801,2021,Valley National Bank,40680097,3607625,301427
229913,2021,Mizuho Bank (USA),7380887,1459455,0
230423,2021,THE FIRST CITIZENS NATIONAL BANK,321984,42750,581
230610,2021,Hocking Valley Bank,315173,30531,0
230759,2021,International Bank of Commerce - Brownsville,1329522,189575,0
231279,2021,CHESTER NATIONAL BANK,67363,6197,0
232847,2021,First State Bank Shannon-Polo,192059,16294,0
232856,2021,Texas Bank,613475,73623,0
233031,2021,Regions Bank,146476000,12972000,1898000
233246,2021,First Community Bank,101634,9501,0
233358,2021,Citizens National Bank At Brownwood,249120,28045,193
233442,2021,"Iuka State Bank, The",119401,10114,202
233527,2021,BLUE RIDGE BANK NATIONAL ASSOCIATION,1489199,98751,178598
233554,2021,Western State Bank,1526801,150905,6754
234355,2021,Central National Bank,1145841,117261,22120
234506,2021,The National Bank Of Coxsackie,413444,34859,0
234739,2021,First Volunteer Bank,1191364,130689,380
234841,2021,New Albin Savings Bank,278350,44065,0
235174,2021,Mutual Federal Bank,88491,15241,17098
235231,2021,Union Bank,221921,24067,5000
235316,2021,Rockhold Bank,46453,3227,0
235446,2021,Shelby County State Bank,262772,26797,0
235530,2021,"Resource Bank, N.A.",650866,50737,1629
235558,2021,CITIZENS STATE BANK,25956,2407,0
235950,2021,Johnson State Bank,95563,13638,0
236153,2021,First International Bank & Trust,4165761,332854,8569
236256,2021,Bank Of Brookfield-Purdin National Association,94241,11356,0
236603,2021,"Delaware National Bank Of Delhi, The",341680,33145,0
236706,2021,Peapack-Gladstone Bank,5892261,549575,32108
236957,2021,UPPER PENINSULA STATE BANK,253888,37598,1013
237066,2021,WEST TEXAS NATIONAL BANK,1375929,143110,0
237619,2021,Pioneer Bank,1573030,179036,0
237954,2021,IDABEL NATIONAL BANK,153418,15037,0
238139,2021,First Bank of Manhattan,211207,17874,759
238250,2021,Peoples State Bank,68964,9237,0
238737,2021,"Terrabank, National Association",564774,41753,0
239556,2021,First Bank Upper Michigan,528022,53828,5819
239613,2021,FNCB Bank,1451413,137356,2107
239659,2021,First Bank,536603,62507,30881
239752,2021,First National Bank of Chadron,142416,18355,0
240954,2021,First National Bank of Burleson,229686,21792,0
241009,2021,The First National Bank Of Dryden,193516,19662,0
241157,2021,"Vision Bank, National Association",826936,70529,1319
241559,2021,Columbus Bank and Trust Co,165071,14135,0
241607,2021,Gorham Savings Bank,1384496,131998,0
242257,2021,Peoples Savings Bank Of Rhineland,398668,35145,344
242444,2021,Tri City National Bank,1799416,180887,0
242949,2021,FNNB Bank,96555,7130,0
242958,2021,Baybank,124167,10981,0
242976,2021,Bay-Vanguard Bank,808993,84266,0
243375,2021,Green Dot Bank,3266198,253895,0
243414,2021,"First National Bank Of Bellevue, The",285862,26524,0
243955,2021,PEOPLES BANK & TRUST CO.,80035,7100,0
244037,2021,FRIEND BANK,164980,14003,0
244149,2021,Bank of England,592196,70317,281028
244158,2021,WAYPOINT BANK,325380,34760,0
244251,2021,American State Bank & Trust Company,620072,77380,391
245016,2021,Habib American Bank,1974600,178797,0
245276,2021,ORIENTAL BANK,9776815,956846,43935
245351,2021,Frazer Bank,313596,27160,0
245557,2021,Superior National Bank and Trust Company,666042,52664,0
246022,2021,Bank of South Carolina,532248,52264,12966
246134,2021,First Southern State Bank,643139,58706,0
246237,2021,STATE BANK OF CERRO GORDO,38378,3713,0
246451,2021,Citizens Bank of Rogersville,100246,10887,0
246657,2021,Bank Of Labor,760690,52920,5801
246947,2021,First National Bank of Sparta,93017,10696,0
246956,2021,Alva State Bank & Trust Company,420698,57039,0
247140,2021,One Community Bank,1356056,134574,3574
247355,2021,Security State Bank & Trust,1422506,157142,7451
247476,2021,"Roanoke Rapids Savings Bank, Ssb",78330,18158,1352
247551,2021,High Plains Bank,258794,21319,0
247908,2021,Kennebunk Savings Bank,1548388,159584,2121
248240,2021,Bank Of Springfield,1249736,105142,14084
248352,2021,Western Nebraska Bank,136835,12673,0
248455,2021,FIRST STATE BANK & TRUST,475160,62547,0
248633,2021,First Jackson Bank,346246,36809,0
248745,2021,Oostburg State Bank,303261,33383,296
249416,2021,UNB BANK,156648,14573,0
249612,2021,Apple Bank For Savings,16172133,1110594,0
249658,2021,Rocky Mountain Bank & Trust,85685,8161,0
250430,2021,"First State Bank Of The South, Inc.",116283,17013,0
250476,2021,GN BANK,99678,9850,0
250850,2021,Community Bank,113003,12725,0
251352,2021,"Banccentral, National Association",547766,35011,0
251558,2021,"FIRST NATIONAL BANK & TRUST CO. OF IRON MOUNTAIN, THE",388204,31924,5188
251745,2021,FIRST NATIONAL BANK OF EASTERN ARKANSAS,512152,47814,0
251857,2021,Security State Bank,96955,8318,0
251978,2021,Homeland Federal Savings Bank,387406,36650,1362
252041,2021,City State Bank,577505,45653,4421
252452,2021,PREFERRED BANK,129191,9341,0
252658,2021,COMMUNITY FIRST BANK,235235,22820,0
253356,2021,Moody National Bank,1395233,185673,0
253468,2021,River City Bank,3322054,265750,0
253646,2021,Nsb Bank,228052,18791,622
253730,2021,Sweet Water State Bank,111219,11273,0
253776,2021,First Savanna Savings Bank,11069,681,0
254317,2021,Bank Of Utica,1345414,261608,0
254504,2021,CATTARAUGUS COUNTY BANK,297977,24075,0
254849,2021,First Independence Bank,287416,25803,1711
255350,2021,The Miners State Bank,157574,14521,1159
255547,2021,Community Bank Of Trenton,95116,10620,0
255556,2021,CITIZENS BANK AND TRUST COMPANY,251364,21742,0
255574,2021,Fidelity Bank,973282,156862,123560
255659,2021,Bank of Colorado,5621176,463635,36567
255873,2021,Home Savings Bank,178261,16206,0
256049,2021,Texico State Bank,12084,753,0
256058,2021,AMERICAN NATION BANK,508901,47873,0
256076,2021,Rio Grande Savings And Loan Association,129515,12686,0
256179,2021,Utah Independent Bank,112905,14698,0
256553,2021,Dacotah Bank,3088384,324617,1268
257233,2021,First Bank of Alabama,719747,74188,0
257345,2021,Peshtigo National Bank,258098,23505,0
257578,2021,First Federal Savings Bank,477567,50279,16553
257653,2021,Farmers And Merchants Bank,57841,7792,0
257756,2021,Fms Bank,228948,21855,0
258146,2021,North Adams State Bank,42786,5978,0
258306,2021,The Milford Bank,482224,50479,0
258379,2021,"Taylorsville Savings Bank, Ssb",118580,12823,0
258445,2021,Marine Bank,699706,69274,3276
258539,2021,State Bank Of Cherry,104992,12547,0
258771,2021,HomeStreet Bank,7189782,712533,361932
258874,2021,"Worthington Federal Savings Bank, F.S.B.",90320,13248,0
259059,2021,F&M Bank - Falls City,113958,11333,0
259330,2021,First Us Bank,890407,77510,0
259442,2021,Mound City Bank,420173,46149,249
259956,2021,"State Savings Bank Of Manistique, The",142733,15485,0
260055,2021,Alpine Bank,5174414,444996,26805
260831,2021,The Bank of Soperton,110764,10822,0
260868,2021,"Spirit of Texas Bank, ssb",3085642,279135,1470
261146,2021,Magnolia Bank,519757,55749,184940
261360,2021,Citizens State Bank,776470,79782,0
261940,2021,Anstaff Bank,858489,72750,3064
262059,2021,AVB Bank,469717,44689,0
262237,2021,First Port City Bank,302883,23420,0
262358,2021,American State Bank,499250,38669,285
262741,2021,Farmers Bank & Trust Company,450070,39973,0
262844,2021,Peoples State Bank,900547,87073,0
262956,2021,PEOPLES STATE BANK OF MUNISING,165985,18189,0
263243,2021,"FIRST KENTUCKY BANK, INC.",492295,43550,95
263627,2021,The First National Bank Of Waverly,176369,14562,0
264455,2021,First State Bank,563903,57733,0
264772,2021,Radius Bank,2384977,126797,0
265340,2021,The Farmers Bank Of Milton,301058,36877,0
265407,2021,Bank Of New Hampshire,2014049,177732,7300
265452,2021,The Stockgrowers State Bank,94750,10210,0
265676,2021,CENTRAL BANK,115571,12662,0
266066,2021,First National Bank,247712,32984,100
266244,2021,State Bank,236590,22706,0
266253,2021,Acb Bank,123948,13970,0
266271,2021,TCF National Bank,47767517,4112458,222028
266655,2021,First Bank & Trust of Fullerton,98434,13860,0
266851,2021,Farmers And Merchants Bank Of St. Clair,253779,29124,699
266945,2021,Monticello Banking Company,915696,83223,0
267652,2021,Security State Bank of Aitkin,118628,13319,0
268006,2021,Mascoma Bank,2390697,199808,7278
268136,2021,The Citizens Bank Of Swainsboro,270203,26017,331
268677,2021,Carver Federal Savings Bank,687169,61137,0
268828,2021,Legacy Bank,323586,69192,0
268976,2021,Winchester Co-operative Bank,752219,92508,2832
269049,2021,VisionBank of Iowa,574837,57600,2514
269058,2021,Lake Central Bank,197992,22303,0
269571,2021,Armstrong County Building and Loan Association,91489,13035,0
269759,2021,Farmers And Merchants State Bank Of Appleton,54890,6653,0
270148,2021,State Bank of Whittington,151709,15284,0
270353,2021,Arlington State Bank,60221,5880,0
270504,2021,Community National Bank,917661,77017,130
270531,2021,Brickyard Bank,178536,15133,0
270652,2021,Security State Bank,91261,8984,45
271136,2021,Bank of Louisiana,85808,7047,0
271275,2021,Dean Co-operative Bank,390480,32019,185
271341,2021,Peoples Bank Mt Washington,100138,11271,0
271529,2021,Countybank,567349,39634,15754
272030,2021,The Peoples Bank of Georgia,111221,10750,0
272058,2021,State Bank Of Bellingham,53290,6349,0
272151,2021,"Granger National Bank, The",38084,5776,0
272272,2021,Southern Bank,2609532,263659,2717
272302,2021,Institution for Savings,3964932,446064,0
273336,2021,The Bank Of Tampa,2703533,185423,0
273550,2021,"Citizens State Bank, The",483337,49519,0
273653,2021,Concorde Bank,66877,6319,0
273662,2021,First State Bank Of Uvalde,1887000,180472,216
273840,2021,Community First Bank Of The Heartland,250558,21476,1091
273859,2021,Farmers and Merchants Bank,21112,2080,0
274025,2021,Mt. Victory State Bank,21887,2019,0
274052,2021,"Farmers and Merchants Bank of Mound City, Kansas",44625,3190,0
274548,2021,Northwestern Bank,245976,30771,142
274829,2021,TruPoint Bank,511802,47410,0
274856,2021,Citizens State Bank Of Arlington,122966,14468,0
275255,2021,"BANNER CAPITAL BANK, INC.",211891,19871,4871
275358,2021,American Bank & Trust,1148987,102662,939
275479,2021,Commonwealth Cooperative Bank,191336,28719,0
275657,2021,FIRST STATE BANK,76277,12348,0
276074,2021,Seneca Savings,222608,22248,0
276159,2021,Southwind Bank,145599,15056,0
276551,2021,The First National Bank of Hugo,136152,13551,0
276579,2021,"Zions Bancorporation, National Association",81479376,6579208,81054
276645,2021,American State Bank,253201,23216,0
276654,2021,First Farmers & Merchants State Bank Brownsdale,87281,13876,0
276850,2021,SECURITY FIRST BANK,1305308,101467,0
276953,2021,COMMUNITY BANK,59837,8330,0
277240,2021,First Nation Bank,418768,51399,0
277277,2021,SSB Bank,233962,18753,0
277679,2021,Interstate Federal Savings and Loan Association of McGregor,7992,1693,0
277736,2021,PEOPLES BANK OF THE SOUTH,179466,21475,0
277820,2021,Palmetto State Bank,620899,76973,545
278256,2021,"The Farmers State Bank of Oakley, Kansas",169548,25970,0
278555,2021,"Stride Bank, N.A.",1123488,88149,1782
278733,2021,The Citizens Bank Of Cochran,116576,11213,0
278751,2021,"WESTERN NATIONAL BANK, CASS LAKE",34296,2885,0
278818,2021,Peoples Security Bank And Trust Company,2883391,282104,837
278872,2021,Eagle Savings Bank,160382,24550,14020
279105,2021,Florence Bank,1710853,174084,0
279842,2021,River Bank,820355,83676,0
279954,2021,Citizens Alliance Bank,934293,77194,0
280110,2021,KeyBank National Association,168974607,14538514,1582634
280138,2021,West Central Georgia Bank,137639,34165,0
280352,2021,FIRST BANK,85259,8878,0
280558,2021,The First National Bank Of Cokato,82771,6352,0
282075,2021,Washington Financial Bank,1352346,162072,0
282226,2021,Farmers And Merchants Bank Of South Carolina,416975,48922,0
282824,2021,Elderton State Bank,316471,36127,0
283157,2021,State Bank of Danvers,59806,6650,0
283438,2021,Liberty Bank And Trust Company,766341,71465,6827
283652,2021,"Triad Bank, National Association",203760,20431,1223
283737,2021,First National Bank of Tennessee,1038563,104185,0
283867,2021,Wallis Bank,1162005,91599,0
284154,2021,Oklahoma Capital Bank,167729,29361,0
284239,2021,BANK OF PERRY COUNTY,191897,17183,0
284556,2021,Stockmans Bank,339323,31034,0
284752,2021,Northwoods Bank Of Minnesota,135904,13679,0
284958,2021,FIRST STATE BANK,40147,5060,0
285151,2021,"Colorado Bank & Trust Company Of La Junta, The",181260,17828,0
285348,2021,State Bank,260536,23237,0
285544,2021,Capitol National Bank,199178,16200,10119
285553,2021,THE SECURITY STATE BANK,59486,7498,0
285740,2021,"Paducah Bank And Trust Company, The",784315,82339,3530
285759,2021,Oklahoma State Bank,221735,19586,0
285777,2021,Nokomis Savings Bank,33643,4979,0
285852,2021,FIRST OPTION BANK,514839,39464,0
285928,2021,Peoples Bank The,351908,36268,252
286251,2021,Bank of Vici,36450,4315,0
286457,2021,Park State Bank,222965,17471,178
286840,2021,State Savings Bank,78723,8914,0
287007,2021,The Putnam County National Bank of Carmel,180182,35742,0
287342,2021,The Readlyn Savings Bank,82689,12608,0
287856,2021,THE AMERICAN BANK,34865,6676,0
287922,2021,The Peoples Savings Bank,65537,7863,0
287959,2021,Kansas State Bank,175296,14415,0
288152,2021,FIRST NATIONAL BANK OF FREDERICK,28153,2990,0
288358,2021,"First National Bank And Trust Company Of Vinita, The",284817,24969,52
288376,2021,Pinnacle Bank,275504,30012,0
288853,2021,FIRSTBANK,24404461,1751389,19248
289056,2021,"Northern Interstate Bank, National Association",180701,18554,0
289225,2021,The Union Banking Company,61435,6109,0
289515,2021,Farmers And Merchants Trust Company Of Chambersburg,1534167,130678,9446
289702,2021,Norway Savings Bank,1524188,204261,743
289739,2021,GUARANTY BANK & TRUST COMPANY,251648,30060,0
289757,2021,Merchants State Bank,202377,25648,0
290052,2021,Central Bank of the Ozarks,1719290,148783,7967
290249,2021,Waukesha State Bank,1307608,131424,12378
290838,2021,Merit Bank,155667,16967,636
290922,2021,THE NATIONAL BANK OF ADAMS COUNTY,99556,9469,0
291059,2021,Bank of Hydro,130788,15274,0
291330,2021,First Bank,106694,8906,0
291376,2021,Jackson Federal Savings & Loan Association,41016,9017,0
291611,2021,Hamlin Bank and Trust Company,419317,85582,0
291732,2021,Farmers & Merchants Bank,97424,18829,0
292234,2021,FIRST FINANCIAL BANK,208378,18038,166
292467,2021,POINTWEST Bank,120254,10825,0
292850,2021,FIRST NATIONAL BANK OF WAKEFIELD,55481,4927,0
292908,2021,"Evans Bank, NA",2028161,181916,770
293053,2021,COMMUNITY NATIONAL BANK,1387224,143131,6513
293352,2021,Adrian State Bank,56389,5323,0
293437,2021,The Citizens Bank of Winfield,283477,54731,0
293651,2021,Campbell County Bank,132637,19793,0
293754,2021,State Bank Of Southwest Missouri,166502,10057,2820
294023,2021,First State Bank,602817,55124,3387
294564,2021,First Bank and Trust,3171961,279521,57949
294751,2021,"The City National Bank And Trust Company Of Lawton, Oklahoma",413966,50647,0
294779,2021,TIMBERLAND BANK,1585816,175120,10871
294827,2021,"Pioneer Community Bank, Inc.",134102,17108,0
295011,2021,Greenville National Bank,542104,53370,3219
295057,2021,SECURITY BANK MINNESOTA,152931,14168,0
295646,2021,Farmers State Bank Of Medora,23122,3222,0
296456,2021,Firstbank,531693,43513,0
296474,2021,"HOME SAVINGS AND LOAN COMPANY OF KENTON, THE",141732,36425,1434
296559,2021,Commercial Bank,396315,31522,0
296755,2021,Citizens State Bank,168674,16471,668
296858,2021,First National Bank of Lindsay,80695,8665,0
297051,2021,PATRIOTS BANK,157844,14474,0
297257,2021,Texas Bank Financial,554239,58744,19666
297547,2021,Rowley Savings Bank,17428,1448,0
297631,2021,Crews Bank & Trust,186719,18364,0
297761,2021,Monterey County Bank,205790,20122,3437
298049,2021,IOWA STATE BANK,157497,17184,0
298218,2021,Watertown Savings Bank,824492,105521,111
298245,2021,The City National Bank Of Metropolis,458286,54532,0
299046,2021,Central Bank of Boone County,2770842,195496,6804
299868,2021,Community Commerce Bank,337115,53976,0
300009,2021,Passumpsic Savings Bank,814142,84834,7479
300063,2021,"NEW OMNI BANK, N.A.",570775,74176,0
300157,2021,Valley Exchange Bank,69792,7861,0
300353,2021,"Shamrock Bank, National Association",378759,39180,0
300456,2021,Piqua State Bank,31551,3421,0
300933,2021,Planters First Bank,403069,34275,0
300942,2021,Pioneer Bank,222112,19097,0
300960,2021,Bank Of Idaho,574896,57942,31452
301574,2021,Lake Shore Savings Bank,686391,80634,0
301800,2021,Ulster Savings Bank,1173014,109034,4559
302030,2021,Bank of Belle Glade,131851,10359,0
302133,2021,Camp Grove State Bank,17652,2504,0
302553,2021,Plains State Bank,233220,23528,817
302656,2021,MINNWEST BANK,2297562,235703,0
303653,2021,FIRST STATE BANK OF BURNET,285903,33923,0
303701,2021,Wells River Savings Bank,202195,21125,0
303747,2021,The First Bank And Trust Company Of Murphysboro,83525,7217,107
303952,2021,Farmers Bank Of Northern Missouri,456528,49578,0
304155,2021,BURTON STATE BANK,78984,9148,0
304173,2021,Marquette Savings Bank,1050889,168768,0
304520,2021,Chesapeake Bank & Trust Company,118733,10833,0
304575,2021,Sidney Federal Savings And Loan Association,19650,1262,0
304762,2021,"Security State Bank, The",64649,6095,0
304913,2021,Deutsche Bank Trust Company Delaware,124088,109895,0
305059,2021,"First State Bank, The",37547,3958,0
305077,2021,Peru Federal Savings Bank,171848,21995,0
305237,2021,THE GEO. D. WARTHEN BANK,206573,18132,0
305442,2021,THE NEW WASHINGTON STATE BANK,397005,37175,0
306056,2021,"First National Bank Of Fleming, The",25073,2725,0
306140,2021,Security State Bank,102473,10529,0
306159,2021,American National Bank Of Minnesota,346175,32966,4090
306337,2021,Casey State Bank,368093,36388,437
306908,2021,Jeff Bank,604899,62352,0
307062,2021,Farmers Bank,561087,74344,520
307334,2021,Southern Bank,92644,8822,0
307361,2021,"AMERICAN BANK, NATIONAL ASSOCIATION",535755,48380,0
307679,2021,Bank Of The Pacific,1166802,108808,34906
307932,2021,Catlin Bank,67166,7375,0
308256,2021,CenBank,76548,5439,0
308340,2021,The Bath State Bank,206943,18265,2425
308836,2021,Bank of Bourbonnais,79373,8543,0
309150,2021,The Missouri Bank,402420,41874,0
309655,2021,Regent Bank,885351,72773,0
309851,2021,Root River State Bank,80072,8469,0
310754,2021,American Equity Bank,76628,6982,605
310950,2021,First National Bank In Okeene,79427,13504,0
310978,2021,WaterStone Bank,2181407,370696,402003
311050,2021,American Heritage Bank,1469216,120328,0
311144,2021,Bank of Bearden,79446,6171,0
311256,2021,Granite Community Bank,147458,11400,2601
311265,2021,YOAKUM NATIONAL BANK,219603,32510,0
311603,2021,Dime Bank,988299,115495,1742
311658,2021,The First National Bank of Coleraine,100460,7579,0
311845,2021,ARVEST BANK,24369609,1890305,250423
311939,2021,Washington State Bank,249032,21292,103
312244,2021,First Bank Of Berne,905570,77619,674
312356,2021,The Cornerstone Bank,162067,19480,0
313009,2021,The Upstate National Bank,204592,16340,0
313157,2021,"Seiling State Bank, The",131063,11200,0
313223,2021,OSGOOD STATE BANK,336989,29442,4586
313577,2021,Forward Bank,723809,54328,1413
314257,2021,Deerwood Bank,934746,73473,8518
314444,2021,Fordyce Bank & Trust Co.,199605,21038,0
315656,2021,First Enterprise Bank,196743,20684,0
316840,2021,Republic Bank & Trust Company,6158886,743743,51642
316859,2021,"Exchange Bank, The",129430,13804,0
316934,2021,Buckley State Bank,45527,5279,0
317258,2021,West Plains Bank And Trust Company,509237,51562,353
317342,2021,Stock Yards Bank & Trust Co.,4604281,416540,22547
317379,2021,Home Federal Savings And Loan Association Of Grand Island,349477,38136,144
317650,2021,CITIZENS STATE BANK,60870,4570,0
318639,2021,Bank of Chestnut,18235,1821,0
318835,2021,Pilot Bank,611673,51109,0
318947,2021,Heritage First Bank,174692,17078,807
318974,2021,First Federal Savings and Loan Association,2207305,221439,59147
319047,2021,"Riddell National Bank, The",250195,22982,921
319458,2021,The First National Bank,133370,10001,0
319551,2021,Security State Bank,325321,48199,0
320034,2021,PEOPLES BANK OF GREENSBORO,102334,8613,0
320052,2021,Legacy Bank,792725,42396,0
320070,2021,Valley Central Bank,153663,36999,4341
320119,2021,Israel Discount Bank Of New York,11010035,1100875,0
321152,2021,CITIZENS BANK AND TRUST COMPANY,27250,2680,0
321255,2021,FIRST AMERICAN BANK,31117,3816,0
321273,2021,Newton Federal Bank,852952,61290,0
321330,2021,Farmers And Merchants State Bank Of Bushnell,86575,6257,537
321947,2021,FCN Bank N.A.,681318,63308,11818
322056,2021,National United,752329,73096,0
322449,2021,COMMUNITY STATE BANK,85800,9628,0
322476,2021,WABASH SAVINGS BANK,9233,1040,0
322551,2021,First Security Bank,38453,3041,0
323204,2021,"Lyons National Bank, The",1423001,118112,7455
323651,2021,Gilmer National Bank,243170,32469,0
324153,2021,First National Bank Of Giddings,260573,27114,0
324229,2021,"Waterford Commercial And Savings Bank, The",54182,6850,0
324256,2021,Oklahoma State Bank,59497,5669,0
324340,2021,Choiceone Bank,1921293,152091,12921
324854,2021,Bank Of Crockett,212698,17833,0
324863,2021,THE BANK OF COMMERCE,1579188,211622,3390
324975,2021,Dewitt Savings Bank,124282,15864,0
325141,2021,Farmers Bank,243523,39597,0
325459,2021,First State Bank In Temple,23516,5094,0
325534,2021,BYRON BANK,311047,30473,9457
326054,2021,Silver Lake Bank,343522,34277,0
326344,2021,Peoples State Bank of Newton,521905,51536,0
326858,2021,The First National Bank In Sioux Falls,1504675,175092,783
326979,2021,Greenfield Co-Operative Bank,740007,81233,0
327220,2021,Farmers State Bank,165796,11898,0
327305,2021,Katahdin Trust Company,936410,88422,0
327435,2021,United Southern Bank,680695,58344,187
327556,2021,ANCHOR D BANK,234055,24793,0
327855,2021,CIERA BANK,791321,73049,0
328058,2021,FIRST BANK OF THOMAS,46409,7458,0
328357,2021,"Titan Bank, NA",418541,26695,0
328656,2021,UNITED FARMERS STATE BANK,166611,18845,0
328777,2021,Penn Community Bank,2546878,299174,12527
329149,2021,Bank Plus,131524,12307,0
329345,2021,Generations Bank,699329,64583,275
329550,2021,INSOUTH BANK,385844,35524,0
329952,2021,First National Bank of Granbury,780779,79003,4480
330239,2021,FIRST NATIONAL BANK,340024,51128,0
330248,2021,FIRST NATIONAL BANK OF NOKOMIS,171530,17275,0
330855,2021,The Bank Of Missouri,2505848,240984,19168
330873,2021,Wakefield Co-operative Bank,266640,21234,1044
330949,2021,"Morgantown Bank & Trust Company, Incorporated",230558,19120,0
331076,2021,First Federal Bank Of Wisconsin,338541,73665,1708
331375,2021,BankGloucester,318892,25596,0
331544,2021,Richland County Bank,115422,18827,163
331713,2021,New Tripoli Bank,540244,58025,0
332224,2021,Mechanics & Farmers Bank,309179,23360,0
332345,2021,Oakdale State Bank,23505,2704,0
332402,2021,ENVISION BANK,722995,90037,119112
332671,2021,"Morganton Savings Bank, S.S.B.",112906,25804,0
332756,2021,ADAMS STATE BANK,56957,10023,0
333034,2021,State Bank of Cochran,244644,36278,0
333203,2021,UNION BANK,1092721,75324,32188
333650,2021,The Bank,394605,49428,0
333856,2021,Grandview Bank,301627,27784,0
333940,2021,The First National Bank of Okawville,73312,7808,0
334264,2021,FIRST COMMUNITY BANK,581045,47294,0
334648,2021,Titonka Savings Bank,189393,15897,0
334657,2021,FARMERS & MERCHANTS STATE BANK,99996,8014,0
335346,2021,Partners Bank,328835,28251,0
335355,2021,Two Rivers Bank,138768,18485,1317
336147,2021,"United Citizens Bank   Trust Company, Inc.",134280,14952,0
336361,2021,SANGER BANK,162738,22261,0
336576,2021,"The Equitable Bank, State Savings Bank",301223,31405,15269
336950,2021,Ashton State Bank,19607,1752,0
337247,2021,American Savings Bank,56414,10526,0
337340,2021,Heritage Bank of Schaumburg,148075,12012,0
338646,2021,TrustBank,275623,28012,0
338851,2021,CAMBRIDGE STATE BANK,87769,9101,0
338945,2021,1ST COMMUNITY BANK,66420,6549,0
339072,2021,"Colonial Savings, F.A.",1062282,122714,151514
339353,2021,First Security Bank - Canby,74182,9249,0
339456,2021,First Community Bank,522888,55732,10377
339607,2021,Saco & Biddeford Savings Institution,1105702,128152,271
339773,2021,Needham Bank,2664111,306739,1466
339858,2021,"BOKF, NA",46483210,3756950,236443
339876,2021,First Federal Savings   Loan Association of Aberdeen,46224,7560,0
340135,2021,Bank of Tennessee,1648084,140167,20695
340144,2021,Peoples State Bank,1130783,102161,954
340256,2021,21st Century Bank,600617,69263,0
340443,2021,FIRST NATIONAL BANK IN PINCKNEYVILLE,126956,14665,407
340742,2021,CIBM BANK,743433,80057,42977
340751,2021,First National Bank Of Albany/Breckenridge,603664,70249,0
341310,2021,Walden Savings Bank,736016,64731,3213
342054,2021,Phelps County Bank,458103,30589,1249
342362,2021,First National Bank of Shiner,936747,97231,0
342410,2021,Orrstown Bank,2749743,234677,11734
342634,2021,Trustmark National Bank,16549896,1412015,446951
343051,2021,Bank Of Eufaula,108426,12725,0
343248,2021,FIRST NATIONAL BANK,40355,6101,0
343257,2021,UNITED SOUTHWEST BANK,55450,4050,0
343770,2021,NASHVILLE SAVINGS BANK,75861,8964,1132
343903,2021,Adams Community Bank,727104,56391,0
343958,2021,Currie State Bank,92671,8719,0
344647,2021,"First Bankers Trust Company, National Association",1116868,93338,0
344816,2021,CITIZENS DEPOSIT BANK & TRUST,589651,47470,0
344852,2021,Perennial Bank,133278,10528,0
345309,2021,Chelsea Groton Bank,1445224,203890,4537
345345,2021,"American Bank, National Association",399575,38831,821
345747,2021,State Bank,609282,58688,3074
345756,2021,"First State Bank Of St. Charles, Missouri",489510,63278,197053
345877,2021,Century Next Bank,514482,56931,2853
346379,2021,First Federal Community Bank Of Bucyrus,214021,17507,8694
346566,2021,First National Bank Of South Padre Island,66834,6735,0
346771,2021,First Federal Savings Bank of Champaign-Urbana,203521,17823,2394
347022,2021,FIRST NATIONAL BANK OF SOUTH CAROLINA,240474,26907,0
347639,2021,Devon Bank,396849,26039,15126
347956,2021,"Vast Bank, N.A.",809642,70075,0
348159,2021,Bank Of Bennington,167482,18675,0
348720,2021,Farmers and Merchants Bank,754129,79422,1128
349129,2021,The Commercial Bank,226536,28827,0
349343,2021,Town And Country Bank Midwest,197353,24093,0
350572,2021,1St United Bank,175029,17380,1303
350657,2021,1ST BANK IN HOMINY,42643,3650,0
350750,2021,North Valley Bank,203754,23366,0
351131,2021,Bank Of Brewton,52881,11016,0
351560,2021,Summit Bank,306436,36710,0
351878,2021,Aroostook County Federal Savings And Loan Association,161670,15852,0
352370,2021,Southern Hills Community Bank,172163,24791,0
352651,2021,BOC Bank,124251,10786,0
352745,2021,State Street Bank And Trust Company,274783,23125,0
352772,2021,Banner Bank,14742680,1303590,243795
353238,2021,Central State Bank,404602,40165,0
353546,2021,The First National Bank in Tremont,135085,15501,0
353555,2021,Amarillo National Bank,7058308,609801,22760
353724,2021,The Bank of Fincastle,255942,27597,835
353957,2021,The First Farmers National Bank of Waurika,51520,9623,0
354057,2021,First National Bank of Alvin,165893,17745,0
354253,2021,Sunrise Bank Dakota,61723,6803,0
354310,2021,Univest Bank and Trust Co.,6318888,569821,37039
354552,2021,Community National Bank,547371,46082,0
354851,2021,The State Exchange Bank,70737,8491,0
355120,2021,Carolina Bank & Trust Company,606669,70115,0
355559,2021,"Range Bank, National Association",459316,38689,0
355858,2021,First National Bank,1478932,232675,10166
356239,2021,Citizens State Bank,305058,33825,0
356659,2021,Solomon State Bank,202540,32217,0
356752,2021,The Citizens State Bank Of Ontonagon,63645,10527,0
357151,2021,Stanley Bank,155749,20265,0
357526,2021,Davis Trust Company,173359,18396,0
357553,2021,FIRST PIONEER NATIONAL BANK,221191,26549,0
357777,2021,GREENVILLE SAVINGS BANK,273398,36403,0
357937,2021,Citizens Bank And Trust Company,378022,40957,0
358112,2021,Commercial Bank,183181,18801,0
358448,2021,Mayville State Bank,100484,9788,0
358756,2021,Tampa State Bank,62586,6093,0
359472,2021,Homewood Federal Savings Bank,60867,16546,0
359650,2021,Alden State Bank,23260,2467,0
359744,2021,WHITE STATE BANK,45173,5952,0
360777,2021,"Jackson Savings Bank, SSB",36259,6918,0
361055,2021,CoreFirst Bank   Trust,1045734,93238,0
361167,2021,Southside Bank,7003954,768200,3695
361279,2021,Community Bank,175054,16561,0
361354,2021,Grant County Bank,62689,9125,0
361439,2021,Andrew Johnson Bank,449857,44495,0
362043,2021,The Exchange State Bank,55837,4459,0
362155,2021,The First National Bank of Anderson,200334,20484,0
362717,2021,THE CROGHAN COLONIAL BANK,1026036,104971,255
362856,2021,"The Big Bend Banks, N.A. Dba Marfa National Bank",172518,22147,0
362940,2021,State Bank of St. Jacob,72215,10791,0
363442,2021,SAINTE MARIE STATE BANK,16613,3530,0
363648,2021,Security Trust & Savings Bank,257128,23982,0
363657,2021,The First National Bank Of Bemidji,794515,93374,819
363778,2021,Peoples First Savings Bank,65894,8275,0
364131,2021,Great Oaks Bank,223279,16774,0
364270,2021,"Bankpacific, Ltd.",190478,17710,2707
364430,2021,Bank of St. Francisville,194302,17318,0
364850,2021,First State Bank of Bigfork,88501,9438,0
365325,2021,United Bank,26152624,2669210,718937
365745,2021,Pinnacle Bank,221908,34565,0
365848,2021,Williamsville State Bank And Trust,99085,12918,0
365950,2021,LimeBank,70491,6065,0
366078,2021,Sturgis Bank & Trust Company,643517,53977,6832
366238,2021,Pinnacle Bank,1564805,121662,3016
366247,2021,TEMPLETON SAVINGS BANK,151924,18674,0
366359,2021,First National Bank of Anson,74934,5736,0
366658,2021,First Independent Bank,110592,11939,0
366854,2021,Kendall State Bank,63299,9039,0
367150,2021,COMMUNITY STATE BANK,94826,8719,0
367178,2021,Miami Savings Bank,143477,22746,1508
367431,2021,Citizens Bank Of The South,292487,31598,0
367543,2021,Kentland Bank,332788,43823,0
368054,2021,MASON BANK,130218,21697,0
368344,2021,Farmers Savings Bank & Trust,195233,17729,0
368522,2021,Apollo Trust Company,166802,18511,0
368933,2021,The First  National Bank of Beardstown,145732,16155,36
368951,2021,KAW VALLEY STATE BANK & TRUST CO.,205279,23512,268
369453,2021,Impact Bank,158235,14477,0
369659,2021,The First National Bank of Central Texas,1115852,95626,0
370020,2021,Pendleton Community Bank,515132,41836,29065
370271,2021,E*TRADE Bank,62755565,4199494,1036160
370347,2021,The First National Bank Of Litchfield,106927,13527,0
370721,2021,The Farmers State Bank,215990,24504,1883
370833,2021,CARVER STATE BANK,52273,5340,0
370954,2021,The Cowboy Bank Of Texas,100213,11051,1267
371223,2021,Riverhills Bank,240557,20925,778
371232,2021,First Community Bank And Trust,177665,19715,383
371362,2021,Wellington State Bank,499529,48949,0
371559,2021,Community National Bank of Okarche,121238,17278,0
371755,2021,First National Bank,82186,6862,0
371849,2021,Bank of Yates City,72097,6328,0
371924,2021,Community Bank,1414416,108950,0
371942,2021,Liberty Bank,115189,13382,0
372444,2021,"Litchfield National Bank, The",125325,9666,86
372538,2021,The Evangeline Bank And Trust Company,735532,112926,211
372640,2021,Farmers And Merchants Bank,196973,18744,0
372855,2021,Chisholm Trail State Bank,141382,15596,0
373115,2021,Kentucky Bank,1236230,107805,4427
373272,2021,Compass Savings Bank,51988,4331,0
373553,2021,First Bank and Trust,70349,7808,0
373601,2021,UNION COUNTY SAVINGS BANK,1852488,255796,0
374130,2021,The Citizens Bank,181403,16629,2834
374354,2021,Northern Sky Bank,90566,8373,0
374653,2021,First Premier Bank,2650083,321335,20526
374774,2021,Surety Bank,158984,16022,0
375034,2021,West Suburban Bank,2752735,227607,0
375043,2021,"PEOPLES NATIONAL BANK, N.A.",1492816,120657,16492
375379,2021,North Side Federal Savings And Loan Association Of Chicago,49459,4131,0
375502,2021,The Provident Bank,1504625,182286,0
375566,2021,First National Bank,893078,79519,77561
375650,2021,Menard Bank,78009,5490,0
376237,2021,MERCHANTS & FARMERS BANK OF GREENE COUNTY,90068,7627,235
376273,2021,"North Shore Bank, FSB",2449855,255686,6029
376442,2021,First Bank,611406,62739,1223
376947,2021,Citizens' Bank Of Charleston,156130,25911,0
377663,2021,FANNIN BANK,128716,10318,0
377850,2021,FIRST SECURITY BANK AND TRUST COMPANY,56309,4870,0
377908,2021,Century Bank And Trust Company,6342913,413209,0
378044,2021,COMMUNITY STATE BANK,27574,2760,0
378110,2021,The Peoples Bank,64473,5986,0
379050,2021,State Bank Of Easton,21567,2779,0
379153,2021,The First National Bank Of Evant,117994,10514,0
379470,2021,Canton Cooperative Bank,139306,20212,0
379649,2021,FIRST NATIONAL BANK OF IZARD COUNTY,182240,60354,0
379920,2021,First National Bank Of Pennsylvania,37335270,2881699,153572
380346,2021,Farmers Savings Bank,128680,17728,0
380458,2021,Texas Regional Bank,1513222,115438,7071
380533,2021,Longview Bank,225779,19186,0
380654,2021,State Bank of Arcadia,207409,19439,0
380878,2021,Van Wert Federal Savings Bank,124472,25328,0
380944,2021,The Bank Of Kaukauna,126579,10592,365
381026,2021,"Twin Valley Bank, The",98099,8049,0
381343,2021,Citizens Bank And Trust Company,983992,97526,0
381839,2021,CITIZENS BANK,286332,27146,0
381932,2021,Commercial Banking Company,308329,35281,984
381950,2021,THE FIRST NATIONAL BANK OF SAINT IGNACE,317231,20246,0
382050,2021,CENTRAL SAVINGS BANK,328036,31435,554
382069,2021,International Bank of Commerce - Zapata,442135,71369,0
382256,2021,STANTON STATE  BANK,53865,4839,0
382274,2021,Kentland Federal Savings and Loan Association,3670,532,0
382443,2021,Farmers Trust And Savings Bank,179941,35346,0
382537,2021,The Bank Of Vernon,205878,26895,0
382649,2021,FIRST SOUTHERN BANK,763565,91048,0
382658,2021,PUTNAM COUNTY STATE BANK,245584,31414,0
382742,2021,Bank Michigan,117935,9507,0
382854,2021,Security Bank Of Pulaski County,121678,10292,0
384018,2021,Woori America Bank,2261456,290374,0
384278,2021,First Federal Bank,3058446,292394,477566
384353,2021,The Bank of Steinauer,14335,1266,0
384652,2021,"DALLAS CAPITAL BANK, N.A.",1052625,88091,0
384830,2021,Citizens Bank & Trust Co.,148317,14045,0
385350,2021,Community Bank Of Cameron,146327,12877,0
385471,2021,Madison County Bank,450293,76449,300
385547,2021,The Citizens Farmers Bank of Cole Camp,145360,22012,0
385686,2021,Lusitania Savings Bank,365552,52865,0
386432,2021,Liberty Bank,164410,17738,0
386450,2021,Five Points Bank Of Hastings,410893,45558,0
386731,2021,State Bank & Trust,294685,27947,0
386825,2021,The Citizens National Bank Of Woodsfield,145102,9846,0
386852,2021,Central Bank of Warrensburg,297578,25313,207
387055,2021,"State Bank, The",123315,16521,0
387671,2021,FIRST FEDERAL BANK   TRUST,385054,52329,7685
388155,2021,First Texoma National Bank,209585,21620,0
388258,2021,Marquette Farmers State Bank Of Marquette Kansas,29853,4810,0
388557,2021,Tri Valley Bank,118620,9955,0
388744,2021,Alden State Bank,251030,27276,0
388753,2021,Farmers And Merchants State Bank Of Alpha,48582,4582,0
388874,2021,Gunnison Savings And Loan Association,105287,12813,0
388940,2021,The First National Bank,105162,8448,0
389059,2021,THE TILDEN BANK,91956,8489,0
389358,2021,Security State Bank,191339,21961,0
389376,2021,Tecumseh Federal Bank,48746,10737,0
389826,2021,The Pataskala Banking Company,39374,2694,0
390372,2021,Arundel Federal Savings Bank,441492,66328,671
390840,2021,Union Bank,296463,19402,0
391418,2021,First & Peoples Bank And Trust Company,227297,40991,432
391557,2021,Lakeside Bank Of Salina,46914,5025,0
391575,2021,"United Fidelity Bank, fsb",1402300,109843,0
391959,2021,First Bank of Utica,75306,8501,0
391977,2021,Sturdy Savings Bank,1061680,86069,0
392152,2021,New Century Bank,60174,6328,736
392255,2021,First National Bank,97994,7608,0
392778,2021,CENTURY SAVINGS BANK,560170,68152,689
393252,2021,THE FIRST NATIONAL BANK OF FLOYDADA,136223,11480,0
393355,2021,Bank of Weston,171342,13341,0
393953,2021,"HOMETOWN BANK, NA",780188,85709,0
394156,2021,"Snb Bank, National Association",130947,10919,0
394259,2021,The First State Bank,477934,49923,0
395238,2021,Synovus Bank,54326440,4641711,760123
396057,2021,Independence State Bank,80314,6224,0
396244,2021,"River City Bank, Inc.",369310,46727,2520
396253,2021,First National Bank And Trust Company,314092,39176,0
396356,2021,Olpe State Bank,44189,6357,0
396954,2021,The Pecos County State Bank,331345,26154,0
397456,2021,First National Bank of Fort Stockton,138062,14717,0
397531,2021,AMALGAMATED BANK OF CHICAGO,1082442,93124,0
397540,2021,FIRST NATIONAL BANK OF FORT SMITH,1780316,155006,13353
397559,2021,Dundee Bank,370401,34561,1523
397755,2021,Legacy Bank & Trust Company,538271,48958,0
397858,2021,Spiro State Bank,57481,6135,0
398051,2021,Farmers & Merchants Bank of Ashland,98620,9341,0
398248,2021,The Campbell & Fetter Bank,351877,33560,131
398668,2021,"The Bank of New York Mellon Trust Company, National Association",1397798,465058,0
398837,2021,Copiah Bank,261679,24558,0
399357,2021,McCLAVE STATE BANK,44479,6217,0
399517,2021,Cnb Bank,4709040,408693,8514
399731,2021,Bank Of Erath,110560,13622,0
399973,2021,"First Federal Savings And Loan Association Of Central Illinois, S.B.",156103,16274,0
400057,2021,First State Bank of Purdy,185961,15069,0
400141,2021,"FNB Bank, Inc.",557158,45037,150
400365,2021,"First Commercial Bank, N.A.",445535,35654,2343
400767,2021,Nevada Bank And Trust Company,202806,15649,0
400945,2021,Bank of Gravette,136113,11519,0
401072,2021,Century Savings And Loan Association,99484,13904,0
401559,2021,DNB National Bank,96215,8469,0
401755,2021,THE BANK OF THE WEST,154273,19903,0
401906,2021,Skowhegan Savings Bank,722304,96428,0
401951,2021,State Bank of Ceylon,21642,3299,0
402462,2021,First Bank & Trust,150849,16453,0
402846,2021,Pocahontas State Bank,103062,25642,0
402873,2021,"VERSAILLES SAVINGS AND LOAN COMPANY, THE",62872,11569,0
403067,2021,Beacon Business Bank,155983,17396,0
403151,2021,Cornerstone Bank,1866437,181016,2389
403179,2021,First Federal Savings and Loan Association of Port Angeles,1645362,159842,3753
403254,2021,"Transact Bank, National Association",21153,3578,0
403656,2021,State Bank Of Eagle Butte,80627,6572,0
403870,2021,Iroquois Federal Savings And Loan Association,713399,79599,0
403946,2021,The Park Bank,1249974,121012,9266
404653,2021,Dominion Bank,339591,43712,0
404943,2021,Tri-Valley Bank,70552,7164,0
406022,2021,Woodsboro Bank,321611,24501,1856
406059,2021,The National Bank of Texas at Fort Worth,342970,34363,0
406666,2021,West Texas State Bank,184792,15780,0
406778,2021,Security Federal Bank,62925,9820,0
406974,2021,Brighton Bank,269430,28019,0
407168,2021,First State Bank,148048,13971,0
407506,2021,ION BANK,1661727,149050,0
407645,2021,"Stillman BancCorp, N.A.",553249,45403,3755
407850,2021,Farmers State Bank,23195,3132,0
408307,2021,Athol Savings Bank,516786,64508,0
408642,2021,Bankers Bank,1138423,108416,56343
408875,2021,Axiom Bank,653589,81759,0
409265,2021,SPUR SECURITY BANK,52586,5513,0
410159,2021,ANDES STATE BANK,25792,2634,0
410560,2021,First State Bank,289080,31363,953
410748,2021,Bank Of O'fallon,318470,46082,0
410917,2021,CITIZENS NATIONAL BANK,546901,48473,0
410944,2021,Citizens Bank,56570,4653,0
411062,2021,THE FIRST NATIONAL BANK,210641,17629,0
411174,2021,First Federal Savings and Loan Association,34520,9981,0
411231,2021,Brantley Bank & Trust Company,102406,10847,0
411240,2021,"Old Exchange National Bank Of Okawville, The",90201,8310,188
411473,2021,"Severn Savings Bank, Fsb",949911,122196,36299
411512,2021,Centric Bank,1117496,98889,2166
411549,2021,Table Grove State Bank,49167,5924,0
411576,2021,Mayville Savings Bank,68943,7714,0
411624,2021,Somerville Bank,241112,21703,625
411651,2021,Farmers & Merchants State Bank,155713,19801,0
412153,2021,Nebraska State Bank And Trust Company,285560,25644,0
412452,2021,Community Bank Of Oklahoma,48263,6428,0
412555,2021,SJN Bank of Kansas,218309,16233,0
412667,2021,Sundown State Bank,186592,18628,0
412751,2021,Woodforest National Bank,8243884,622810,0
412845,2021,First National Bank in Olney,388173,41326,0
412872,2021,Farmers And Mechanics Federal Savings Bank,86633,11699,0
413141,2021,First National Bank of America,2955679,288458,0
413208,2021,HSBC Bank USA N.A.,197980343,20679973,336764
413347,2021,First State Bank Of Olmsted,64705,7427,0
413543,2021,Citizens State Bank,150946,17836,0
413646,2021,"First Neighbor Bank, National Association",502572,50718,3687
413673,2021,F&M Bank and Trust Company,139914,13461,1480
413758,2021,Brunswick State Bank,148153,12143,0
414102,2021,Alden State Bank,418232,47657,0
414652,2021,FIRST NATIONAL BANK,142565,16145,0
414764,2021,TEXAS BANK,623534,58774,340
414858,2021,"Incommons Bank, National Association",185663,17009,190
415770,2021,Tempo Bank,93133,8904,0
416245,2021,Busey Bank,10525494,1053910,42813
416272,2021,Abbeville First Bank,94799,7976,0
416339,2021,First Security Bank,94119,7900,0
416357,2021,Chambers State Bank,68337,16715,0
416656,2021,Welch State Bank,294770,31275,0
416674,2021,"KS BANK, INC",485473,42251,0
416973,2021,Brainerd Savings & Loan Federal Association,72390,4592,177
417626,2021,Putnam County Bank,636170,94377,0
417710,2021,"Pinnacle Bank, Inc.",50635,7239,96
418100,2021,SEAMEN'S BANK,482925,45090,0
418249,2021,The Security National Bank of Sioux City Iowa,1304669,125524,624
418436,2021,Peoples Bank Of Macon,23141,2874,0
418856,2021,The State Bank Of Spring Hill,49816,4515,0
419406,2021,Bangor Savings Bank,6063393,439824,95931
419460,2021,CapTex Bank,230623,23294,0
419675,2021,First Bank Richmond,1084261,153325,1987
419947,2021,The Hill-Dodge Banking Company,50299,6126,0
420578,2021,Saint Landry Homestead Federal Savings Bank,224985,50295,0
420644,2021,The Peoples Community Bank,343842,38502,3760
420653,2021,VALLEY STATE BANK,188272,16741,0
420877,2021,FIRST FIDELITY BANK,120030,10573,0
421445,2021,First National Bank of Raymond,169957,16674,0
421539,2021,First Peoples Bank of Tennessee,187000,15036,0
422059,2021,KansasLand Bank,54012,4648,0
422116,2021,Bank of the Mountains,75789,8179,0
422433,2021,First Guaranty Bank,2468461,209507,0
422657,2021,Security First National Bank Of Hugo,127171,10469,0
423159,2021,Mccurtain County National Bank,311188,36959,0
423449,2021,"The Farmers Bank, Frankfort, Indiana, Inc.",702470,73348,1401
423636,2021,UBANK,78620,9537,0
423739,2021,Morris Bank,1248320,131397,5555
423841,2021,Wenona State Bank,41295,5069,0
424156,2021,Stockgrowers State Bank,164815,19446,0
424240,2021,Citizens First National Bank,250685,24108,0
424352,2021,ANAHUAC NATIONAL BANK,236453,21941,0
424437,2021,campus state bank,22200,2460,0
424633,2021,Wilcox County State Bank,129921,13492,0
425050,2021,Farmers and Merchants State Bank,34947,3239,0
425108,2021,Rondout Savings Bank,438165,43965,4560
425818,2021,United Cumberland Bank,344800,41375,372
425845,2021,Security State Bank,262220,26954,0
425911,2021,Ephrata National Bank,1461307,133505,3030
426057,2021,Spectra Bank,91050,4465,0
426141,2021,First State Bank Of St. Peter,30995,5073,0
426534,2021,Heartland Bank and Trust,3663774,351904,14713
426758,2021,"Bank Of Salem, The",122244,10534,0
426945,2021,BANK OF MILTON,164826,14156,398
427241,2021,The Friendship State Bank,462548,40854,0
427353,2021,FIRSTAR BANK,788354,59624,14323
427858,2021,Evergreen National Bank,137525,11567,0
427960,2021,Twin River Bank,119205,10696,1220
428060,2021,Central National Bank,1129950,94088,1068
428462,2021,IRELAND BANK,297748,29030,0
428547,2021,"St. Charles Bank & Trust Company, N.A.",1799200,153704,0
428855,2021,The Seymour Bank,173847,19084,0
429021,2021,QUEENSTOWN BANK OF MARYLAND,576950,67998,0
429487,2021,Sound Community Bank,861615,89423,11604
430036,2021,Robertson Banking Company,373358,34606,0
430054,2021,Main Bank,208102,17713,0
430344,2021,Community Bank,258206,34685,0
431172,2021,Pacific Premier Bank,19738183,2081916,601
431323,2021,The Peoples National Bank,168814,13166,0
431350,2021,The Bank of Commerce and Trust Company,95192,7716,0
432058,2021,FREEDOM BANK (FKA) BRUSH COUNTRY BANK,61935,6336,0
432432,2021,Phenix-Girard Bank,234399,33031,318
433505,2021,Bath Savings Institution,1113083,163007,8088
433550,2021,Bank of Ripley,264619,35278,0
433608,2021,Tompkins Trust Company,2375753,196522,2499
433859,2021,Fowler State Bank,102143,13788,0
433943,2021,Washington State Bank,421085,44762,34617
434203,2021,"First Hope Bank, A National Banking Association",634155,51187,3587
434539,2021,F&M BANK,279585,32573,0
435059,2021,Ennis State Bank,284884,26855,588
435077,2021,"MetaBank, N.A.",7271739,525956,133659
435255,2021,Security State Bank,237149,23688,0
435666,2021,Security Bank Of Crawford,87627,7705,0
435750,2021,FIRST STATE BANK,1345450,116639,14472
436159,2021,FirstBank,11191562,1138274,899173
436542,2021,Waukon State Bank,341941,37397,220
436739,2021,"BankChampaign, N.A.",256788,24620,401
436953,2021,Sullivan Bank,628718,59120,3605
437044,2021,THE WATKINS SAVINGS BANK,83602,12535,0
437914,2021,Wilmington Savings Fund Society,14298695,1283022,197541
438434,2021,The Citizens Bank of Fayette,209859,40707,0
439132,2021,GLENNVILLE BANK,311937,31477,0
439338,2021,United Community Bank,3181671,263830,17580
439356,2021,ELKHORN VALLEY BANK & TRUST,916359,109139,2965
439404,2021,First National Bank,2326590,191108,5855
439730,2021,State Bank of Bement,115317,12442,0
440857,2021,America's Community Bank,31650,3790,0
440978,2021,Kingstree Federal Savings And Loan Association,39835,5736,0
441050,2021,FALLS CITY NATIONAL BANK,455857,54983,0
441078,2021,Community Partners Savings Bank,227169,24530,0
441135,2021,Citizens Bank of Chatsworth,40142,3261,0
441256,2021,First Dakota National Bank,2152454,192168,12937
441359,2021,MARIES COUNTY BANK,528125,76413,93
441434,2021,FNB BANK,795734,77151,0
441470,2021,First Federal Savings And Loan Association,25830,2182,0
441630,2021,Bank of Dade,129151,13157,0
442011,2021,Generations Bank,373874,31941,0
442057,2021,The Citizens State Bank   Trust Co,60209,4489,0
442244,2021,Northeast Security Bank,334736,34862,231
442655,2021,The First National Bank In Falfurrias,87862,7672,0
443148,2021,Bippus State Bank,220130,24595,1526
443205,2021,Union Savings Bank,2735497,300377,1843
443353,2021,Unity Bank,591843,47372,0
443625,2021,The Ottoville Bank Company,87421,17402,0
443634,2021,Scott State Bank,183850,25523,78
444350,2021,FIRST TEXAS BANK - GEORGETOWN,806105,63469,0
444556,2021,POINTS WEST COMMUNITY BANK,789027,67509,0
444677,2021,"Black Mountain Savings Bank, Ssb",42077,5183,0
445674,2021,Pioneer Federal Savings & Loan Association,101224,17405,0
445955,2021,First National Bank of East Texas,433840,45008,0
446130,2021,Farmers And Merchants Bank,214737,24601,0
446149,2021,"Peoples Bank, The",92048,8157,0
446176,2021,Fidelity Federal Savings And Loan Association Of Delaware,121582,22800,0
446877,2021,McHenry Savings Bank,260421,22142,0
447070,2021,Hoyne Savings Bank,526894,90567,0
447100,2021,Cornerstone Bank,1345339,115871,0
447557,2021,Citizens State Bank of La Crosse,403491,34332,1436
447874,2021,Islanders Bank,346512,26983,0
448040,2021,Oxford Bank,698124,53292,475
448554,2021,SAGE CAPITAL BANK,486792,49020,0
449038,2021,"Citicorp Trust Delaware, National Association",24434,23425,0
449430,2021,22Nd State Bank,213967,20510,0
449832,2021,MARION BANK AND TRUST COMPANY,294070,31228,0
449935,2021,Country Trust Bank,31185,27469,0
450632,2021,First National Community Bank,324956,36675,997
450669,2021,The First National Bank of Ely,139174,11951,0
450753,2021,Fayetteville Bank,639565,65177,0
450856,2021,Union Bank And Trust Company,5755847,534798,49276
450959,2021,Security Financial Bank,624141,51102,359
451068,2021,2110,689522,59867,12183
451246,2021,Wayne Bank and Trust Co.,192228,20620,3980
451273,2021,Geddes Federal Savings And Loan Association,587587,92860,10000
451965,2021,"Wells Fargo Bank, National Association",1767808000,150168000,34944000
452159,2021,American Bank And Trust Company,307662,30583,0
452739,2021,The Claxton Bank,137099,13953,0
452841,2021,SPRING VALLEY CITY BANK,214623,28652,0
453147,2021,BANNER BANKS,113360,12598,0
453446,2021,EAGLE BANK AND TRUST COMPANY,458393,62395,66107
453839,2021,First State Bank Of Bloomington,146212,11071,0
454546,2021,The Peoples State Bank,368068,34540,3304
454658,2021,The Pauls Valley National Bank,277673,27520,0
454676,2021,BankFinancial NA,1596342,160236,0
454975,2021,Massena Savings And Loan,178739,23016,0
455150,2021,The Payne County Bank,193948,32840,0
455253,2021,5STAR BANK,402970,42638,0
455459,2021,Fort Davis State Bank,101167,8850,0
455477,2021,Southfirst Bank,89161,9233,0
455552,2021,Farmers And Merchants Bank,916302,80344,0
455945,2021,Bank of Delight,157473,19481,0
455972,2021,Peoples Bank,2435832,230068,29525
456045,2021,Centennial Bank 0275,16366379,1804392,114840
456054,2021,Minden Exchange Bank & Trust Company,162984,31296,0
456250,2021,Bank Of Saint Elizabeth,184463,17840,3268
456344,2021,Hart County Bank And Trust Company,31289,6656,0
456755,2021,Exchange Bank and Trust Company,345139,34210,1784
457060,2021,SPRING HILL STATE BANK,206689,26475,0
457220,2021,The Farmers Savings Bank,318145,74418,0
457426,2021,ENTERPRISE BANK OF SC,394364,31744,0
457752,2021,Coulee Bank,446368,40351,0
458142,2021,HORATIO STATE BANK,240227,28836,0
458544,2021,First Service Bank,446710,47686,6715
458665,2021,The First National Bank Of Stanton,263785,25246,0
458946,2021,Bank of Cashton,123844,11339,0
459130,2021,Gulf Coast Bank,478696,58104,0
459354,2021,THE CENTRAL NATIONAL BANK OF POTEAU,305738,28952,0
459372,2021,UNITED SAVINGS BANK,411157,63552,544
459644,2021,First Community Bank of Moultrie County,101014,9264,0
459671,2021,MANASQUAN BANK,2224017,177705,255
460033,2021,COMMUNITY BANK OF MISSISSIPPI,3905652,301852,47317
460275,2021,Second Federal Savings   Loan Association of Philadelph,23028,5762,0
460332,2021,Municipal Trust And Savings Bank,328429,46311,0
460350,2021,FIRST SECURITY BANK,72433,5837,0
460556,2021,The State National Bank Of Groom,41756,4258,0
460770,2021,Home Savings Bank,129341,18286,0
461058,2021,Farmers State Bank,153836,13287,0
463203,2021,Brunswick Bank and Trust Company,314945,39321,0
463342,2021,Wisconsin Bank and Trust,1267488,111985,0
463605,2021,PEOPLES TRUST COMPANY OF ST. ALBANS,337227,35171,2855
463650,2021,Adams Bank & Trust,1031773,99235,7920
463735,2021,Hancock Whitney Bank,33609269,2607215,136063
463977,2021,Kennebec Federal Savings & Loan Association,86622,9002,3674
464255,2021,Dakota Prairie Bank,117012,12062,0
464853,2021,BANK OF CORDELL,37732,4552,0
465038,2021,FIRST NATIONAL BANK OF BROOKFIELD,262939,24579,0
465243,2021,The Garrett State Bank,296732,28272,0
465524,2021,Bank Of Greeleyville,106057,11736,0
465618,2021,The Honesdale National Bank,811587,109303,2732
465672,2021,Tomahawk Community Bank s.s.b.,179748,21149,0
466044,2021,RELIANCE STATE BANK,259077,23278,511
466240,2021,First Arkansas Bank And Trust,882983,111535,1825
466754,2021,The Bank of Fayette County,729599,66594,3685
466857,2021,Happy State Bank,5636821,598308,37280
466932,2021,Community Neighbor Bank,122045,15410,677
467144,2021,Hustisford State Bank,66566,10557,0
467265,2021,The First National Bank of Tahoka,57178,5450,0
467470,2021,Central Federal Savings And Loan Association,196159,19361,0
467658,2021,Commercial Bank & Trust Company,999777,87605,4470
467733,2021,Union State Bank,248782,15880,0
468673,2021,The Home Loan Savings Bank,249038,27943,1834
468806,2021,Northeast Bank,1234092,183578,161
469250,2021,Prescott State Bank,14597,2203,0
469559,2021,Jones Bank,357337,38006,0
469737,2021,The Commercial Bank,307519,26727,0
470032,2021,COMMUNITY SPIRIT BANK,167400,16627,0
470050,2021,"First Financial Bank, N.A. Abilene",10870448,1051255,83969
470434,2021,THE PEOPLES BANK OF RED LEVEL,17052,1897,0
470452,2021,ARMSTRONG BANK,2234518,182968,7853
471057,2021,The First State Bank Of Ransom,47821,9717,0
472018,2021,THE SALYERSVILLE NATIONAL BANK,123501,17232,0
472045,2021,Home State Bank,47611,13932,0
472148,2021,First State Bank of Van Orin,43269,4008,0
472250,2021,BOELUS STATE BANK,17921,2564,0
472531,2021,The Samson Banking Company,98582,12076,0
472616,2021,First National Bank Of Scotia,596844,43906,0
472643,2021,Farmers And Merchants Bank Of Kendall,79566,12145,0
472951,2021,Siouxland Bank,80317,5980,375
472979,2021,"Roxboro Savings Bank, Ssb",263376,52238,2652
473042,2021,"South Central Bank,  Inc.",1496707,136917,8525
473257,2021,Valley Bank Of Kalispell,166848,15569,1453
473266,2021,Texas First Bank,1729265,151726,12006
473501,2021,Berkshire Bank,12831337,1148205,17748
473930,2021,The Cottonport Bank,424364,50109,155
474058,2021,The First National Bank in Trinidad,247457,26045,0
474245,2021,Villa Grove State Bank,75936,8771,0
474254,2021,BROADWAY NATIONAL BANK,4772243,412139,2752
474357,2021,COUNTRYSIDE BANK,95779,14217,0
474450,2021,Rivers Edge Bank,232755,19125,0
474544,2021,Citizens Savings Bank,75973,5390,0
474656,2021,Corebank,76000,7967,0
474759,2021,"Sunflower Bank, National Association",4982301,468823,193963
474777,2021,Our Community Bank,70578,7719,0
474919,2021,"Fulton Bank, N.A.",25756621,2529802,83886
475345,2021,Huron Community Bank,258049,26451,1434
475354,2021,Farmers State Bank,559711,45443,3717
475653,2021,Mountain Valley Bank,296251,25222,1576
475756,2021,Bank Of The Rockies,192226,16922,375
476342,2021,Citizens First State Bank Of Walnut,55183,4610,0
476445,2021,Bank of Lake Village,71130,8730,0
476472,2021,Community Savings,55651,7415,0
476539,2021,Bank of Commerce & Trust Co.,400672,40448,0
476810,2021,"Citibank, N.A.",1646864000,144962000,6243000
477303,2021,Woodsville Guaranty Savings Bank,590181,47955,137
477321,2021,Consumers National Bank,753631,61700,4770
477349,2021,Bank Of Lake Mills,261622,31336,11157
477376,2021,Farmington State Bank,14897,4650,0
477639,2021,SunSouth Bank,122092,8761,0
477648,2021,Farmers State Bank,293209,37639,132
477844,2021,County Bank,198389,18291,781
478140,2021,Murphy-Wall State Bank And Trust Company,150443,15053,0
478195,2021,Bank Of The Valley,362349,29968,0
478252,2021,Legacy Bank,442937,56994,0
478430,2021,First Bank Of Linden,89772,11701,0
478533,2021,LENA STATE BANK,94398,10962,0
478766,2021,Liberty Bank,288188,35555,0
479071,2021,State Bank Northwest,196864,19825,0
479268,2021,Bank Of Stockton,4310962,591526,0
479370,2021,High Country Bank,365364,34560,2050
479446,2021,CITIZENS STATE BANK OF LOYAL,266386,28576,0
479567,2021,First National Bank of Trinity,70811,6700,0
479754,2021,Commercial State Bank,160003,14868,485
479839,2021,Tennessee State Bank,835446,76641,0
480059,2021,Park State Bank & Trust,123576,11985,0
480228,2021,"Bank of America, NA",2258832000,164593000,9053000
480246,2021,Washington State Bank,69452,6560,0
480330,2021,The Lemont National Bank,59125,3418,0
480433,2021,First National Bank In Deridder,380436,30294,212
480723,2021,1St National Bank,259629,21002,25264
480853,2021,McKenzie Banking Company,166867,17735,0
481159,2021,Valley Bank Of Commerce,215817,19913,0
481177,2021,Landmark National Bank,1184750,118174,15533
481430,2021,American National Bank,412331,47640,0
481579,2021,Custer Federal State Bank,114942,13672,656
481627,2021,"Citizens Bank Of West Virginia, Inc.",321914,34329,0
481748,2021,Sloan State Bank,62327,6726,0
481944,2021,The Farmers State Bank and Trust Company,233075,26504,1170
482053,2021,Citizens State Bank,419186,43984,64
482156,2021,Farmers Bank & Trust,987109,168441,128329
482370,2021,North County Savings Bank,60164,5035,0
482446,2021,JERSEY STATE BANK,179632,22067,351
483274,2021,First Savings Bank of Hegewisch,746523,110114,0
483537,2021,PNB Community Bank,120307,12289,0
483751,2021,Labette Bank,464970,46948,0
484057,2021,Marion State Bank,124584,16410,0
484141,2021,Community Trust Bank,96794,11768,0
484776,2021,"Viking Bank, National Association",230230,21917,0
485054,2021,Bank Of Elgin,64100,8913,0
485139,2021,State Bank & Trust Company,124375,14237,0
485214,2021,Farmers Bank,193762,19099,0
485456,2021,Kaw Valley Bank,329690,34359,0
485559,2021,First Horizon Bank,83885052,6832272,1021718
487142,2021,Bank Of Kampsville,119784,20057,0
487357,2021,Town & Country Bank,624504,63501,156
487843,2021,The Village Bank,102000,9180,0
488318,2021,BNY Mellon Trust of Delaware,165029,39878,0
488420,2021,"Fayette County National Bank Of Fayetteville, The",106225,12352,277
488653,2021,"National Bank Of Andrews, The",238110,22635,0
488756,2021,First State Bank,146366,20155,0
489155,2021,Citizens State Bank,38127,3168,0
489249,2021,Kinmundy Bank,54833,5752,0
489548,2021,"First State Bank and Trust Company, Inc.",441425,50191,0
489623,2021,The Park National Bank,9249291,782148,31666
490179,2021,Pulaski Savings Bank,50137,3708,0
490348,2021,The State Bank Of Toledo,140936,10903,0
490450,2021,North Dallas Bank & Trust Co.,1477860,165095,4032
490843,2021,"CARROLL COUNTY TRUST COMPANY OF CARROLLTON, MISSOURI",165514,17682,0
490955,2021,The Walton State Bank,9911,717,0
491224,2021,FIRST-CITIZENS BANK & TRUST COMPANY,49883318,4276870,124837
491402,2021,Franklin Savings Bank,632201,58755,0
491653,2021,THE COMMERCIAL BANK,67037,5641,0
491934,2021,Colony Bank,1760944,151923,52386
492650,2021,EXCHANGE BANK,1141747,106405,11237
492810,2021,Owingsville Banking Company,76478,7229,0
493077,2021,First Mutual Bank,93477,7321,0
493152,2021,FLATWATER BANK,216772,22514,0
493741,2021,ALLIANCE BANK,350936,41354,730
493844,2021,Franklin Bank & Trust Company,639581,73667,0
494261,2021,Pacific Western Bank,29454911,2673960,0
494654,2021,"American Bank, N.A.",133185,14154,0
495419,2021,Citizens Bank of Kentucky,737458,74234,0
495558,2021,First New Mexico Bank of Silver City,132442,14726,754
496434,2021,The First National Bank,38685,5394,0
496845,2021,Bank & Trust Company,417487,38272,0
496957,2021,The Farmers State Bank Of Turton,31746,3878,0
497039,2021,Commercial Bank,1612835,150269,0
497404,2021,"TD Bank, N.A.",401511800,28544182,459568
497570,2021,Luther Burbank Savings,6903054,729054,0
497655,2021,First State Bank,166287,17151,0
497851,2021,Security Bank,228869,21149,1278
497954,2021,Texas National Bank,458329,36960,801
498148,2021,FOCUS BANK,810817,86850,2136
498317,2021,The Ohio Valley Bank Company,1171756,120989,70
498362,2021,American National Bank & Trust,1084599,113525,7731
498456,2021,First State Bank,42536,3194,0
498531,2021,EVABANK,433518,97157,0
498625,2021,"Calhoun County Bank, Inc.",167818,16246,0
498942,2021,CLAY COUNTY STATE BANK,95607,11689,0
499154,2021,Home Loan State Bank,185171,12412,0
499453,2021,FIRST STATE BANK,755752,64363,879
499501,2021,Maine Community Bank,977414,124727,0
499743,2021,Heritage Community Bank,175108,15363,1137
499752,2021,Bank of the Southwest,191908,14208,0
499855,2021,Southwest National Bank,517620,46183,0
500256,2021,The First National Bank Of Mertzon,455015,37788,0
500658,2021,Pavillion Bank,80841,10113,0
501105,2021,Manufacturers and Traders Trust Company,142219684,11550462,1057443
501132,2021,West Alabama Bank & Trust,735631,84822,0
501459,2021,Royal Banks Of Missouri,864812,97867,0
501655,2021,Wilson State Bank,105669,8068,0
501767,2021,First National Bank of Winnsboro,141701,29044,0
501815,2021,Luzerne Bank,528223,40206,0
502111,2021,National Bank Of New York City,203725,35632,0
502447,2021,Fredonia Valley Bank,97009,14419,0
502559,2021,The Gunnison Bank and Trust Company,156656,14050,276
502652,2021,Bank3,336672,30345,3323
502746,2021,Community State Bank,331662,32644,0
502849,2021,Banterra Bank,2294776,185729,1347
503547,2021,THE FAIRMOUNT STATE BANK,51009,6745,0
503640,2021,Neighbors Bank,80491,9921,16390
504142,2021,Chillicothe State Bank,137977,11300,0
504311,2021,The GenoaBanking Co,475887,36635,8894
504535,2021,FIRST STATE BANK OF DEKALB COUNTY,248248,22432,0
504647,2021,International Bank Of Amherst,87176,11081,0
504713,2021,U.S. Bank National Association,544774160,44600073,8761159
505550,2021,Hiawatha National Bank,515312,41743,806
505916,2021,The First National Bank Of Germantown,76254,6246,0
506249,2021,Central Bank of St. Louis,2325562,206340,25502
506922,2021,SANDY SPRING BANK,12784021,1199571,78294
507068,2021,Exchange Bank,3132187,298425,5433
507152,2021,"Quail Creek Bank, n. a.",766740,72056,0
507349,2021,Farmers State Bank,58958,6262,0
507509,2021,Newtown Savings Bank,1573156,121817,7426
508270,2021,Glen Burnie Mutual Savings Bank,103672,7948,0
508346,2021,Hawthorn Bank,1724992,175384,5099
508355,2021,AmeriState Bank,314454,31801,0
509811,2021,"COMMUNITY TRUST BANK, INC.",5108793,605607,23259
509857,2021,Fmb Bank,39757,3433,0
509950,2021,First United Bank And Trust Company,10499021,866468,288413
510330,2021,F&M BANK,323270,48123,0
510648,2021,American Bank Of Beaver Dam,186397,17115,0
510871,2021,FirstBank of Puerto Rico,18778630,2211251,50289
510938,2021,Midamerica National Bank,480385,48282,62
510947,2021,Farmers State Bank & Trust Co.,105504,9211,0
511832,2021,Wayne County Bank,350667,49169,0
513256,2021,First National Bank Of Las Animas,489376,50908,0
513322,2021,Dedicated Community Bank,84627,7108,0
513340,2021,Commercial Bank,547227,48835,0
513546,2021,The Farmers & Merchants National Bank,229235,23300,1435
513854,2021,First State Bank,80633,6362,0
513920,2021,The Marblehead Bank,53505,5267,0
514048,2021,Cornerstone Bank,431453,39188,720
514057,2021,Nebraska State Bank,17989,2321,0
514066,2021,Montecito Bank & Trust,1952638,176321,7480
514132,2021,Citizens Bank,474845,46319,2620
514356,2021,First Summit Bank,26027,3587,0
514655,2021,"TEXAS GULF BANK, N.A.",666042,72119,0
514936,2021,Rabun County Bank,222639,24290,0
515054,2021,Tri-State Bank of Memphis,102627,7733,0
515979,2021,Pee Dee Federal Savings Bank,35171,6387,0
516154,2021,FARMERS AND MERCHANTS BANK,128261,14237,0
516855,2021,Security Bank,669959,72728,0
516873,2021,Sunnyside Federal Savings And Loan Association Of Irvington,97884,11335,0
517049,2021,CHAMBERS BANK,1068780,97648,4123
517357,2021,Blue Sky Bank,449777,43597,0
517441,2021,"Bank Of Brodhead, The",235401,28588,0
517674,2021,First Federal Bank of Louisiana,1165864,115441,0
518037,2021,PEOPLESSOUTH BANK,939930,82863,0
518176,2021,Rayne Building and Loan Association,58147,15677,549
518354,2021,PARK BANK,64738,9565,1868
518877,2021,GREATER STATE BANK,106591,8438,0
519146,2021,First State Bank of DeQueen,305164,27599,0
519360,2021,Mission National Bank,222427,37464,0
519445,2021,PEOPLES BANK,97266,8325,0
519874,2021,Lamont Bank Of St. John,62561,7724,0
520003,2021,Northfield Savings Bank,1214080,130002,212
520423,2021,The Fahey Banking Company,287105,50252,215
520777,2021,Community Savings Bank,433303,65692,0
521064,2021,SANTA ANNA NATIONAL BANK,53178,5737,0
521158,2021,"Southtrust Bank, N.A.",473353,45808,0
521804,2021,Mahopac Bank,1462936,122392,427
521952,2021,Stroud National Bank,85299,9655,0
521970,2021,Big Horn Federal Savings Bank,315500,29607,757
522034,2021,The Commercial Bank of Ozark,117366,8390,0
522454,2021,FIRST STATE BANK,73126,8224,0
522605,2021,Bar Harbor Bank & Trust,3724842,325956,24090
522669,2021,HomeBank Texas,256320,24647,0
522753,2021,Mcbank,373520,41362,0
522847,2021,"Limestone Bank, Inc.",1305170,130006,0
522856,2021,Yorktown Bank,112956,8259,0
523161,2021,Citizens State Bank,337617,35539,0
524579,2021,Great Midwest Bank,853481,140977,36457
524757,2021,Farmers Bank,43296,5015,0
524766,2021,First State Bank,110192,17456,0
524953,2021,First Pryority Bank,264263,25842,1473
524971,2021,Westbury Bank,907544,83308,2525
525053,2021,First National Bank of Oklahoma,616777,56012,0
525549,2021,State Bank of Cross Plains,1611748,143724,7331
526452,2021,1st Financial Bank USA,633716,179600,0
526519,2021,1ST SUMMIT BANK,1238296,112461,0
526854,2021,The Hardin County Bank,574432,50005,536
527057,2021,Community Point Bank,149429,13517,0
527178,2021,Anthem Bank & Trust,163296,16031,0
527600,2021,North Easton Savings Bank,1261339,102797,6261
527749,2021,SECURITY STATE BANK,113102,9080,0
527954,2021,First National Bank of Omaha,24746119,2430681,276734
528102,2021,North Brookfield Savings Bank,339932,39468,0
528241,2021,Houghton State Bank,199862,20464,0
528849,2021,Horicon Bank,1119003,98835,15933
528960,2021,Texas Community Bank,1634023,170414,0
529275,2021,Lincoln Federal Savings Bank of Nebraska,308536,47791,16854
529341,2021,Ixonia Bank,522517,53379,67854
529659,2021,Cattle Bank & Trust,324793,38724,1355
529958,2021,"TIB The Independent BankersBank, National Association",3753249,278577,15464
530655,2021,The Peoples Bank,487422,43575,261
530851,2021,Peoples State Bank Of Hallettsville,306595,33096,0
531157,2021,THE BANK OF PROTECTION,76508,11125,0
531250,2021,Centennial Bank,644595,62502,0
532042,2021,Royal Bank,638481,59634,10127
532453,2021,Ipswich State Bank,63506,9484,0
532752,2021,The Riley State Bank Of Riley Kansas,105876,10154,0
533124,2021,THE HARBOR BANK OF MARYLAND,322361,20807,0
533227,2021,The Metamora State Bank,92161,7464,0
533535,2021,FIRST BANK OF BOAZ,280771,44527,0
534073,2021,Liberty Bank,57330,8985,0
534242,2021,State Bank Of Schaller,36911,4066,0
534466,2021,Metropolitan Bank,191004,22246,0
534756,2021,Sooner State Bank,296803,27037,0
534859,2021,THE EXCHANGE STATE BANK,83810,8119,0
534877,2021,Brentwood Bank,775053,91017,0
535034,2021,Landmark Bank,159097,14313,0
535575,2021,"1st Federal Savings Bank of SC, Inc.",116752,10095,0
535753,2021,"Academy Bank, N.A.",2291991,338203,34270
535931,2021,Lafayette State Bank,155469,10346,0
535940,2021,STATE BANK OF TOULON,265422,25235,0
536059,2021,"Golden Bank, National Association",1152253,150001,0
536349,2021,Shelby County State Bank,297260,31453,231
536527,2021,Industrial Bank,559802,44729,2431
536554,2021,Firstier Bank,531250,60508,222
536853,2021,WALTERS BANK AND TRUST CO,59582,12454,0
537038,2021,Durand State Bank,120562,12454,0
537243,2021,Farmers State Bank,213414,24311,620
537355,2021,Cornerstone Bank,220599,18898,0
537449,2021,First Business Bank,2556560,222500,8695
537551,2021,Little Horn State Bank,121155,10746,0
537560,2021,"Extraco Banks, National Association",1807691,153887,8452
538222,2021,First Central National Bank,102024,17115,0
538473,2021,"Presidential Bank, Fsb",816519,82749,181855
538754,2021,First National Bank In Philip,320549,38954,0
538802,2021,INTERAUDI BANK,2189801,182217,0
538950,2021,First National Bank And Trust Company Of Weatherford,292040,33355,0
539032,2021,Bank Independent,2017030,168646,11160
539340,2021,DEMOTTE STATE BANK,502719,56045,0
539377,2021,United Bank,217018,23547,6692
539452,2021,Carson Community Bank,162805,15288,0
539872,2021,"TrustTexas Bank, SSB",354539,42925,0
540056,2021,Firstbank Of Nebraska,325934,31235,0
540542,2021,G.W. Jones Exchange Bank,89448,7236,0
540551,2021,"BankWest, Inc.",1398699,124730,16140
540739,2021,Firststate Bank,298929,31200,0
540775,2021,First Federal Community Bank National Association,550259,45227,603
540850,2021,FORD  COUNTY  STATE  BANK,46583,5538,0
541101,2021,The Bank of New York Mellon,386515000,22565000,0
541231,2021,First Citizens Bank,298871,36864,274
541307,2021,ETHIC,264532,25101,0
541642,2021,"Commonwealth Community Bank, Inc.",152468,23916,0
541754,2021,WRAY STATE BANK,179733,16662,0
541857,2021,Carroll Bank And Trust,357532,31468,0
542153,2021,F&M Bank - West Point,326365,31305,0
542340,2021,South Story Bank & Trust,300533,28593,1857
542528,2021,CIVISTA Bank,2756415,252304,7001
542667,2021,Mt. McKinley Bank,552253,98974,9701
542854,2021,Farmers State Bank,28422,2209,0
543262,2021,D.L. Evans Bank,2428362,195701,19125
543459,2021,First National Bank Of Syracuse,419503,40176,466
543945,2021,Farmers Trust And Savings Bank,510325,42786,588
544335,2021,United Mississippi Bank,404433,38326,0
544447,2021,Citizens Savings Bank,118453,19849,0
544652,2021,Cornhusker Bank,760545,60560,3399
544951,2021,Cowboy State Bank,53953,4496,0
545154,2021,Bank of Doniphan,130324,11908,0
545604,2021,Northwest Community Bank,411839,47917,0
545846,2021,Hancock Bank & Trust Company,325659,32745,270
546003,2021,Banknewport,2057831,204826,4401
546320,2021,The Sherwood State Bank,80178,8431,0
546535,2021,BANK OF DUDLEY,262112,30421,534
546544,2021,Central Bank,1495421,125747,18230
547251,2021,American Interstate Bank,113748,21095,0
547550,2021,BANK OF COMMERCE,163112,17701,0
547840,2021,STAR Financial Bank,2595550,239201,3674
548052,2021,RNB State Bank,219023,19111,0
548267,2021,The Waggoner National Bank of Vernon,333184,42726,0
548351,2021,"Austin Bank, Texas National Association",2178884,288029,2448
548472,2021,"Maple City Savings Bank, Fsb",92265,8025,0
548641,2021,First State Bank,102512,12912,0
548771,2021,Magyar Bank,741781,60155,0
548829,2021,Commodore Bank,84366,6567,0
549862,2021,Community Bank & Trust,520797,75346,5000
550279,2021,Olympia Federal Savings And Loan Association,790855,106679,0
550354,2021,Bank Of Estes Park,150128,14717,0
550448,2021,THE STATE BANK,75160,9030,0
550635,2021,Hickory Point Bank And Trust,737678,70777,3951
550653,2021,Cedar Security Bank,52796,7926,0
550952,2021,Rsnb Bank,406481,44787,589
551016,2021,Fleetwood Bank,306315,25776,0
552059,2021,BANK OF THE FLINT HILLS,359732,32208,0
552161,2021,Citizens National Bank of Texas,1581504,137031,0
552545,2021,TS Bank,402581,36487,0
552956,2021,Silex Banking Company,78284,11870,0
552974,2021,SHELBY SAVING BANK SSB,338311,40407,0
553038,2021,Community Banking Company Of Fitzgerald,198167,20341,0
553926,2021,"First National Bank Of Sycamore, The",174836,16467,180
553944,2021,The Lincoln National Bank Of Hodgenville,370466,44093,0
554268,2021,Hill Bank & Trust Co.,156300,25072,0
554343,2021,Fowler State Bank,202647,25402,0
554857,2021,Five Points Bank,1640007,146491,0
554941,2021,Farmers State Bank of Munith,93763,8676,219
555256,2021,Farmers And Merchants Bank,115010,9337,0
556011,2021,Susquehanna Community Bank,498404,46431,0
556459,2021,"Kleberg Bank, N.A.",643429,52198,2147
556815,2021,"PeoplesBank, A Codorus Valley Company",2158948,198183,15981
556936,2021,GERMAN AMERICAN STATE BANK,282146,26201,0
557317,2021,The Gratz Bank,418695,33666,0
557438,2021,The Gifford State Bank,169124,15379,0
557858,2021,"INTRUST Bank, N.A.",7511550,492555,996
558574,2021,Security Federal Savings Bank,39432,4643,0
559179,2021,Brookville Building And Savings Association,46214,9051,0
560214,2021,The Corn City State Bank,79551,10155,0
560353,2021,First National Bank of Lake Jackson,282369,24394,0
560438,2021,Bank of Evergreen,68514,8501,0
560830,2021,Granville National Bank,104580,9981,0
561145,2021,First State Bank,546606,70788,0
561574,2021,SUMMIT STATE BANK,867569,68758,0
561659,2021,Pinnacle Bank - WY,1172211,107677,11589
561864,2021,SouthWest Bank,534227,40102,7544
562058,2021,United Bank of Union,419940,43043,4387
563233,2021,First National Bank of Griffin,336801,22239,292
563336,2021,"Citizens' Bank, Inc.",130270,14049,0
563457,2021,First National Bank Of Johnson,81363,14656,0
563934,2021,SOUTHEAST FIRST NATIONAL BANK,54647,7255,0
564052,2021,Bank Of Alma,286183,122290,173
564324,2021,OLD FORT BANKING COMPANY,728775,53704,4337
564463,2021,Crossroads Bank,283982,26202,0
564557,2021,Falcon International Bank,1563078,178872,0
564678,2021,Gsl Savings Bank,119300,11515,0
564838,2021,Citizens Community Bank,162292,18983,0
564856,2021,1St Bank,56966,4779,0
564977,2021,Territorial Savings Bank,2110728,239257,2195
565143,2021,First State Bank,223753,25996,0
565152,2021,Springfield State Bank,66902,6661,0
565170,2021,First Federal Savings Of Middletown,164011,55551,0
565536,2021,North Central Bank,130404,16111,0
565750,2021,Bank of Washington,839965,98174,1554
565844,2021,State Bank of Missouri,116935,9597,0
566056,2021,Security Bank,264532,28498,0
566243,2021,GLENWOOD STATE BANK,259105,24890,338
567240,2021,Bank Of Jamestown,225035,25141,402
567679,2021,Greenville Federal,212611,19878,976
567736,2021,Farmers State Bank & Trust Co.,139406,13184,0
568126,2021,The St. Henry Bank,357259,49207,0
568135,2021,HOLCOMB BANK,241597,24400,5997
568359,2021,American Bank Of Missouri,482490,44409,1936
568377,2021,Slovenian Savings and Loan Association of Franklin-Conemaugh,159240,17199,151
568470,2021,Peoples Bank,1495264,123279,11329
568939,2021,FIRST NATIONAL BANK OF PICAYUNE,242323,32733,0
570558,2021,ARROWHEAD BANK,231761,21526,0
570651,2021,FIRST TRI-COUNTY BANK,62719,5688,0
571135,2021,The Citizens Bank,113650,13436,0
571265,2021,Denali State Bank,380513,38781,10806
571920,2021,"First National Bank Of Pandora, The",221473,17775,2304
571957,2021,"State Exchange Bank, The",43810,4810,0
572347,2021,Bank Of Billings,67606,6087,0
572374,2021,Great Southern Bank,5530949,638304,17780
572459,2021,The Citizens State Bank,371446,35934,0
572655,2021,COMMUNITY BANK,237243,26506,0
573036,2021,Oconee State Bank,494423,42608,6409
573335,2021,RiverHills Bank,369953,37403,0
574079,2021,Franklin Bank,302064,26412,0
574949,2021,FARMERS & MERCHANTS BANK,386814,36508,696
574976,2021,Cashmere Valley Bank,1994288,201418,1470
575133,2021,"Peoples Bank, The",90223,10748,0
575254,2021,City Bank,3597462,372947,111477
575348,2021,The Farmers National Bank Of Lebanon,113819,12740,0
575375,2021,Superior Savings Bank,78109,13569,2520
575647,2021,State Bank Of Saunemin,38179,4532,0
575656,2021,Dilley State Bank,140644,12125,0
575759,2021,MNB Bank,397919,55482,363
575834,2021,First National Bank of Louisiana,537593,52733,0
575955,2021,First Midwest Bank Of The Ozarks,136373,13865,0
576354,2021,GREAT NORTH BANK,143194,13982,0
576541,2021,Central Bank of Branson,460775,39841,2658
576578,2021,Monroe Federal Savings And Loan Association,127426,12397,0
576608,2021,Meredith Village Savings Bank,1137027,119785,1033
576644,2021,THE GREENWOODS STATE BANK,389427,31746,119
576952,2021,First Nebraska Bank,312435,31244,487
577128,2021,Peoples Bank,4753844,395753,4659
577137,2021,Pacific National Bank,764500,70939,0
577230,2021,Talbot State Bank,58701,6476,0
578116,2021,The Savings Bank,387882,39236,736
578237,2021,Commonwealth National Bank,54519,4625,0
578255,2021,First United Bank,1569457,159657,8860
578554,2021,Citizens Community Bank,121969,13422,0
578741,2021,Blc Community Bank,329664,34607,0
578862,2021,First State Bank of San Diego,74321,6042,0
579140,2021,Regional Missouri Bank,446583,44900,0
579319,2021,"Community First Bank, National Association",56778,5136,0
579364,2021,TEXAS CHAMPION BANK,361534,38596,0
579636,2021,MERCHANTS & PLANTERS BANK,108769,10219,0
580155,2021,PLATTE VALLEY BANK - TOR,522998,52731,2165
580548,2021,Bank of Luxemburg,479438,41629,2022
580847,2021,Lewisburg Banking Company,151085,14506,0
580874,2021,Brattleboro Savings & Loan Association,277405,18553,2270
581237,2021,Bank of Pensacola,115280,12007,0
581358,2021,State Nebraska Bank &Trust,176837,22445,0
582177,2021,Huntingdon Valley Bank,861115,35831,83549
582654,2021,The Kansas State Bank of Overbrook Kansas,75867,9154,0
582878,2021,Home Federal Savings And Loan Association,41224,5524,0
582953,2021,CHARTER WEST BANK,357399,32739,35002
582971,2021,First Federal Savings Bank,972838,93464,22486
583071,2021,First Federal Savings and Loan Association of Bath,160366,24105,0
583268,2021,Schertz Bank & Trust,528001,58167,0
583352,2021,First National Bank of Huntsville,535188,58209,0
583754,2021,"Bank of Houston, N.A.",282875,39678,0
583905,2021,Kennebec Savings Bank,1241419,168681,0
584377,2021,Kitsap Bank,1500103,134311,8228
584724,2021,Unified Bank,694909,75381,0
584920,2021,THE FIDELITY BANK,2830716,236117,27948
585235,2021,Algonquin State Bank,153749,15803,0
585749,2021,Pilot Grove Savings Bank,712666,68235,266
586027,2021,FIRST BANK OF OHIO,231728,75403,0
586072,2021,First Palmetto Bank,815415,76676,6533
586335,2021,Bank Of Moundville,96485,8880,0
586960,2021,Peoples State Bank,145198,12633,0
587677,2021,Eureka Savings Bank,367225,78539,0
587752,2021,First Colorado National Bank,85212,14536,0
587800,2021,Liberty Bank,6973520,801033,93681
588245,2021,Bank of Deerfield,175798,20113,0
588348,2021,Savings Bank,230136,28817,0
588478,2021,Freehold Bank,306654,39340,0
589158,2021,Great Plains Bank,132347,16384,0
589523,2021,Bank of Travelers Rest,1049301,88371,1577
589943,2021,Lincoln Savings Bank,1425175,139475,23126
590220,2021,Uwharrie Bank,822563,61442,6959
590248,2021,Town And Country Bank,896624,82776,12091
590640,2021,FNB Oxford Bank,447969,42495,0
590976,2021,Financial Federal Bank,767153,86165,14208
591209,2021,Piscataqua Savings Bank,330240,47962,0
591320,2021,Arthur State Bank,624586,50490,0
591357,2021,The Peoples Bank,109187,9111,0
591366,2021,FIRST NATIONAL BANK OF SONORA,495798,46274,0
591740,2021,Peoples Trust and Savings Bank,30951,3596,0
592439,2021,First Security Trust And Savings Bank,323659,29279,0
592448,2021,Evolve Bank & Trust,691611,52113,199434
592550,2021,Quoin Financial Bank,199636,21910,2778
592644,2021,Greenfield Banking Company,718518,68912,0
592859,2021,Hillsboro State Bank,22158,1903,0
593007,2021,Camden National Bank,4873592,420294,41557
593052,2021,Plains Commerce Bank,1100504,129842,276562
593249,2021,The Peoples Bank,485218,45536,0
593333,2021,The First National Bank of Arenzville,99431,9408,0
593771,2021,"Liberty Bank, Inc.",12014,1927,0
593940,2021,Bank Of Stronghurst,83009,12331,0
594433,2021,"Cb&S Bank, Inc.",2190912,222096,30314
594451,2021,Maplemark Bank,696064,70341,0
594853,2021,"Citizens National Bank, N.A,",1226818,116407,4225
594938,2021,Apple River State Bank,459548,41361,2099
594947,2021,Bank First National,2718008,245471,809
595270,2021,Midfirst Bank,29602861,2227644,0
595337,2021,Valley State Bank,131212,23577,0
595430,2021,"State Bank of The Lakes, N.A.",1572782,122183,0
595869,2021,CATHAY BANK,19024182,2059056,0
595944,2021,Sanborn Savings Bank,70957,6806,188
596062,2021,THE CITY NATIONAL BANK OF SULPHUR SPRINGS,906196,84934,6873
596156,2021,Capital Bank,516167,46144,0
596277,2021,Columbia Savings And Loan Association,24837,1820,0
596455,2021,Madison Valley Bank,230344,17746,2656
596642,2021,HomeBank of Arkansas,74261,7122,0
596978,2021,Marathon Bank,174537,21017,0
597041,2021,Savanna-Thomson State Bank,114519,10508,0
597313,2021,Ps Bank,443963,41635,13541
597452,2021,AMERICAN BANK & TRUST CO.,192550,17273,4979
597546,2021,Premier Community Bank,389361,32762,0
597658,2021,First State Bank Of Forsyth,156800,15739,0
598002,2021,Savings Bank Of Walpole,554979,38672,0
598048,2021,The Stephenson National Bank and Trust,629638,53166,0
598132,2021,The Security State Bank,51898,7333,0
598543,2021,Sibley State Bank,91344,10714,0
598646,2021,TNB Bank,96247,11034,0
598954,2021,Jefferson Bank and Trust,686706,74676,0
599643,2021,Ergo Bank,116873,11674,180
599764,2021,The American National Bank of Texas,4335077,357782,5146
600419,2021,Kish Bank,1105423,84303,5667
601032,2021,Fairview State Banking Company,33488,3999,0
601041,2021,First State Bank Of Beecher City,85274,11580,1143
601050,2021,Commerce Bank,32808565,2606169,45089
601153,2021,Farmers And Merchants State Bank,119665,13000,0
601416,2021,Five Star Bank,4875673,441930,4305
601443,2021,Bank Of Mauston,347353,43059,0
601658,2021,Alliance Bank Central Texas,375902,30812,0
602048,2021,The State Bank,1250802,118718,27306
602543,2021,"PETEFISH, SKILES & CO.",229658,24930,3671
602842,2021,DYSART STATE BANK,14792,1234,0
603232,2021,BANK OF GUEYDAN,79747,15609,0
603540,2021,Black River Country Bank,90252,8832,0
603559,2021,FARMERS STATE BANK,35686,3936,0
603755,2021,FIRST STATE BANK,63242,4908,0
604024,2021,MINSTER BANK,637677,49694,867
604033,2021,First National Bank of Assumption,23495,2273,0
604547,2021,Heartland Bank,178114,22394,0
604640,2021,Waterman Bank,60980,6184,6122
605571,2021,The Peoples Savings And Loan Company,150081,29425,0
605610,2021,Sawyer Savings Bank,260714,26429,0
605656,2021,First State Bank And Trust,364586,29016,0
606046,2021,Cadence Bank,24094996,1970219,397076
606176,2021,Pioneer Bank,861653,86237,1344
606653,2021,INDEPENDENCE BANK,961283,115977,0
607146,2021,Central State Bank,358241,41300,0
607333,2021,Midwest Community Bank,412072,38198,162447
608358,2021,Garfield County Bank,115449,12251,0
608451,2021,FIRST NATIONAL BANK OF KEMP,109494,10085,772
608844,2021,FNBC Bank and Trust,621693,55448,0
609010,2021,THE FIRST NATIONAL BANK OF ELMER,330417,28154,0
609467,2021,United Pacific Bank,178910,25330,3750
609476,2021,Huntington Federal Savings Bank,553086,91509,0
609609,2021,"KEB HANA BANK USA, NATIONAL ASSOCIATION",258189,33477,0
609645,2021,Elgin State Bank,26530,1827,0
609832,2021,Tompkins State Bank,255314,21263,759
610128,2021,The Bank Of Southside Virginia,636001,106212,416
610164,2021,Herring Bank,495101,46752,3252
610539,2021,The Bank Of Edison,58844,4693,0
610557,2021,Three Rivers Bank Of Montana,230433,21100,896
610913,2021,FIRST NATIONAL BANK OF GRAYSON,308770,32714,0
611031,2021,"Peoples Bank, The",178302,20522,0
611451,2021,Central Bank of Sedalia,552084,41089,1131
612159,2021,Solutions North Bank,284101,32032,0
612878,2021,"Home Savings And Loan Association Of Carroll County, F.A.",88020,17840,0
613008,2021,Rockland Trust Company,13203227,1206566,58104
613156,2021,"First Montana Bank, Inc.",397729,35664,191
613307,2021,"People's United Bank, National Association",62863459,5168410,26469
613343,2021,"Cnb Bank & Trust, Na",1492424,122030,2940
613400,2021,Peoplesbank,3345747,295563,2954
613558,2021,MONTGOMERY BANK,1144083,84433,1442
613679,2021,First Federal Savings Bank,477731,37632,9560
613839,2021,EXCHANGE BANK,316935,37696,2453
613950,2021,First National Bank Texas,3092918,264758,25933
613978,2021,Jarrettsville Federal Savings And Loan Association,127436,18161,325
614256,2021,FIRST NATIONAL BANK OF KANSAS,91759,7442,0
614313,2021,"State Bank And Trust Company, The",1250465,119480,7234
614368,2021,First National Bank Of Weatherford,361334,29555,0
614751,2021,Manhattan Bank,221646,18743,0
614948,2021,First National Bank in Carlyle,233934,23588,240
615217,2021,The North Side Bank And Trust Company,946549,95661,0
615253,2021,The First State Bank Of Malta,159761,22782,0
615776,2021,Elberton Federal Savings   Loan Association,26975,5075,0
615851,2021,The Farmers State Bank of Westmoreland,214577,28036,596
615879,2021,"Central Savings, F.S.B.",117869,26917,0
615954,2021,TrailWest Bank,819476,73380,0
616036,2021,South Louisiana Bank,583717,72589,0
616148,2021,First National Bank in Fairfield,157874,14689,0
616540,2021,Security Savings Bank,142327,16008,0
617051,2021,"CITIZENS BANK, N. A.",117005,10379,0
617079,2021,Blue Grass Federal Savings And Loan Association,35200,8547,0
617145,2021,"Citizens Bank, The",161434,18931,0
617275,2021,HOLLADAY BANK & TRUST,70603,9952,0
617341,2021,Walker State Bank,48745,4890,0
617538,2021,Glasford State Bank,51226,3828,0
617743,2021,FNB BANK,214589,28217,0
618544,2021,Exchange State Bank,206013,22005,785
618647,2021,First Heritage Bank,52399,4821,0
618740,2021,Field & Main Bank,556844,45246,5850
618777,2021,Fairview Savings And Loan Association,48817,9684,0
618807,2021,Salem Five Cents Savings Bank,5636898,617918,25379
619327,2021,"Farmers Bank, Windsor Va",551868,53897,0
619457,2021,Granite Mountain Bank Inc,108626,8508,0
619701,2021,Avidia Bank,2023820,174592,5800
619859,2021,First Community National Bank,158905,12454,0
619877,2021,USAA Federal Savings Bank,108949670,7893949,674562
621151,2021,THE FARMERS STATE BANK OF BRUSH,116483,21411,0
621245,2021,Wayland State Bank,128157,19636,0
621357,2021,State Bank of DeKalb,335622,33638,3418
621441,2021,Buena Vista National Bank,249677,26576,0
622037,2021,The First National Bank of Jeanerette,343340,32356,0
622653,2021,FARMERS & STOCKMENS BANK,460442,35295,13403
622774,2021,Central Bank,1567652,214211,5404
623052,2021,The Lamesa National Bank,400897,35731,0
623454,2021,"The Bank and Trust, s.s.b.",493481,39727,0
623548,2021,"Clay City Banking Co., The",170826,15523,0
623874,2021,First Federal Savings And Loan Association,235052,36820,1258
624246,2021,CONNECTION BANK,371566,27273,0
624648,2021,Farmers Savings Bank,145842,20342,0
624778,2021,First Federal Savings And Loan Association Of Greene County,998487,137420,0
624956,2021,Valley Bank of Ronan,137864,11984,1271
625056,2021,First Security Bank Of Roundup,75351,7989,0
625065,2021,Citizens State Bank,184384,15664,0
625140,2021,Lee County Bank,232353,24978,0
625159,2021,Commerce Bank,582677,93426,0
625654,2021,COUNTRY CLUB BANK,2122708,166803,3444
625757,2021,Northern State Bank,298411,23954,0
625850,2021,THE BANK OF VERSAILLES,290084,36506,0
625953,2021,BANK OF WINNFIELD & TRUST CO.,149812,19339,0
626101,2021,The Savings Bank of Danbury,1262604,147043,6470
627108,2021,Cape Ann Savings Bank,775144,169002,0
627377,2021,First Savings Bank,42258,9437,0
627854,2021,The First National Bank Of Bangor,271574,75612,729
628039,2021,Bank Of Hazlehurst,127709,15155,0
628123,2021,The Bank Of Glen Burnie,419486,36442,0
628178,2021,Heritage Southeast Bank,1571758,135967,0
628356,2021,Sterling Bank,284196,23374,1240
628552,2021,Winnsboro State Bank & Trust Company,258476,23375,0
629148,2021,BANK OF CAVE CITY,148855,12625,0
629353,2021,THE FIRST LIBERTY NATIONAL BANK,385032,42104,0
629522,2021,"Freedom Bank, Inc.",188167,18568,0
629746,2021,THE FARMERS AND MERCHANTS BANK,152722,15757,976
630041,2021,"First State Bank Of Dongola, The",28992,2916,0
630340,2021,United Security Bank,69626,9074,0
630555,2021,American Bank,556660,47093,0
630658,2021,"First National Bank Of Livingston, The",440932,56437,0
631039,2021,First Southern Bank,205016,18051,0
631150,2021,First-Lockhart National Bank,326787,29007,0
631178,2021,SECURITY FEDERAL SAVINGS BANK,260700,25768,161
631422,2021,The Conway National Bank,1497538,129794,0
631570,2021,"Provident Savings Bank, F.S.B.",1170722,115562,0
632410,2021,Newfield National Bank,842903,67617,941
632607,2021,Greenfield Savings Bank,1009607,114307,809
632858,2021,Frontier State Bank,537341,78452,0
633378,2021,Kearny Bank,7316961,808147,12601
633640,2021,Hendricks County Bank And Trust Company,192896,20371,412
633677,2021,Edgewater  Bank,221708,18922,3005
634544,2021,Bank 21,147688,13142,0
634955,2021,The First National Bank And Trust Company Of Okmulgee,265005,31053,0
634973,2021,Quarry City Savings And Loan Association,67244,9454,3736
635457,2021,LAKESIDE STATE BANK,79189,5719,0
635840,2021,Legence Bank,595880,49799,5203
635907,2021,Pentucket Bank,917858,100641,0
636276,2021,Mutual Savings Association,244843,70606,0
636753,2021,"First National Bank Of Dighton, The",66591,11781,0
636771,2021,Independent Bank,4202741,365343,92434
637170,2021,American Federal Bank,669655,58498,1796
637451,2021,Plainscapital Bank,13594696,1385842,2788386
637554,2021,First Bank of Owasso,511577,56001,0
638131,2021,Bank Of Dickson,279715,29843,0
638355,2021,"Bank Of Desoto, National Association",224163,20846,0
638850,2021,The Fidelity State Bank And Trust Company,202613,35309,0
639549,2021,First Central State Bank,654178,70282,3613
639567,2021,"Credit One Bank, National Association",803193,321934,0
639633,2021,"The Citizens Bank Of Weston, Inc.",216123,24089,0
639857,2021,Peoples Bank Of Deer Lodge,41234,3354,0
640143,2021,Federated Bank,105020,8596,0
640246,2021,Fairfield National Bank,626354,70963,0
640442,2021,FIRST TRUST AND SAVINGS BANK,218883,21305,334
640554,2021,Western Bank of Clovis,69765,10072,0
640956,2021,First Bank & Trust Company,222567,21881,0
641449,2021,Citizens National Bank,141333,15068,0
641579,2021,Clackamas County Bank,271909,30595,0
641775,2021,Prudential Bank,1193261,123242,0
642437,2021,Bank of Forest,225560,27164,1675
642549,2021,Dubuque Bank and Trust,1853078,164316,0
642857,2021,First Community Bank,344587,37148,6328
643078,2021,"Eastern Savings Bank, FSB",339256,83511,0
643274,2021,Pioneer Savings Bank,42436,6547,0
643340,2021,EASTERN MICHIGAN BANK,467857,40967,0
643452,2021,Community National Bank,250668,24547,0
643658,2021,Pikes Peak National Bank,110612,14187,0
644057,2021,THE FIRST STATE BANK,49069,6166,0
644141,2021,Kalamazoo County State Bank,111476,12165,0
644646,2021,Liberty Trust & Savings Bank,167875,31694,0
644776,2021,UNITED ROOSEVELT SAVINGS BANK,179107,16689,0
644842,2021,Merchants And Farmers Bank,179974,17119,0
644954,2021,D.A. Davidson Trust Company,8933,6468,0
644963,2021,FIRST NATIONAL BANK,87612,9612,0
645157,2021,BANK NORTHWEST,201326,16323,0
645317,2021,The Adirondack Trust Company,1495891,126794,0
645465,2021,Vista Bank,1344135,111454,185
645540,2021,Earlham Savings Bank,346084,27640,0
645577,2021,"Greeneville Federal Bank, FSB",156421,21329,0
645625,2021,"WESBANCO BANK , INC.",16374456,1536609,168377
646042,2021,FARMERS TRUST & SAVINGS BANK,112139,9784,0
646145,2021,"The Casey County Bank, Inc.",280807,25729,0
646172,2021,First Piedmont Federal Savings and Loan Association of Gaffney,485786,115686,0
646444,2021,First Bank And Trust Company Of Illinois,199539,16210,0
646471,2021,Huntingdon Savings Bank,15685,3628,0
646556,2021,Wells Bank,293261,25797,2029
646743,2021,Community Savings Bank,495298,42855,1023
646873,2021,New Carlisle Federal Savings Bank,160511,14386,1473
647218,2021,Cumberland Valley National Bank & Trust Co,631865,57183,4611
647245,2021,Hardin County Savings Bank,264257,21147,0
647414,2021,"SAVANNAH BANK, N.A.",158486,13130,0
647432,2021,OXFORD BANK & TRUST,730806,67833,0
647759,2021,The Farmers State Bank,130824,10938,0
647777,2021,Citizens Federal Savings & Loan Association,161562,17678,0
647955,2021,Ascent Bank,81527,7584,126
648130,2021,Grove Bank & Trust,860806,119079,0
648242,2021,Independence Bank,2943369,223370,1657
648251,2021,McClain Bank,281680,26819,2719
648345,2021,Sidney State Bank,96531,7634,0
648550,2021,First National Bank,111825,10751,0
649342,2021,Iowa Trust & Savings Bank,364402,44066,0
649632,2021,ROCHELLE STATE BANK,31768,4903,0
649874,2021,Royal Savings Bank,516448,44629,0
651121,2021,Lumbee Guaranty Bank,417194,43203,0
651149,2021,State Bank,75402,6043,0
651158,2021,NORTHEAST MISSOURI STATE BANK,120581,14331,0
651354,2021,KAW VALLEY STATE BANK,66214,5415,0
651448,2021,"JPMorgan Chase Bank, Dearborn",61548,61048,0
651541,2021,Iowa State Bank And Trust Company,160189,14950,0
651756,2021,Bank of Denver,265195,23303,0
651859,2021,Stockman Bank Of Montana,4846220,441460,38590
651952,2021,The First National Bank Of Eagle Lake,138075,13435,0
652043,2021,Freedombank,456611,38088,501
652070,2021,Highland Federal Savings and Loan Association,66604,14520,0
652874,2021,NexBank,9151935,791202,930022
652959,2021,Farmers State Bank,20872,2110,0
652977,2021,Foxboro Federal Savings,187543,29201,0
653134,2021,Farmers-Merchants Bank & Trust Company,362528,45371,14694
653433,2021,Farmers State Bank of Western Illinois,155730,18284,0
653611,2021,Jonestown Bank And Trust Company,750757,62123,0
653778,2021,Harrison Building & Loan Association,260087,36699,0
653947,2021,Home State Bank,284379,25300,1576
654047,2021,First State Bank Of Decatur,55908,11166,0
654300,2021,Washington Savings Bank,255116,24793,0
654579,2021,"Peoples Community Bank SB of Monticello, IN",31955,12694,154
655530,2021,ANCHOR STATE BANK,26252,4772,0
655839,2021,CCB COMMUNITY BANK,559899,57555,0
656032,2021,THE FIRST NATIONAL BANK IN AMBOY,245003,25002,147
656247,2021,Farmers Savings Bank,54071,8960,0
656377,2021,"Washington Federal Bank, National Association",19063216,1665018,0
656470,2021,STATE BANK OF SOUTHERN UTAH,1681673,183411,3523
656658,2021,Texas Financial Bank,117360,11431,0
656779,2021,Union Federal Savings And Loan Association,161138,22095,0
657178,2021,Schuyler Savings Bank,122576,19550,0
657271,2021,Gate City Bank,2774625,291963,50541
657365,2021,Hanmi Bank,6201210,665058,8568
657459,2021,Midwest BankCentre,2273804,194809,33857
657758,2021,Citizens Bank & Trust Company,130788,11843,0
657954,2021,The Tri-County Bank,178564,14179,0
658072,2021,County Savings Bank,89740,6222,0
658474,2021,Collinsville Building and Loan Association,132399,33792,0
658924,2021,Farmers and Miners Bank,148893,19644,0
659341,2021,"Bank of Hillsboro, N.A.",459666,44734,1679
659453,2021,The Citizens State Bank Of Finley,133934,19059,0
659556,2021,United State Bank,227167,18984,0
659640,2021,Genesis Bank (Formerly Bank Of Benoit),22497,3955,0
659734,2021,Arcola First Bank,125882,12905,301
659855,2021,First Interstate Bank,17587973,1320134,74028
660066,2021,Peoples State Bank,89844,11024,0
660253,2021,State Bank of Table Rock,111022,8971,0
660271,2021,"First Robinson Savings Bank, National Association",415135,33859,3241
660570,2021,Prosper Bank,275324,21881,0
660655,2021,American National Bank,4565055,390108,37069
660879,2021,"Angelina Savings Bank, Ssb",72294,6067,0
660927,2021,HARFORD BANK,485948,45196,0
661072,2021,Mercer Savings Bank,143801,13589,358
661157,2021,Bank of Orchard,27405,3667,0
661223,2021,LEE BANK & TRUST COMPANY,169918,25907,0
661308,2021,Amalgamated Bank,5976909,491913,11178
661474,2021,Woodruff Federal Savings And Loan Association,103831,32100,0
662350,2021,Wahoo State Bank,108190,7431,0
662369,2021,Bank of the Sierra,3219575,318194,0
662949,2021,Iowa State Bank,471000,66366,0
663058,2021,Rocky Mountain Bank,616157,51597,0
663245,2021,Simmons Bank,22308633,2046711,137378
663450,2021,Bank Of Louisiana,53550,5991,0
663638,2021,The Gerber State Bank,88986,10095,0
663656,2021,Small Business Bank,72140,10427,0
663834,2021,Ocean Bank,4532395,498102,937
663955,2021,Horizon Bank,375185,52969,0
664176,2021,William Penn Bank,745085,88407,0
664206,2021,Cape Cod Five Cents Savings Bank,4280740,423038,42854
664653,2021,"Native American Bank, National Association",198499,13518,0
664756,2021,Prosperity Bank,34069681,2923346,46777
665146,2021,Kerndt Brothers Savings Bank,326073,30854,133
665258,2021,THE FIRST NATIONAL BANK OF ELDORADO,67261,10791,0
665865,2021,Round Top State Bank,709988,76179,0
666059,2021,M1 BANK,489358,39866,0
666358,2021,First Citizens Bank of Butte,83532,7748,0
666554,2021,Heritage Bank,561324,85183,389
666844,2021,Vermilion Valley Bank,147296,23325,0
666974,2021,Fairfield Federal Savings and Loan Association of Lancaster,275118,31184,0
667029,2021,Union Bank Inc.,303639,27115,0
667252,2021,Stockmens Bank,40507,4598,0
667346,2021,Philo Exchange Bank,121184,11822,0
667524,2021,The Bank Of Charlotte County,157348,21066,0
667551,2021,Lincoln State Bank,92507,8723,0
667757,2021,Origin Bank,7597259,637863,191512
668053,2021,ASPIRE BANK,49162,3592,0
668147,2021,De Witt Bank & Trust Co.,212882,19014,114
669555,2021,Midwest Bank National Association,880780,82419,813
670430,2021,First National Bank And Trust,184045,19192,878
670467,2021,PLUMAS BANK,1110597,103361,693
670560,2021,Deutsche Bank National Trust Company,358211,245126,0
670654,2021,First Security Bank Of Deer Lodge,59540,5117,0
670748,2021,Princeville State Bank,111550,8308,0
670775,2021,Gibraltar Bank,107452,12591,10260
670878,2021,Salem Co-operative Bank,469445,69514,0
671053,2021,Stock Exchange Bank,62632,5483,0
671147,2021,Primebank,528558,58952,6767
671334,2021,Republic Bank Of Chicago,2316954,238706,0
671464,2021,Bank of Hope,17104484,1850090,17743
671558,2021,Wood & Huston Bank,887649,89995,2232
672238,2021,The Atlanta National Bank,71129,8299,0
672247,2021,Farmers & Merchants Bank & Trust,172523,17260,383
672537,2021,The Exchange Bank Of Alabama,334296,43945,0
672573,2021,Profile Bank,263472,27228,0
673244,2021,Farmers and Merchants Savings Bank,91529,11359,0
673440,2021,First Security Bank,7233874,1058812,10537
673477,2021,Citizens Federal Savings And Loan Association Of Covington,43101,11158,0
673851,2021,Bank of Prairie Village,127841,13599,0
673909,2021,Hingham Institution for Savings,2857119,292943,0
674344,2021,The Pineries Bank,119275,11013,0
674849,2021,LUANA SAVINGS BANK,1867790,166026,852
675042,2021,Community Bank,101120,12270,0
675051,2021,The Chasewood Bank,112408,9498,0
675079,2021,"Fayette Savings Bank, ssb",269373,23054,0
675248,2021,GreenLeaf Bank,121814,10524,0
675341,2021,American Trust & Savings Bank,35484,5997,0
675659,2021,STATE BANK & TRUST OF KENMARE,144655,13398,0
675855,2021,Progressive National Bank,93118,7330,0
676049,2021,Smackover State Bank,187367,24200,0
676151,2021,UNISON BANK,402351,35484,0
676478,2021,"Malvern Bank, National Association",1219381,158399,0
677176,2021,Trustco Bank,5901372,539897,0
677354,2021,First National Bank in Cimarron,133345,8675,0
677448,2021,First State Bank,248280,26928,0
677644,2021,The Farmers & Merchants Bank,1682839,150862,3248
677756,2021,FARMERS AND MERCHANTS STATE BANK,126440,17813,0
677970,2021,Union Savings and Loan Association,180918,18386,2066
678052,2021,"Bank Of San Jacinto County, Coldspring, Texas, The",46508,5820,0
678070,2021,Sewickley Savings Bank,318654,89964,0
678258,2021,State Bank Of Lakota,63412,5223,0
678454,2021,Marion State Bank,198040,21690,0
678557,2021,Citizens State Bank & Trust Company,102147,15235,0
678717,2021,VIST Bank,1965902,163895,1193
678744,2021,Central State Bank,389510,30926,0
679451,2021,Elk State Bank,101418,10070,0
679648,2021,Rochester State Bank,112587,10192,0
680055,2021,United Community Bank Of North Dakota,356204,33061,0
680130,2021,Citizens Trust Bank,572362,48243,0
680354,2021,Bank of Blue Valley,1376079,145795,0
680457,2021,The Yellowstone Bank,952870,149237,4761
680747,2021,Farmers State Bank-Hillsboro,200472,35554,0
680813,2021,Farmers National Bank,3055881,268041,4766
681043,2021,First Security State Bank,101065,12012,0
681249,2021,Highland State Bank,39194,4106,0
682143,2021,County National Bank,937954,76006,22848
682563,2021,Frost Bank 041,42428110,3030093,0
682648,2021,Fairfax State Savings Bank,206877,21317,0
683449,2021,Maquoketa State Bank,383654,59791,66
683814,2021,Kentucky Farmers Bank,237227,38906,0
684455,2021,BOM Bank,647702,55955,29524
685023,2021,The Citizens National Bank Of Mcconnelsville,103216,11556,0
685649,2021,Northwest Bank of Rockford,352993,29455,2846
685676,2021,Opportunity Bank Of Montana,1246129,141741,54615
685779,2021,Riverwood Bank,506836,40182,1885
686459,2021,Exchange Bank Of Missouri,261688,26363,0
686570,2021,Ladysmith Federal Savings & Loan Association,73512,6318,0
686758,2021,The First State Bank of Shelby,144988,29728,0
687009,2021,Lakeland Bank,7662666,672832,1335
687054,2021,Bank of Oak Ridge,64790,6100,0
687830,2021,THE FREDERICK COMMUNITY BANK,160832,15177,158
687951,2021,First Western Bank & Trust,1855380,154285,46891
688079,2021,"Wells Fargo Trust Company, National Association",1284742,1220029,0
688257,2021,First Texas Bank,357766,33985,0
688453,2021,Citizens State Bank at Mohall,64344,7585,0
688556,2021,Bank of New Madrid,120398,12368,0
689209,2021,Country Bank for Savings,1733561,259368,0
689357,2021,Northeast Bank,664538,59208,0
689759,2021,Union Bank & Trust Company,175031,14581,0
691042,2021,"Merchants & Planters Bank, The",43400,5459,0
691556,2021,FIRST MINNETONKA CITY BANK,259923,26065,0
691743,2021,ANNA STATE BANK,100988,13242,0
691958,2021,Midwest Regional Bank,958505,69084,5309
692450,2021,St. Clair County State Bank,163063,21629,0
692704,2021,"Wellington Trust Company, NA",97587,40691,0
692946,2021,TOWN & COUNTRY BANK and TRUST COMPANY,387090,41987,0
693073,2021,First Federal Savings And Loan Association Of Centerburg,24244,4972,0
693224,2021,Atlantic Union Bank,19584709,1824693,96742
693345,2021,"First Financial Bank, National Association",4428881,470551,7143
693952,2021,Security First Bank Of North Dakota,210399,27706,835
694146,2021,Maxwell State Bank,30542,2463,0
694771,2021,Farmers State Bank,53295,4376,0
694847,2021,Century Bank and Trust,400597,44803,3364
694904,2021,NEW YORK COMMUNITY BANK,56282514,4964055,117136
695349,2021,TRI-COUNTY BANK,409617,45837,900
695947,2021,Bank of Bluffs,63454,7759,0
696047,2021,Bedford Loan & Deposit Bank,105644,13470,0
696168,2021,Balboa Thrift & Loan Association,322671,43937,0
696430,2021,Home State Bank/National Association,696451,78218,8202
696645,2021,The Home National Bank of Thorntown,136949,12179,0
697035,2021,COVINGTON COUNTY BANK,86608,7543,0
697147,2021,TERRE HAUTE SAVINGS BANK,457669,33470,0
697156,2021,HOMEBANK,436604,42465,0
697231,2021,FNBT BANK,522778,52056,6452
697633,2021,BBVA USA & Subsidiaries,101630248,8314129,236586
697763,2021,Westamerica Bank,6708895,484468,0
697950,2021,City National Bank,58182,5610,0
697978,2021,Community Bank of the Chesapeake,2024642,200675,0
698144,2021,Community Financial Services Bank,1381419,123266,2905
698546,2021,First State Bank of Campbell Hill,135735,14617,11
698649,2021,Thumb Bank & Trust,335867,25185,2770
699105,2021,Bluestone Bank,1263319,122601,47920
699253,2021,The Citizens Bank Of Edina,80547,9460,0
700140,2021,MONTEZUMA STATE BANK,47241,5485,0
700252,2021,CITIZENS NATIONAL BANK,94534,10937,0
700430,2021,The Commercial Bank,181119,18305,0
700458,2021,Merchants Bank,195331,16442,0
701062,2021,Central Pacific Bank,6590900,620372,16687
701222,2021,Merchants National Bank,1082752,86381,0
701839,2021,Citizens Bank and Trust,885969,61082,0
701857,2021,CROWELL STATE BANK,45747,4381,0
702117,2021,"NBT Bank, N.A.",10841317,1054097,1119
702359,2021,Texas Heritage Bank,182234,14732,0
702612,2021,FIRST SOUTHERN NATIONAL BANK,1025271,88195,0
702836,2021,First Farmers And Commercial Bank,169714,15541,0
702911,2021,The Peoples Bank Co,642342,66909,1269
702966,2021,FARMERS STATE BANK,52015,4972,0
703039,2021,The Jefferson Bank,150107,21851,0
703552,2021,"Horizon Bank, SSB",1660780,112715,0
703767,2021,Central Valley Community Bank,2004023,177269,0
704559,2021,Central Bank of the Midwest,3688213,302809,4177
704755,2021,Providence Bank,1114150,149156,3162
705378,2021,Del Norte Bank,106595,9991,1055
705444,2021,Arkansas County Bank,188339,18136,0
705556,2021,Neighborhood National Bank,276055,26159,3383
706030,2021,South Coast Bank & Trust,175559,15664,0
706058,2021,First National Bank of Moose Lake,129717,15976,0
706236,2021,Bank of Mingo,121898,10151,0
706254,2021,The Community State Bank,301409,27432,0
706450,2021,Lake Country Community Bank,32346,2742,0
706656,2021,Community Bank of Marshall,193270,17908,0
707354,2021,First State Community Bank,3396765,283355,2254
708379,2021,SECURITY SAVINGS BANK,224586,23370,0
709143,2021,Midwest Bank,586984,51918,671
709451,2021,Commercial Trust Company Of Fayette,156614,14245,0
709554,2021,Western Bank,234246,21600,0
709602,2021,UNIBANK FOR SAVINGS,2161719,181498,0
709639,2021,Macon Bank & Trust Company,492897,55555,0
709956,2021,OKLAHOMA HERITAGE BANK,92139,8841,0
710176,2021,First Missouri Bank,340671,34134,0
710859,2021,The Citizens Bank of Clovis,400466,46677,0
711472,2021,Bank of Guam,2344222,177653,0
711520,2021,Miners Exchange Bank,90270,11374,0
711548,2021,Chelsea State Bank,379045,38078,0
711753,2021,SCRIBNER BANK,84543,10681,0
711801,2021,The Savings Bank,658357,77054,0
712059,2021,United Prairie Bank,744238,63801,0
712273,2021,Perpetual Federal Savings Bank of Urbana,392001,78362,0
712648,2021,"Peoples Bank, The",217929,23029,0
712956,2021,First New Mexico Bank,238568,30407,668
713047,2021,Bank of Montgomery,44519,3863,0
713252,2021,Peoples State Bank of Velva,130035,11663,5000
713476,2021,"PyraMax Bank, FSB",515748,49534,2484
713926,2021,Farmers & Merchants Bank,966611,95051,58753
714165,2021,"City National Bank Of San Saba, The",73309,9225,0
714437,2021,Mountain Valley Bank,119911,10201,0
714839,2021,First National Bank USA,158918,18965,913
714978,2021,The Cooperative Bank,452898,44253,1073
715032,2021,1012,135361,11091,0
715050,2021,Star Bank,341640,27788,0
715144,2021,Grundy Bank,317754,26699,2225
715340,2021,West Michigan Community Bank,755491,64345,3309
715470,2021,First Western Federal Savings Bank,59902,9233,0
715630,2021,Citizens Bank & Trust Company of Grainger County,247697,35283,0
715872,2021,Lifestore  Bank,371981,38365,3460
715975,2021,Amory Federal Savings   Loan Association,78143,10619,0
716374,2021,First Harrison Bank,1013447,89737,7941
716655,2021,AMERICAN BANK OF THE NORTH,636041,47820,5343
716833,2021,Marquette Bank,1850614,142146,14876
716851,2021,COMMUNITY BANK OF RAYMORE,361927,21733,0
716954,2021,CITIZENS FIRST BANK,259497,26420,186
717232,2021,Peoples Bank Of Graceville,112029,11242,0
717670,2021,Systematic Savings Bank,51353,10116,0
717737,2021,Citizens National Bank,1281440,136526,0
717924,2021,SOUTHERN BANK AND TRUST COMPANY,3710368,286340,18101
718079,2021,American Bank & Trust of the Cumberlands,320886,35909,1506
718145,2021,First Security Bank,723022,62712,0
718275,2021,Bank of the Federated States of Micronesia,205916,26270,0
718538,2021,The Grant County Bank,293038,36993,0
719030,2021,The First National Bank Of Peterstown,78880,8486,0
719610,2021,The First National Bank Of Manchester,168960,17162,0
719656,2021,The Callaway Bank,433854,38832,2680
719964,2021,FIRST STATE BANK OF PAINT ROCK,129279,14693,0
720157,2021,Marshall County State Bank,32763,5655,0
720344,2021,Bank Of Clarkson,135539,17673,0
720746,2021,The Bradford National Bank of Greenville,443586,50665,2437
720858,2021,McIntosh County Bank,100936,10334,0
721350,2021,BANKNORTH,446727,42037,0
721752,2021,"Farmers & Merchants State Bank Of New York Mills, Incorporated",76201,10071,0
721949,2021,First and Farmers National Bank,568730,59585,0
722227,2021,Movement Bank,63208,7941,0
722432,2021,THE BANK OF ROMNEY,336018,39590,203
722544,2021,National Exchange Bank & Trust,2480601,403711,0
722777,2021,"Santander Bank, N.A.",89502032,10266788,490564
722816,2021,Solvay Bank,1041470,95677,0
723112,2021,"Fifth Third Bank, National Association",203174120,17252620,4702629
723158,2021,State Bank of Fairmont,120980,12714,0
723550,2021,The Hamilton Bank,94894,8278,0
723653,2021,Western Bank,252729,24019,0
723756,2021,PEOPLES BANK,52310,6622,0
723868,2021,Pearland State Bank,206206,22679,0
724230,2021,SimplyBank.,404728,35344,0
724548,2021,Dixon Bank,81035,20895,0
724744,2021,GNB BANK,577114,66538,995
724904,2021,"Home Loan Investment Bank, F.S.B.",377077,37339,26459
724940,2021,Farmers & Merchants Bank Of Hutsonville,46313,8260,0
725077,2021,Ottawa Savings Bank,307625,43742,0
725732,2021,BAC Florida Bank,2205940,247135,0
725741,2021,Holmes County Bank and Trust Company,138098,16571,0
725853,2021,Community Bank of the Midwest,207599,23467,0
726458,2021,The First National Bank Of Osakis,83544,6552,0
726953,2021,United Texas Bank,1061503,97659,0
727174,2021,Guardian Savings Bank,1091948,138875,123957
728948,2021,"Midstates Bank, National Association",613395,49028,0
728957,2021,Farmers And Merchants State Bank Of Pierz,278586,24963,0
729011,2021,The Community Bank,526974,48498,2101
729057,2021,Pine River State Bank,147152,10805,0
729178,2021,"Cypress Bank, Ssb",210974,21751,120
729310,2021,PATHFINDER BANK,1222485,104287,1526
729459,2021,PINE ISLAND BANK,118774,11303,0
729570,2021,Mutual Savings Bank,52897,13415,0
729842,2021,Bank Of Wolcott,187524,21229,0
729945,2021,Citizens Bank & Trust,146110,9340,0
730745,2021,CITIZENS SAVINGS BANK,30437,4264,0
731050,2021,York State Bank,165793,16848,0
731247,2021,Hills Bank and Trust Company,3778765,453073,43947
731957,2021,First National Bank of Proctor,27482,2442,0
732178,2021,Grand Savings Bank,663327,52590,1925
732253,2021,Citizens Progressive Bank,195036,15660,0
732637,2021,Whitesville State Bank,117300,10830,0
732758,2021,Bankers' Bank Of The West,497536,52708,0
732918,2021,Jersey Shore State Bank,1305516,103812,5239
732954,2021,Carmine State Bank,90325,10832,0
733054,2021,Industry State Bank,929934,99186,0
733540,2021,Gateway Bank,90063,9535,0
733559,2021,Great Plains State Bank,357697,35724,0
733661,2021,HATCH BANK,180754,27964,80
733755,2021,Jonesburg State Bank,120568,9343,0
733951,2021,CITIZENS STATE BANK   TRUST CO,235989,18200,0
734248,2021,Iowa State Bank,369226,40242,233
734350,2021,Gibsland Bank & Trust Company,472909,49350,0
734538,2021,First National Bankers Bank,1029609,146825,0
734613,2021,THE BANK OF LANDISBURG,340752,56265,0
735049,2021,Freeland State Bank,55509,9081,0
735067,2021,"TEXAS REPUBLIC BANK, NA",365446,39393,1451
735414,2021,"First National Bank Of Blanchester, The",68801,7486,0
735441,2021,American State Bank,1108499,117913,7919
735768,2021,American River Bank,869419,71271,0
735973,2021,Scottsburg Building And Loan Association,85670,13752,0
736158,2021,THE POTTER STATE BANK OF POTTER,43554,6407,0
736206,2021,CAMBRIDGE TRUST COMPANY,3949004,342229,6909
736550,2021,Union State Bank,358706,33603,0
736662,2021,"First State Bank, The",173603,19589,0
737548,2021,aa,770638,78166,8736
738013,2021,THE CITIZENS NATIONAL BANK,953506,97807,10352
738040,2021,United Bank Of Iowa,1866595,188341,9678
738143,2021,PROSPECT BANK,674761,55127,0
738255,2021,Town & Country Bank,167168,21772,238
738303,2021,East Cambridge Savings Bank,1207455,127709,1720
738657,2021,The City State Bank,48732,4093,0
738769,2021,Community National Bank & Trust Of Texas,925317,79018,1199
739346,2021,Atkins Savings Bank and Trust,123449,13829,0
739355,2021,Texas National Bank,632104,62263,0
739560,2021,FREMONT BANK,5041516,352495,295026
739832,2021,Fisher National Bank,153268,19411,360
740249,2021,First Whitney Bank And Trust,253252,25546,0
741068,2021,Fidelity Bank of Texas,111717,16510,0
741152,2021,Junction National Bank,82498,7045,0
741330,2021,F&M Bank,1319579,109192,75543
741358,2021,PEOPLES STATE BANK,17638,4610,0
741648,2021,SECURITY BANK,68384,7326,913
741844,2021,Farmers Savings Bank,136496,17469,39
741956,2021,THE MER ROUGE STATE BANK,51681,5044,0
741974,2021,First Federal Savings Bank Of Kentucky,243661,30463,1730
742056,2021,CASTROVILLE STATE BANK,208727,18048,0
742542,2021,First Community Bank,131662,12099,58
742636,2021,Mississippi River Bank,121207,16367,0
742944,2021,Forte Bank,289586,28411,710
743679,2021,RELIANCE SAVINGS BANK,630875,61619,8913
743950,2021,Farmers Bank Of Lohman,75357,10942,0
744238,2021,The Farmers & Mechanics Bank,408276,40141,2012
744256,2021,First State Bank,356760,31934,580
744854,2021,Citizens Bank,432552,59778,0
745150,2021,Gorham State Bank,33388,3827,0
745347,2021,BOONE BANK & TRUST CO.,150001,13967,0
746157,2021,Sentry Bank,300907,23320,0
746429,2021,Touchstone Bank,532662,50959,0
746755,2021,Bank Of Hays,307739,29566,0
746942,2021,Union State Bank,88273,8341,0
746979,2021,Spratt Savings Bank,142850,29573,814
747051,2021,HOMEPRIDE BANK,107774,9385,0
747257,2021,The Halstead Bank,141050,12937,2063
748254,2021,BankCherokee,345787,27349,0
748357,2021,CHAPPELL HILL BANK,41874,3506,0
748441,2021,Warren Bank and Trust Company,134131,22449,0
748964,2021,Texas State Bank,345243,36915,165
749242,2021,Renasant Bank,14916368,1369994,417771
749635,2021,AuburnBank,956496,96096,3418
749840,2021,Farmers State Bank,39650,4401,0
749943,2021,RARITAN STATE BANK,207876,22075,0
749952,2021,FIRST BANK AND TRUST OF CHILDRESS,136636,11098,0
750051,2021,NORTH STAR BANK,330750,32900,0
750127,2021,The Peoples Bank,305194,27407,0
750239,2021,Glenview State Bank,1457394,145598,0
750341,2021,Highpoint Community Bank,395737,34226,911
750444,2021,STATE BANK OF BUSSEY,46745,3759,0
750846,2021,SECURITY STATE BANK,127690,19070,0
751254,2021,Progrowth Bank,188411,12385,199
751656,2021,Frandsen Bank & Trust,2481849,180822,8321
751852,2021,Central Bank of Kansas City,296918,37441,0
752644,2021,Mechanics Bank,258367,25820,5219
752831,2021,Bank Of Madison,315351,32734,0
753052,2021,MONTROSE SAVINGS BANK,48207,6770,0
753324,2021,Bank of Clarke County,1122574,97825,0
753641,2021,Huron State Bank,69845,9967,0
753856,2021,The Donley County State Bank,46615,7833,0
754068,2021,"C3bank, N.A.",542164,47149,0
754246,2021,LOGAN STATE BANK,75568,5211,0
754536,2021,Vermilion Bank & Trust Company,158244,12480,0
754826,2021,Vinton County National Bank,1182019,117410,187
754853,2021,The First National Bank Of Hutchinson,896918,98808,0
754929,2021,The National Bank Of Blacksburg,1506348,177409,866
755047,2021,First National Bank in Howell,550634,59050,5057
755252,2021,Cross Keys Bank,447086,47057,6971
755421,2021,THE BLUE GRASS VALLEY BANK,51043,5132,0
755458,2021,Foresight Bank,295841,26368,0
756343,2021,Malvern Bank,167849,14320,0
756848,2021,Community First Bank,212877,16688,0
757377,2021,Liberty Bank For Savings,880124,199248,129
757452,2021,Farmers State Bank,280791,23235,530
757612,2021,Riverview Bank,1357283,114967,4338
757779,2021,MCS Bank,163170,20235,0
758703,2021,Cambridge Savings Bank,5187820,429648,9124
758842,2021,Citizens Savings Bank,150310,13392,0
758851,2021,First Bank Of The Lake,647684,18414,0
759045,2021,First Eagle Bank,585612,98304,0
759625,2021,Bank of Botetourt,597794,54845,686
760210,2021,THE FARMERS AND MERCHANTS BANK,114090,16557,0
760331,2021,Brannen Bank,654641,34304,529
760340,2021,National Bank of St Anne,104480,8337,0
760434,2021,Ipava State Bank,185693,13992,0
760649,2021,Audubon State Bank,127681,11843,0
760854,2021,Southwest Missouri Bank,975463,76493,6652
760939,2021,First Bank Of Pike,59658,4837,0
760957,2021,THE FIRST STATE BANK OF ROSEMOUNT,82993,5861,0
761244,2021,Belgrade State Bank,333303,28295,0
761459,2021,PINE COUNTRY BANK,216693,18505,0
761543,2021,Ohnward Bank & Trust,364756,40779,5044
761806,2021,"Webster Bank, National Association",32623400,2791474,14012
761833,2021,Community Bank & Trust - West Georgia,87419,2610,0
761851,2021,First Independent Bank,334762,35164,220
761954,2021,Coleman County State Bank,147029,13127,1087
762045,2021,State Savings Bank,179938,17493,1225
762447,2021,"First Mid Bank & Trust, National Association",4700049,409534,1924
762474,2021,"Fidelity Bank, N.A.",2802382,251268,37174
762773,2021,Abacus Federal Savings Bank,352177,41820,13223
763211,2021,Bank Of Hindman,289048,21842,0
763677,2021,Security Federal Bank,1171207,109673,5693
763930,2021,FARMERS & MERCHANTS BANK,611828,32094,0
764030,2021,Ameris Bank,20350488,1964717,1167659
764058,2021,Highland Bank,599135,53412,0
764067,2021,The American National Bank Of Mount Pleasant,126948,13495,0
764142,2021,Federation Bank,154814,12389,0
764151,2021,Lovelady State Bank,49283,5093,0
764441,2021,Melvin Savings Bank,77154,12504,0
764816,2021,Citizens Guaranty Bank,219876,14516,0
765019,2021,The Bryn Mawr Trust Company,5428909,432258,6000
765318,2021,Citizens Bank & Trust Co. Of Jackson,161718,12191,0
765354,2021,BANK OF CROCKER,137890,15053,0
765505,2021,Webster Five Cents Savings Bank,966527,115854,4240
765662,2021,Muenster State Bank,186743,25951,0
765877,2021,Home Savings Bank,78814,14549,0
766052,2021,Community Bank Of El Dorado Springs,121144,17504,0
766164,2021,"TBK Bank, SSB",5917644,608738,24546
767040,2021,Legacy Bank,146151,10364,3034
767152,2021,First National Bank in Cooper,45504,6685,0
767246,2021,Chesterfield State Bank,19059,1921,0
767255,2021,Lamar Bank and Trust Company,205185,21927,0
767554,2021,Citizens Bank & Trust Company of Vivian LA,160502,18200,2279
767572,2021,Tucumcari Federal Savings and Loan Association,35512,5178,0
767611,2021,Bank of Richmondville,164949,17465,0
767732,2021,South Georgia Banking Company,540189,56146,0
767974,2021,"CFBank, NA",1469790,124678,283165
768074,2021,First Financial Northwest Bank,1387704,140319,0
768458,2021,Community 1st Bank Las Vegas,165035,14922,0
768476,2021,RAYMOND FEDERAL BANK,63802,6437,0
768953,2021,THE BANK OF TIOGA,361787,36138,0
769156,2021,FIRST STATE BANK OF SAUK CENTRE,129081,14849,0
769334,2021,EXCHANGE STATE BANK,103065,11701,0
770068,2021,Morris County National Bank,89334,10622,0
770451,2021,FARMERS & MERCHANTS STATE BANK OF SPRINGFIELD,136784,10753,0
770545,2021,Middletown State Bank,40256,3585,0
770639,2021,Hometown National Bank,303445,27844,0
770657,2021,"Nodaway Valley Bank, The",1169167,120579,1245
770853,2021,FIRST MIDWEST BANK OF DEXTER,437382,42851,1274
771047,2021,Citizens State Bank Of Milford,52934,4171,0
771140,2021,DIETERICH BANK,1191537,83995,0
771458,2021,First American Bank,1421675,143410,16954
771609,2021,Baycoast Bank,2116330,169797,28970
771748,2021,CHELSEA SAVINGS BANK,194427,23575,0
771878,2021,First Federal Savings Bank,374430,43267,1829
772008,2021,South Shore Bank,1898435,161985,3802
772446,2021,"Comerica Bank & Trust, National Association",65338,62259,0
772754,2021,Metz Banking Company,87341,9370,0
773032,2021,FARMERS STATE BANK,158569,21515,448
773171,2021,Mid-Central National Bank,141448,16347,0
773247,2021,Midland States Bank,6857988,578681,138090
773443,2021,"Clinton National Bank, The",411720,51481,567
773470,2021,"Malaga Bank, Fsb",1311546,166849,0
773546,2021,FIRST STATE BANK,125491,13893,0
773742,2021,CITIZENS NATIONAL BANK OF CHEBOYGAN,398840,27763,5485
774132,2021,"Volunteer State Bank, Inc.",901339,71841,389
774235,2021,"CITIZENS NATIONAL BANK OF QUITMAN, THE",113205,14186,0
774253,2021,Northern State Bank Of Virginia,85024,7584,0
774262,2021,"CommunityBank of Texas, National Association",3949361,421952,2673
774347,2021,Farmers Savings Bank,230386,26426,0
775054,2021,The Eastern Colorado Bank,538027,58723,0
775241,2021,Community National Bank in Monmouth,46660,6157,199
775456,2021,NATIONAL BANK OF COMMERCE,1065262,118146,4078
775773,2021,North Shore Trust and Savings,242219,44256,1972
776369,2021,FIRST STATE BANK OF ODEM,165997,18542,0
776547,2021,"Meade County Bank, Inc.",249720,21734,0
777254,2021,HERITAGE BANK MINNESOTA,68621,5854,137
777366,2021,Bank Of The Orient,927306,99698,0
777441,2021,Flora Bank & Trust,99995,9086,0
777870,2021,Altoona First Savings Bank,289171,33857,0
778738,2021,Citizens Bank,1057365,115605,7141
779016,2021,Mifflinburg Bank and Trust Co.,507965,47507,0
779351,2021,"Merchants Bank, National Association (WIN)",2493270,222262,37369
779360,2021,Community Bank,511274,42793,0
779641,2021,The Port Austin State Bank,65012,9967,0
779650,2021,Chippewa Valley Bank,589029,45050,0
779968,2021,STATE BANK OF INDIA (CALIFORNIA),874400,149459,0
780049,2021,Bank of Kilmichael,213041,19533,0
780218,2021,The Union Bank Company,978542,91118,18427
780263,2021,Ozona National Bank,302977,31644,0
780562,2021,International City Bank,455522,37820,0
780722,2021,HEBRON SAVINGS BANK,720411,63611,0
780955,2021,WAUMANDEE STATE BANK,315836,25456,73
781028,2021,Essex Bank,1644645,166210,0
782016,2021,Bank Of Maysville,145469,22424,0
782306,2021,Brookline Bank,5742972,557310,0
782548,2021,Clinton Bank,62301,12177,0
783161,2021,First Northern Bank Of Dixon,1655376,141569,9190
783246,2021,Grinnell State Bank,406330,43837,0
783349,2021,State Bank of Nauvoo,32544,2865,0
783648,2021,Centier Bank,5684149,534885,23279
783844,2021,CITIZENS BANK,930850,112250,3035
783910,2021,North Valley Bank,290687,23439,0
784159,2021,Peoples Community Bank,553302,94236,0
784430,2021,THE MERCHANTS AND CITIZENS BANK,118033,15670,0
785147,2021,The Farmers National Bank Of Danville,791430,62280,0
785473,2021,First Savings Bank,1869420,153473,357242
785857,2021,"James Polk Stone Community Bank, The",289388,27491,0
785923,2021,LCNB National Bank,1742641,168351,0
785932,2021,Community National Bank,268500,26465,0
785950,2021,Legacy Bank,579494,55176,1424
786210,2021,"Traditional Bank, Inc.",2076041,180753,822
786256,2021,The State Bank,37569,3024,0
786340,2021,First American National Bank,338041,33068,0
786555,2021,Peoples State Bank Of Plainview,332463,26939,3056
786612,2021,Mid Penn Bank,2998060,218676,25506
786733,2021,Jefferson Security Bank,380710,32533,0
786948,2021,First Bank Hampton,199319,22111,0
787141,2021,Exchange State Bank,41097,4501,0
787459,2021,Prinsbank,177407,24486,0
787842,2021,First Iowa State Bank,177911,17936,0
788559,2021,FARMERS AND DROVERS BANK,199094,50672,0
788652,2021,WOODLAND BANK,120694,12370,1645
788773,2021,Hometown Bank,469471,40492,104
789051,2021,Ninnescah Valley Bank,34997,4200,0
790150,2021,BANK OF IBERIA,61343,5244,0
790271,2021,Washington Savings Bank,454181,67666,0
790543,2021,Community State Bank,1002725,97350,598
790703,2021,Lee Bank,454116,40264,2999
790918,2021,FIRST KEYSTONE COMMUNITY BANK,1176623,121642,17300
791072,2021,Interstate Bank,204399,19918,0
791353,2021,Bankwest,205563,15472,0
791821,2021,The National Capital Bank Of Washington,615294,51533,1444
791942,2021,Nekoosa Port Edwards State Bank,242755,31974,0
792248,2021,FARMERS   TRADERS SAVINGS BANK,64185,6359,0
792453,2021,State Bank Of Downs,112258,13227,0
792640,2021,State Savings Bank,139082,12772,0
792659,2021,National Bank & Trust,216369,26817,0
794149,2021,Commercial National Bank Of Texarkana,254568,21274,233
794336,2021,First National Bank of South Miami,841891,83428,0
794345,2021,Blue Grass Savings Bank,219296,30143,0
794475,2021,EUREKA HOMESTEAD,99903,19089,3610
794653,2021,First National Bank at St. James,31793,2660,0
795249,2021,First State Bank,120794,16140,0
795548,2021,CITIZENS STATE BANK,451161,48335,10000
795959,2021,KENNETT TRUST BANK,114540,12959,0
795968,2021,Bank of Hawaii,20574716,1289435,82565
796152,2021,First State Bank,258134,21788,0
796451,2021,Bank of Kirksville,454250,54551,0
796572,2021,Home Federal Savings Bank,909562,89473,6119
796657,2021,The Lyon County State Bank,170638,14686,0
797140,2021,The Bank Of New Glarus,363169,37613,0
797775,2021,BLUE FOUNDRY BANK,1945363,206258,0
798512,2021,"First National Bank Of Brooksville, The",69075,7221,0
799359,2021,RED ROCK BANK,45132,3384,0
799751,2021,Minnesota National Bank,260146,21513,0
799854,2021,The City National Bank Of Colorado City,173524,16478,4595
799939,2021,Hartsburg State Bank,19177,2098,0
799948,2021,FIRST NATIONAL BANK OF LAWRENCE COUNTY,262579,25819,0
800134,2021,"Harvard State Bank, The",310990,24890,1334
800442,2021,bank of winona,135761,13361,0
800479,2021,"Tarboro Savings Bank, SSB",59093,6813,0
800657,2021,"Bremer Bank, National Association",15743847,1288001,45137
800853,2021,Centinel Bank of Taos,340289,26353,0
801047,2021,First State Bank,505126,46868,688
801056,2021,The Farmers State Bank,138101,13010,0
801654,2021,The First State Bank,163660,22239,0
802866,2021,Silicon Valley Bank,113839098,6530167,0
803256,2021,TRIUMPH STATE BANK,81935,7581,0
803265,2021,Robert Lee State Bank,42215,6238,0
803649,2021,Green Belt Bank & Trust,563152,47323,320
803658,2021,Farmers State Bank of Trimont,68379,10452,0
803957,2021,KODABANK,320359,38139,0
804150,2021,231,51515,7665,0
804338,2021,FIRST BANK OF HIGHLAND PARK,1915637,185464,0
804374,2021,Home Federal Bank,536009,52902,27904
804422,2021,THE FARMERS & MERCHANTS BANK OF CRAIG COUNTY,70543,12852,0
804860,2021,CITIZENS STATE BANK,90517,8208,0
804963,2021,Bank of the West,96057998,9314995,132672
805045,2021,Exchange State Bank,132356,11893,180
805250,2021,FNB BANK,224429,25969,0
805335,2021,Bank Of Monticello,137495,12779,0
805755,2021,First National Bank North,686819,60943,4393
805876,2021,PennCrest BANK,204097,29516,0
806220,2021,Sandhills Bank,209472,17840,0
806846,2021,Bank Five Nine,1421797,141548,12443
806958,2021,Midwest Bank,608491,53373,16884
807348,2021,BRISTOL MORGAN BANK,147519,12153,0
807432,2021,Mount Vernon Bank,150732,15973,0
807656,2021,Citizens Bank of Ada,243557,20597,2219
807955,2021,"American Bank, N.A.",1916506,149863,7880
808260,2021,Farmers & Merchants Bank Of Central California,4553698,401313,0
808345,2021,State Central Bank,46099,4023,0
808354,2021,State Bank of Wheaton,99894,21645,0
808653,2021,Garrison State Bank and Trust,158308,17871,0
809070,2021,Mutual Savings and Loan Association,44404,13689,0
809276,2021,"United Midwest Savings Bank, National Association",381736,35480,27317
809379,2021,Investors Community Bank,78789,10042,160
809650,2021,"Texana Bank, National Association",235336,20244,30164
809678,2021,North Arundel Savings Bank,44961,5766,0
809771,2021,Yakima Federal Savings and Loan Association,1946933,478554,0
809856,2021,The Bank of Burlington,75691,9046,0
810544,2021,Crawford County Trust & Savings Bank,236216,19414,943
811046,2021,Bankers Trust Company,5796998,502829,9948
811279,2021,"Standard Bank, Pasb",1051383,114917,371
811457,2021,First National Bank of Lipan,24390,2042,0
811541,2021,Auburn Banking Company,98282,8269,0
811550,2021,American Exchange Bank,73657,8290,0
811747,2021,Security Savings Bank,467598,42938,0
812164,2021,"STATE STREET BANK AND TRUST COMPANY OF CALIFORNIA,N.A",17223,16819,0
812379,2021,FIRST COMMUNITY BANK OF CULLMAN,123329,11379,0
812436,2021,Itasca Bank & Trust Co.,692458,58717,0
812557,2021,Bank Forward,834083,72390,3917
812614,2021,"Commercial Bank Of Grayson, The",205945,26281,0
813059,2021,Harwood State Bank,44142,4104,0
813572,2021,Cecil  Bank,189311,12798,0
813853,2021,Community Resource Bank,348403,38176,1120
814074,2021,"First Federal Bank, A Fsb",176299,25320,79624
814355,2021,Security State Bank Of Oklee,36811,5622,0
814430,2021,CITY NATIONAL BANK OF FLORIDA,18513858,1793899,45374
814458,2021,CHARTER BANK,329212,27176,0
814476,2021,Millville Savings Bank,145402,19436,0
814551,2021,Kearney Trust Company,253334,22491,0
814711,2021,PEOPLES BANK AND TRUST COMPANY,253774,13784,0
815053,2021,GOPPERT FINANCIAL BANK,208313,19552,0
815147,2021,Honor Bank,295566,25565,0
815156,2021,"Dakota Community Bank   Trust, N.A.",951710,73556,5620
815277,2021,Quaint Oak Bank,484595,33996,53192
815754,2021,Bank Of Cherokee County,139799,11118,0
815772,2021,The Cincinnatus Savings And Loan Company,104214,22294,0
816256,2021,The First National Bank of Hooker,85568,11407,0
816304,2021,Marblehead Bank,261119,21084,0
816603,2021,"The Washington Trust Company, of Westerly",5712705,498583,61614
816751,2021,Kindred State Bank,39891,2862,0
817477,2021,Union Savings Bank,177628,16454,1116
817824,2021,"PNC Bank, National Association",463097309,35232481,1596732
818401,2021,Main Street Bank,1220811,125964,10671
818540,2021,FIRST NATIONAL BANK OF MANNING,77085,12144,0
818559,2021,FIRST STATE BANK OF RED WING,91831,7148,0
818652,2021,Stockmens National Bank In Cotulla,102936,11515,0
819154,2021,First Security State Bank,140557,9240,0
819172,2021,The Peoples Savings Bank,134394,12949,0
819453,2021,Bank Of Odessa,314900,52762,0
819556,2021,CONCORDIA BANK & TRUST COMPANY,592098,61814,60
819855,2021,Peoples Bank,686300,63183,3552
820048,2021,FIRST NATIONAL BANK,1031155,86071,526
820301,2021,Jewett City Savings Bank,362312,49410,0
820477,2021,Midland Federal Savings And Loan Association,123481,10412,0
820842,2021,BLOOMSDALE BANK,288813,25995,978
820879,2021,First Federal Savings and Loan Association of Van Wert,126486,24111,0
821036,2021,Peoples Bank Of Kankakee County,290988,21200,1851
821157,2021,"Goose River Bank, The",138936,13133,0
821559,2021,"Minnesota First Credit and Savings, Inc.",25454,4207,0
821643,2021,ASHTON STATE BANK,51353,6485,0
821906,2021,Salisbury Bank And Trust Company,1293663,115503,2735
822042,2021,Southern Michigan Bank & Trust,993967,82302,1691
822051,2021,Citizens State Bank,258658,30439,0
822275,2021,"Winter Hill Bank, FSB",344965,36371,0
822408,2021,LITCHFIELD BANCORP,310866,22370,0
822556,2021,"Texas Exchange Bank, Ssb",2514833,221289,10032
822631,2021,MIDLAND COMMUNITY BANK,77451,7814,0
822846,2021,First State Bank,176269,20320,1499
823076,2021,Guardian Savings Bank,36541,6769,0
823133,2021,PEOPLES NATIONAL BANK OF KEWANEE,428542,47624,0
823142,2021,DU QUOIN STATE BANK,128485,10268,0
823450,2021,"FIRST NATIONAL BANK IN ALAMOGORDO, INC.",439748,44178,1549
823478,2021,Northeast Community Bank,960059,137962,0
823553,2021,The Bank of Denton,19692,3474,0
823638,2021,First Bank Of Coastal Georgia,147382,17795,0
823656,2021,First State Bank Southwest,317592,33078,80
824242,2021,Benton County State Bank,49996,6479,0
824653,2021,Texas Heritage National Bank,282394,24543,276
824671,2021,Phoenixville Federal Savings& Loan Association,537062,59610,0
824738,2021,THE FIRST NATIONAL BANK OF LACON,68781,5834,0
825146,2021,Morton Community Bank,4716144,407958,2940
825454,2021,First Missouri State Bank,204722,18580,386
825548,2021,Community State Bank Of Missouri,284811,33792,1828
825753,2021,CITIZENS INDEPENDENT BANK,341808,35875,0
825847,2021,Farmers Trust & Savings Bank,274560,33699,0
825940,2021,Bank Of Buffalo,74198,8269,0
826451,2021,American Exchange Bank,74936,8517,0
826648,2021,Mediapolis Savings Bank,185152,19220,0
826956,2021,CHOICE FINANCIAL GROUP,2825624,257823,2
827355,2021,The First National Bank Of Nevada,110208,16134,0
827458,2021,Dakota Western Bank,300551,34610,0
827560,2021,"FINANCE FACTORS, LIMITED",589003,70635,5216
828110,2021,Pennsville National Bank,236904,19039,0
828174,2021,First Federal Savings And Loan Association Of Valdosta,212168,28846,0
828473,2021,Citizens Savings Bank,364936,52045,0
828651,2021,ANB Bank,3331005,261508,0
829032,2021,"BCBank, Inc",151491,14064,0
829041,2021,Citizens Bank & Trust Company,269508,37969,0
829050,2021,"The Bank, NA",450090,42701,0
829452,2021,COMMERCIAL BANK,100484,12660,0
830113,2021,THE FORT JENNINGS STATE BANK,212032,22239,96
830252,2021,"The Lytle State Bank Of Lytle, Texas",99390,15035,0
830355,2021,First National Bank & Trust Company Of Mcalester,521392,55484,0
830542,2021,CBI Bank & Trust,705190,70156,803
830645,2021,The Farmers Bank of Mt. Pulaski,56162,6895,0
830748,2021,Germantown Trust & Savings Bank,440809,53193,0
831008,2021,The Guilford Savings Bank,970977,105304,0
831352,2021,Bank ofTurtle Lake,60678,6428,0
831576,2021,Banktennessee,385469,31715,0
831642,2021,First Citizens State Bank,374209,66550,3354
831875,2021,First Federal Savings And Loan Association,90339,18586,0
831941,2021,Taylor County Bank,206174,28713,0
832528,2021,Clay County Bank,104085,14882,0
832546,2021,West Shore Bank,557692,43379,7086
833404,2021,Fall River Five Cents Savings Bank d/b/a BankFive,1222548,99820,37031
833749,2021,WOODTRUST BANK,510145,47217,3816
833758,2021,Heartland Tri-State Bank,132716,11912,0
833851,2021,FIRST STATE BANK OF SWANVILLE,26683,3881,0
834175,2021,Lawrenceburg Federal Bank,73761,15625,0
834755,2021,THE LAKE BANK,152782,12110,1282
835079,2021,"Covington Savings And Loan Association, The",80245,11645,0
835257,2021,Community Bank Mankato,369871,30532,2
835378,2021,"Beardstown Savings, S.B.",62921,6547,0
835444,2021,"Bank Of Herrin, The",286755,26230,0
835613,2021,SECURITY BANK & TRUST CO.,61199,10611,0
835659,2021,Tri-County Trust Company,63555,7501,0
835743,2021,Bank of Holly Springs,360138,34634,0
835770,2021,Fox Valley Savings Bank,384306,54559,0
836656,2021,FARMERS & MERCHANTS BANK,19825,1581,0
836843,2021,MIDWESTONE BANK,5549659,500981,59956
836852,2021,ROUNDBANK,385394,39147,15844
837000,2021,The First National Bank of Long Island,4067656,406038,0
837046,2021,Corydon State Bank,111531,22518,0
837149,2021,"First Community Bank Of The Heartland, Inc.",309749,25614,1787
837158,2021,FIRST NATIONAL BANK & TRUST COMPANY,165903,14332,0
837354,2021,The First National Bank of Waseca,160136,13159,0
837448,2021,Warren-Boynton State Bank,184232,24423,0
837541,2021,Farmers State Bank of Hoffman,171209,24440,0
837608,2021,Rollstone Bank & Trust,792319,81942,599
837653,2021,Heartland State Bank,62305,6748,0
837840,2021,MERCHANTS AND FARMERS BANK,117022,11617,0
837952,2021,Flint Hills Bank,150317,17661,0
837970,2021,Fifth District Savings Bank,452796,79217,0
838155,2021,PEOPLES STATE BANK,32824,2238,0
839068,2021,Security State Bank,716981,86184,0
839246,2021,Bank Of Columbia,169706,15344,0
839255,2021,FNB COMMUNITY BANK,504672,45992,0
839572,2021,"Liberty Savings Bank, F.S.B.",923788,82492,24405
839817,2021,Farmers and Traders Bank of Campton,58934,5182,0
839974,2021,"Graham Savings And Loan, SSB",143777,15932,0
840019,2021,Citizens Bank,154731,15302,592
840251,2021,Home Bank & Trust Co.,143357,9706,0
840354,2021,First Financial Bank in Winnebago,49342,7259,0
840363,2021,FirstBank Southwest,1219888,96828,3001
840578,2021,Nelsonville Home and Savings Assn,33590,4019,0
840747,2021,Farmers State Bank,1344013,122716,1321
841472,2021,Mutual Savings Bank,209895,18585,434
841753,2021,City Bank   Trust Company,307528,25871,147
841838,2021,Civis Bank,98736,2286,0
842376,2021,West View Savings Bank,313728,32615,0
842460,2021,Lone Star National Bank,2564189,279789,1680
842853,2021,United Minnesota Bank,40916,2505,0
843476,2021,Cornerstone Bank,41377,5626,0
843542,2021,First State Bank of Warren,122171,12475,0
843953,2021,"Fowler State Bank, The",69892,7143,0
844053,2021,Security National Bank of Omaha,1058546,116250,7303
844138,2021,Simmesport State Bank,138268,13955,0
844455,2021,First National Bank in Fredonia,105463,15983,0
844567,2021,POINTBANK,679128,65811,0
845247,2021,Edmonton State Bank,653299,83662,929
845443,2021,First Iowa State Bank,149030,14557,0
845452,2021,Ormsby State Bank,27172,3990,0
845573,2021,"Spencer Savings Bank, Savings And Loan Association",3271850,350612,0
846132,2021,Dewey Bank,25552,1916,0
846619,2021,Cortland Savings and Banking Co,817978,72671,6876
846945,2021,Badger Bank,161598,20236,0
847157,2021,United Community Bank,314123,29966,8936
847979,2021,Community Savings Bank,86005,14240,0
848248,2021,FIDELITY BANK,492976,51367,0
848453,2021,The Bank Of Houston,47927,4213,326
849076,2021,Henderson Federal Savings Bank,111591,24584,0
849348,2021,Community State Bank,244425,19858,0
849357,2021,"First National Bank Of Hughes Springs, The",324380,31824,0
849432,2021,The Bank of Monroe,172841,22399,0
850036,2021,First American Bank,5930354,375310,25360
850054,2021,First National Bank in Ord,153012,12031,0
850456,2021,Goppert State Service Bank,224175,21256,0
851060,2021,Atascosa Bank,93568,9644,0
851172,2021,"Citizens Building   Loan, SSB",148926,29822,0
851239,2021,"The Poca Valley Bank, Inc.",448423,33919,1230
851631,2021,Better Banks,352940,27283,530
852218,2021,"JPMorgan Chase Bank, National Association",3025285000,234237000,28481000
852254,2021,"Union Bank, The",232618,21341,640
852320,2021,Truist Bank,498944000,40642000,6013000
852357,2021,Home Exchange Bank,165720,19076,0
852544,2021,Southern Bancorp Bank,1680692,143530,672
852704,2021,Genesee Regional Bank,751390,78627,10384
852713,2021,QNB Bank,1427208,115770,6570
852973,2021,"PIONEER TRUST BANK, N.A.",651988,74651,0
853112,2021,Heartland Bank,1544271,138747,4382
853251,2021,Unity National Bank Of Houston,183270,12043,0
853671,2021,Oconee Federal Savings And Loan Association,526324,82226,232
853747,2021,Citizens National Bank Of Albion,331139,54224,0
853804,2021,The Bank of Canton,767827,84063,20901
853934,2021,Community State Bank,180884,11862,0
853952,2021,The Central Trust Bank,3486124,239208,47501
854173,2021,Investment Savings Bank,107324,22004,0
854351,2021,Bank Of Hamilton,22756,2057,0
854454,2021,Jefferson Bank of Missouri,761999,70310,3826
854548,2021,OmniBank,53784,4520,0
854753,2021,St. Clair State Bank,106236,10381,0
854847,2021,First State Bank,124171,12543,0
855143,2021,RIVERWIND BANK,130907,11696,0
855264,2021,FIRST NATIONAL BANK IN PORT LAVACA,359949,35422,0
855303,2021,The Citizens National Bank of Hammond,27802,2269,0
855563,2021,MURPHY BANK,318892,36701,0
855648,2021,Laurens State Bank,78966,8552,0
855741,2021,BankORION,543873,53979,0
855844,2021,Anna-Jonesboro National Bank,245822,31958,0
855956,2021,Union State Bank,201996,14554,330
856159,2021,ST. MARTIN NATIONAL BANK,28074,3469,0
856243,2021,First National Bank of Ottawa,906824,75054,63580
856346,2021,Farmers State Bank,323617,23553,2294
856458,2021,Bank Of Hazelton,60273,5411,0
856542,2021,Breda Savings Bank,69213,7565,0
856748,2021,The Citizens Bank,1103056,97089,0
856869,2021,Powell State Bank,34547,3188,0
856944,2021,State Bank of Brooks,23167,2225,0
857259,2021,BANK OF GREELEY,40504,5122,0
857455,2021,Tejas Bank,185467,19630,0
857576,2021,West Town Bank & Trust,357896,34308,26308
857745,2021,The Libertyville Savings Bank,395292,39239,0
857811,2021,MAUCH CHUNK TRUST COMPANY,530026,35898,0
857875,2021,"Mid-Southern Savings Bank, FSB",235230,39174,0
857941,2021,Great Rivers Bank,160632,14913,0
858153,2021,State Bank Of Canton,31597,6554,0
858443,2021,The First National Bank of Ava,76642,8606,0
858452,2021,Bank Of Prague,31511,4329,0
858528,2021,The Bank Of Marion,484225,48745,0
858818,2021,WSB MUNICIPAL BANK,132384,15748,0
858854,2021,CITIZENS STATE BANK,243480,21525,0
859002,2021,Easthampton Savings Bank,1560922,140212,0
859141,2021,AVAILA BANK,1303810,105109,1429
859552,2021,Bank Of The West,674374,50864,4100
859655,2021,The Bankers Bank,192608,27700,0
859712,2021,Ridgewood Savings Bank,6373917,793631,0
860053,2021,SUNRISE BANKS N.A.,1572959,107944,10042
860147,2021,First National Bank Of Pana,231554,24162,109
860231,2021,FARMERS STATE BANK OF EMDEN,36802,9735,0
860259,2021,PREMIER BANK,344559,37813,584
860334,2021,Bank of Zachary,303727,25091,0
860352,2021,Dakota Heritage Bank,250844,22670,0
861153,2021,Haviland State Bank,41970,5836,0
861304,2021,Elmira Savings Bank,644777,51049,5408
861658,2021,First Security Bank - Sleepy Eye,248895,26129,0
861742,2021,Pioneer State Bank,117775,13331,0
861854,2021,FIRST STATE BANK,66096,8954,0
862057,2021,BANK OF COMMERCE,374986,32988,0
862141,2021,TruBank,365133,34284,379
863362,2021,Brazos National Bank,41651,11436,11060
863607,2021,National Grand Bank Of Marblehead,407427,40768,0
863652,2021,The Farmers State Bank,65702,8034,0
863746,2021,Farmers & Merchants Savings Bank,680511,80711,1750
864378,2021,Citizens  Federal Savings Bank,185784,38597,3037
864471,2021,Piedmont Federal Savings Bank,918090,234046,0
864846,2021,First National Bank Of North Arkansas,247882,22447,0
864855,2021,The First State Bank of Healy,83029,16904,0
865142,2021,IOWA STATE BANK,397076,33836,0
865151,2021,Legends Bank,453423,62619,0
865450,2021,"Profinium, Inc.",507884,41021,112
865544,2021,"Clear Lake Bank and Trust Company, Inc.",526027,39031,0
865759,2021,Union State Bank,155572,17172,0
865852,2021,Farmers State Bank Of Underwood,84655,7150,0
866000,2021,Glens Falls National Bank & Trust Company,2869840,251419,4814
866055,2021,Justin State Bank,184085,27139,0
866121,2021,Mercer County State Bank,475457,42889,796
866251,2021,Union State Bank,37371,4132,0
867070,2021,"Sterling Federal Bank, F.S.B.",487362,38398,5362
867258,2021,"The Mercantile Bank Of Louisiana, Missouri",115819,23354,0
867632,2021,International Finance Bank,838490,68692,0
867650,2021,Pinnacle Bank,1732310,153910,0
867856,2021,Citizens State Bank,268933,20653,0
868059,2021,"Security State Bank of Warroad, Minnesota",116705,17543,0
868442,2021,Manson State Bank,38750,4111,0
868572,2021,Home Savings Bank of Wapakoneta,38385,4667,0
868844,2021,Peoples Savings Bank,40930,3520,0
868956,2021,FIRST NORTHERN BANK OF WYOMING,493102,37304,20809
869346,2021,Iowa State Savings Bank,237009,21610,0
869551,2021,THE DENISON STATE BANK,416289,55374,671
869663,2021,Citizens 1St Bank,754977,139792,0
869953,2021,Alamosa State Bank,318831,28362,0
870539,2021,"The Peoples Bank, Biloxi, Mississippi",665410,86133,0
870650,2021,CNB ST LOUIS BANK,607654,58874,1825
870856,2021,First National Bank,90023,10109,0
870913,2021,Buckeye State Bank,251345,18661,0
871358,2021,Bank of Holyrood,66503,9659,0
871648,2021,Spencer County Bank,122990,14245,811
871769,2021,Farmers And Merchants Bank Of Long Beach,9871778,1140997,22893
871956,2021,The First Bank Of Celeste,60681,4509,0
872047,2021,Decorah Bank & Trust Co,576051,56980,1564
872579,2021,Hibernia Bank (formerly Union Savings And Loan Association),213235,27033,0
873259,2021,Mid America Bank,609001,59646,1763
874050,2021,CITIZENS BANK MINNESOTA,534641,44416,1220
874452,2021,STATE BANK OF NEW RICHLAND,111869,10247,0
874845,2021,Lake City Bank,5822227,619693,11218
875048,2021,Community State Bank Of Rock Falls,310081,28759,5224
875057,2021,Farmers State Bank,375510,44357,0
875132,2021,Grand Ridge National Bank,281091,30002,0
875655,2021,Citizens State Bank Norwood Young America,101210,9365,1210
875758,2021,First Texas Bank,169947,16620,0
875879,2021,Warsaw Federal Savings And Loan Association,58888,5930,2283
875936,2021,First Bank,594354,59452,0
876157,2021,Odin State Bank,51646,5136,0
876634,2021,Capital City Bank,3789776,302147,114039
876700,2021,Centreville Bank,1889935,288861,2397
877350,2021,Horizon Financial Bank,158097,18825,0
877752,2021,The Citizens National Bank Of Park Rapids,317775,32414,0
877958,2021,The Hopeton State Bank,26700,2864,0
879336,2021,State Bank of Herscher,162781,19200,0
879439,2021,Feliciana Bank & Trust Company,139152,14809,0
879457,2021,CORNERSTONE BANK,1102739,87511,0
879550,2021,BANK OF NEW CAMBRIA,33489,4385,0
879644,2021,The Bank Of Advance,382027,43081,0
879747,2021,Farmers State Bank of Waupaca,241798,26102,0
880332,2021,PIKE NATIONAL BANK,287468,36413,0
880855,2021,"BANK OF OLD MONROE, THE",498055,61313,6170
881012,2021,First Columbia Bank & Trust Co.,851174,91997,7369
881441,2021,ALTON BANK,93283,10628,0
881478,2021,Heritage Bank,6610848,563630,4932
881852,2021,High Plains Bank,142933,16555,0
881900,2021,Millbury National Bank,99236,10489,0
882242,2021,Rolling Hills Bank & Trust,369930,33536,0
882541,2021,Bridge Community Bank,126215,11975,0
882701,2021,Fairfield County Bank,1717248,220844,4526
882952,2021,OZARK BANK,331835,26269,531
883351,2021,LIBERTY STATE BANK,103495,12270,0
883959,2021,"Bank Of Kremlin, The",323817,29603,0
884303,2021,Chemung Canal Trust Company,2274470,167881,170
884358,2021,First State Bank Of Livingston,403063,53912,0
884376,2021,"Pickens Savings and Loan Association, FA",111698,11441,0
884442,2021,Jackson County Bank,704348,59335,10607
884648,2021,United Community Bank,242276,20393,0
884657,2021,Rushford State Bank (Incorporated),67545,4965,0
885225,2021,The Bank of Delmarva,945166,77168,0
885252,2021,Citizens Bank,206617,19294,0
885430,2021,ST LANDRY BANK & TRUST COMPANY,338888,28016,0
885579,2021,Tioga-Franklin Savings Bank,81789,5202,0
885869,2021,"Commercial Bank Of Texas, N.A.",1009718,87598,919
886204,2021,Watertown Savings Bank,1382486,137450,0
886624,2021,Clear Mountain Bank,767161,90865,11021
887340,2021,First State Bank,1328139,126962,54793
887827,2021,The Hamler State Bank,92047,14716,0
887854,2021,Sherwood Community Bank,57279,4984,0
888002,2021,Middlesex Savings Bank,5752015,690339,0
888141,2021,Farmers & Merchants Bank & Trust,228920,19381,0
888271,2021,"Hancock County Savings Bank, F.S.B.",410752,73690,0
888552,2021,"First State Bank, The",604965,53219,0
888833,2021,Northeast Georgia Bank,545408,60467,0
890050,2021,FIRST NATIONAL BANK OF GILLETTE,617675,72191,5803
890078,2021,Lake City Federal Bank,79473,9501,0
890603,2021,Collinsville Bank,192106,15505,0
890649,2021,Mount Vernon Bank and Trust Company,157258,19462,0
890742,2021,Blackhawk Bank & Trust,1607194,162368,0
890957,2021,Strasburg State Bank,80030,6337,0
891226,2021,Farmers And Merchants Bank,678404,60104,1671
891253,2021,Columbus State Bank,130888,14005,0
892205,2021,WESTFIELD BANK,2363633,210722,0
892223,2021,The Hicksville Bank,136787,16609,633
893248,2021,FIRST NATIONAL BANK OF MUSCATINE,353039,37973,0
893640,2021,NXT Bank,245883,30876,0
893855,2021,Lead Bank,537218,38403,10000
894272,2021,Newport Federal Bank,240401,24526,0
894348,2021,Bank Of Wisconsin Dells,703332,77421,348
894544,2021,First Security Bank and Trust Company,564979,48109,0
894834,2021,The Trust Bank,42492,4381,0
894946,2021,First Farmers State Bank,208126,23857,0
895055,2021,The First National Bank Of Mcgregor,715981,65888,0
895448,2021,Milledgeville State Bank,157954,17312,0
895710,2021,Citizens & Northern Bank,2222478,225058,942
896155,2021,Shell Lake State Bank,247237,36316,993
896427,2021,The Henry County Banik,315234,30274,0
897170,2021,Ponce Bank,1315286,141850,1030
897237,2021,"Citizens Bank Of Morgantown, Inc",41910,7690,0
897330,2021,Bank Of Morton,75980,10246,0
897451,2021,Integrity Bank Plus,75755,7583,0
897648,2021,MCGEHEE BANK,142787,17506,0
897853,2021,SECURITY BANK OF SOUTHWEST MISSOURI,96532,9833,0
898458,2021,Bank Of Jackson Hole,1189733,99646,2711
898579,2021,First Federal Community Bank,493741,54612,0
898627,2021,THE CITIZENS BANK,681720,60172,2896
898850,2021,FIRST LIBERTY BANK,545276,46478,6286
899008,2021,WINCHESTER SAVINGS BANK,595889,73624,1294
899343,2021,WILSON & MUIR BANK & TRUST CO INC,642509,48001,7592
899428,2021,First Bank,950341,84032,245
899642,2021,First State Bank,296110,22528,978
899651,2021,THE CITIZENS STATE BANK,143932,16656,0
900034,2021,RAYNE STATE BANK & TRUST COMPANY,439099,53267,0
900146,2021,CUSB Bank,527104,73330,1659
900306,2021,Northern Bank & Trust Company,2581305,309581,11770
900379,2021,Wake Forest Federal Savings And Loan Association,108816,25026,0
900502,2021,Fulton Savings Bank,424614,114353,0
900678,2021,Carthage Federal Savings And Loan Association,277828,30519,0
901134,2021,Community Bank Of Parkersburg,275992,28232,0
901358,2021,"Heritage Bank, National Association",459546,42776,5544
901451,2021,CITIZENS NATIONAL BANK,57492,9146,0
901741,2021,Northwest Bank & Trust Company,244737,18798,0
901938,2021,The Farmers Bank,760136,91859,8677
901974,2021,Lyons Federal Bank,148350,17791,243
902645,2021,Defiance State Bank,36009,3365,0
902672,2021,Home Federal Bank Corporation,430433,47467,1227
903240,2021,Bank of Edmonson County,236163,26588,0
903455,2021,Bank Of Zumbrota,186507,22343,0
903754,2021,Union State Bank Of West Salem,106460,10700,365
903950,2021,Central Bank And Trust,201196,15367,1515
904171,2021,InFirst Bank,450656,43130,0
904359,2021,Century Bank of the Ozarks,207653,17819,0
904845,2021,BANK OF CADIZ AND TRUST COMPANY,127602,10715,0
905356,2021,Oklahoma State Bank,186414,18165,0
905673,2021,Gouverneur Savings And Loan Association,127275,26137,0
906241,2021,The Malvern National Bank,609438,56504,2159
906410,2021,"Turbotville National Bank, The",162913,26713,0
906652,2021,Community State Bank,182935,19061,0
907444,2021,First National Bank of Kentucky,143985,13939,0
907547,2021,Premierbank,500517,46682,830
908450,2021,KIRKWOOD BANK & TRUST CO,306113,27793,6792
908553,2021,HNB National Bank,622678,78141,8336
908861,2021,"TransPecos Banks, SSB",471729,25461,0
909055,2021,Peoples Bank & Trust Co.,611051,51916,3653
909756,2021,Prime Security Bank,98255,8341,0
910079,2021,The Equitable Savings And Loan Company,13358,2539,0
910118,2021,Tioga State Bank,520268,65560,0
910239,2021,Bank Of Sunset & Trust Company,167960,15250,0
911160,2021,Pilgrim Bank,605542,66663,0
911339,2021,"First Neighborhood Bank, Inc.",158590,16040,0
911759,2021,Nebraska State Bank,61053,9588,0
911973,2021,Union Savings Bank,3480903,354621,523815
912550,2021,THE LUSK STATE BANK,63837,7983,0
912756,2021,STATE BANK OF LAKE PARK,43669,4115,0
913146,2021,Stone Bank,539776,55383,0
913436,2021,MINERS AND MERCHANTS BANK,61841,9058,0
913753,2021,Inwood National Bank,3606113,329759,9324
913856,2021,Pinnacle Bank,6315152,605558,34485
914545,2021,Tri-County Bank   Trust,227196,26242,0
914648,2021,BankFirst Financial Services,1730533,147411,29313
914853,2021,CORNERSTONE STATE BANK,213500,21329,0
915056,2021,Peoples Bank Of Moniteau County,65289,5636,0
915065,2021,Hawaii National Bank,782075,65612,2210
915878,2021,Third Federal Savings and Loan Assoc of Cleve,14549040,1520089,111288
915935,2021,CITIZENS BANK OF EDINBURG,27846,2492,0
916259,2021,State Bank Of Lismore,66407,6321,0
916343,2021,Anderson State Bank,95742,14334,0
916745,2021,Bna Bank,622421,67332,0
916857,2021,FirstOak Bank,209322,19052,0
917050,2021,First State Bank,280613,28414,681
917500,2021,The First National Bank Of Groton,201963,27587,0
917555,2021,UBank,307997,29348,0
917630,2021,The First National Bank of Williamson,96298,8661,0
917742,2021,"Associated Bank, National Association",33372697,2971234,129158
917854,2021,First Farmers & Merchants National Bank Luverne,214041,29963,0
918132,2021,"Williamstown Bank, Inc.",182018,20991,0
918150,2021,"First Bank Of Okarche, The",118718,12974,0
918356,2021,Grand Timber Bank,53151,6829,0
918477,2021,Haven Savings Bank,981022,101921,0
918655,2021,FIRST STATE BANK OF CANDO,72716,6644,0
918776,2021,New Foundation Savings Bank,26821,2371,3860
918879,2021,"Logansport Savings Bank, FSB",220517,26133,2298
918918,2021,Safra National Bank of New York,9624044,806717,0
918954,2021,ESB FINANCIAL,313320,26203,53
919344,2021,Bank of Okolona,226719,21819,0
919456,2021,Mid America Bank,280832,26241,761
919568,2021,First Capital Bank,71636,6273,0
919773,2021,"Belmont Savings Bank, Ssb",95647,19270,0
920210,2021,Jim Thorpe Neighborhood Bank,222075,20787,0
920359,2021,BANK OF DIXON COUNTY,108641,12493,0
920733,2021,West Central Bank,205813,20105,0
920854,2021,Pioneer Bank,723208,62937,1407
920975,2021,FIRST SENTINEL BANK,318851,27605,7131
921039,2021,First American Bank And Trust Company,697107,67864,7740
921178,2021,Riverview Community Bank,1434905,138418,0
921655,2021,COTTONWOOD VALLEY BANK,38362,4760,0
921879,2021,First Federal Savings And Loan Association Of Greensburg,161140,17882,308
921936,2021,Farmers State Bank,59984,5213,0
922157,2021,First Heritage Bank,208922,18946,0
922344,2021,Peoples Bank & Trust,488429,40463,0
922559,2021,United Valley Bank,460069,35344,1251
922924,2021,Bank Of York,260999,27017,0
923257,2021,Peoples Bank,83343,9868,0
923350,2021,First National Bank In Frankfort,56502,5254,0
923707,2021,The Lowell Five Cent Savings Bank,1426797,165292,0
923752,2021,Community National Bank & Trust,1717718,131912,0
923855,2021,Community First Bank,114154,13763,0
923949,2021,THE STATE BANK OF PEARL CITY,63873,6957,0
924058,2021,The Jacksboro National Bank,266395,31218,1960
924236,2021,FIRST STATE BANK,833284,97991,1839
924254,2021,"The Citizens State Bank Of Cheney, Kansas",72217,6861,0
924357,2021,The First National Bank Of Milaca,257780,26046,0
924405,2021,Dime Community Bank,6775780,653393,5903
924553,2021,Commercial State Bank,63920,18931,0
924843,2021,Sycamore Bank,276105,24524,0
924937,2021,Alliance Community Bank,304319,28792,674
925037,2021,"INB, N.A.",1481336,115908,52721
925055,2021,CITIZENS BANK   TRUST CO.,218571,24611,0
925354,2021,CALDWELL BANK AND TRUST CO,200345,17877,0
925411,2021,Sumitomo Mitsui Trust Bank (U.S.A.) Limited,3551686,356631,432
925653,2021,Bank of Texas,431137,54387,0
926632,2021,FOREST PARK NATIONAL BANK & TRUST CO.,280513,21575,2346
926650,2021,State Bank of Scotia,49837,10869,0
926959,2021,Bank Of Coushatta,257110,23983,0
927077,2021,Monroe Savings Bank,98866,13504,0
927134,2021,Solutions Bank,349136,29088,0
927479,2021,Bogota Savings Bank,741169,101667,0
928056,2021,"GNBank, National Association",850732,81701,0
928421,2021,Citizens and Farmers Bank,2053306,194487,203231
928618,2021,AmeriServ Financial Bank,1268754,112965,6250
929352,2021,Bell Bank,8771234,890281,279110
929932,2021,Midsouth Bank,511535,53539,2
929978,2021,"Home Bank, National Association",2586485,245090,9559
930358,2021,United Bankers' Bank,1344287,111587,0
930442,2021,BANK OF PONTIAC,624835,73359,0
930853,2021,CLB The Community Bank,222049,21073,0
930871,2021,Lincoln 1st Bank,312997,19336,0
930965,2021,Manufacturers Bank,3932983,393486,0
931038,2021,Central Bank Illinois,1056271,94341,0
931047,2021,BANK OF SALEM,165615,17704,0
931159,2021,First State Bank of Golva,92392,8201,0
931207,2021,"Brown Brothers Harriman Trust Company, N.A.",16249,7503,0
931270,2021,North Cambridge Co-Operative Bank,89168,21588,0
931355,2021,Hodge Bank and Trust Company,81184,14084,0
931458,2021,The First National Bank of Harveyville,16045,1445,0
931944,2021,Keystone Savings Bank,181594,14611,0
932633,2021,Bank Of Gibson City,107994,7807,0
932642,2021,Logan County Bank,89291,17789,0
932745,2021,First Community Bank,379627,33081,0
932978,2021,Firstrust Savings Bank,4763131,416043,69256
933023,2021,Shore United Bank,1932470,180696,0
933041,2021,Farmers National Bank of Prophetstown,817958,104371,415
933256,2021,Alerus Financial N.A.,3011785,251806,122440
933340,2021,Grant County State Bank,224296,26021,0
933377,2021,Fidelity Co-Operative Bank,1112730,89370,11297
933621,2021,Burke & Herbert Bank & Trust Co.,3432910,362297,8212
933863,2021,Merchants Bank Of Commerce,1763328,172612,0
933966,2021,Citizens Business Bank,14413422,1269492,0
933975,2021,Bank Of Utah,1874490,208569,19639
934271,2021,Cenlar Fsb,1232519,113184,0
934329,2021,"BNY Mellon, National Association",33413000,2225000,0
934646,2021,REYNOLDS STATE BANK,108220,10925,0
934673,2021,Cullman Savings Bank,329600,50690,173
934954,2021,Central Bank of Audrain County,236483,15096,0
935250,2021,Blue Ridge Bank And Trust Co.,674832,59439,0
935308,2021,OneUnited Bank,666667,37427,368
935559,2021,Southern Heritage Bank,350298,36234,1625
935577,2021,WCF Financial Bank,140911,20237,83
935719,2021,First National Bank of Dennison,275699,25558,452
936136,2021,Old Second National Bank,3046940,318467,12611
936426,2021,S & T Bank,8954696,810636,18528
936462,2021,Mechanics Bank,19142908,1465573,347
936583,2021,Think Mutual Bank,1972150,296283,3658
936640,2021,Leighton State Bank,224670,21624,330
936837,2021,Goodfield State Bank,158528,19581,0
936855,2021,"Umb Bank, National Association",32975982,2492571,6708
937339,2021,State Bank Of Graymont,245613,26804,0
937553,2021,The Bank Of Monticello,130637,14520,0
937740,2021,Port Washington State Bank,840817,63920,1047
937759,2021,Citizens State Bank,143303,17312,0
937834,2021,F&M Bank and Trust Company,77591,3660,0
937843,2021,Blissfield State Bank,110658,11144,320
938354,2021,"The First National Bank of Fairfax, Minnesota",32564,12055,0
938550,2021,Community Bank,95878,7828,0
938859,2021,NewFirst National Bank,844639,86566,0
939070,2021,Eastern Connecticut Savings Bank,222178,15591,5471
939249,2021,Fidelity Bank & Trust,1519781,126353,0
940021,2021,The Bank Of Magnolia Company,89262,10607,0
940311,2021,BANCO POPULAR DE PUERTO RICO,55209000,3941000,97000
940674,2021,Hometown Bank,238166,19099,1269
940731,2021,Havana National Bank,303380,29297,0
940852,2021,Citizens State Bank Of Lankin,51706,5318,0
941541,2021,Peoples Bank Of Altenburg,69697,7179,0
941653,2021,1st Cameron State Bank,59709,5492,0
941804,2021,Bank Of Holland,161073,13036,0
942258,2021,Security State Bank Of Fergus Falls,152502,12833,0
942454,2021,PEOPLES NATIONAL BANK,155242,24587,0
942539,2021,Peoples Bank and Trust Company of Pickett County,137319,16366,599
942847,2021,Bodcaw Bank,131565,16439,0
943143,2021,First Security Bank,75566,9015,0
943152,2021,First State Bank of Fountain,37632,3320,0
943273,2021,The Peoples Savings and Loan Company,63862,7863,0
943675,2021,Mechanics Bank,681017,54878,0
943853,2021,Frost State Bank,52382,6688,0
943974,2021,First Federal Bank,205971,21948,0
944047,2021,THE NAPOLEON STATE BANK,350348,34242,3904
944337,2021,Century Bank and Trust,312949,33554,252
944355,2021,First National Bank,367275,34561,0
944551,2021,BANK OF COMMERCE,41541,3431,0
944627,2021,CNB BANK INC,481432,40118,7013
944739,2021,"The Bank of LaFayette, Georgia",328296,35429,0
944748,2021,Farmers State Bank,69831,9770,0
944935,2021,State Bank Of Industry,54621,8208,0
945026,2021,Commercial Bank & Trust Of Pa,425169,57700,0
945053,2021,RCB Bank,3650232,289342,12367
945071,2021,San Luis Valley Federal Bank,332596,49786,196
945950,2021,Grand Marais State Bank,118047,7435,353
946274,2021,Bedford Federal Savings Bank,157478,17392,3311
946461,2021,FIRST BANK OF MULESHOE,106951,14432,0
946555,2021,Llano National Bank,229718,26290,0
947525,2021,MARION CENTER BANK,355298,25406,0
947749,2021,The North Salem State Bank,483424,37080,0
947776,2021,Charles River Bank,289492,21702,791
948036,2021,Farmers-Merchants Bank of Illinois,258204,24456,83436
948250,2021,Peoples Bank www.peoplesbk.com,238917,23342,0
948278,2021,Wrentham Co-operative Bank,135924,16894,0
948531,2021,Bank of Newington,157280,13328,0
948643,2021,Ossian State Bank,129498,12020,0
949154,2021,Texas Bank And Trust Company,3282903,340377,586
949453,2021,First Security Bank - Hendricks,41763,4370,0
950141,2021,Mid-Missouri Bank,783899,65300,8541
950178,2021,First Federal Bank Of Kansas City,794480,121655,69788
950356,2021,Security State Bank Of Hibbing,171537,15053,0
950758,2021,Security Bank USA,189051,16788,1028
951102,2021,Monson Savings Bank,509173,44936,0
952172,2021,Everett Co-operative Bank,587624,73314,441
952257,2021,THE STATE BANK OF WYNNEWOOD,95665,14333,0
952677,2021,ESSA Bank & Trust,1862897,175397,623
952846,2021,BANK fka Iowa State Bank,104366,13666,0
953535,2021,Fortress Bank,528214,42118,19938
953843,2021,PONY EXPRESS BANK,222351,19220,0
953852,2021,The YNB,215526,20498,0
954158,2021,FARMERS AND MERCHANTS BANK OF NORTH DAKOTA,115426,10912,0
954251,2021,Citizens Bank of Eldon,180769,21024,0
954279,2021,StonehamBank A Co-Operative Bank,658393,65168,4586
954653,2021,CITIZENS STATE BANK OF LULING,71986,11099,0
954671,2021,First Southern Bank,225021,23495,0
955548,2021,SENB Bank,358302,29638,620
955753,2021,River Falls State Bank,118203,13794,0
955940,2021,OBannon Banking Company,244173,20925,0
955959,2021,SECURITY STATE BANK,409174,41318,378
955977,2021,BANK 34,440969,42337,0
956134,2021,Lasalle State Bank,157318,14541,0
956152,2021,Independent Farmers Bank,142600,12094,0
956255,2021,First National Bank of River Falls,317983,31928,2706
956358,2021,Security Bank Of The Ozarks,118072,8641,0
956376,2021,"Bank of Easton, A Cooperative Bank",182460,18813,0
956527,2021,INDEPENDENCE BANK,185270,24637,0
956554,2021,The Bank of Grain Valley,100991,20776,0
956750,2021,Rio Bank,667998,60425,0
956938,2021,PriorityOne Bank,789355,78861,12460
956956,2021,Farmers State Bank of Calhan,336634,30764,0
957757,2021,Community Bank And Trust,374782,28694,673
958204,2021,First County Bank,1967409,172991,0
958231,2021,Community Bank of Easton,43018,8404,0
958558,2021,The Stock Exchange Bank,265902,41282,0
958727,2021,American National Bank & Trust Company,3033781,252748,15591
958763,2021,Normangee State Bank,134251,20256,0
959304,2021,Flushing Bank,7977360,733010,0
959443,2021,CITIZENS DEPOSIT BANK OF ARLINGTON,273827,38094,0
959630,2021,Bank of Lumber City,25634,3902,0
959715,2021,ATLANTIC COMMUNITY BANKERS BANK,824833,107704,0
960047,2021,Bank of Calhoun County,74827,6798,0
960551,2021,Prairie Sun Bank,65268,5131,0
960560,2021,The Oakwood Bank,638954,54634,0
960935,2021,Queensborough National Bank & Trust Co.,1666019,135872,47754
961259,2021,The Citizens Bank,772240,70360,401
961343,2021,The Shelby State Bank,332749,24116,682
961400,2021,ESSEX SAVINGS BANK,485522,43082,0
961446,2021,Bay Port State Bank,122896,9188,0
961576,2021,"El Dorado Savings Bank, F.S.B.",2512874,253909,0
961624,2021,"Dollar Bank, A Federal Savings Bank",9926432,1145720,3909
961811,2021,"First State Bank of the Southeast, Inc.",360470,32684,129
962313,2021,The Citizens Bank,195490,11951,0
962890,2021,Citizens Community Federal N.A.,1648971,157081,3075
962966,2021,Golden Pacific Bank,149671,14768,0
963002,2021,Bay State Savings Bank,469139,41003,431
963730,2021,Union National Bank,426302,40599,0
963945,2021,Merchants Bank Of Indiana,9410173,781221,3325638
963954,2021,The Merchants And Farmers Bank Of Salisbury,113606,9069,0
964157,2021,Valuebank Texas,270121,28594,0
964250,2021,Citizens Bank & Trust,107268,11639,0
964700,2021,BOSTON PRIVATE BANK & TRUST COMPANY,10016735,788375,17421
965051,2021,First State Bank,76336,8675,0
965789,2021,Susser Bank DBA Affiliated Bank,1250922,118155,34156
966272,2021,First Fsb Of Mascoutah,128180,14690,0
966722,2021,Kingston National Bank,421847,33680,0
966731,2021,First National Bank,264434,26929,0
966973,2021,West Plains Savings And Loan Association,85720,18647,0
967046,2021,First State Bank Of Middlebury,680962,75892,1346
967952,2021,West Plains Bank,129925,17859,0
968070,2021,Capitol Federal Savings Bank,9626153,1167799,3
968155,2021,"First National Bank, Cortez",117223,12494,0
968249,2021,Peoples Bank,373670,29944,0
968744,2021,First Choice Bank,364006,42065,0
969059,2021,First Security Bank - West,71769,8387,0
969255,2021,Guaranty Bank & Trust Co. of Delhi,318116,25544,2239
969639,2021,"FNB Bank, Incorporated",238348,21618,0
969844,2021,Guthrie County State Bank,162088,15497,0
969956,2021,ZAVALA COUNTY BANK,80014,9124,0
970055,2021,FIRST BANK ELK RIVER,361412,30199,699
971070,2021,"Dalhart Federal Savings   Loan Association, SSB",117819,13741,0
971379,2021,"Hertford Savings Bank, Ssb",15069,2111,0
971959,2021,American Bank Center,1881577,156145,11251
972143,2021,Westside State Bank,133825,10814,0
972406,2021,Boston Trust Walden,49056,17246,0
972648,2021,PLANTERS BANK & TRUST COMPANY,1240380,112185,0
972732,2021,First National Bank Of Pulaski,1036575,102593,6959
972750,2021,Conway Bank,103345,7791,0
972769,2021,GBC International Bank,706055,70243,0
972862,2021,Plains State Bank,689219,69284,0
973252,2021,Swedish-American State Bank,44017,5568,0
974558,2021,First National Bank and Trust Company of Bottineau,151469,18417,0
974754,2021,Community Bank Of Louisiana,644810,52501,0
975153,2021,Unico Bank,377187,27997,0
975256,2021,Delta Bank,386966,31278,0
975452,2021,First National Bank of Gilbert,66193,3814,0
975555,2021,First National Bank - Jasper,270317,36287,0
975751,2021,Cibc National Trust Company,305349,92147,0
975854,2021,GLENWOOD STATE BANK,395789,33609,0
976226,2021,"Fauquier Bank, The",866359,72914,375
976534,2021,Bank Of Farmington,199377,21174,0
976552,2021,Core Bank,707161,59551,26218
976703,2021,"BESSEMER TRUST COMPANY, N.A.",2866024,222403,0
976954,2021,FARMERS STATE BANK,16100,1918,0
977045,2021,RIVERSIDE BANK,61327,5503,4298
977250,2021,Midwest Independent BankersBank,285304,39357,0
977616,2021,THE NATIONAL BANK OF MALVERN,174003,24213,0
977652,2021,Johnson City Bank,143663,14986,0
977951,2021,Border Bank,845556,70713,1877
978118,2021,First Citizens Community Bank,1889015,160480,14640
978417,2021,First City Bank,70714,8695,0
978622,2021,Mars Bank,464280,38024,0
979133,2021,Flanagan State Bank,229320,24511,24483
979151,2021,Auburn State Bank,208914,33391,0
979357,2021,Kahoka State Bank,59823,5576,0
979375,2021,"Sterling Bank and Trust, F.S.B.",3903167,363224,22664
979629,2021,First National Bank,859792,66716,4249
979759,2021,"KARNES COUNTY NATIONAL BANK OF KARNES CITY, THE",407867,47042,0
980438,2021,FIRST STATE BANK OF FORREST,243220,19953,0
980531,2021,JD Bank,1284031,101015,919
980661,2021,First Hawaiian Bank,22662246,1699485,11579
980773,2021,Eaton Federal Savings Bank,426307,57951,4141
980951,2021,Woodlands National Bank,296132,27326,827
980960,2021,Benchmark Bank,940340,71329,0
981275,2021,Premier Bank,7172306,629653,221616
981350,2021,Dickinson County Bank,17213,1684,0
981453,2021,Farmers State Bank of Hoffman,33248,3979,0
982142,2021,"Cecilian Bank, The",1294623,109489,0
982348,2021,Iowa State Bank,728627,92252,1704
982553,2021,Stockmens Bank,407475,39325,0
982937,2021,Sevier County Bank,424031,32816,350
983055,2021,First Bank Of Bancroft,26014,3896,0
983158,2021,Grant County State Bank,39201,4484,0
983457,2021,"Armed Forces Bank, National Association",1175666,171067,27668
983550,2021,Home State Bank,183442,18276,458
984258,2021,First National Bank & Trust Company of Ardmore,577104,55552,0
984351,2021,Farmers Bank & Trust,122868,10180,0
984379,2021,Altabank,3366383,322783,14152
984454,2021,Security State Bank of Kenyon,64637,6666,700
984650,2021,FARMERS & MERCHANTS BANK,7382,728,0
984856,2021,"Tipton Latham Bank, National Association, The",157731,16236,0
985451,2021,Exchange Bank and Trust Company,157800,15221,0
985479,2021,Wayne Savings Community Bank,592255,49320,861
986159,2021,First State Bank Of Le Center,97717,9985,0
986551,2021,THE FIRST NATIONAL BANK OF LE CENTER,148124,14066,0
986757,2021,Battle Creek State Bk,37206,4475,0
986935,2021,BANK OF ALAPAHA,217974,19644,0
987053,2021,Lake Area Bank,442475,44060,41368
987231,2021,Community State Bank,265004,25628,0
987259,2021,Sandhills State Bank,322497,25152,0
987352,2021,RAMSEY NATIONAL BANK,282169,36944,701
987576,2021,"The Liberty Savings Association, Fsa",30770,6585,0
987651,2021,Garden Plain State Bank,129080,16746,0
987848,2021,Community State Bank,151161,14373,0
988144,2021,"Clare Bank, National Association",319658,34825,0
988153,2021,The Western State Bank,566889,62780,279
988256,2021,The First National Bank Of Mcintosh,29827,6931,0
988452,2021,First Bethany Bank & Trust,252739,23981,0
989141,2021,Iowa Falls State Bank,145606,16195,0
989347,2021,Cross County Bank,301090,34827,0
989534,2021,Wheeler County State Bank,106253,16863,0
989730,2021,Tower Community Bank,244822,21636,3105
989758,2021,Bankwest Of Kansas,145549,14081,0
989851,2021,Bank of Maple Plain,102691,11741,0
990053,2021,Security State Bank of Marine,173813,16420,0
990352,2021,United Bank & Trust,740679,79482,0
990642,2021,The First National Bank of Allendale,287870,28403,1616
991078,2021,Boonville FSB,59871,5061,0
991135,2021,The State Bank Of Geneva,96618,8499,0
991340,2021,1st Source Bank,7319441,805556,12885
991359,2021,First Missouri Bank of SEMO,227762,18152,0
991555,2021,"Citizens National Bank, The",207688,19414,0
991621,2021,Citizens Bank and Trust Company,492862,58317,0
991854,2021,PEOPLES STATE BANK,18317,1545,0
992851,2021,STOCK GROWERS BANK,291588,26227,0
993250,2021,First Community Bank,178158,17360,1381
994435,2021,United Bank,972073,80101,2818
994770,2021,"Milford Building And Loan Association, Sb",31029,2826,12
995076,2021,Cache Valley Bank,2618593,192455,20790
995272,2021,Hatboro Federal Savings,562330,122733,0
995517,2021,"The Peoples Bank of Kentucky, Inc",347022,39115,0
995571,2021,South Georgia Bank,199974,21328,0
995674,2021,SSB Community Bank,130675,9855,0
995955,2021,Kress National Bank,47655,5034,0
996260,2021,CTBC Bank Corp. (USA),3904185,551160,2601
997052,2021,"First State Bank, The",408969,34171,8133
997155,2021,Baldwin State Bank,91360,9137,0
997557,2021,First State Bank Of Harvey,91660,8826,0
997650,2021,Central Bank of Moberly,227538,17168,846
997847,2021,Bank Of Prairie Du Sac,569369,74849,3370
998358,2021,Howard State Bank,63774,6458,0
998648,2021,Elkton Bank & Trust Company,155834,19066,0
998657,2021,The Farmers Bank,76480,8307,0
998844,2021,Peoples Bank,732315,77480,3461
999355,2021,GARY STATE BANK,16336,2169,0
999935,2021,First Century Bank,468718,41690,702
1000052,2021,Washington County Bank,485115,46746,1217
1000100,2021,East Boston Savings Bank,6619632,719372,8224
1000276,2021,The Pittsfield Co-operative Bank,365375,45307,0
1000641,2021,Citizens State Bank of New Castle,691918,60979,0
1000856,2021,BAXTER STATE BANK,26277,5083,0
1000959,2021,Eagle Bank,190617,23235,0
1001059,2021,Security Bank And Trust Company,684734,58539,0
1001152,2021,International Bank of Commerce -Laredo,10517055,1295437,7797
1001639,2021,PARKWAY BANK AND TRUST COMPANY,2869245,297527,0
1001648,2021,CARROLLTON BANK,2651275,173246,74742
1001817,2021,Inez Deposit Bank,152951,11680,0
1001853,2021,CITIZENS BANK,251531,29572,670
1002355,2021,Saints Avenue Bank,127070,8616,0
1002373,2021,Savers Bank,651519,68576,0
1002458,2021,Sicily Island State Bank,64892,8696,0
1002878,2021,NORTHWEST BANK,13958775,1354028,58786
1002953,2021,American Bank,133547,13708,0
1003455,2021,Astra Bank,370781,29519,546
1003558,2021,Grand Rapids State Bank,273819,24250,1864
1003839,2021,M C Bank & Trust Company,335176,72932,0
1003950,2021,The Bank of Orrick,41154,3473,0
1004256,2021,BUTTE STATE BANK,48934,5297,0
1004470,2021,Hometown Bank,1206804,111878,0
1005075,2021,Dearborn Federal Savings Bank,269776,77749,0
1005552,2021,Valley State Bank,159267,19224,0
1005655,2021,Red River State Bank,105375,9405,0
1005851,2021,Cedar Rapids State Bank,52947,4868,4329
1006148,2021,Farmers State Bank,1039730,123113,0
1006157,2021,Farmers State Bank of Hamel,170432,15726,310
1006513,2021,Bank Of The Bluegrass And Trust Co.,290726,33641,1154
1006559,2021,Bank Star,152388,13560,0
1006652,2021,Franklin State Bank & Trust Company,203378,16346,0
1007015,2021,Central Bank & Trust Company,3269024,325547,23364
1007051,2021,TPNB Bank,89908,12970,0
1007154,2021,Progressive Bank,729741,62856,859
1007417,2021,"First National Bank And Trust Company,The",1146698,101944,0
1007734,2021,Barwick Banking Company,33345,11625,0
1007752,2021,Farmers State Bank of Hartland,170489,20642,0
1007819,2021,The Fidelity Deposit and Discount Bank,1704588,148879,29786
1007846,2021,First Midwest Bank,20730793,1561968,44965
1007873,2021,Cross County Savings Bank,532681,52818,0
1007930,2021,Iroquois Farmers State Bank,131672,10806,0
1007958,2021,Clarkson Bank,63208,8251,0
1008076,2021,Haddon Savings Bank,382930,34986,0
1008151,2021,Bendena State Bank,78324,7133,0
1008209,2021,NATIONAL IRON BANK,196618,15070,0
1008432,2021,MERCHANTS AND,324768,24540,0
1008450,2021,Community State Bank,36538,3345,0
1008553,2021,Commercial Bank of Mott,113560,16044,0
1008674,2021,Reading Co-Operative Bank,649197,58189,0
1008955,2021,Valley Premier Bank,125236,11913,0
1009242,2021,Btc Bank,657572,83782,480
1009354,2021,Security Bank of Kansas City,3416169,445042,1077
1009756,2021,Guaranty State Bank & Trust Co.,329515,39086,0
1009840,2021,MAYNARD SAVINGS BANK,65399,9352,0
1010015,2021,CITIZENS BANK COMPANY,276650,31143,0
1010574,2021,AMERICAN COMMUNITY BANK OF INDIANA,262108,23561,1982
1011432,2021,"MOUNTAIN VALLEY BANK, N. A.",172228,21553,0
1011526,2021,City National Bank Of West Virginia,5693218,482753,0
1011553,2021,FIRST BANK OF BELOIT,101696,10963,0
1011638,2021,Primesouth Bank,880195,78980,649
1011656,2021,"Stearns Bank Of Holdingford, National Association",102791,17666,0
1011852,2021,The Culbertson Bank,14518,2064,0
1011955,2021,First United Bank,299131,28913,0
1012251,2021,First State Bank & Trust Company,518391,79117,0
1012457,2021,Rolette State Bank,43870,3650,0
1012671,2021,NVE Bank,712414,113879,0
1013070,2021,Norwood Cooperative Bank,629954,88190,881
1013650,2021,State Bank Of Bern,107607,16239,0
1013744,2021,PEOPLES SAVINGS BANK,45635,4815,0
1013856,2021,PANOLA NATIONAL BANK,125633,12516,0
1014059,2021,SOUTHWEST BANK OF WEATHERFORD,73230,9869,0
1014125,2021,Bank of Charles Town,620438,64561,2713
1014246,2021,Cedar Valley Bank & Trust,87676,6776,0
1014255,2021,State Bank of Jeffers,34000,3685,0
1014376,2021,Citizens Savings Bank,252747,35714,0
1014451,2021,American Exchange Bank,54805,5725,0
1014554,2021,State Bank of Bottineau,85059,7866,0
1014657,2021,New Era Bank,430990,40015,0
1014853,2021,Citizens Bank Of Kansas,462774,38102,184
1015243,2021,Central Bank of Lake of the Ozarks,1028058,80952,6184
1015252,2021,Lea County State Bank,463556,40887,3014
1015270,2021,Home Bank SB,368772,43423,1189
1015458,2021,Global Innovations Bank,29834,2552,0
1015467,2021,Crockett National Bank,757159,96745,116696
1015560,2021,"Industrial And Commercial Bank Of China (Usa), National Association",2900250,392372,0
1015832,2021,Bank Of Early,161194,16024,0
1015841,2021,Community Bank & Trust Company,267331,21707,0
1015850,2021,Lake Elmo Bank,490920,40453,9997
1016174,2021,Ozarks Federal Savings And Loan Association,257996,37858,0
1016231,2021,Mountain Commerce Bank,1109947,112919,418
1016259,2021,The Bennington State Bank,871894,90825,0
1016558,2021,Generations Bank,43450,4132,0
1016718,2021,JACKSON COUNTY BANK,157928,38619,0
1016848,2021,COUNTY BANK,106894,7858,0
1016857,2021,Citizens Bank of Las Cruces,762020,74552,11565
1016941,2021,INTERCITY STATE BANK,229104,43816,3025
1017425,2021,The Killbuck Savings Bank Company,684605,62104,2028
1017555,2021,First Community Bank,73300,6881,0
1017564,2021,Commercial State Bank,98613,7851,0
1017854,2021,The Farmers State Bank of Blue Mound,47306,8331,0
1017939,2021,United Community Bank,17766296,1625292,105433
1017957,2021,CENTER NATIONAL BANK,233954,23750,0
1018927,2021,1st Security Bank of Washington,2113056,215887,166448
1157415,2021,State Bank of Texas,976977,161388,0
1158878,2021,Charlotte State Bank & Trust,473998,42542,0
1160509,2021,PREMIER BANK OF THE SOUTH,262437,20505,0
1161216,2021,Northmark Bank,431578,50310,547
1162017,2021,United Security Bank,1091479,122112,0
1163283,2021,Citizens Bank & Trust Inc.,115746,11946,0
1169650,2021,Amerasia Bank,755826,93099,0
1176881,2021,Beal Bank,1751102,471387,0
1176920,2021,Community State Bank,73443,5687,0
1186965,2021,Englewood Bank & Trust,407177,33958,0
1187001,2021,InterBank,3519638,385461,6138
1187551,2021,The Bankers Bank of Kentucky,97355,15881,0
1188772,2021,FIRST COMMUNITY BANK OF TENNESSEE,809639,100196,331852
1188987,2021,Peoples Independent Bank,366547,30840,0
1190476,2021,ENTERPRISE BANK & TRUST,9727577,913170,13564
1191352,2021,Waycross Bank & Trust,211721,21576,0
1211371,2021,Saratoga National Bank & Trust Company,815782,71172,6271
1216022,2021,Synchrony Bank,85303000,11821000,5000
1216321,2021,Republic First Bank Dba Republic Bank,5056197,285316,53370
1216826,2021,Silvergate Bank,5586115,261791,865961
1218446,2021,Bankers' Bank Of Kansas,234870,28995,0
1222519,2021,First Metro Bank,822233,83032,8281
1222948,2021,Prairie State Bank & Trust,763186,83536,10266
1225752,2021,Commercial Bank,257068,18307,2225
1225761,2021,Wells Fargo National Bank West,22031369,1887097,18666
1225798,2021,PORT RICHMOND SAVINGS,98425,15845,0
1228034,2021,First Bank & Trust Company,623901,97213,386
1229198,2021,THE UNIVERSITY NATIONAL BANK OF LAWRENCE,85646,7496,222
1293078,2021,Peoples Bank,157132,15139,0
1356768,2021,Enterprise Bank and Trust Company,4014324,378183,371
1369870,2021,FIRST FINANCIAL TRUST NATIONAL ASSOCIATION,11146,7658,0
1386251,2021,Bancfirst,8195430,826478,53719
1387203,2021,Liberty Bank Minnesota,277058,32227,15788
1387605,2021,Northwest Bank,2012120,171344,27945
1390324,2021,Standing Stone Bank,107034,9822,0
1391778,2021,Comenity Bank,10125921,1910096,0
1394621,2021,METRO BANK,875053,119225,3750
1394676,2021,AMERICAN EXPRESS NATIONAL BANK,132754617,14616678,0
1396764,2021,Berkshire Bank,673236,123233,0
1397471,2021,BANK OF LITTLE ROCK,252955,24530,59807
1402384,2021,North Alabama Bank,132975,12610,0
1404481,2021,Bank of the Lowcountry,254536,26042,0
1404883,2021,BURLING BANK,197823,17411,0
1412619,2021,1st Constitution Bank,1806352,167067,29782
1412712,2021,"Community West Bank, National Association",975264,87417,31229
1414819,2021,HELM BANK USA,880839,101388,0
1416279,2021,"Prudential Bank And Trust, Fsb",23680,19783,0
1418255,2021,TUSTIN COMMUNITY BANK,83782,11011,0
1429028,2021,"Keystone Bank, National Association",338692,29921,0
1435092,2021,Texas National Bank,154908,14565,0
1436071,2021,Drummond Community Bank,838524,84974,10185
1436204,2021,BANK OF MARIN,2911909,309032,0
1439456,2021,Rockwood Bank,282908,28240,5007
1440117,2021,Community First Bank,543716,45937,14569
1443266,2021,"Bank of America California, National Association",24583000,2120000,0
1444021,2021,"BlackRock Institutional Trust Company, N.A",4311553,740009,0
1445943,2021,"WHITAKER BANK, INC",1826151,228072,901
1447639,2021,Weststar Bank,2370542,219047,0
1456501,2021,"MORGAN STANLEY BANK, N.A.",175627000,17238000,8053000
1458608,2021,Gulf Coast Bank And Trust Company,2296578,183370,31673
1459717,2021,FCB BANKS,1971194,159823,84077
1459735,2021,COUNTY BANK,494524,51125,52
1459799,2021,First Peoples Bank,229017,18924,0
1462986,2021,Asian Pacific National Bank,56578,9979,0
1469677,2021,"Heritage Bank, Inc.",1278325,95698,0
1470150,2021,First Farmers & Merchants National Bank Fairmont,162948,15252,459
1474309,2021,Community Bank & Trust - Alabama,49801,3893,0
1478231,2021,CORNERSTONE COMMUNITY BANK,228089,21471,0
1479470,2021,Woodlands Bank,502135,48169,0
1481745,2021,Premier Bank Minnesota,301696,29652,247
1481754,2021,Premier Bank Rochester,257013,22669,1458
1492817,2021,FIRST KANSAS BANK,231962,17655,0
1493319,2021,"Gateway Bank, F.S.B.",179697,14496,0
1494482,2021,Sound Banking Company,80490,5202,0
1494914,2021,Shinhan Bank America,1765471,209048,0
1629903,2021,"Associated Trust Company, National Association",65954,36085,0
1718188,2021,Northrim Bank,2105177,178532,146178
1718469,2021,Colorado Federal Savings Bank,2001944,237743,254949
1820979,2021,"The Trust Comany of Toledo, N.A.",4216,3652,0
1826382,2021,The Morris Plan Company Of Terre Haute,120835,28703,0
1836701,2021,ENTERPRISE BANK,406422,35637,4466
1842065,2021,CIBC Bank USA,44130834,3979341,44326
1852569,2021,"Anz Guam, Inc.",391571,47347,0
1862719,2021,First Bank and Trust,1172581,105125,19538
1863097,2021,Ledyard National Bank,683445,54265,0
1864197,2021,OAK VALLEY COMMUNITY BANK,1511435,117978,0
1867983,2021,Citizens First Bank,3110409,335282,38502
1872941,2021,Arbor Bank,484834,34704,15958
1872996,2021,Monona Bank,1072161,98376,2014
1879016,2021,Today's Bank,276272,24554,0
1883321,2021,"First American Trust, FSB",4382687,344752,0
1885932,2021,Crescent Bank & Trust,919745,144407,0
1890525,2021,Unity Bank,1951990,177093,9335
1892154,2021,First National Bank of Coffee County,310313,27161,0
1893049,2021,"Charles Schwab Premier Bank, SSB",31550000,1621000,0
1914421,2021,Rock Canyon Bank,665184,61152,0
1917301,2021,"Lake Forest Bank & Trust Company, N.A.",5931108,494957,0
1918344,2021,Preferred Bank,5145618,513887,0
1929247,2021,"South State Bank, National Association",37669996,3157098,290468
1940747,2021,Desjardins Bank N.A.,243701,32607,0
1945247,2021,United Bank of Philadelphia,55570,5245,12045
2002222,2021,Citizens Community Bank,276661,32734,320
2006024,2021,International Bank of Chicago,796525,80230,0
2007991,2021,CITIZENS COMMUNITY BANK,450759,47455,2634
2009605,2021,STARION BANK,1606710,156669,3143
2010722,2021,Village Bank,402677,28691,583
2037185,2021,First Community Bank of East Tennessee,183245,20757,0
2044811,2021,"Wheaton Bank & Trust Co., N.A.",2597424,199134,0
2044820,2021,Community Bank of Elmhurst,180371,15814,0
2051127,2021,AMERICAN NATIONAL BANK-FOX CITIES,332216,43406,0
2059990,2021,Priority Bank,102559,8827,16398
2068107,2021,Capital Community Bank,481437,54654,6498
2078290,2021,Columbia State Bank,16577223,1411834,26481
2107181,2021,Fds Bank,191276,94435,511
2107341,2021,First Community Bank Of The Ozarks,130623,13251,0
2119773,2021,"Hinsdale Bank & Trust Company, N.A.",4002593,323207,0
2121196,2021,"TD Bank USA, NA",29205488,2891572,0
2122997,2021,CREDIT FIRST NATIONAL ASSOCIATION,30309,28883,0
2123930,2021,The Bank Of Milan,89405,7035,0
2132594,2021,Catskill Hudson Bank,571605,39194,0
2132941,2021,The National Bank of Indianapolis,2832775,198048,0
2140348,2021,"Allied First Bank, SB",146338,18000,8127
2142155,2021,Quad City Bank And Trust Company,2165764,191693,0
2163477,2021,"Raymond James Trust, NA",43563,37548,0
2164111,2021,Wisconsin River Bank,161433,16758,0
2182786,2021,"Goldman Sachs Bank, USA",271652000,30656000,6483000
2193616,2021,"Raymond James Bank, NA",31580477,2340136,208590
2209553,2021,Heritage Bank of Commerce,4632230,428109,1699
2218443,2021,Frontier Bank,252717,21234,0
2232757,2021,Charlevoix State Bank,251734,20272,2109
2233875,2021,"Natbank, National Association",191229,31437,0
2236821,2021,"Patriot Bank, National Association",880903,87844,1217
2239288,2021,"Wintrust Bank, N.A.",8300542,728787,0
2253891,2021,Capital One Bank USA-National Association,108388248,19924434,0
2262718,2021,"Synovus Trust Company, National Association",111485,81281,0
2265456,2021,"Wilmington Trust, National Association",6230392,630574,0
2297998,2021,EVERTRUST BANK,1000500,161731,0
2298995,2021,"Village Bank & Trust, N.A.",2183432,176868,0
2304636,2021,Community Bank,134993,13316,0
2305969,2021,Tnbank,265941,22598,2036
2316714,2021,PARK RIDGE COMMUNITY BANK,417094,47693,0
2317672,2021,First American State Bank,256261,24096,0
2325882,2021,"Deutsche Bank Trust Company, National Association",165067,140164,0
2328137,2021,First Community Bank,1396533,120385,45020
2328285,2021,"Private Trust Company, National Association, The",21115,17542,0
2329200,2021,Bay Bank,122797,16130,0
2332910,2021,First Commercial Bank (USA),766539,140146,360
2333140,2021,Neighborhood National Bank,112895,10398,1389
2337335,2021,"Umb Bank & Trust, National Association",3040,3039,0
2339599,2021,Capitol Bank,485077,52322,2180
2339795,2021,"Libertyville Bank & Trust Company, N.A.",1997144,169328,0
2339900,2021,Illinois Bank & Trust,1525503,121513,0
2343167,2021,PAN AMERICAN BANK & TRUST,368996,33684,0
2344753,2021,Thomasville National Bank,1226333,99236,2614
2349459,2021,FIRST BANK,459399,43383,489
2353595,2021,First Community Bank,3010560,277449,0
2354323,2021,Greater Community Bank,284215,25759,0
2354387,2021,Quantum National Bank,608173,61294,0
2354985,2021,Customers Bank,18434705,1254082,79086
2356091,2021,"First United Bank And Trust Company, Inc.",397391,41464,265
2358769,2021,BNC National Bank,1072775,117047,250083
2362458,2021,"Wells Fargo Bank South Central, National Association",5051061,736644,312386
2371816,2021,West Pointe Bank,288553,52318,0
2372774,2021,Summit Community Bank Inc.,3105212,279540,1998
2385514,2021,"The First, A National Banking Association",5145139,513453,21432
2390929,2021,Bank Of Ann Arbor,2212232,193767,4954
2391588,2021,ONB Bank,132909,14228,1390
2396592,2021,Peoples Bank of Seneca,274450,24485,2025
2396604,2021,BANK OF STAR VALLEY,312334,27541,0
2398701,2021,"Modern Bank, National Association",849228,77984,0
2434113,2021,Bank Rhode Island,3257744,239337,0
2451240,2021,Pacific Coast Bankers Bank,1315757,132800,0
2465881,2021,PLATTE VALLEY BANK - SCB,833722,74871,2704
2467670,2021,Applied Bank,183110,40004,0
2471239,2021,CFG Community Bank,1714351,180569,0
2482824,2021,GREAT PLAINS NATIONAL BANK,945007,93155,57282
2483120,2021,SURREY BANK & TRUST,431064,48634,0
2483438,2021,Community Bank Of The Bay,633952,61121,0
2489805,2021,"MORGAN STANLEY PRIVATE BANK, N.A.",119908000,8213000,11000
2490285,2021,FIRST NATIONAL BANK,89339,8771,0
2497181,2021,PLANTERS BANK INC.,1289309,143790,599
2502656,2021,USAA Savings Bank,1864776,348455,0
2502825,2021,Dsrm National Bank,4055,3357,0
2505424,2021,Wolf River Community Bank,247144,27669,0
2505451,2021,The Citizens Bank of Georgia,410948,39340,0
2505460,2021,THE BANK,314455,31816,0
2506328,2021,CACHE BANK & TRUST,111161,13366,0
2508751,2021,"Barrington Bank & Trust Company, N.A.",3620042,362326,1272102
2512347,2021,CITIZENS COMMERCE BANK,299123,28268,2361
2515320,2021,Fortis Private Bank,942759,86542,1804
2524797,2021,Investors Community Bank,1468929,197056,35976
2529176,2021,Security National Bank of South Dakota,260969,25475,243
2531562,2021,1st Equity Bank,140169,21934,0
2531991,2021,"Wells Fargo Delaware Trust Company, National Association",233017,230800,0
2533043,2021,AMERICAN METRO BANK,84116,9371,0
2533119,2021,NorthSide Community Bank,281457,56949,0
2536633,2021,Hiawatha Bank & Trust Company,92872,9909,0
2539960,2021,Premier Bank,564732,59699,0
2562137,2021,NORTHSTAR BANK,203305,21153,0
2562164,2021,Coastal Community Bank,1765308,147261,0
2567123,2021,"U.S. Bank Trust Company, National Association",20255,20220,0
2568063,2021,First Command Bank,964639,63407,0
2576134,2021,WebBank,2686814,204028,88171
2577739,2021,"Bank Of Jackson, The",228727,19426,3096
2580243,2021,American Bank,733316,75320,1661
2587916,2021,Marine Bank & Trust Company,425250,30410,1154
2590037,2021,"State Farm Bank, F.S.B.",717331,405682,283827
2594240,2021,Encore Bank,836548,73670,11471
2594419,2021,Edison National Bank,419590,31469,0
2596646,2021,FIRST COMMUNITY BANK,1808025,153938,14573
2597223,2021,"Legacy Trust Company, National Association",31217,27295,0
2598396,2021,Prairie Community Bank,153097,13233,0
2600039,2021,"Computershare Trust Company, National Association",39919,28387,0
2602828,2021,STATE BANK,30354,2696,0
2605566,2021,Eaglemark Savings Bank,116152,12661,7459
2607412,2021,Spring Valley Bank,93119,34009,0
2608754,2021,Mercantile Bank Of Michigan,4418422,419236,22888
2610784,2021,Key Community Bank,64355,5905,0
2614344,2021,Peoples Bank Of East Tennessee,287265,28337,0
2615190,2021,Merrick Bank Corporation,4439614,1076298,1599
2615220,2021,Community First Banking Company,237820,24393,0
2618780,2021,"Texas Capital Bank, National Association",37708641,2904211,283165
2619714,2021,Alliance Bank,288339,36613,160
2621285,2021,Millennial Bank,113036,10027,0
2621940,2021,The Community Bank,142248,15332,0
2624400,2021,"Crystal Lake Bank & Trust, N.A.",1298458,118085,0
2625724,2021,Southwestern National Bank,775500,79600,0
2631172,2021,State Bank Financial,457300,38586,0
2631846,2021,North American Banking Company,873941,63616,773
2634191,2021,Glacier Bank,18492383,1674714,166572
2634351,2021,Macatawa Bank,2641173,248829,5422
2641827,2021,New Covenant Trust Company,6645,6118,0
2642598,2021,Community First Bank,503141,38118,12422
2643595,2021,Pacific Crest Savings Bank,257940,28026,0
2649122,2021,New Mexico Bank & Trust,2032637,161750,0
2649177,2021,The Pitney Bowes Bank Inc.,769474,73168,0
2651899,2021,Cedar Hill National Bank,13687,10713,0
2652092,2021,EagleBank,11021530,1244028,88205
2654911,2021,Principal Bank,4523043,308575,0
2661861,2021,People's Bank Of Commerce,523378,48669,3407
2666400,2021,INDEPENDENT BANK,1214017,130987,17859
2667920,2021,U.S. Bank Trust National Association SD,112770,111415,0
2667939,2021,FARMERS & MERCHANTS BANK OF COLBY,300408,35829,0
2667957,2021,Nebraskaland National Bank,850445,91570,633
2668598,2021,Portage Community Bank,454481,45956,3391
2684552,2021,American Bank of Oklahoma,341722,28465,11974
2686211,2021,Crown Bank,525646,115152,0
2687133,2021,Premier Bank,378102,31162,632
2687487,2021,"TCM Bank, N.A.",270507,50280,0
2692753,2021,"Premier Bank, Inc.",1349113,136787,0
2693264,2021,"Town Bank, N.A.",3027707,236926,0
2694681,2021,American First National Bank,2065901,222673,0
2694944,2021,Alliance Bank,131377,13473,0
2696180,2021,First Community Bank Of Hillsboro,124247,11241,392
2697963,2021,"City First Bank of DC, NA",436194,34166,0
2700984,2021,Wex Bank,2109409,287570,0
2702764,2021,Community Bank of Oelwein,114654,14991,0
2705112,2021,Charter Bank,194460,19803,1154
2705895,2021,Metropolitan Commercial Bank,4329311,374713,0
2708122,2021,Virginia National Bank,848730,79746,0
2710554,2021,Hillsboro Bank,190372,21460,0
2713920,2021,"Stifel Trust Company, National Association",873947,64357,0
2716088,2021,RESOURCE BANK,937949,97983,0
2716828,2021,Premier Bank of Arkansas,190698,25322,0
2717012,2021,Pacific Mercantile Bank,1586916,169138,0
2718596,2021,First Trust Bank Of Illinois,352652,29759,0
2719810,2021,The Chicago Trust Company,115055,110712,0
2723376,2021,ClearPoint Federal Bank   Trust,115698,17515,0
2724766,2021,Community Bank Of Memphis,54767,6042,0
2726050,2021,First Central Bank McCook,124369,13870,0
2728661,2021,GrandSouth Bank,1089284,105820,0
2728746,2021,Home Federal Bank Of Hollywood,49192,6085,0
2729677,2021,"Nationwide Trust Company, FSB",205705,39859,0
2730431,2021,Enterprise Bank,392160,31092,0
2732565,2021,PEOPLES SAVINGS BANK,402319,39712,155
2733263,2021,"American Bank and Trust Company, N.A.",437847,39959,6587
2734729,2021,AMERICAN BUSINESS BANK,3454262,241821,0
2735137,2021,Freedom Financial Bank,232834,19598,0
2735146,2021,"TIAA, FSB",41364818,3246837,178404
2736219,2021,"Transportation Alliance Bank, Inc. Dba Tab Bank",959674,97490,9570
2736291,2021,Popular Bank,10255710,1190758,2738
2736451,2021,"New Peoples Bank, Inc.",755298,71241,389
2736714,2021,Mission Bank,1276708,104367,0
2737980,2021,Northpointe Bank,3305150,347167,1325520
2743244,2021,Red River Bank,2642601,253110,29116
2744782,2021,Union Bank,987295,83442,0
2745426,2021,Legends Bank,597140,54405,10068
2745529,2021,Thrivent Trust Co.,75610,21408,0
2746245,2021,Commerce Bank,148495,15536,205
2746263,2021,FirstCapital Bank of Texas,1843012,182445,1959
2747279,2021,Settlers Bank,142722,17458,0
2747466,2021,Exchange Bank Of Northeast Missouri,195826,15766,0
2747587,2021,NBKC Bank,1148196,156664,202249
2748502,2021,Synergy Bank,671516,69424,0
2749059,2021,Boundary Waters Bank,129335,13808,0
2753917,2021,Idaho Trust  Bank,183625,14909,0
2754222,2021,New Republic Savings Bank,92000,9890,23932
2754389,2021,LINKBANK,424103,44958,0
2756730,2021,Commercial Capital Bank,233568,25453,0
2756767,2021,Sunset Bank & Savings,136473,14819,3807
2756909,2021,"Connecticut Community Bank, N.A.",565409,51328,2407
2757205,2021,"MVB Bank, Inc.",2327778,251565,1062
2758024,2021,LANDMARK COMMUNITY BANK,999316,97413,165
2758613,2021,First Internet Bank Of Indiana,4243064,377678,39584
2759629,2021,FIRST NATIONAL BANK OF HEREFORD,206213,18892,329
2760232,2021,Village Bank,705458,61753,34421
2764212,2021,Parke Bank,2077919,243899,200
2765602,2021,First Citrus Bank,528634,46016,0
2769570,2021,Petit Jean State Bank,208741,30060,0
2769954,2021,North Georgia National Bank,161828,15080,0
2771694,2021,First Home Bank,1544574,72825,208704
2774707,2021,ITS BANK,8751,8160,0
2775151,2021,A B & T,281466,19600,0
2775179,2021,Community First Bank,509321,43285,311
2775692,2021,"Community Bank of Wichita, Inc.",96994,8143,0
2785477,2021,ASIAN BANK,272184,30289,0
2785646,2021,Old Missouri Bank,634439,55792,0
2787770,2021,Bank Of The James,851823,70688,7102
2788656,2021,"Lone Star Capital Bank, National Association",310677,28702,0
2791085,2021,Sunstate Bank,503940,45686,0
2791517,2021,STATE BANK,313722,30662,0
2793593,2021,Southern Bank Of Tennessee,348330,39878,3524
2794732,2021,OPTUS BANK,187302,15195,0
2796277,2021,The Philadelphia Trust Company,20993,14324,0
2797162,2021,Sauk Valley Bank & Trust Company,587448,46558,601
2797210,2021,"Old Point Trust & Financial Services, N.A.",6957,6098,0
2797359,2021,FIRST CENTRAL SAVINGS BANK,686611,56458,0
2797724,2021,TowneBank,14626444,1271291,540798
2800491,2021,Heartland National Bank,532992,45794,1019
2805535,2021,FIRST SECURE COMMUNITY BANK,457977,36015,0
2805928,2021,MADISON COUNTY COMMUNITY BANK,153494,13019,0
2806635,2021,Yampa Valley Bank,438288,35046,0
2806840,2021,Wyoming Community Bank,185318,15556,1179
2806877,2021,The Federal Savings Bank,1419636,160511,1168116
2807173,2021,COMMERCE COMMUNITY BANK,65674,6197,0
2808602,2021,"Capital Bank, NA",1847097,135527,107155
2809373,2021,National Advisors Trust Company,13929,11240,0
2811086,2021,Preferred Bank,68434,5696,0
2815879,2021,GREAT AMERICAN BANK,237342,23748,2491
2819167,2021,Farm Bureau Bank FSB,760397,85602,10000
2819242,2021,The Murray Bank,367817,32544,0
2820604,2021,Millennium Bank,488028,43483,0
2823221,2021,GEORGIA COMMUNITY BANK,382786,41420,0
2826017,2021,"The Glenmede Trust Company, N.A.",133438,56906,0
2826316,2021,Central Bank of Oklahoma,756037,79494,2730
2833882,2021,New Millennium Bank,457416,41580,3431
2834759,2021,Evergreen Bank Group,1243178,134633,0
2835103,2021,Freedom Bank Of Southern Missouri,497153,44874,0
2836306,2021,Buckeye Community Bank,217740,24162,639
2838207,2021,Seattle Bank,679059,75283,0
2839053,2021,Old Mission Bank,132448,15089,0
2839790,2021,First Reliance Bank,707626,78672,35642
2845755,2021,Flagler Bank,400937,38166,0
2845782,2021,"Bessemer Trust Company of California, N.A.",12800,12787,0
2847085,2021,Southern Illinois Bank,141276,15916,0
2847142,2021,Cogent Bank,697446,60505,8160
2849285,2021,BankVista,496136,34702,3596
2849463,2021,First Capital Bank,265365,28892,0
2849801,2021,Southern First Bank,2482257,254092,60258
2850722,2021,BMW Bank of North America,11505711,1631707,0
2850768,2021,CORNERSTONE BANK,272799,17890,3916
2855866,2021,Four Corners Community Bank,436687,47190,0
2855978,2021,Leaders Bank,355345,42094,0
2857600,2021,OAK BANK,415135,38510,465
2858492,2021,Freedom Bank,507772,52950,3684
2858960,2021,The Bancorp Bank,6280420,555138,91314
2860039,2021,Community Bank Of The South,208252,18123,0
2860271,2021,Crown Bank,264997,21400,0
2860459,2021,"Auto Club Trust, Fsb",602777,55406,29926
2861317,2021,Branson Bank,262999,24422,171
2867337,2021,Five Star Bank,1953474,155808,4820
2869162,2021,American Community Bank & Trust,786565,79292,0
2871099,2021,TriStar Bank,357998,29188,1819
2871558,2021,AMERICAN COMMUNITY BANK,237979,29343,0
2877345,2021,InsBank,614870,64035,0
2877484,2021,ALAMERICA BANK,16346,2383,0
2877831,2021,Bank Of Brookhaven,197328,19715,10000
2877840,2021,First IC Bank,764419,84213,6039
2880019,2021,Finwise Bank,314522,37806,20949
2881445,2021,"The MassMutual Trust Company, FSB",90046,25501,0
2882983,2021,Citizens First Bank,267763,22329,0
2883971,2021,Western Heritage Bank,279672,28701,2726
2887399,2021,CenterBank,266515,24534,5202
2889227,2021,Alpine Capital Bank,262937,52878,0
2896216,2021,Florida Business Bank,181597,19683,0
2897633,2021,HOMETOWN BANK OF CORBIN,222498,17911,0
2901558,2021,Champion Bank,85677,15705,0
2903123,2021,Bank of Oak Ridge,536641,50953,0
2905761,2021,Twin City Bank,75838,6433,0
2907019,2021,COMMUNITY FIRST NATIONAL BANK,324593,31217,9684
2907439,2021,California First National Bank,107951,59102,0
2909330,2021,AIG Federal Savings Bank,36986,34033,0
2912750,2021,Security National Trust Company,6093,5417,0
2913702,2021,Bank of Franklin County,301688,25784,705
2913887,2021,Select Bank & Trust Company,1723148,160137,2064
2914268,2021,Fidelity Personal Trust Company,102901,99043,0
2914727,2021,UNITED NATIONAL BANK,247006,34250,0
2915126,2021,CHEAHA BANK,234988,29284,185
2915461,2021,North State Bank,1172152,90385,26552
2916534,2021,"M.Y. Safra Bank, FSB",344708,42917,1470
2916963,2021,U.S. Bank Trust National Association,674324,649605,0
2917184,2021,NEW FRONTIER BANK,117380,10154,0
2917317,2021,Axos Bank,13301163,1163874,78057
2919423,2021,"Canyon Community Bank, National Association",137352,10996,0
2919898,2021,American Bank & Trust Company Inc.,553496,40951,1010
2920287,2021,"Century Bank of Kentucky, Inc.",146134,15625,0
2920773,2021,1st Colonial Community Bank,635862,61462,21859
2921211,2021,Century Bank Of Georgia,265287,22564,0
2921622,2021,"Citizens Bank Of Cumberland County, Inc.",79931,10266,0
2921659,2021,Capital Bank And Trust Company,211195,119129,0
2925620,2021,"Chino Commercial Bank, National Association",314739,27060,0
2925666,2021,Pinnacle Bank,34775324,2933674,119021
2929392,2021,Cornerstone National Bank & Trust Company,889123,75057,24414
2938198,2021,"Northbrook Bank and Trust, N.A.",3851734,280852,0
2938769,2021,OXFORD UNIVERSITY BANK,188210,18941,0
2939001,2021,Century Bank of Florida,102003,8074,0
2939391,2021,Peoples Bank,182041,26038,0
2941068,2021,Nicolet National Bank,4542731,329824,21450
2942690,2021,SIGNATURE BANK,73888344,5973201,407363
2942823,2021,United Bank Of El Paso Del Norte,281427,31900,0
2943615,2021,Community Bank of Pickens County,434045,47850,0
2947556,2021,First Electronic Bank,43692,17064,16367
2948058,2021,First Commercial Bank,599653,67762,11067
2948423,2021,THE BANK OF CLOVIS,259223,28345,0
2949970,2021,United Trust Bank,39237,5627,0
2953418,2021,OptimumBank,234939,19261,0
2954059,2021,Bcb Community Bank,2821981,278229,3530
2954497,2021,WILLAMETTE VALLEY BANK,394918,62368,125738
2957014,2021,American State Bank,770209,77246,0
2958972,2021,Northstar Bank,802017,64945,262
2960555,2021,American Heritage Bank,110368,11436,0
2960788,2021,"Wheaton College Trust Company, National Association",3627,3429,0
2963266,2021,First Carolina Bank,1066591,131885,0
2963275,2021,Mission Bank,157002,11426,0
2963547,2021,Landmark Community Bank,353708,34219,0
2963864,2021,TRADITIONS FIRST BANK,183569,14378,1082
2967796,2021,PEOPLES BANK OF MIDDLE TENNESSEE,160882,20395,0
2970657,2021,"Schaumburg Bank & Trust Company, N.A.",1409281,119335,0
2973041,2021,First Community Trust National Association,13423,7673,0
2973386,2021,SEI Private Trust Company,201800,185153,0
2980209,2021,Barclays Bank Delaware,29961000,4823000,0
2986407,2021,"Westfield Bank, FSB",1843783,172813,223
2989006,2021,Guardian Bank,468287,49362,0
2992501,2021,Cornerstone Bank,210906,17838,0
2992547,2021,"John Deere Financial, F.S.B.",2755507,675505,0
2997216,2021,COMMUNITY BANK OF SANTA MARIA,338602,29226,0
2997748,2021,"First Century Bank, National Association",469430,66923,0
2998576,2021,Celtic Bank,4218429,266294,34464
3005097,2021,COMMUNITY BANK OF MISSOURI,65695,8416,681
3010000,2021,Mariner's Bank,427605,40580,0
3010363,2021,Bankcda,190009,18799,0
3015939,2021,AMG National Trust  Bank,606853,54378,0
3016347,2021,Georgia Banking Company,652862,48964,446001
3017081,2021,Northwestern Mutual Wealth Management Company,366887,259941,0
3019982,2021,THE FREEDOM BANK OF VIRGINIA,767045,72117,45048
3020447,2021,Farmers Bank,270919,34062,0
3022076,2021,Beach Community Bank,573735,53596,6486
3022610,2021,Flatirons Bank,258918,20780,0
3025929,2021,GOGEBIC RANGE BANK,149909,14160,0
3027763,2021,Cornerstone Bank,281843,24455,300
3028902,2021,PREMIER VALLEY BANK,1076615,85456,0
3029253,2021,Everence Trust Company,11466,9011,0
3029589,2021,Cedar Rapids Bank And Trust Company,1958692,196438,206
3032833,2021,Cheyenne State Bank,48135,6625,0
3034257,2021,First Community Bank of Central Alabama,473944,37909,761
3034695,2021,MAIN STREET BANK CORP.,510534,49160,0
3039636,2021,Mission Valley Bank,473139,44676,0
3040418,2021,Community Federal Savings Bank,409392,26426,0
3041358,2021,First Commerce Bank,123834,11596,0
3042234,2021,Bank of Brenham N.A.,566250,55942,479
3045383,2021,"Vanguard National Trust Company, National Association",102535,70609,0
3047659,2021,Dogwood State Bank,611534,78898,9996
3048487,2021,1st Bank Yuma,499495,39527,0
3049635,2021,Douglas National Bank,221490,24484,0
3049729,2021,PLUS INTERNATIONAL BANK,91860,13647,0
3052813,2021,CommerceWest Bank,1320462,63356,0
3057818,2021,Apollo Bank,849931,88278,0
3058114,2021,COUNTRY CLUB TRUST COMPANY NA,15121,14793,0
3066025,2021,"The Goldman Sachs Trust Company, National Association",81442,63218,0
3067929,2021,Town & Country Bank,246489,24408,0
3068579,2021,Embassy Bank for the Lehigh Valley,1442344,109013,0
3070545,2021,"United Community Bank Of West Kentucky, Inc.",329757,37727,0
3075474,2021,First Chatham Bank,462510,36758,4410
3076220,2021,Stifel Bank,3046798,209795,1396
3076248,2021,Stifel Bank & Trust,14672010,1029659,549848
3076453,2021,"Bank of Southern California, NA",1578574,161916,0
3076604,2021,"SIGNATURE BANK, NATIONAL ASSOCIATION",1229134,116450,0
3089752,2021,"Securian Trust Company, N.A.",15651,13391,0
3090833,2021,Drake Bank,161428,12565,2252
3102893,2021,Washington Business Bank,108286,11411,0
3103591,2021,UNITED BANK & TRUST NA,117552,10539,0
3109043,2021,Bankwell Bank,2251445,191579,0
3109146,2021,"Leader Bank, National Association",2177734,305662,186299
3110197,2021,SouthEast Bank,2094997,174780,2951
3116519,2021,American Eagle Bank,339895,31352,0
3120646,2021,Patriot Bank,450766,37138,30042
3120897,2021,Heritage Bank,75118,6495,0
3121072,2021,EnerBank USA,3143139,340550,19015
3122994,2021,Sanibel Captiva Community Bank,612059,39555,4616
3125315,2021,HIGHLANDS COMMUNITY BANK,171501,21019,0
3125557,2021,Oregon Coast Bank,335640,31504,0
3128923,2021,BANK OF LINCOLN COUNTY,181867,20699,0
3131400,2021,"Commerce Bank of Arizona, Inc",355511,27152,0
3133570,2021,Eagle Community Bank,35585,2627,0
3134399,2021,Capital Bank of Texas,84003,10414,0
3134698,2021,Bank of Commerce,358087,37459,1097
3138146,2021,Western Alliance Bank,36574817,3078223,0
3139321,2021,Community Bank Owatonna,71068,5597,0
3140822,2021,Liberty National Bank,494242,45486,216
3141726,2021,"Forcht Bank, National Association",1432367,120252,3491
3145797,2021,York Traditions Bank,640562,64729,54863
3146150,2021,U.S. CENTURY BANK,1501742,127061,0
3148613,2021,Commerce National Bank & Trust,135192,14287,0
3150205,2021,Worthington National Bank,364100,33928,448
3150447,2021,"Charles Schwab Bank, SSB",342023000,17526000,0
3151417,2021,Maple Bank,100154,7904,0
3153233,2021,Metropolitan Capital Bank and Trust,227391,21642,0
3153297,2021,FIRST COMMERCE BANK,474240,42422,0
3154780,2021,Horizon Community Bank,475720,39607,1866
3158546,2021,First Western Trust Bank,1967645,133963,156653
3160978,2021,Integrity Bank & Trust,280595,22996,0
3165357,2021,Community First Bank of Indiana,467063,36349,38965
3166699,2021,Tolleson Private Bank,704567,52343,0
3174920,2021,Citizens Bank & Trust,719870,62912,1080
3177426,2021,First Capital Bank,363543,37706,0
3180136,2021,Independence Bank,67788,18753,7454
3184228,2021,Falcon National Bank,687409,58507,3864
3185579,2021,Clarion County Community Bank,199344,17826,0
3185896,2021,TRINITY BANK N.A.,378159,38778,0
3187395,2021,Willamette Community Bank,218328,20394,0
3187612,2021,Arizona Bank & Trust,1529800,102882,0
3187630,2021,Congressional Bank,1847692,157934,275938
3189063,2021,COMMERCIAL BANK OF CALIFORNIA,1613806,130881,0
3194692,2021,Traditions Bank,465519,42359,246
3199811,2021,Heritage Bank of the Ozarks,205614,16535,1461
3202702,2021,Optum Bank,13440870,1481156,0
3211937,2021,Texstar National Bank,395221,36066,0
3212149,2021,UBS BANK USA,87260490,6851915,0
3212402,2021,Pacific City Bank,1922819,227267,1979
3213333,2021,COMMUNITY BANK OF GEORGIA,136412,13994,0
3213735,2021,First Financial Trust & Asset Management Co NA,34745,32304,0
3214059,2021,Avidbank,1427844,141478,0
3216017,2021,"Beverly Bank and Trust Co, N.A.",1718636,173168,0
3216316,2021,American Continental Bank,306107,36292,0
3217331,2021,The Hometown Bank of Alabama,487412,59287,0
3217957,2021,Mainstreet Community Bank Of Florida,667954,53912,6122
3219269,2021,Members Trust Company,41549,35168,0
3220863,2021,Continental Bank,265444,29247,0
3221468,2021,Veritex Community Bank,8817544,884471,21414
3223305,2021,1st State Bank,413183,32852,4520
3223408,2021,Homeland Community Bank,190955,14778,0
3223417,2021,Gateway Bank,250612,20218,0
3224302,2021,First Southwest Bank,397530,30711,0
3224375,2021,Golden State Bank,438801,36512,0
3224478,2021,HERITAGE COMMUNITY BANK,127267,12426,0
3224580,2021,Comenity Capital Bank,8575605,1201224,0
3228908,2021,Medallion Bank,1294798,217295,24
3229642,2021,American Investors Bank And Mortgage,90103,9603,5000
3229875,2021,First National Trust Company,39135,21267,0
3232204,2021,POPPY BANK,3229365,325723,0
3232370,2021,First National Bank of Decatur County,209711,17898,0
3235410,2021,Santa Cruz County Bank,1422872,139172,31630
3243282,2021,Summit Bank,761286,63117,0
3247589,2021,Redwood Capital Bank,495879,42410,5963
3248849,2021,Mainstreet Bank,1643410,176657,57006
3253834,2021,Lakeview Bank,133505,11277,220
3254297,2021,Bank Of Walker County,79602,8182,545
3262788,2021,Cedarstone Bank,255643,23799,0
3266825,2021,"AMERANT TRUST, NATIONAL ASSOCIATION",9236,8990,0
3267738,2021,Valliance Bank,564386,49775,0
3268173,2021,EMIGRANT MERCANTILE BANK,3413,2907,0
3268249,2021,Greene County Commercial Bank,731293,64234,0
3270046,2021,VISIONBank,240965,20936,1430
3271799,2021,Meridian Bank,1720166,173231,229199
3271986,2021,Timberline Bank,543729,38705,0
3272956,2021,"American Commerce Bank, National Association",382421,45511,0
3274709,2021,Coastal States Bank,1146492,91506,113477
3276543,2021,Alliance Bank & Trust Company,184655,14092,0
3277241,2021,Empire State Bank,515522,44757,0
3280625,2021,Providence Bank & Trust,1219167,120162,2738
3281510,2021,United Business Bank,2194957,224169,8664
3282012,2021,PEOPLESTRUST BANK,122114,13378,0
3282692,2021,First Sound Bank,149554,13339,0
3282852,2021,Howard Bank,2537747,254492,0
3284070,2021,Ally Bank,172019000,17567000,406000
3284397,2021,Beal Bank USA,7299289,2246332,186911
3284445,2021,"T Bank, N.A.",503662,47071,14864
3284490,2021,Sterling Bank,1339412,139610,0
3285246,2021,FIRST STATE BANK,54326,6199,0
3285778,2021,Nantahala Bank & Trust Company,198196,13055,0
3286999,2021,Bank Of Grand Lake,192804,14746,795
3287660,2021,Toyota Financial Savings Bank,1967445,194028,0
3288452,2021,Paragon Bank,484101,47707,9363
3290240,2021,Truxton Trust Company,727447,66315,0
3293540,2021,Pacific Valley Bank,464924,39164,0
3296859,2021,One World Bank,126688,15338,0
3297490,2021,Texas Brand Bank,307327,30517,0
3302312,2021,Bank of Santa Clarita,372980,40786,0
3303298,2021,"Citizens Bank, National Association",183365970,16031289,3854622
3303944,2021,Pacific West Bank,211784,31851,0
3303953,2021,Pioneer Commercial Bank,294159,27928,0
3306280,2021,Legacy National Bank,673647,57369,8107
3306598,2021,United Citizens Bank of Southern Kentucky,171854,22946,934
3308529,2021,Bank Of Bozeman,100955,8264,0
3308574,2021,Paramount Bank,237872,18289,148938
3309393,2021,"1st Trust Bank, Inc.",252041,23902,884
3309571,2021,Prime Alliance Bank,505560,54803,0
3310287,2021,"Bessemer Trust Company of Delaware, N.A.",20083,18350,0
3312124,2021,Visionbank,220430,17753,90
3314043,2021,First Resource Bank,281560,21323,478
3314119,2021,Freedom Bank,109714,10115,0
3316739,2021,Southern Trust Bank,185789,16706,0
3317192,2021,1St Advantage Bank,140884,12515,0
3317932,2021,ConnectOne Bank,7496829,776430,4710
3320576,2021,EH NATIONAL BANK,283657,30685,0
3320781,2021,Two Rivers Bank & Trust,1006186,85652,569
3322468,2021,Verus Bank Of Commerce,300589,36189,0
3325759,2021,Sonabank,3090131,334540,0
3335301,2021,People's Bank and Trust Co of Clinton County,44351,4525,0
3337097,2021,Commonwealth Business Bank,1375194,156372,59077
3340725,2021,Quontic Bank,1377593,54235,266289
3340903,2021,Legacy State Bank,134591,13163,0
3341393,2021,Flint Community Bank,271783,23183,0
3342671,2021,Anchor Bank,168679,14130,0
3343146,2021,Sumner Bank & Trust,194130,18861,0
3344321,2021,Tradition Capital Bank,1368496,99108,0
3346268,2021,SAVIBANK,409236,32572,0
3346633,2021,Eagle Bank,91704,9425,3589
3347603,2021,"Eclipse Bank, Inc.",223070,22084,2359
3347911,2021,Austin Capital Bank SSB,291816,18427,31966
3348468,2021,PEACH STATE BANK & TRUST,397517,32101,880
3348888,2021,SERVISFIRST BANK,11931536,1018531,14425
3349241,2021,First Resource Bank,424434,31223,0
3350658,2021,First Vision Bank of Tennessee,327997,31377,8623
3350724,2021,Signature Bank of Arkansas,749590,81817,10871
3351440,2021,Main Street Bank,322996,29087,22997
3353154,2021,BMO Harris Central National Association,7992,6967,0
3354599,2021,St. Louis Bank,648947,48134,0
3356191,2021,BRYANT BANK,2505583,187016,26880
3357077,2021,Visionbank,169630,11492,0
3357219,2021,OPEN BANK,1366793,139092,26659
3357385,2021,Bank Of San Francisco,674407,45648,0
3357620,2021,HSBC Trust company (Delaware) NA,54790,54043,0
3357947,2021,Connections Bank,91963,10257,609
3358270,2021,Huron Valley State Bank,192244,17598,176
3366239,2021,Commerce State Bank,751626,76861,743
3368635,2021,Paradise Bank,366789,34450,0
3368925,2021,Spring Bank,334140,27100,0
3370133,2021,Sunrise Bank,273872,27563,0
3370357,2021,Valley Bank Of Nevada,210205,13976,0
3374234,2021,Riverland Bank,172947,19038,0
3374382,2021,Triad Bank,570447,46197,802
3374403,2021,Bank of Belleville,305507,21014,0
3374412,2021,Oakstar Bank,1442501,125700,31099
3374878,2021,First Choice Bank,2285852,204019,9932
3376733,2021,LincolnWay Community Bank,252346,29957,0
3377235,2021,"Centrust Bank, National Association",166745,14525,0
3378773,2021,BRIDGEWATER BANK,2921764,299447,0
3382547,2021,Department Stores National Bank,707539,449126,0
3383665,2021,First Missouri State Bank Of Cape County,170260,16904,0
3384372,2021,Fortunebank,257338,18689,55676
3384952,2021,Idaho First Bank,884437,33394,3627
3385744,2021,Noblebank & Trust,341472,27908,0
3386143,2021,Liberty First Bank,170785,16191,0
3386264,2021,FIRST GENERAL BANK,1098678,156550,11248
3386536,2021,SouthPoint Bank,576023,44701,13885
3387140,2021,United Republic Bank,148418,15127,0
3388165,2021,Noah Bank,331176,26246,0
3388482,2021,American Riviera Bank,971507,79107,0
3390337,2021,California Business Bank,92121,11610,0
3390627,2021,Signature Bank Of Georgia,193462,19283,0
3391718,2021,Belmont Bank & Trust Company,752946,75760,0
3392975,2021,Freedom Bank,193570,22362,0
3393851,2021,Putnam 1st Mercantile Bank,143991,15419,0
3394278,2021,Sallie Mae Bank,30805521,3579005,2885640
3394380,2021,"California International Bank, N.A.",78702,11789,0
3395293,2021,Triumph Bank,876540,81621,30650
3397233,2021,Solera National Bank,436093,47066,0
3398623,2021,Fresno First Bank,871735,100037,0
3401970,2021,First Bank,2346270,218548,0
3402913,2021,Banesco Usa,1935737,165592,0
3404207,2021,Old Plank Trail Community Bank NA,2029251,161428,0
3404373,2021,First Commerce Bank,1041657,153018,0
3404467,2021,First National Bank of Michigan,767789,63693,0
3404506,2021,Providence Bank,587241,67489,0
3404999,2021,Flagship Bank,299393,22241,0
3407084,2021,LCA Bank Corporation,206527,25959,0
3408728,2021,b1BANK,4174066,358083,969
3410141,2021,"Bank Of Lexington, Inc.",289148,31876,2566
3411773,2021,First Farmbank,296455,27811,0
3412417,2021,Jonah Bank Of Wyoming,458035,42949,8905
3415463,2021,Reliant Bank,3018647,313631,147524
3419416,2021,John Marshall Bank,1883780,204385,0
3428258,2021,DR Bank,437577,37539,0
3429219,2021,Heritage Bank & Trust,203926,17731,0
3435948,2021,Northern California National Bank,309969,28072,0
3437148,2021,First Freedom Bank,613111,53354,726
3437157,2021,River Bank & Trust,1864515,146636,24004
3437166,2021,Patriot Community Bank,203174,28393,16409
3437456,2021,METRO CITY BANK,1902095,219357,0
3437483,2021,Signature Bank,1270497,112147,0
3438958,2021,RiverBank,162964,15232,0
3440803,2021,Golden Valley Bank,406462,32730,0
3440830,2021,"Texas Citizens Bank, National Association",534142,54383,0
3441677,2021,E*TRADE Savings Bank,7182089,1552740,0
3444539,2021,Legacy Bank Of Florida,533334,56941,0
3445460,2021,Western States Bank,526357,49829,0
3445901,2021,River City Bank,187799,19334,0
3446225,2021,Table Rock Community Bank,107981,9135,452
3446636,2021,Aquesta Bank,682846,59812,0
3446784,2021,Community Bank Delaware,243443,23626,907
3447576,2021,American Momentum Bank,2585103,262051,18413
3447772,2021,Ohana Pacific Bank,197802,21562,0
3447820,2021,"Esquire Bank, National Association",930955,109953,0
3448162,2021,LONE STAR BANK,142015,16776,0
3448425,2021,Community Bank of Pleasant Hill,111961,9142,0
3449066,2021,Investar Bank National Association,2318091,237685,0
3451050,2021,River Valley Community Bank,496480,39527,0
3455227,2021,Pinnacle Bank,617747,58190,0
3459207,2021,Mountain Pacific Bank,510344,46603,1434
3459216,2021,Town Center Bank,156070,12231,0
3462458,2021,WestSide Bank,191013,15348,0
3463875,2021,Austin County State Bank,258215,22550,0
3465226,2021,Citywide Banks,2630370,237296,0
3465392,2021,Pegasus Bank,919571,66150,0
3466988,2021,The First Bank of Greenwich,457535,39791,0
3468450,2021,Central Bank,266811,20017,1971
3470097,2021,Bank of Montana,165424,14839,0
3470154,2021,US METRO BANK,766987,86300,7
3470239,2021,"Ameriprise Bank, FSB",8157881,656550,0
3470930,2021,Friendly Hills Bank,204362,19785,0
3472046,2021,Frontier Bank of Texas,470526,53101,0
3472859,2021,Newbank,481597,51276,0
3475083,2021,Tristate Capital Bank,9819719,758658,0
3476192,2021,Carter Bank & Trust,4179197,423832,35272
3479018,2021,The Community Bank,121533,11549,0
3480069,2021,West Valley National Bank,124557,8754,0
3481703,2021,Sabal Palm Bank,354514,27284,0
3482045,2021,Embassy National Bank,113523,18146,0
3482111,2021,MRV Banks,530210,44786,0
3485215,2021,"Texas Advantage Community Bank, National Association",166158,13995,0
3485420,2021,Cornerstone Community Bank,497357,38466,0
3487433,2021,MERCHANTS COMMERCIAL BANK,289328,26661,0
3487947,2021,UniBank,403875,56111,6688
3488579,2021,Central Bank,320575,27313,0
3489035,2021,The Piedmont Bank,1369330,127172,0
3489071,2021,Lewis & Clark Bank,346215,40923,0
3490871,2021,Pacific Enterprise Bank,603244,55151,0
3517590,2021,Hyperion Bank,250473,21988,0
3529315,2021,Edward Jones Trust Company,109129,100043,0
3531176,2021,Southern Independent Bank,299162,30669,0
3532641,2021,SmartBank,3304121,299314,11721
3535848,2021,ACCESSBANK TEXAS,503278,50016,1027
3537897,2021,Commencement Bank,527952,50049,0
3538009,2021,Platinum Bank,396712,29097,0
3545258,2021,CalPrivate Bank,1329235,119919,9687
3546862,2021,Pacific Alliance Bank,361591,40598,0
3547131,2021,FineMark National Bank & Trust,2848058,247626,0
3547896,2021,Millennium Bank,224726,24449,0
3548567,2021,Texas Partners Bank,1543304,132722,4036
3548763,2021,Peoplefirst Bank,176069,19725,0
3555248,2021,FIRST SECURITY BANK OF NEVADA,269501,47583,0
3555695,2021,"Atlantic Capital Bank, NA",3614882,349779,0
3561771,2021,GLOBAL BANK,202434,26190,11479
3567269,2021,Select Bank,329537,27028,0
3579589,2021,Allegiance Bank,6046137,544331,0
3588312,2021,Bank Of Central Florida,766215,56834,0
3588424,2021,"Waterford Bank, N.A.",1364147,106069,4183
3591004,2021,Redstone Bank,200363,21780,0
3591282,2021,First Florida Integrity Bank,1997842,164611,0
3592047,2021,"Goldwater Bank, National Association",325696,31974,91812
3593307,2021,Gold Coast Bank,404159,48353,16318
3594005,2021,CrossFirst Bank,5653609,548615,0
3594087,2021,Hometown Bank Of Pennsylvania,260000,18954,0
3594797,2021,1ST CAPITAL BANK,832514,72461,0
3595271,2021,The Bank Of Princeton,1603046,195138,0
3595637,2021,"Pioneer Bank, Ssb",1751028,149223,4682
3596250,2021,RELIANCE BANK,196826,17593,0
3596894,2021,Republic Bank of Arizona,190348,16671,0
3597211,2021,"Chain Bridge Bank, National Association",881507,69513,3780
3597677,2021,"Providence Bank Of Texas, Ssb",194837,21356,0
3599804,2021,Great Nations Bank,78376,9226,0
3603961,2021,The Victory Bank,428920,30480,3745
3606971,2021,"Business Bank Of Texas, National Association",99623,14375,0
3607062,2021,Lone Star State Bank of West Texas,1048262,120000,0
3608751,2021,Beneficial State Bank,1251761,117176,0
3610718,2021,Old Dominion National Bank,794532,85186,27422
3612525,2021,Level One Bank,2440929,185655,43482
3613559,2021,Vinings Bank,690908,39305,0
3614837,2021,Access Bank,788502,71488,19070
3614846,2021,Nebraska Bank Of Commerce,153845,14357,793
3614958,2021,California Bank Of Commerce,1905535,137214,0
3614976,2021,FVCbank,1818306,209360,0
3615021,2021,Cbank,283174,24982,0
3617856,2021,Community State Bank,146620,18760,0
3619216,2021,Texas Security Bank,870534,74398,6467
3620539,2021,Bank of Feather River,181605,17414,0
3623110,2021,"American Plus Bank, N.A.",587532,88931,0
3623969,2021,"FIRST NEW MEXICO BANK, LAS CRUCES",137203,17732,2817
3625664,2021,Settlers Bank,366197,34467,3292
3626184,2021,Turtle Mountain State Bank,69026,3390,0
3626858,2021,VCC Bank,220073,24453,0
3627109,2021,Frontier Community Bank,143092,14703,0
3629420,2021,Southern States Bank,1332475,130852,5696
3629484,2021,BankFlorida,173521,22277,0
3630323,2021,"Third Coast Bank, Ssb",1863963,133340,2346
3633016,2021,First Cahawba Bank,167619,15284,0
3633173,2021,Alma Bank,1242890,125982,0
3634394,2021,Metro Phoenix Bank,326012,38642,1922
3635029,2021,Nano Banc,1086356,114362,7521
3635551,2021,Guadalupe Bank,210638,18489,4882
3636259,2021,Mountain View Bank Of Commerce,157375,13176,2321
3636428,2021,"Black Hills Community Bank, National Association",381359,36613,3261
3636446,2021,Bank of George,470732,60408,13286
3636914,2021,blueharbor bank,324753,35515,1162
3637247,2021,South Atlantic Bank,943112,74877,36676
3637685,2021,First Foundation Bank,6941773,591171,505404
3637706,2021,COMMUNITY VALLEY BANK,259610,25195,0
3640359,2021,"Texan Bank, National Association",388130,42224,0
3645840,2021,Touchmark National Bank,428546,50143,0
3646397,2021,Georgia Primary Bank,272006,23654,0
3650563,2021,Regal Bank,561726,52194,0
3650808,2021,Live Oak Banking Company,7833510,470069,1175470
3655933,2021,Partners Bank of California,406528,35697,0
3664588,2021,Fieldpoint Private Bank & Trust,1025844,110918,0
3667132,2021,Gateway Commercial Bank,182236,17874,0
3671997,2021,American Pride Bank,210384,28742,0
3678857,2021,Northwest Bank,980168,102275,0
3685396,2021,Savoy Bank,600059,45380,0
3686928,2021,Minnesota Bank & Trust,1000168,78661,0
3688043,2021,Parkside Financial Bank And Trust,700311,65175,0
3688548,2021,First Colony Bank of Florida,257003,23499,0
3688623,2021,Virginia Partners Bank,567392,50271,9858
3690121,2021,LIBERTY CAPITAL BANK,355820,30208,0
3690596,2021,PROGRESS BANK AND TRUST,1579238,145424,66929
3690635,2021,Mega Bank,414171,44284,0
3690701,2021,Prime Meridian Bank,647267,57800,13593
3715444,2021,Capstar Bank,2982350,300588,179669
3716320,2021,"Westchester Bank, The",1233476,127312,0
3716852,2021,Marlin Business Bank,929198,148260,0
3719648,2021,Meadows Bank,1158179,133312,181248
3720336,2021,Kirkwood Bank Of Nevada,132064,16038,0
3720608,2021,Oakworth Capital Bank,911883,80653,0
3721605,2021,Spring Bank,356599,39955,0
3729124,2021,Freedom Bank,540479,51784,0
3750650,2021,Suncrest Bank,1246369,116820,0
3783313,2021,Cross River Bank,9710390,383010,342006
3783948,2021,"Rbc Bank (Georgia), National Association",5098823,486482,0
3786435,2021,Intracoastal Bank,483613,35524,0
3793714,2021,Hanover Community Bank,876883,100518,4150
3804535,2021,SPRINGFIELD FIRST COMMUNITY BANK,779955,77668,2953
3807880,2021,One Florida Bank,830119,102799,3125
3812147,2021,Grand River Bank,451788,40372,7388
3816154,2021,New Horizon Bank,103194,9915,0
3816163,2021,"CornerStone Bank, National Association",181796,16788,0
3816190,2021,Oak View National Bank,284672,26314,0
3816510,2021,Professional Bank,2056933,159448,1270
3821037,2021,R Bank,740541,62993,5963
3821626,2021,The MINT National Bank,371481,35707,6866
3821822,2021,Coastal Carolina National Bank,601198,50738,8585
3832127,2021,PromiseOne Bank,522906,60210,2969
3835454,2021,Royal Business Bank,3349367,458614,49963
3843392,2021,New Haven Bank,156437,15126,0
3851427,2021,Gateway First Bank,2197983,251560,1394768
3869123,2021,Coastal Bank & Trust,142355,19687,0
3885123,2021,Valley Republic Bank,1235066,127285,0
3918898,2021,CIT Bank N.A.,52384680,4907715,717064
3938186,2021,"BankUnited, N.A.",34883487,3310736,24676
3939240,2021,"Evercore Trust Company, National Association",13161,12546,0
3943210,2021,Liberty Bank,170189,11766,0
3952904,2021,Canandaigua National Trust Company Of Florida,4052,3705,0
4032791,2021,"Brown Brothers Harriman Trust Co of Delaware, NA",14368,6003,0
4114567,2021,First Republic Bank,142502134,11439870,20679
4125778,2021,"Stifel Trust Company Delaware, N.A.",322411,28550,0
4146830,2021,Neuberger Berman Trust Company of Delaware NA,7347,5972,0
4149037,2021,Neuberger Berman Trust Company NA,24819,12870,0
4165907,2021,Lakeside Bank,337375,26019,0
4210227,2021,Nbh Bank,6656382,600622,247813
4262534,2021,"Cadence Bank, N.A.",18701017,2065941,47018
4368351,2021,Key National Trust Company of Delaware,5271,5102,0
4397164,2021,Chilton Trust Company NA,19520,16228,0
4536084,2021,Bank Of Bird-In-Hand,580228,78882,0
4845861,2021,Primary Bank,565492,53102,0
5047505,2021,Fourth Capital Bank,313700,27660,0
5050028,2021,International Bank of Commerce - Oklahoma City,1659733,207339,0
5136959,2021,Beacon Community Bank,283623,28591,0
5143788,2021,Winter Park National Bank,516130,45995,0
5192496,2021,Endeavor Bank,390032,26843,0
5193989,2021,Infinity Bank,204882,25760,0
5205819,2021,Studio Bank,434678,47750,21040
5210989,2021,"Grasshopper Bank, NA",226102,69898,45000
5227101,2021,CommerceOne Bank,325687,48971,0
5230790,2021,American Bank of the Carolinas,75093,19056,0
5278251,2021,Charles Schwab Trust Bank,12474000,981000,0
5303724,2021,Gulfside Bank,183390,21033,0
5312593,2021,Ohio State Bank,347786,42252,0
5313312,2021,Watermark Bank,165127,25202,0
5316920,2021,New Valley Bank & Trust,208757,19971,0
5332603,2021,Mi Bank,119961,16592,0
5336928,2021,Generations Commercial Bank,16953,9372,0
5342974,2021,Piermont Bank,164079,30739,0
5349218,2021,Trustar Bank,327815,45661,1618
5382514,2021,Gulf Capital Bank,203684,86986,0
5397639,2021,ADP Trust Company National Association,26249,22482,0
5398355,2021,Founders Bank,82369,26136,0
5398627,2021,Triad Business Bank,221103,44326,0
5401273,2021,Tandem Bank,91159,18399,0
5412457,2021,Lexicon Bank,251757,17578,0
5427684,2021,Loyal Trust Bank,65660,22128,0
5448915,2021,The Millyard Bank,78545,17207,0
5472880,2021,Craft Bank,24204,17910,0
5475452,2021,Gulf Atlantic Bank,31303,9678,0
5514409,2021,Nelnet Bank,216939,101796,0
5518023,2021,"VARO BANK, NATIONAL ASSOCIATION",515114,67297,0
5538937,2021,Classic City Bank,38288,19092,0
37,2022,Bank of Hancock County,90000,16359,0
242,2022,"First Community  Bank, Xenia-Flora",52067,5229,0
279,2022,MINEOLA COMMUNITY BANK S. S. B.,364674,46586,0
354,2022,Bison State Bank,18637,2846,1157
457,2022,LOWRY STATE BANK,63808,5017,0
505,2022,Ballston Spa National Bank,765893,61237,0
1155,2022,First State Bank & Trust Company,471147,37425,620
1351,2022,Bank of Grandin,197197,29067,0
1454,2022,Hilltop National Bank,972332,108990,1455
1669,2022,The Liberty National Bank In Paris,377208,49862,0
1856,2022,Washita State Bank,47817,7196,0
2161,2022,LAMAR NATIONAL BANK,303974,32349,0
2732,2022,"Albany Bank & Trust Co., N.A.",733036,105085,0
2750,2022,Genoa Community Bank,64819,7757,0
3252,2022,FIRST NATIONAL BANK OF GORDON,300302,31498,0
3458,2022,farmbank,72629,5856,0
3720,2022,"Bank Of Clarendon, The",380623,41571,54
3971,2022,Midcountry Bank,934065,93200,0
4156,2022,Kanza Bank,296622,23399,0
4231,2022,FARMERS AND MERCHANTS BANK,153879,18984,0
5069,2022,First Credit Bank,484000,201852,0
5135,2022,First State Bank of Blakely,584146,86046,0
5210,2022,ACNB Bank,2772684,246259,2193
5461,2022,BAC Community Bank,847355,77199,0
5751,2022,Kearny County Bank,255915,39739,0
6039,2022,Pineland Bank,398334,34970,0
6329,2022,Anderson Brothers Bank,1410854,127120,5118
7009,2022,Bessemer Trust Company,1485593,102730,0
7045,2022,The Peoples Bank,271995,23500,0
7072,2022,Wallkill Valley Federal Savings And Loan Association,383069,37650,5758
7456,2022,Bank of Hartington,121939,10338,0
7634,2022,THE FOUR COUNTY BANK,84971,11356,0
8033,2022,Peoples Bank And Trust Company Of Pointe Coupee Parish,383171,53835,0
8462,2022,Perryton National Bank,168811,27361,0
8631,2022,The Pleasants County Bank,74378,7260,0
9357,2022,Fidelity Bank,659839,80518,0
9553,2022,ADAMS COUNTY BANK,221337,19078,0
9807,2022,Amboy Bank,2888931,295852,0
9955,2022,Fusion Bank,195132,23864,0
10250,2022,"Bank Of Elk River, The",635628,49145,0
10849,2022,FIRST STATE BANK,298155,27706,0
11145,2022,Lake-Osceola State Bank,408130,42496,0
11640,2022,FIRST NATIONAL BANK OF CLARKSDALE,405812,46348,0
11837,2022,The Farmers Bank,143448,16053,0
12030,2022,FNB South,534048,75286,0
12142,2022,The Cleveland State Bank,339992,29428,0
12311,2022,The Huntington National Bank,173414362,14445015,1676439
12647,2022,The Portage County Bank,202597,19462,464
12656,2022,EMERALD BANK,21539,2218,0
12946,2022,Farmers Bank & Trust Company,2106370,188267,4888
13103,2022,Bristol County Savings Bank,2993290,393210,1865
13251,2022,Elysian Bank,64602,6633,0
13457,2022,Bank Of Lewellen,24050,4271,0
14155,2022,F and C Bank,292718,30622,0
14650,2022,Bank Of Locust Grove,49288,5250,0
14753,2022,"Farmers State Bank Of Bucklin, Kansas, The",62370,4690,0
14865,2022,Bank Of Eastern Oregon,820630,60839,0
14977,2022,First Federal Bank Littlefield Texas ssb,52326,10371,0
16551,2022,Northview Bank,439943,43527,1667
17110,2022,The Haverford Trust Company,177382,29947,0
17147,2022,First Merchants Bank,15432095,1309685,11187
17259,2022,The First National Bank In Marlow,62820,5703,0
17950,2022,"Bank Of Bridger, National Association",755443,65599,155
17978,2022,Elizabethton Federal Savings Bank,321517,125905,0
18050,2022,First National Bank of Bastrop,891512,76499,302
18827,2022,"NexTier Bank, N.A.",1912495,168321,0
18836,2022,Capon Valley Bank,199398,19549,0
18854,2022,Bank 7,1348932,117529,464
19356,2022,SECURITY BANK AND TRUST COMPANY,98612,8804,0
19936,2022,Citizens Bank of Americus,431701,36050,0
19972,2022,FARMERS BUILDING AND SAVINGS BANK,125247,22725,0
20053,2022,Security Bank,149624,18320,0
20633,2022,MCNB Bank And Trust Co.,349176,39194,0
20857,2022,FM BANK,464966,37262,125
21256,2022,State Bank Of Burrton,12691,1229,0
21359,2022,AMERICAN STATE BANK OF GRYGLA,74143,6654,0
21658,2022,ALLIANCE BANK,222330,20900,0
22048,2022,Union Bank & Trust Company,279184,26716,0
22543,2022,State Savings Bank,354486,28296,1843
22552,2022,FIRST SOUTHEAST BANK,129613,9094,0
22730,2022,West Union Bank,239603,20298,0
23456,2022,The First National Bank Of Henning,297851,29607,121
23504,2022,Dime Community Bank,12056919,1215586,5493
23643,2022,COMMERCIAL BANK & TRUST COMPANY,257695,23030,968
23755,2022,First National Community Bank,314483,24080,0
24006,2022,PCSB Bank,1885763,242523,1452
24378,2022,The Galion Building And Loan Bank,74927,7375,0
24659,2022,Produce State Bank,121534,7927,0
24668,2022,"BTH Bank, National Association",1988688,242721,609
24949,2022,BARABOO STATE BANK,531279,49760,2201
25357,2022,All America Bank,463813,45379,0
25647,2022,First Secure Bank and Trust Co,356590,27958,0
26457,2022,La Monte Community Bank,42174,3473,0
26765,2022,Vantage Bank Texas,3079855,311469,2608
27070,2022,Prevail Bank,941811,117171,503
27548,2022,Blackhawk Bank,1328105,106103,2585
27614,2022,The Andover Bank,574534,46491,0
27847,2022,DIAMOND BANK,759875,75350,0
28013,2022,Northfield Bank,5435707,659522,0
28152,2022,Harvest Bank,207037,15663,928
28675,2022,"Cumberland Federal Bank, Federal Savings Bank",210034,22051,0
28732,2022,Peoples Bank & Trust Co,147386,15412,0
29476,2022,RiverBank,94062,13314,0
29636,2022,The Citizens Bank Of Philadelphia,1360976,121421,0
29878,2022,Maspeth Federal Savings And Loan Association,2207009,684125,0
30052,2022,Amistad Bank,46101,5401,290
30502,2022,NORTHWAY BANK,1242690,109584,0
30650,2022,Lake Community Bank,155309,17126,0
30810,2022,Discover Bank,108342526,13932373,0
31134,2022,"First National Bank Of Waynesboro, The",199035,28065,0
31255,2022,Central Bank,889547,86718,203
31657,2022,"First State Bank of Ben Wheeler, Texas",192266,23475,0
31826,2022,Powell Valley National Bank,430420,41357,0
31835,2022,BANK OF ANGUILLA,175805,16918,0
32234,2022,First National Bank and Trust Company,421079,29533,0
32766,2022,Lakeside Bank,191257,28981,0
32971,2022,Security Federal Savings Bank,353774,37072,2207
33147,2022,Farmers Bank And Trust Company,319474,31455,0
33259,2022,Premier Bank,1044259,95860,0
33268,2022,The Roscoe State Bank,213700,19204,0
33370,2022,"Home Savings Bank, Fsb",26160,3300,0
33839,2022,Peoples State Bank of Colfax,40039,4508,203
33857,2022,Frontier Bank,1106372,96813,4799
34434,2022,MAGNOLIA STATE BANK,416112,35548,0
34537,2022,Seacoast National Bank,9681906,1045861,31791
34555,2022,MA Bank,353589,31882,196
34742,2022,First Western Bank,539200,49120,3920
35057,2022,Alliant Bank,200773,18743,11248
35301,2022,STATE STREET BANK AND TRUST COMPANY,311063000,18845000,8000
35570,2022,Investors Bank,27781823,2494982,810
35646,2022,Bonduel State Bank,94287,13457,0
35879,2022,East Wisconsin Savings Bank,291297,23664,0
36456,2022,Community First Bank,129132,12857,0
36933,2022,First State Bank,310062,28319,0
37051,2022,Oakwood Bank,112498,9166,121
37341,2022,Bank Of Ontario,68600,7305,0
37435,2022,United Bank,2281919,173484,2072
37640,2022,GERMAN AMERICAN BANK,5596059,483457,10585
37659,2022,FARMERS STATE BANK,46822,5832,0
37949,2022,Bank of Rantoul,248620,25795,0
38740,2022,Owen County State Bank,345463,29820,157
39327,2022,"Calvin B. Taylor Banking Company of Berlin, Maryland",903080,97426,0
39756,2022,NBC Oklahoma,840734,67567,1184
40033,2022,richton bank & Trust,60263,8630,0
40499,2022,Harborone Bank,4471982,485238,45642
40855,2022,ESB Bank,153762,13643,0
41553,2022,First State Bank,127002,14622,0
41629,2022,Pioneer Bank,285875,30446,0
41825,2022,Middletown Valley Bank,812706,67969,814
41955,2022,Bank of Newman Grove,36137,2834,0
42037,2022,PEOPLES EXCHANGE BANK,94001,11534,0
42354,2022,THE COMMERCIAL NATIONAL BANK OF BRADY,210265,20490,0
42372,2022,First Federal Savings Bank Of Lincolnton,451164,71128,0
42420,2022,FIRST COMMONWEALTH BANK,9521721,864559,18583
42448,2022,FIRST NATIONAL BANK,2374597,224694,0
42457,2022,Commercial Bank,58979,7755,0
43052,2022,Security State Bank,136081,21936,0
43351,2022,Peoples State Bank,434572,43274,0
43856,2022,THE MINERS NATIONAL BANK OF EVELETH,91425,6625,0
43959,2022,Bridge City State Bank,214973,24759,0
44040,2022,"First National Bank Of Monterey, The",402852,47518,0
44433,2022,"Intercredit Bank, National Association",454261,44068,0
44741,2022,Citizens Bank,637555,57634,1552
44750,2022,Citizens Bank of the Midwest,179183,16764,0
44929,2022,First National Bank,197127,11680,0
45038,2022,STATE BANK OF DAVIS,170863,19575,0
45047,2022,The First National Bank At Paris,234774,23847,0
45056,2022,Platte Valley Bank,105693,12722,0
45430,2022,Johnson County Bank,147857,21337,0
45458,2022,Vintage Bank Kansas,192463,18261,0
45551,2022,Bank Midwest,1234147,104515,3529
45560,2022,Jefferson Bank,2750432,222751,6278
45775,2022,Iron Workers Savings Bank,204786,18306,0
46053,2022,The State Bank Of Faribault,281034,24575,533
46941,2022,Farmers Bank And Trust Company,194936,18801,0
47247,2022,The Dart Bank,698469,74723,101063
47256,2022,Community Financial Bank,52089,5485,0
47452,2022,FIRST NATIONAL BANK OF BENTON,76197,12457,0
47500,2022,Claremont Savings Bank,491324,72236,0
48057,2022,Prairie Bank of Kansas,128892,10755,0
48150,2022,Franklin State Bank,37878,5375,0
48374,2022,First Financial Bank,1543558,163869,4952
48440,2022,Cleveland State Bank,176586,17925,158
49054,2022,Commerce Bank,267417,27874,0
49148,2022,RUSHVILLE STATE BANK,131664,15919,194
49241,2022,"Relyance Bank, National Association",1132006,143991,0
49652,2022,First Bank,149783,18342,0
49858,2022,Bank Of South Texas,139198,17072,0
49951,2022,The First Security Bank,126223,11626,0
50144,2022,state bank of medora,100295,14219,0
50461,2022,California Pacific Bank,83414,35608,0
51253,2022,APEX BANK,971477,120191,927
51356,2022,Latimer State Bank,71143,14280,0
51459,2022,Centera Bank,326145,26657,0
51842,2022,FARMERS & MERCHANTS UNION BANK,449783,54402,196
52719,2022,The Depository Trust Company,4170769,670935,0
52951,2022,Security State Bank Of Oklahoma,359987,38447,0
53051,2022,The Buckholts State Bank,103981,15296,0
54058,2022,The Bank Of Tescott,437297,59354,175
54656,2022,Citizens State Bank,1365388,141975,0
54973,2022,"American Savings Bank, FSB",9181603,714789,10404
55336,2022,METAIRIE BANK & TRUST,612147,60681,426
55635,2022,Citizens Savings Bank & Trust,134538,13436,0
55653,2022,Fidelity State Bank And Trust Company,174756,12989,0
55970,2022,Evergreen Federal Bank,614777,68185,788
56258,2022,"Citizens Bank & Trust Co., Hutchinson, Minn.",340491,22721,0
56351,2022,"VeraBank, N.A.",3692383,297180,3195
56548,2022,DMB Community Bank,645966,72574,376
56717,2022,The Dime Bank,956877,95770,0
57040,2022,First National Bank at Darlington,188462,25142,0
57451,2022,Dairy State Bank,743791,73893,0
58225,2022,FARMERS BANK & SAVINGS CO.,395818,37981,0
58243,2022,Johnson Bank,6049532,765845,69601
58355,2022,Vantage Bank,61791,4020,1012
58551,2022,Security State Bank,246060,25311,0
58636,2022,CENTURY BANK,454471,41287,3725
58757,2022,Kensington Bank,333652,26604,217
58971,2022,Washington Trust Bank,11078690,802494,4283
59316,2022,Wayne Bank,2069453,174311,0
59352,2022,Citizens National Bank,610261,56444,0
59370,2022,First Shore Federal Savings And Loan Association,349225,51888,0
59754,2022,The Bank Of Wyandotte,23256,5643,0
60143,2022,Comerica Bank,94798000,7634000,6000
60330,2022,PEOPLES BANK OF ALABAMA,1205522,94915,708
60545,2022,The Home Trust & Savings Bank,268916,28242,0
60554,2022,First State Bank Minnesota,93611,8490,0
60648,2022,First National Bank,437689,32035,150
61122,2022,First United Bank & Trust,1706545,171404,67
61355,2022,"CorTrust Bank, N.A.",1566307,133972,2366
61476,2022,Abington Bank,601038,72280,0
61757,2022,American Heritage National Bank,549579,48880,1503
61832,2022,The First National Bank of Mount Dora,373897,38993,0
61953,2022,FNB Coweta,105072,8808,0
62044,2022,Sebree Deposit Bank,22281,2312,0
62110,2022,"Rockefeller Trust Company, N.A.",15579,12311,0
62147,2022,Community First Bank,118818,10118,0
63050,2022,The Dolores State Bank,358663,43786,0
63069,2022,City National Bank,93227302,6828195,0
63201,2022,CAYUGA LAKE NATIONAL BANK,237610,21895,0
63573,2022,Walpole Co-operative Bank,568443,104688,0
63733,2022,Citizens Bank,1479073,128150,1940
63742,2022,HOMETOWN BANK,657686,71442,1226
64150,2022,Wyoming Bank & Trust,297082,27804,590
64552,2022,Chickasaw Community Bank,349214,33075,21361
64730,2022,Farmers & Merchants Bank,240402,29383,0
65205,2022,Torrington Savings Bank,973390,178743,0
65513,2022,Delta National Bank and Trust Company,359705,51786,0
65559,2022,Pioneer Bank & Trust,1007803,86241,2035
65746,2022,"Citizens Union Bank of Shelbyville, Inc.",1105283,117361,2370
65858,2022,Emprise Bank,2361582,180672,0
66154,2022,DECATUR COUNTY BANK,198953,19270,0
66275,2022,FIRST SOUTHERN BANK,417481,33575,774
66677,2022,Cincinnati Federal,251930,37041,8121
67142,2022,Peoples Trust & Savings Bank,237632,32968,0
67151,2022,Kirkpatrick Bank,1174994,103291,2294
67209,2022,Newburyport Five Cents Savings Bank,1286414,138937,458
67254,2022,Young Americans Bank,22940,1679,0
67656,2022,First Savings Bank,1298642,184352,0
67870,2022,Tc Federal Bank,380919,63764,2845
68671,2022,"Grand Bank For Savings, F.S.B.",96556,12086,115
68756,2022,Liberty National Bank,907216,78908,156
68831,2022,Bank Of Franklin,190010,18170,0
69333,2022,The Citizens National Bank of Meridian,1763795,175558,1546
69678,2022,Baker Boyer National Bank,812527,59629,0
70218,2022,United Orient Bank,94906,13027,0
70414,2022,THE NORTHUMBERLAND NATIONAL BANK,695091,62596,2980
70638,2022,Peoples Bank,431628,49471,5276
70955,2022,Nebraska State Bank,21015,2755,0
71073,2022,Home Federal Savings And Loan Association Of Niles Ohio,124281,13102,4124
71457,2022,Bruning Bank,468987,51693,0
71859,2022,CBW BANK,65314,17841,5098
72258,2022,The Converse County Bank,885283,68062,904
72351,2022,Farmers State Bank,77671,10635,0
72454,2022,FREEPORT STATE BANK,146881,13608,0
72678,2022,BELMONT SAVINGS BANK,427725,75015,0
73116,2022,Artisans' Bank,664833,57509,0
73152,2022,THE FARMERS AND MERCHANTS NATIONAL BANK OF FAIRVIEW,137343,13473,0
73554,2022,Pathway Bank,212624,23094,0
73956,2022,Security State Bank,59951,7704,0
74056,2022,South Central State Bank,161394,19215,0
74140,2022,Isabella Bank,1982186,171255,1735
74403,2022,Merrimack County Savings Bank,1163952,110624,0
74449,2022,First National Bank in Tigerton,29359,3374,0
75259,2022,First Oklahoma Bank,947703,84888,16211
75446,2022,South Ottumwa Savings Bank,583899,56749,0
75455,2022,The Northern State Bank Of Gonvick,46885,6703,0
75633,2022,"BMO Harris Bank, N.A.",166652719,13953946,39289
75651,2022,CERESCOBANK,62454,8792,0
76153,2022,BANK OF CLARKS,44838,4434,0
76443,2022,The Peoples Bank,142228,14930,0
76854,2022,GRAND BANK,482271,49667,0
77150,2022,First Farmers & Merchants State Bank Grand Meadow,82683,7513,0
77253,2022,The Hondo National Bank,346464,32654,0
77422,2022,Community Bankers' Bank,156741,19353,0
77851,2022,First Bank & Trust,4059403,361752,41439
78157,2022,Bandera Bank,96222,8199,0
78241,2022,First Naturalstate Bank,84463,8295,0
78559,2022,Summit National Bank,98694,9310,0
79042,2022,West Point Bank,341539,35720,463
79127,2022,Home National Bank,81328,9473,0
79145,2022,Farmers & Merchants State Bank,208121,22203,0
79257,2022,Grove Bank,40547,3731,0
79855,2022,City Bank   Trust Company,269376,25288,920
80150,2022,First Fidelity Bank,496178,43285,0
80374,2022,First Federal Savings And Loan Association Of Delta,226706,21598,0
80431,2022,UNION BANK & TRUST COMPANY,106794,12135,0
81175,2022,Equitable Bank,434802,39883,233
82033,2022,FIRST NATIONAL BANK OF PASC,279800,26007,0
82257,2022,BRYANT STATE BANK,44969,4871,0
82350,2022,THE LAUDERDALE COUNTY BANK,63696,6031,0
83151,2022,Flagship Bank Minnesota,325748,29747,0
83236,2022,Bank of the South,91731,14535,0
83375,2022,Century Bank,1225471,107855,0
83638,2022,"Amerant Bank, National Association",7622254,886301,158100
83834,2022,AMERICAN BANK & TRUST COMPANY,252182,23707,0
83852,2022,Richland State Bank,53059,5028,7411
83955,2022,Greenfield Banking Company,89211,8677,0
84046,2022,First Trust & Savings Bank,65729,6507,0
84541,2022,Guaranty Bank and Trust Company,1437205,115802,2614
84804,2022,Citizens Bank of Cape Vincent,84546,6827,0
85052,2022,Uinta Bank,277047,22922,0
85472,2022,Oceanfirst Bank,11648010,1027660,0
85931,2022,PATTERSON STATE BANK,323123,25441,0
86349,2022,The Union Bank Of Mena,348241,32959,0
86675,2022,Rosedale Federal Savings And Loan Association,1058278,255340,0
87047,2022,First State Bank of Porter,173442,24569,0
87159,2022,First State Bank Of Newcastle,181296,21403,0
87234,2022,FIRST NATIONAL BANK OF MIDDLE TENNESSEE,693921,74640,12228
87476,2022,"Wilmington Savings Bank, The",178028,33406,220
87579,2022,"Middlesex Federal Savings, F.A.",545574,48305,0
88231,2022,Banksouth,1184588,109428,112877
88259,2022,JANESVILLE STATE BANK,99744,10206,0
88352,2022,First State Bank Of Bedias,201605,29428,0
88455,2022,Heartland Bank,739947,67425,0
88950,2022,Financial Security Bank,152533,10121,0
89032,2022,Plaquemine Bank & Trust Company,193201,20667,0
89135,2022,First National Bank of Wauchula,85600,8833,0
89854,2022,Minnstar Bank National Association,170474,14557,0
89957,2022,"Cendera Bank, N.A.",143083,18140,0
90047,2022,Palo Savings Bank,47636,5171,0
90177,2022,First Federal Savings And Loan Association,322516,32068,0
90328,2022,SKYLINE NATIONAL BANK,995564,84900,0
90337,2022,UNITED COMMUNITY BANK,708038,89787,0
90579,2022,First Federal Savings And Loan Association Of Mcminnville,639722,71003,0
91615,2022,The Antwerp Exchange Bank Company,146756,13161,0
91754,2022,First National Bank of Bellville,871914,90907,0
91950,2022,Farmers State Bank Of Canton,67073,6309,0
92144,2022,Community State Bank,50758,9567,0
92676,2022,Windsor Federal Savings And Loan Association,739576,70861,0
92706,2022,Sugar River Bank,375413,48838,0
92902,2022,Bank Of Cattaraugus,25855,2280,0
93244,2022,Woodford State Bank,371496,35686,0
93543,2022,Springs Valley Bank & Trust,490244,58111,1377
93619,2022,"STATE STREET BANK AND TRUST COMPANY, N.A.",36973,36166,0
94139,2022,Merchants & Marine Bank,678860,76848,1799
94522,2022,Benchmark Community Bank,1040563,86636,2095
94755,2022,Sundance State Bank,248122,24076,0
94858,2022,Adrian Bank,178683,18485,0
95051,2022,ONE AMERICAN BANK,345640,41190,249072
95677,2022,"Rockland Savings Bank, Fsb",86201,8871,0
96553,2022,HERSHEY STATE BANK,90392,11505,0
97055,2022,HENDERSON STATE BANK,269583,33649,0
97279,2022,Woodsfield Savings Bank,86611,7582,0
97457,2022,CITIZENS BANK,188764,13789,0
97804,2022,MountainOne Bank,884758,125552,621
97943,2022,Marion County State Bank,642398,52347,771
98351,2022,The Citizens State Bank of Ouray,161815,14922,0
98463,2022,Citizens Bank,1067265,98492,0
98717,2022,"Eastbank, National Association",160262,33881,0
99143,2022,Merchants and Planters Bank,354483,32243,0
99376,2022,"National Cooperative Bank, N.A.",3166603,370266,144672
99442,2022,BANK OF COMMERCE,732527,65158,0
99536,2022,One Bank of Tennessee,1432777,101887,367
99853,2022,First State Bank,50360,5312,0
100236,2022,Sunmark Community Bank,420144,37031,0
100357,2022,"Legend Bank, N. A.",952350,89142,0
100562,2022,Tri Counties Bank,8608715,811713,3466
100777,2022,cfsbank,563625,77167,0
100843,2022,FNBC Bank,634724,61540,0
101019,2022,Bank Leumi USA,8308248,917310,0
101037,2022,First American Bank And Trust,1307706,153395,0
101439,2022,"Durden Banking Company, Inc.",245490,33533,0
101671,2022,Adirondack Bank,958373,73232,664
101738,2022,Great Southern Bank,357911,30390,201
101952,2022,Brady National Bank,144459,13286,0
102333,2022,Wilkinson County Bank,60430,7163,0
102342,2022,RACCOON VALLEY BANK,394924,33952,0
102539,2022,Community Banks Of Shelby County,63798,5621,0
102557,2022,Foundation One Bank,161053,14956,1426
102874,2022,Paper City Savings Association,214396,27323,0
103134,2022,THE BANK OF COMMERCE,76845,7822,0
104234,2022,The Harrison County Bank,155375,14480,0
104542,2022,Marseilles Bank,74487,6697,0
104971,2022,Martinsville First Savings Bank,37500,5290,0
105026,2022,The Farmers Bank Of Willards,498280,47029,0
105473,2022,HOME FEDERAL BANK OF TENNESSEE,2800822,442024,3186
105530,2022,Farmers State Bank,193131,25116,0
106359,2022,First Fidelity Bank,2687759,210241,0
106452,2022,The Pueblo Bank And Trust Company,639129,60011,0
106676,2022,Bar Harbor Savings and Loan Association,100392,12494,0
107244,2022,Bank OZK,26530430,4165875,0
107459,2022,The Corder Bank,23007,2287,0
107570,2022,First Federal Savings Bank,417595,47175,539
107758,2022,Bonanza Valley State Bank,74957,7107,0
108072,2022,Buffalo Federal Bank,179250,15619,2245
108269,2022,THE FIRST NATIONAL BANK OF MOODY,58157,10490,0
108652,2022,"First National Bank Of Buhl, The",34549,4917,0
108746,2022,MASON CITY NATIONAL BANK,83728,12767,0
108951,2022,Reliabank Dakota,735374,58049,7631
109136,2022,Peoples Bank & Trust,439255,42338,0
109154,2022,FIRST SECURITY BANK,92406,7442,461
109453,2022,BankStar Financial,225936,19241,0
109574,2022,Haverhill Bank,539010,54447,0
109659,2022,Louisiana National Bank,322518,33421,0
110413,2022,Sutton Bank,1484627,107299,285
110936,2022,Banco do Brasil Americas,861827,70888,0
110945,2022,United Southern Bank,280977,30498,0
110972,2022,First Federal Savings Bank Of Washington,76954,9377,0
111157,2022,Bank of Lindsay,88573,8892,0
111205,2022,Partners Bank,842326,87433,0
111942,2022,Fortifi Bank,602553,65115,0
111979,2022,Security State Bank,688800,70466,0
112163,2022,Guaranty Bank & Trust,3085443,285661,4129
112332,2022,First National Bank Of Hartford,142482,18769,0
112510,2022,The Baltic State Bank,94178,6595,0
112556,2022,State Bank Of Chandler,61277,6702,0
112837,2022,Capital One-National Association,381299804,26699206,3177725
113003,2022,Stafford Savings Bank,402842,168430,0
113030,2022,Farmers State Bank,153622,17028,0
113441,2022,FARMERS STATE BANK,1091851,94686,732
113601,2022,Bank of New England,1260198,186156,0
113740,2022,First State Bank,937238,88675,12239
113937,2022,Merchants Bank Of Alabama,382952,35597,0
114149,2022,PARTNERS BANK OF WISCONSIN,268528,32242,0
114260,2022,First National Bank Alaska,5581340,546264,8336
114457,2022,"FIRST NATIONAL BANK AND TRUST, ELK CITY",317948,36308,0
114774,2022,"Abbeville Building & Loan, A State Chartered Savings Bank",63624,18227,1246
114840,2022,First State Bank,464849,49371,1612
114859,2022,First Bank And Trust Company,85790,8056,0
115146,2022,ST ANSGAR STATE BANK,155972,15327,0
115575,2022,Coastal Heritage Bank,876844,94696,0
116358,2022,State Bank of Cold Spring,80808,6767,0
116554,2022,First State Bank,16510,2542,3427
116741,2022,United Bank and Trust Company,216663,27313,0
117038,2022,HNB FIRST BANK,221144,18639,480
117074,2022,Colonial Federal Savings Bank,361829,49334,0
117458,2022,BankFirst,857401,96179,0
117775,2022,The Southern Bank Company,112687,11927,0
118156,2022,SECURITY BANK & TRUST CO,807285,77198,2760
118660,2022,HOME BANK OF CALIFORNIA,196423,26513,0
118736,2022,Bank of Yazoo City,307217,32131,0
119153,2022,THE SECURITY NATIONAL BANK OF ENID,417480,31945,0
119528,2022,The Farmers National Bank Of Emlenton,1054178,83656,469
119779,2022,Cape Cod Co-Operative Bank,1387857,133990,2916
119872,2022,First Seacoast Bank,487456,49151,0
120476,2022,Argentine Federal Savings,62623,7836,0
120542,2022,State Bank Of Chilton,415559,40263,0
120609,2022,Thomaston Savings Bank,1595773,151710,2072
120953,2022,FARMERS STATE BANK,256063,22281,0
121642,2022,Bankplus,5187184,428602,10621
121651,2022,Jonesboro State Bank,534109,46125,0
121914,2022,Community State Bank Of Orbisonia,432192,40477,0
122153,2022,JACKSON PARISH BANK,86773,11298,0
122546,2022,"First National Bank Of Sandoval, The",73529,7358,0
122854,2022,Independent Bank,18728746,1885739,32124
123075,2022,Milton Savings Bank,73702,15917,0
123374,2022,Beauregard Federal Savings Bank,74636,11704,0
124344,2022,Bank of Sun Prairie,561815,60192,1078
124830,2022,Bank of Camilla,146681,19200,0
125154,2022,"FSNB, National Association",498870,65742,0
125471,2022,Sterling National Bank,29558731,3567157,6924
125855,2022,Sabine State Bank And Trust Company,1302890,117867,2442
125873,2022,Clay County Savings Bank,139654,12102,544
126012,2022,Champlain National Bank,456327,40251,0
126049,2022,"Connect Bank,Inc.",112640,15212,0
126375,2022,VIDALIA FEDERAL SAVINGS BANK,215070,31063,0
126553,2022,North Shore Bank Of Commerce,410662,39603,95515
126834,2022,Citizens Bank,763412,125917,583
127055,2022,WESTERN NATIONAL BANK,115328,11321,0
127224,2022,First United National Bank,351412,26598,0
128258,2022,WESTERN DAKOTA BANK,59007,4351,0
128904,2022,Eastern Bank,23490236,2675626,1206
129349,2022,FIRST NATIONAL BANK OF STEELEVILLE,251998,31808,0
129358,2022,VALOR BANK,195384,15258,3808
129479,2022,Wheatland Bank,713419,63815,14208
129732,2022,Byline Bank,6685442,697064,64460
129853,2022,Commercial State Bank Of Wagner,243110,24349,0
129910,2022,PEOPLES EXCHANGE BANK,505600,45825,477
130345,2022,Community State Bank,614498,46140,0
130541,2022,Horizon Bank,7338072,619248,12579
130813,2022,Liberty National Bank,434065,53089,267
131034,2022,Citizens Bank of Florida,569224,41136,0
131173,2022,Guaranty Bank,1171028,120011,3245
131436,2022,FIRST BANK,596226,51177,0
131650,2022,Great Western Bank,13339325,1414471,67581
131717,2022,"Farmers State Bank, Inc.",65214,6841,0
131940,2022,Waldo State Bank,115422,12298,0
132107,2022,Androscoggin Savings Bank,1384166,132081,2253
132451,2022,The First National Bank Of Louisburg,180159,17507,0
132778,2022,Homestead Savings Bank,83746,5185,0
132938,2022,Planters & Citizens Bank,132136,12505,0
133579,2022,The Bank Of Bennington,542859,55110,0
133850,2022,First Citizens National Bank,2243730,206529,8290
133971,2022,LISLE SAVINGS BANK,611137,134887,0
134156,2022,FIRST CENTRAL BANK,120132,12240,0
134437,2022,Troy Bank and Trust Company,1393405,142423,292
134455,2022,Tensas State Bank,179137,22622,0
134848,2022,Teutopolis State Bank,311956,37984,222
135836,2022,South Lafourche Bank & Trust Company,197224,17313,0
135854,2022,Heartland State Bank,120993,11679,0
136048,2022,Peoples Savings Bank,134678,13050,0
136338,2022,Merchants & Farmers Bank & Trust Company,479067,51184,0
136459,2022,Gates Banking And Trust Company,52602,5389,0
136655,2022,LYNDON STATE BANK,87795,8626,0
137205,2022,Machias Savings Bank,2365991,246037,1862
137447,2022,The FNB Community Bank,461267,51723,404
137456,2022,The Bank of Beaver City,153846,15128,0
137559,2022,Farmers National Bank,168602,25313,0
137643,2022,West Iowa Bank,155000,20473,0
137652,2022,University Bank,489999,53824,125197
137915,2022,EMIGRANT BANK,5842175,1299843,998
138051,2022,FARMERS STATE BANK of Aliceville,170385,26342,0
138257,2022,The First National Bank Of Aspermont,114545,9923,0
138556,2022,Home Banking Company,127346,10341,0
139133,2022,AmeriFirst Bank,317034,25518,0
139478,2022,Harleysville Bank,910462,81314,464
139553,2022,Mabrey Bank,1574653,123117,0
139656,2022,Equity Bank,5141072,501711,4214
139740,2022,West Bank,3499287,326482,484
139834,2022,CITIZENS STATE BANK,88820,11217,0
139843,2022,First Farmers Bank And Trust Company,2429620,244095,8140
140157,2022,Homestead Bank,487336,70532,0
140362,2022,SUNWEST BANK,2170180,217070,2503
140634,2022,First State Bank Of Randolph County,98935,7900,0
141211,2022,THE MUNCY BANK AND TRUST COMPANY,593847,55689,238
141341,2022,"Bank Of Carbondale, The",280105,35875,0
141350,2022,The First State Bank,105658,9158,0
141556,2022,Stearns Bank National Association,2301428,496252,0
141677,2022,First Savings And Loan Association,59396,12909,0
141958,2022,Bank of Gleason,129666,27951,0
142049,2022,Bank 1St,171219,20817,0
142179,2022,Streator Home Savings Bank,167699,43159,0
142955,2022,Spiritbank,730456,77618,5157
143372,2022,Progressive Ozark Bank,160547,14203,0
143662,2022,Umpqua Bank,30642109,2893593,353105
143859,2022,FARMERS STATE BANK,356539,27926,0
143952,2022,The First Bank Of Baldwin,252559,22529,0
144034,2022,BANK OF CLEVELAND,341423,53949,1905
144052,2022,EXCHANGE BANK & TRUST,578383,55569,0
144155,2022,Sterling State Bank,479115,35126,0
144678,2022,First Federal Savings And Loan Association Of Lorain,491347,66376,0
144856,2022,First State Bank and Trust,367697,30515,0
144913,2022,THE NEFFS NATIONAL BANK,462388,74734,0
145059,2022,Bank Of Halls,116953,8984,0
145545,2022,FIRST NATIONAL BANK OF WATERLOO,820391,66314,1882
145554,2022,"First National Bank And Trust Company Of Broken Arrow, The",249742,24632,0
145741,2022,Farmers & Merchants State Bank,231003,21529,0
145844,2022,The Fountain Trust Company,601635,53274,0
146056,2022,Allnations Bank,49528,4629,0
146663,2022,SAVINGS BANK OF MENDOCINO COUNTY,1431626,207439,210
146672,2022,"Flagstar Bank, FSB",25437685,2706497,5053589
147651,2022,Community State Bank Of Canton,57482,6201,0
147679,2022,Ascendia Bank,307330,34802,0
147857,2022,First Bank Blue Earth,308783,26220,0
147923,2022,Bank Of Ocean City,625565,49169,0
148171,2022,"Golden Belt Bank, FSA",295908,32275,585
148238,2022,PEOPLES BANK,259288,24809,0
148340,2022,Union State Bank,128661,9570,0
148470,2022,1st Bank of Sea Isle City,316170,28033,0
148715,2022,PBK Bank,157585,17620,0
148809,2022,RSI Bank,625603,92681,0
148920,2022,THE REPUBLIC BANKING COMPANY,59450,8968,0
149150,2022,CITIZENS STATE BANK,155513,15188,3422
150035,2022,First Farmers And Merchants Bank,1970197,153568,2197
150044,2022,United Bank of Michigan,862936,83912,2697
150727,2022,"The Richwood Banking Company, Inc.",980425,86607,525
151546,2022,Security National Bank,99435,9168,0
151957,2022,First State Bank,858139,84116,3144
152057,2022,BANK OF COMMERCE,198188,20974,0
152253,2022,Castle Rock Bank,271469,34273,0
152431,2022,Longview Bank & Trust,236903,18994,0
152440,2022,CENTRAL STATE BANK,175448,23627,0
153054,2022,The Northwestern Bank,646563,54212,157
153353,2022,PEOPLES BANK AND TRUST COMPANY,967113,82233,878
154154,2022,The First National Bank & Trust Co,908364,103596,777
154770,2022,MutualOne Bank,1037109,200893,28
155759,2022,Cleo State Bank,94261,16611,0
156457,2022,Hometown Community Bank,80769,6814,0
156635,2022,Colchester State Bank,83492,11339,0
156970,2022,Family Bank,143510,14971,0
157155,2022,Thayer County Bank,84985,8742,0
157379,2022,Methuen Co-Operative Bank,118427,10953,0
157650,2022,Minnesota Lakes Bank,153435,10965,0
157744,2022,HOOSIER HEARTLAND STATE BANK,271973,20536,0
157856,2022,First Bank & Trust Company,67077,7490,0
158376,2022,First Federal Savings Bank of Angola,146210,28737,0
158741,2022,Crossroads Bank,225596,29186,0
159636,2022,WIlson Bank & Trust,3975826,411543,11843
159645,2022,State Bank of Reeseville,158998,12384,0
159953,2022,OKLAHOMA BANK AND TRUST COMPANY,194779,25334,0
159971,2022,"Somerset Savings Bank, SLA",649805,124438,0
160360,2022,Oregon Pacific Banking Company Dba Oregon Pacific Bank,691606,66593,0
160454,2022,"First National Bank Of Ballinger, The",256074,21511,0
160650,2022,Charter Bank,1136168,131479,165
160959,2022,KS STATEBANK,2380483,265868,4
161273,2022,"North Shore Bank, A Co-Operative Bank",1641035,167796,2699
161602,2022,"Canandaigua National Bank And Trust Company, The",4151137,340623,10719
162337,2022,Citizens Tri-County Bank,1195244,106131,3421
163343,2022,Centrebank,106398,12430,260
163549,2022,IncredibleBank,1758190,136801,35985
163857,2022,F&M BANK,639930,64440,4444
164153,2022,Lake Region Bank,156039,13804,158
164331,2022,Logan Bank & Trust Company,332047,28349,0
164377,2022,Sharon Bank,184468,16464,0
164957,2022,Concordia Bank,100462,9955,0
164975,2022,STOUGHTON COOPERATIVE BANK,126261,11328,5
165628,2022,First Financial Bank,16244199,1513709,29482
165758,2022,NEW MARKET BANK,193071,14328,3089
165806,2022,Bank of Castile,1865267,149155,0
166111,2022,The North Country Savings Bank,319074,43545,0
166531,2022,Bank of Frankewing,413537,40794,0
166652,2022,Alliance Bank,781244,77023,0
166849,2022,Farmers National Bank Of Griggsville,127279,12589,324
167453,2022,Bluff View Bank,130718,22835,0
167752,2022,Marion National Bank,27205,3365,0
168357,2022,"Community Development Bank, fsb",213524,17563,252
168571,2022,Armor Bank,349084,30745,0
169327,2022,"Provident State Bank, Inc",584950,54987,1880
169354,2022,The State National Bank Of Big Spring,493609,48213,0
169653,2022,FIRST BANK,6920266,593612,51537
169756,2022,Western Commerce Bank,631495,47154,0
170257,2022,Haskell National Bank,85481,9269,0
170275,2022,Volunteer Federal Savings Bank,293676,32807,0
170332,2022,First Exchange Bank,330471,30695,0
171133,2022,Eastern National Bank,264271,22616,0
171656,2022,Carson Bank,165395,12451,0
171759,2022,"F   M COMMUNITY BANK, N.A.",178560,17650,0
171768,2022,"SouthStar Bank, S.S.B.",1160385,116301,2656
172251,2022,Randall State Bank,60534,6117,0
172457,2022,THE CITIZENS BANK OF EDMOND,370432,32610,0
172475,2022,Crest Savings Bank,604382,43147,0
172859,2022,First State Bank,174128,19812,0
173306,2022,National Bank Of Middlebury,548686,41761,892
173342,2022,Piggott State Bank,127948,9694,0
173557,2022,St. Johns Bank & Trust Co.,359852,30318,0
173575,2022,The Village Bank,1680657,163079,0
173641,2022,The First National Bank Of Russell Springs,297476,33189,0
173959,2022,The First National Bank of Hebbronville,97624,16059,0
174321,2022,Blue Ridge Bank,181369,13744,0
174367,2022,COMMERCE BANK TEXAS,68875,7498,0
174572,2022,Columbia Bank,8920031,898936,0
175056,2022,Bank of Western Oklahoma,353562,26635,0
175140,2022,Community First Bank,575615,51744,121
175458,2022,BANK OF MEAD,32229,3405,0
175609,2022,BANK OF MILLBROOK,325099,25399,0
176101,2022,ORANGE BANK & TRUST COMPANY,2133393,175318,0
176325,2022,FARMERS & MERCHANTS BANK,264553,23865,0
176437,2022,Bank Of Wrightsville,74797,6931,0
176464,2022,Alliance Bank,1340200,107462,674
176642,2022,LNB Community Bank,156368,13889,279
177135,2022,First Progressive Bank,32169,8445,0
177443,2022,First National Bank in Taylorville,227331,23304,0
177500,2022,First National Bank of Orwell,85348,7880,0
177555,2022,Corn Growers State Bank,30739,2396,0
177751,2022,Cass Commercial Bank,1500060,163030,0
177920,2022,The Middlefield Banking Company,1329670,130652,1051
178150,2022,Laona State Bank,279902,25362,0
178244,2022,Bellevue State Bank,161007,17684,0
178356,2022,Colfax Banking Company,164266,13728,252
178851,2022,Grand Valley Bank,582595,48993,807
179148,2022,Success Bank,237442,26012,0
179335,2022,Bank Of Wiggins,204312,30251,0
179700,2022,CLINTON SAVINGS BANK,649562,74386,0
180144,2022,"Sacramento Deposit Bank, The",133794,12636,0
180537,2022,TOWN-COUNTRY NATIONAL BANK,135830,11321,0
180845,2022,ILLINI STATE BANK,156632,18596,0
181963,2022,The City National Bank Of Taylor,288587,25162,0
182951,2022,"Classic Bank, National Association",574695,51015,0
183668,2022,The Bank of Hemet,964887,92942,0
183770,2022,Mechanics Cooperative Bank,630459,76830,500
183958,2022,First National Bank and Trust,267543,38297,0
184656,2022,CITIZENS NATIONAL BANK OF HILLSBORO,247931,25364,0
184759,2022,Washita Valley Bank,49111,7877,0
185251,2022,First National Bank,22991,2164,0
185448,2022,SOLON STATE BANK,130625,25182,0
185859,2022,Lindell Bank and Trust Company,867606,110040,379
186221,2022,The Old Point National Bank of Phoebus,1330067,119652,3287
186548,2022,TSB Bank,173384,18916,0
186717,2022,First Northern Bank and Trust Company,949534,110481,0
186744,2022,First Citizens Bank,1583004,182764,2283
187648,2022,Vermont State Bank,27279,2968,0
187947,2022,Bank Iowa,1758051,159067,3966
188056,2022,Northern State Bank Of Thief River Falls,428394,36281,0
188177,2022,Westmoreland Federal Savings And Loan Association,170370,42087,0
188430,2022,"Florida Capital Bank, National Association",442133,62422,41786
188449,2022,PCSB Bank,321705,31057,0
188720,2022,"Farmers Bank Of Appomattox, The",318938,38466,0
188739,2022,Basile State Bank,64381,6898,0
188917,2022,First National Bank of Absecon,183254,16497,0
189044,2022,Commonwealth Bank And Trust Company,1299520,114823,2539
189129,2022,The Commercial & Savings Bank of Millersburg,1143994,93260,231
189745,2022,Inland Bank and Trust,1281203,171330,21304
189950,2022,First State Bank of Roscoe,139987,14625,0
190563,2022,First State Bank of Texas,248822,21825,0
190648,2022,Iowa Savings Bank,266328,21516,533
190947,2022,FIRST STATE BANK,133099,11802,0
190956,2022,The Wanda State Bank,174294,26090,0
191355,2022,FRONTIER BANK,377648,38087,0
191935,2022,First State Bank of the Florida Keys,1302934,101576,400
192147,2022,11,534827,56083,2008
192558,2022,First Bank Kansas,577446,46313,784
192651,2022,PEOPLES STATE BANK OF WELLS,61935,6040,0
192857,2022,BANK OF THE PANHANDLE,212744,24927,947
193162,2022,The First National Bank Of Tom Bean,134284,13214,634
193247,2022,Fidelity Bank,76273,9661,8793
193537,2022,Bank Of Dawson,150035,24242,0
193649,2022,The First Trust and Savings Bank,302457,43575,0
193809,2022,Dedham Institution For Savings,1873719,233205,785
194440,2022,Commercial Savings Bank,237393,18993,491
194570,2022,Heritage Bank of St Tammany,153591,21681,199
194936,2022,BankSouth,210583,37784,0
195111,2022,Rhinebeck Bank,1280999,122658,3950
195157,2022,The First National Bank Of Sedan,65806,6477,0
195456,2022,First National Bank,96713,8135,0
196752,2022,TriCentury Bank,133219,15305,0
196800,2022,Martha's Vineyard Bank,1197585,125631,4991
197142,2022,Springfield State Bank,389237,54229,0
197254,2022,First National Bank of Spearville,52072,5986,0
197302,2022,Eagle Bank,551705,65225,0
197478,2022,East West Bank,60849631,5349264,635
197759,2022,First National Bank Minnesota,400110,35063,0
198073,2022,First Federal Savings And Loan Bank,93544,13317,0
198149,2022,Abbybank,644590,52288,225
198251,2022,Sherburne State Bank,227468,17921,647
198961,2022,First National Bank Of Bosque County,176542,15389,0
199137,2022,The Warrington Bank,110298,16194,0
199351,2022,Western National Bank,243136,19623,0
199436,2022,Altamaha Bank & Trust Company,261039,23389,0
199463,2022,WESTERN BANK,414424,36361,0
200042,2022,State Bank Of Wapello,44788,5655,0
200378,2022,"Banc Of California, National Association",9386736,1110767,3408
200435,2022,Wauchula State Bank,944582,90011,0
201254,2022,Americana Community Bank,156324,11383,0
201834,2022,LAKESIDE BANK,2340589,244664,1844
202514,2022,CUMBERLAND SECURITY BANK,280615,36733,0
202541,2022,Iowa Trust And Savings Bank,242583,20949,0
202907,2022,Community Bank National Association,15323828,1058091,0
203043,2022,Midwest Heritage Bank,354210,45279,1087
203052,2022,Senath State Bank,102718,12950,0
203575,2022,"Conneaut Savings Bank, The",86234,11331,0
204004,2022,The Provident Bank,13775421,1174495,0
204077,2022,Chesapeake Bank Of Maryland,249335,46510,0
204237,2022,Magnolia State Bank,204161,21060,0
204826,2022,First National Bank in New Bremen,396637,36138,587
205243,2022,Farmers And Merchants Bank,470062,59048,0
205346,2022,Farmers Savings Bank,421724,37514,65
205458,2022,State Bank of Taunton,54656,6179,0
205542,2022,Cherokee State Bank,247693,30094,0
206156,2022,Southwest Capital Bank,412643,39821,0
206174,2022,Ambler Savings Bank,496269,60551,0
206473,2022,Equitable Savings and Loan Association,172235,27247,940
206772,2022,EASTERN INTERNATIONAL BANK,138688,20840,0
206950,2022,Union State Bank,65148,4906,0
207041,2022,The First National Bank of Brownstown,49729,4856,0
207050,2022,West Gate Bank,1000660,115107,110883
207452,2022,Grant County Bank,291407,34697,0
207470,2022,First Federal Bank of Ohio,268680,37739,512
207555,2022,Northwestern Bank N.A.,168288,15292,0
207845,2022,The First National Bank   Trust Company,1545562,121720,2366
207872,2022,First Utah Bank,662488,58576,0
207957,2022,"Citizens State Bank of Tyler, Inc.",29239,2414,0
208057,2022,Vermillion State Bank,834395,96891,338
208244,2022,Old National Bank,24354109,2040285,35458
208347,2022,BENTON STATE BANK,76636,7145,0
208440,2022,Farmers State Bank,142025,14860,0
208459,2022,"Stearns Bank Of Upsala, National Association",79035,15205,0
208570,2022,Universal Bank,377350,62211,0
208655,2022,First Northeast Bank of Nebraska,361426,46377,0
208972,2022,Keysavings Bank,92794,11243,0
209148,2022,The First National Bank Of Carmi,629484,47913,0
209362,2022,"Bank of Whittier, NA",164678,19484,0
209559,2022,FNB Washington,89867,20550,0
209858,2022,InBank,743344,66839,1282
210238,2022,SOUTHEASTERN BANK,636830,58588,0
210256,2022,Wadena State Bank,228110,19587,0
210434,2022,THE NORTHERN TRUST COMPANY,183743482,10313642,12179
210779,2022,Peoples Federal Savings And Loan Association,129392,15121,176
211114,2022,"Hyden Citizens Bank, Inc",144995,12878,0
211271,2022,"North American Savings Bank, F.S.B.",2177145,397954,377279
211338,2022,Coffee County Bank,250180,26503,584
211851,2022,"Security State Bank Of Wanamingo, Incorporated",80921,9435,0
212018,2022,Pennian Bank,697014,57166,0
212335,2022,Persons Banking Company,429456,25236,0
212344,2022,Citizens State Bank,114956,22326,0
212465,2022,"MUFG Union Bank, N.A.",127858876,15629485,990328
212522,2022,Somerset Trust Company,1866665,137665,499
212577,2022,HomeTrust Bank,3502617,368790,102070
213471,2022,"Slovenian Savings And Loan Association Of Canonsburg, Pa",544315,77908,0
213538,2022,BANK OF ABBEVILLE & TRUST COMPANY,218588,26343,657
213912,2022,The Apple Creek Banking Company,203701,14960,0
213958,2022,"CITIZENS STATE BANK OF WAVERLY, INC",122016,8404,153
214106,2022,The Bank Of Greene County,2340211,191553,0
214414,2022,FARMERS AND MERCHANTS STATE BANK,2608177,256943,7714
214722,2022,Chesapeake Bank,1383224,134305,618
214807,2022,DEUTSCHE BANK TRUST COMPANY AMERICAS,48756000,9317000,0
214843,2022,"First National Bank In Creston, The",420347,35285,0
215345,2022,Manufacturers Bank & Trust Company,690030,55563,0
215354,2022,Meramec Valley Bank,155748,12394,0
215653,2022,Welcome State Bank,39672,4034,0
215662,2022,American Bank Of Commerce,1482815,114313,9173
215710,2022,The Juniata Valley Bank,809566,56153,0
216164,2022,First State Bank,244116,20504,0
216230,2022,FIRST NATIONAL BANK NW FL,210144,20458,0
216922,2022,FIRST BANK,10516825,934687,80260
217059,2022,First Farmers & Merchants Bank Cannon Falls,458167,51279,1192
218131,2022,CBBC Bank,486728,62404,0
218261,2022,ZAPATA NATIONAL BANK,97932,11829,0
218850,2022,STATE BANK OF ODELL,33870,2512,0
218878,2022,"Security Bank, S.B.",275069,16520,135
219044,2022,Collins State Bank,158454,14403,0
219651,2022,CNB Bank,501244,45473,378
219679,2022,Carrollton Federal Bank,39890,5512,0
220059,2022,"WNB FINANCIAL, N.A.",580393,52223,256
220527,2022,Peoples Bank,1623625,155620,3637
220844,2022,DENVER SAVINGS BANK,221199,22664,0
220974,2022,First Federal Bank,950963,86521,2315
221775,2022,"Interamerican Bank, A Federal Savings Bank",270351,29646,0
222156,2022,First State Bank Of Wyoming,239869,34355,0
222446,2022,Denmark State Bank,685479,60434,82
222558,2022,"Bank Of Baker, The",192106,17260,0
222754,2022,"First Westroads Bank, Inc.",365955,39223,0
223322,2022,The First Bank and Trust Company,2844708,268361,10793
223452,2022,Peoples Bank Of Wyaconda,124441,12691,0
223751,2022,Belt Valley Bank,80512,10283,0
223845,2022,Danville State Savings Bank,184048,20465,0
224954,2022,HEADWATERS STATE BANK,84043,10182,0
225054,2022,Andover State Bank,149694,14175,43
225157,2022,Ultima Bank Minnesota,206464,21723,0
225559,2022,Bank of Bartlett,491950,42879,14823
225942,2022,Heritage Bank,46207,3997,0
226949,2022,Grand Rivers Community Bank,14907,1670,0
227151,2022,Union State Bank,593456,50237,0
227357,2022,"Brenham National Bank, The",473282,45293,0
227656,2022,Brighton Bank,65334,4681,2748
227777,2022,Milford Federal Bank,450698,53207,1486
228000,2022,Franklin Savings Bank,561046,120488,545
228055,2022,Farmers Security Bank,72699,6624,0
228158,2022,First Midwest Bank Of the Ozarks,637147,65060,194
228279,2022,Crossroads Bank,524027,45990,55
228345,2022,State Bank Of Newburg,231369,40201,0
229070,2022,First Federal Savings And Loan Association Of San Rafael,241399,42606,0
229173,2022,"Auburn Savings Bank, Fsb",92911,7978,0
229342,2022,State Bank & Trust Co.,208866,19231,0
229454,2022,FIRST STATE BANK OF BROWNSBORO,137459,11758,0
229801,2022,Valley National Bank,43424817,4308734,139516
229913,2022,Mizuho Bank (USA),6734224,1440301,0
230423,2022,THE FIRST CITIZENS NATIONAL BANK,354534,42894,0
230610,2022,Hocking Valley Bank,337994,32192,0
230759,2022,International Bank of Commerce - Brownsville,3780081,315957,0
231279,2022,CHESTER NATIONAL BANK,67771,6432,0
232847,2022,First State Bank Shannon-Polo,204130,16422,0
232856,2022,Texas Bank,722256,82329,0
233031,2022,Regions Bank,162193000,12478000,990000
233246,2022,First Community Bank,113449,9028,0
233358,2022,Citizens National Bank At Brownwood,308212,28668,81
233442,2022,"Iuka State Bank, The",113093,11677,227
233527,2022,"Blue Ridge Bank, National Association",2640347,260896,121943
233554,2022,Western State Bank,1703317,183179,5285
234355,2022,Central National Bank,1266449,124343,5301
234506,2022,The National Bank Of Coxsackie,466805,38731,0
234739,2022,First Volunteer Bank,1385228,116110,283
234841,2022,New Albin Savings Bank,301166,46608,0
235174,2022,Mutual Federal Bank,92759,15708,6620
235231,2022,Union Bank,243994,24461,0
235316,2022,Rockhold Bank,49030,3489,0
235446,2022,Shelby County State Bank,299844,27982,0
235530,2022,"Resource Bank, N.A.",754997,56457,789
235558,2022,CITIZENS STATE BANK,25695,2606,0
235950,2022,Johnson State Bank,100211,14261,0
236153,2022,First International Bank & Trust,4710410,353646,18653
236256,2022,Bank Of Brookfield-Purdin National Association,106802,11629,0
236603,2022,"Delaware National Bank Of Delhi, The",384248,35142,0
236706,2022,Peapack-Gladstone Bank,6077480,612761,37091
236957,2022,UPPER PENINSULA STATE BANK,290727,39318,313
237066,2022,WEST TEXAS NATIONAL BANK,1803065,150729,0
237619,2022,Pioneer Bank,1842464,183080,0
237954,2022,IDABEL NATIONAL BANK,192777,19508,0
238139,2022,First Bank of Manhattan,240811,18892,265
238250,2022,Peoples State Bank,72351,9244,0
238737,2022,"Terrabank, National Association",624968,44100,0
239556,2022,First Bank Upper Michigan,596789,58139,1207
239613,2022,FNCB Bank,1657985,148958,0
239659,2022,First Bank,608695,70493,69733
240954,2022,First National Bank of Burleson,246761,23662,0
241009,2022,The First National Bank Of Dryden,230770,20750,0
241157,2022,"Vision Bank, National Association",864242,73650,1674
241559,2022,Columbus Bank and Trust Co,188771,16704,0
241607,2022,Gorham Savings Bank,1540223,142938,0
242257,2022,Peoples Savings Bank Of Rhineland,471045,35793,508
242444,2022,Tri City National Bank,2057266,192839,0
242949,2022,FNNB Bank,108467,7255,0
242958,2022,Baybank,131663,12270,0
242976,2022,Bay-Vanguard Bank,808169,93211,0
243375,2022,Green Dot Bank,3886749,329162,5148
243414,2022,"First National Bank Of Bellevue, The",304811,29819,0
243955,2022,PEOPLES BANK & TRUST CO.,68377,7014,0
244037,2022,FRIEND BANK,186711,16755,0
244149,2022,Bank of England,547610,74785,231717
244158,2022,WAYPOINT BANK,365416,37109,0
244251,2022,American State Bank & Trust Company,678412,77013,0
245016,2022,Habib American Bank,1942111,196661,0
245276,2022,ORIENTAL BANK,9805742,908717,82662
245351,2022,Frazer Bank,347807,28092,0
245557,2022,Superior National Bank and Trust Company,1073220,97798,9687
246022,2022,Bank of South Carolina,678959,55460,2774
246134,2022,First Southern State Bank,745901,67062,0
246237,2022,STATE BANK OF CERRO GORDO,36245,3671,0
246451,2022,Citizens Bank of Rogersville,127663,12491,0
246657,2022,Bank Of Labor,884135,59371,343
246947,2022,First National Bank of Sparta,105754,10856,0
246956,2022,Alva State Bank & Trust Company,440885,60715,0
247140,2022,One Community Bank,1614121,162510,1401
247355,2022,Security State Bank & Trust,1673145,168288,2734
247476,2022,"Roanoke Rapids Savings Bank, Ssb",90604,18744,532
247551,2022,High Plains Bank,307805,27926,0
247908,2022,Kennebunk Savings Bank,1825648,176351,0
248240,2022,Bank Of Springfield,1454541,109076,1469
248352,2022,Western Nebraska Bank,152528,14004,0
248455,2022,FIRST STATE BANK & TRUST,502585,67617,0
248633,2022,First Jackson Bank,396919,40593,0
248745,2022,Oostburg State Bank,347025,36367,217
249416,2022,UNB BANK,174365,14743,0
249612,2022,Apple Bank For Savings,16056838,1163706,0
249658,2022,Rocky Mountain Bank & Trust,94848,8593,0
250430,2022,"First State Bank Of The South, Inc.",120213,17746,0
250476,2022,GN BANK,84657,10244,0
250850,2022,Community Bank,117690,13509,0
251352,2022,"Banccentral, National Association",549575,33500,0
251558,2022,"FIRST NATIONAL BANK & TRUST CO. OF IRON MOUNTAIN, THE",430366,33855,973
251745,2022,FIRST NATIONAL BANK OF EASTERN ARKANSAS,542753,50703,0
251978,2022,Homeland Federal Savings Bank,439298,40534,0
252041,2022,City State Bank,636179,50871,1359
252452,2022,PREFERRED BANK,138589,9786,0
252658,2022,COMMUNITY FIRST BANK,254329,25419,0
253356,2022,Moody National Bank,1614399,204158,0
253468,2022,River City Bank,3656715,309989,0
253646,2022,Nsb Bank,438359,35109,485
253730,2022,Sweet Water State Bank,120042,11357,0
253776,2022,First Savanna Savings Bank,10153,457,0
254317,2022,Bank Of Utica,1525372,295862,0
254504,2022,CATTARAUGUS COUNTY BANK,331756,34273,0
254849,2022,First Independence Bank,412314,44754,196
255350,2022,The Miners State Bank,162133,14920,603
255547,2022,Community Bank Of Trenton,97090,11125,0
255556,2022,Citizens Bank & Trust Company Of Ardmore,290963,22349,0
255574,2022,Fidelity Bank,1071980,163112,65517
255659,2022,Bank of Colorado,6574472,544533,21964
255873,2022,Home Savings Bank,180180,17287,0
256058,2022,AMERICAN NATION BANK,581869,52311,0
256076,2022,"RG BANK, A SAVINGS AND LOAN ASSOCIATION",139691,13389,0
256179,2022,Utah Independent Bank,138727,16223,0
256553,2022,Dacotah Bank,3383892,355271,1621
257233,2022,First Bank of Alabama,877527,87747,0
257345,2022,Peshtigo National Bank,278033,24282,0
257578,2022,First Federal Savings Bank,522853,51780,9904
257653,2022,Farmers And Merchants Bank,61058,8056,0
257756,2022,FMS Bank,257297,24588,0
258146,2022,North Adams State Bank,49466,6404,0
258306,2022,The Milford Bank,542721,52588,0
258379,2022,"Taylorsville Savings Bank, Ssb",132752,13484,0
258445,2022,Marine Bank,739238,71466,459
258539,2022,State Bank Of Cherry,117635,13121,0
258771,2022,HomeStreet Bank,7158676,727753,176131
258874,2022,"Worthington Federal Savings Bank, F.S.B.",100554,13765,0
259059,2022,F&M Bank - Falls City,134044,12612,0
259330,2022,First US Bank,958219,87379,0
259442,2022,Mound City Bank,449561,51120,1939
259956,2022,"State Savings Bank Of Manistique, The",166638,15906,0
260055,2022,Alpine Bank,6214399,493469,12013
260831,2022,The Bank of Soperton,133877,13018,0
260868,2022,"Spirit of Texas Bank, ssb",3263604,332686,3472
261146,2022,Magnolia Bank,456669,58023,70212
261360,2022,Citizens State Bank,964232,95270,760
261940,2022,Anstaff Bank,962373,81462,1122
262059,2022,AVB Bank,486642,46636,0
262237,2022,First Port City Bank,399725,30708,1551
262358,2022,American State Bank,598770,49951,224
262741,2022,Farmers Bank & Trust Company,497372,45468,0
262844,2022,Peoples State Bank,949364,94351,0
262956,2022,PEOPLES STATE BANK OF MUNISING,191759,19159,0
263243,2022,"FIRST KENTUCKY BANK, INC.",535168,45400,226
263627,2022,The First National Bank Of Waverly,199781,14927,0
264455,2022,First State Bank,656239,62434,0
264772,2022,"LENDINGCLUB BANK, NATIONAL ASSOCIATION",4322051,523748,335449
265340,2022,The Farmers Bank Of Milton,312585,37564,0
265407,2022,Bank Of New Hampshire,2315197,228675,0
265452,2022,The Stockgrowers State Bank,104878,10574,0
265676,2022,CENTRAL BANK,129713,13507,0
266066,2022,First National Bank,255238,35161,128
266244,2022,State Bank,305960,23019,0
266253,2022,Acb Bank,120621,15283,0
266655,2022,First Bank & Trust of Fullerton,102242,14109,0
266851,2022,Farmers And Merchants Bank Of St. Clair,291677,32022,144
266945,2022,Monticello Banking Company,1006405,91716,0
267652,2022,Security State Bank of Aitkin,127438,13448,0
268006,2022,Mascoma Bank,2644953,220537,3492
268136,2022,The Citizens Bank Of Swainsboro,302152,28615,0
268677,2022,Carver Federal Savings Bank,723256,73396,0
268828,2022,Legacy Bank,332846,70228,0
268976,2022,Winchester Co-operative Bank,798947,95751,676
269049,2022,VisionBank of Iowa,600366,60378,240
269058,2022,Lake Central Bank,217958,21218,0
269571,2022,Armstrong County Building and Loan Association,92834,12970,0
269759,2022,Farmers And Merchants State Bank Of Appleton,59830,6808,0
270148,2022,State Bank of Whittington,169272,15999,0
270353,2022,Arlington State Bank,68825,5684,0
270504,2022,Community National Bank,1018533,86654,339
270531,2022,Brickyard Bank,182934,15629,0
270652,2022,Security State Bank,97603,9221,0
271136,2022,Bank of Louisiana,101395,8259,0
271275,2022,Dean Co-operative Bank,438140,34169,300
271341,2022,Peoples Bank Mt Washington,111427,11509,0
271529,2022,Countybank,671887,53759,12067
272030,2022,The Peoples Bank of Georgia,134486,12216,0
272058,2022,State Bank Of Bellingham,53085,6426,0
272151,2022,"Granger National Bank, The",48483,5909,0
272272,2022,Southern Bank,2905965,300057,745
272302,2022,Institution for Savings,4534739,548618,0
273336,2022,The Bank Of Tampa,3234599,232538,0
273550,2022,"Citizens State Bank, The",492059,49204,0
273653,2022,Concorde Bank,75543,6555,0
273662,2022,First State Bank Of Uvalde,2035137,197842,0
273840,2022,Community First Bank Of The Heartland,256167,21704,206
273859,2022,Farmers and Merchants Bank,19861,2101,0
274025,2022,Mt. Victory State Bank,22754,2040,0
274052,2022,"Farmers and Merchants Bank of Mound City, Kansas",48728,3227,0
274548,2022,Northwestern Bank,247685,29156,0
274829,2022,TruPoint Bank,552432,52488,0
274856,2022,Citizens State Bank Of Arlington,129381,14906,0
275255,2022,"BANNER CAPITAL BANK, INC.",227780,22712,4418
275358,2022,American Bank & Trust,1319953,125691,2657
275479,2022,Commonwealth Cooperative Bank,200332,29780,0
275657,2022,FIRST STATE BANK,83684,12709,0
276074,2022,Seneca Savings,215022,24115,0
276159,2022,Southwind Bank,167764,16502,0
276551,2022,The First National Bank of Hugo,145093,14094,0
276579,2022,"Zions Bancorporation, National Association",93199669,6507516,82572
276645,2022,American State Bank,272429,26586,0
276654,2022,First Farmers & Merchants State Bank Brownsdale,89837,14795,0
276850,2022,SECURITY FIRST BANK,1463879,112173,2229
276953,2022,COMMUNITY BANK,62083,8356,0
277240,2022,First Nation Bank,484194,53148,0
277277,2022,SSB Bank,234936,19922,0
277679,2022,Interstate Federal Savings and Loan Association of McGregor,8134,1677,0
277736,2022,PEOPLES BANK OF THE SOUTH,195544,22698,0
277820,2022,Palmetto State Bank,709001,77785,526
278256,2022,"The Farmers State Bank of Oakley, Kansas",195367,26720,0
278555,2022,"Stride Bank, N.A.",2216048,150509,21805
278733,2022,The Citizens Bank Of Cochran,128146,13698,0
278751,2022,"WESTERN NATIONAL BANK, CASS LAKE",33566,3020,0
278818,2022,Peoples Security Bank And Trust Company,3366863,310102,408
278872,2022,Eagle Savings Bank,174667,26102,2809
279105,2022,Florence Bank,1925745,188130,0
279842,2022,River Bank,1052811,93254,0
279954,2022,Citizens Alliance Bank,1056226,89881,0
280110,2022,KeyBank National Association,183977708,15143268,2729237
280138,2022,West Central Georgia Bank,150386,35330,0
280352,2022,FIRST BANK,92888,9675,0
280558,2022,The First National Bank Of Cokato,107231,7311,0
282075,2022,Washington Financial Bank,1576440,172648,0
282226,2022,Farmers And Merchants Bank Of South Carolina,493821,48854,0
282824,2022,Elderton State Bank,334278,38644,0
283157,2022,State Bank of Danvers,65661,6647,0
283438,2022,Liberty Bank And Trust Company,971730,83784,3937
283652,2022,"Triad Bank, National Association",196400,21755,771
283737,2022,First National Bank of Tennessee,1265509,99764,0
283867,2022,Wallis Bank,1111138,104574,0
284154,2022,Oklahoma Capital Bank,152869,12778,0
284239,2022,BANK OF PERRY COUNTY,209539,18110,0
284556,2022,Stockmans Bank,425611,37040,0
284752,2022,Northwoods Bank Of Minnesota,150883,14267,0
284958,2022,FIRST STATE BANK,42688,5283,0
285151,2022,"Colorado Bank & Trust Company Of La Junta, The",185568,20794,0
285348,2022,State Bank,287994,30620,0
285544,2022,Capitol National Bank,221210,18971,0
285553,2022,THE SECURITY STATE BANK,61138,7681,0
285740,2022,"Paducah Bank And Trust Company, The",822330,100480,1985
285777,2022,Nokomis Savings Bank,32622,5011,0
285852,2022,FIRST OPTION BANK,608633,47836,0
285928,2022,Peoples Bank The,408395,38895,365
286251,2022,Bank of Vici,37853,4456,0
286457,2022,Park State Bank,1144580,91020,1629
286840,2022,State Savings Bank,74732,9244,0
287007,2022,The Putnam County National Bank of Carmel,192362,36505,0
287342,2022,The Readlyn Savings Bank,141679,24086,0
287856,2022,THE AMERICAN BANK,35297,3225,0
287922,2022,The Peoples Savings Bank,68567,8157,0
287959,2022,Kansas State Bank,196785,15112,0
288152,2022,FIRST NATIONAL BANK OF FREDERICK,33868,3056,0
288376,2022,Pinnacle Bank,339508,33672,0
288853,2022,FIRSTBANK,28788779,1936469,10647
289056,2022,"Northern Interstate Bank, National Association",192455,16830,0
289225,2022,The Union Banking Company,60327,6133,0
289515,2022,Farmers And Merchants Trust Company Of Chambersburg,1773423,149087,2827
289702,2022,Norway Savings Bank,1757254,229626,0
289739,2022,GUARANTY BANK & TRUST COMPANY,284571,31583,0
289757,2022,Merchants State Bank,222439,27603,0
290249,2022,Waukesha State Bank,1478406,145555,9030
290838,2022,Merit Bank,194230,17167,0
290922,2022,THE NATIONAL BANK OF ADAMS COUNTY,104715,9828,0
291059,2022,Bank of Hydro,140452,15910,0
291330,2022,First Bank,122664,10230,0
291376,2022,Jackson Federal Savings & Loan Association,39300,9073,0
291611,2022,Hamlin Bank and Trust Company,462841,92510,0
291732,2022,Farmers & Merchants Bank,114490,19291,0
292234,2022,FIRST FINANCIAL BANK,237133,19538,0
292467,2022,POINTWEST Bank,133442,11467,0
292850,2022,FIRST NATIONAL BANK OF WAKEFIELD,62090,5028,0
292908,2022,"Evans Bank, NA",2195407,200420,99
293053,2022,COMMUNITY NATIONAL BANK,1699576,157044,2025
293352,2022,Adrian State Bank,62281,5657,0
293437,2022,The Citizens Bank of Winfield,314022,55881,0
293651,2022,Campbell County Bank,154688,20824,0
293754,2022,State Bank Of Southwest Missouri,181131,10519,144
294023,2022,First State Bank,807803,74409,487
294564,2022,First Bank & Trust,2880699,263096,21640
294751,2022,"The City National Bank And Trust Company Of Lawton, Oklahoma",439366,52581,0
294779,2022,TIMBERLAND BANK,1828416,192340,3700
294827,2022,"Pioneer Community Bank, Inc.",144519,18400,0
295011,2022,Greenville National Bank,589244,56789,1867
295057,2022,SECURITY BANK MINNESOTA,149442,14792,0
295646,2022,Farmers State Bank Of Medora,24772,3123,0
296456,2022,Firstbank,575740,50327,0
296474,2022,The Home Savings And Loan Company Of Kenton,173514,35396,559
296559,2022,Commercial Bank,423232,33972,0
296755,2022,Citizens State Bank,205135,18326,0
296858,2022,First National Bank of Lindsay,86162,9637,0
297051,2022,PATRIOTS BANK,170580,14700,284
297257,2022,Texas Bank Financial,759541,79482,11664
297631,2022,Crews Bank & Trust,224249,18311,0
297761,2022,Monterey County Bank,234080,20173,2530
298049,2022,IOWA STATE BANK,173540,18100,0
298218,2022,Watertown Savings Bank,995605,114811,1913
298245,2022,The City National Bank Of Metropolis,480534,56659,0
299868,2022,Community Commerce Bank,314862,56642,0
300009,2022,Passumpsic Savings Bank,880176,93625,11945
300063,2022,"NEW OMNI BANK, N.A.",559016,80202,0
300157,2022,Valley Exchange Bank,72250,7536,0
300353,2022,"Shamrock Bank, National Association",410270,42762,0
300456,2022,Piqua State Bank,35273,3507,0
300933,2022,Planters First Bank,375711,35396,0
300942,2022,Pioneer Bank,253663,20903,0
300960,2022,Bank Of Idaho,737519,69797,15768
301574,2022,Lake Shore Savings Bank,714033,84245,0
301800,2022,Ulster Savings Bank,1269160,114969,2725
302030,2022,Bank of Belle Glade,142528,10521,0
302133,2022,Camp Grove State Bank,23033,3352,0
302553,2022,Plains State Bank,245718,25450,276
302656,2022,MINNWEST BANK,2704195,223073,6323
303653,2022,FIRST STATE BANK OF BURNET,333086,35001,0
303701,2022,Wells River Savings Bank,222311,22267,0
303747,2022,The First Bank And Trust Company Of Murphysboro,84558,7882,305
303952,2022,Farmers Bank Of Northern Missouri,492449,55848,0
304173,2022,Marquette Savings Bank,1172608,177380,0
304520,2022,Chesapeake Bank & Trust Company,138765,11039,0
304575,2022,Sidney Federal Savings And Loan Association,18869,799,0
304762,2022,"Security State Bank, The",73447,6417,0
304913,2022,Deutsche Bank Trust Company Delaware,117879,111496,0
305059,2022,"First State Bank, The",55969,5052,0
305077,2022,Peru Federal Savings Bank,185541,23094,0
305237,2022,THE GEO. D. WARTHEN BANK,242699,18544,0
305442,2022,THE NEW WASHINGTON STATE BANK,485548,43344,0
306056,2022,"First National Bank Of Fleming, The",27903,2918,0
306140,2022,Security State Bank,95676,11203,0
306159,2022,American National Bank Of Minnesota,386972,35703,687
306337,2022,Casey State Bank,425206,39288,68
306908,2022,Jeff Bank,692752,66013,0
307062,2022,Farmers Bank,651824,79164,1186
307334,2022,Southern Bank,144609,17831,0
307361,2022,"AMERICAN BANK, NATIONAL ASSOCIATION",605322,51634,0
307679,2022,Bank Of The Pacific,1319331,115733,6104
307932,2022,Catlin Bank,83819,8390,0
308256,2022,CenBank,83785,5707,0
308340,2022,The Bath State Bank,248505,21413,161
308836,2022,Bank of Bourbonnais,87785,8098,0
309150,2022,The Missouri Bank,442464,45048,0
309655,2022,Regent Bank,964226,92380,4248
309851,2022,Root River State Bank,83330,8583,0
310754,2022,American Equity Bank,107113,12298,4965
310950,2022,First National Bank In Okeene,82820,14008,0
310978,2022,WaterStone Bank,2209533,378762,312738
311050,2022,American Heritage Bank,1540360,125501,0
311144,2022,Bank of Bearden,82379,6155,0
311256,2022,Granite Bank,147366,12741,302
311265,2022,The Yoakum National Bank,233268,31279,0
311603,2022,Dime Bank,1073883,122697,0
311658,2022,The First National Bank of Coleraine,110453,7745,0
311845,2022,ARVEST BANK,26774219,2223913,293909
311939,2022,Washington State Bank,281041,22835,0
312244,2022,First Bank Of Berne,1083278,87167,62
312356,2022,The Cornerstone Bank,179009,20635,0
313009,2022,The Upstate National Bank,247699,20293,0
313157,2022,"Seiling State Bank, The",145785,16750,0
313223,2022,OSGOOD STATE BANK,364046,33323,1452
313577,2022,Forward Bank,863320,71461,919
314257,2022,Deerwood Bank,1062979,83475,6696
314444,2022,Fordyce Bank & Trust Co.,210937,22254,0
315656,2022,First Enterprise Bank,205261,20946,0
316840,2022,Republic Bank & Trust Company,6088183,807653,52077
316859,2022,"Exchange Bank, The",144633,14814,0
316934,2022,Buckley State Bank,52366,5312,0
317258,2022,West Plains Bank And Trust Company,613910,51541,1910
317342,2022,Stock Yards Bank & Trust Co.,6639234,537257,8614
317379,2022,Home Federal Savings And Loan Association Of Grand Island,402951,40410,286
317650,2022,CITIZENS STATE BANK,64460,5668,0
318639,2022,Bank of Chestnut,21090,1848,0
318974,2022,First Federal Savings and Loan Association,2217917,229056,10217
319047,2022,"Riddell National Bank, The",273306,24862,410
319458,2022,The First National Bank,138797,10826,0
319551,2022,Security State Bank,371932,50847,0
320034,2022,PEOPLES BANK OF GREENSBORO,113871,8711,0
320052,2022,Legacy Bank,845145,53492,0
320070,2022,Valley Central Bank,153937,37141,1051
320119,2022,Israel Discount Bank Of New York,12951745,1150147,0
321152,2022,Lineage Bank,95098,17633,592
321255,2022,FIRST AMERICAN BANK,32947,3964,0
321273,2022,Affinity Bank,789797,83662,0
321330,2022,Farmers And Merchants State Bank Of Bushnell,90018,6883,0
321947,2022,FCN Bank N.A.,721883,65072,4496
322449,2022,COMMUNITY STATE BANK,98848,9832,595
322476,2022,WABASH SAVINGS BANK,10198,930,0
322551,2022,First Security Bank,45554,3505,0
323204,2022,"Lyons National Bank, The",1626303,138031,3361
323651,2022,Gilmer National Bank,251320,32476,0
324153,2022,First National Bank Of Giddings,275709,28528,0
324229,2022,"Waterford Commercial And Savings Bank, The",58744,7203,0
324256,2022,Oklahoma State Bank,59065,5882,0
324340,2022,Choiceone Bank,2363747,174587,9351
324854,2022,Bank Of Crockett,223671,19030,0
324863,2022,THE BANK OF COMMERCE,1847089,228549,1949
324975,2022,Dewitt Savings Bank,149696,16621,0
325141,2022,Farmers Bank,266414,40777,0
325459,2022,First State Bank In Temple,27550,5185,0
325534,2022,BYRON BANK,336312,32795,2689
326054,2022,Silver Lake Bank,378944,38602,0
326344,2022,Peoples State Bank of Newton,591547,56935,0
326858,2022,The First National Bank In Sioux Falls,1760455,187785,0
326979,2022,Greenfield Co-Operative Bank,807563,84599,0
327220,2022,Farmers State Bank,189515,12954,0
327305,2022,Katahdin Trust Company,939872,96321,0
327435,2022,United Southern Bank,847789,64145,0
327556,2022,ANCHOR D BANK,275263,28748,0
327855,2022,CIERA BANK,866556,79664,0
328058,2022,FIRST BANK OF THOMAS,50459,7532,0
328357,2022,"Titan Bank, N.A.",477362,38526,0
328656,2022,United Farmers State Bank,173004,19135,0
328777,2022,Penn Community Bank,2705521,321578,3490
329149,2022,Bank Plus,143051,12827,0
329345,2022,Generations Bank,706263,82666,2205
329550,2022,INSOUTH BANK,444605,38280,0
329952,2022,First National Bank of Granbury,908446,85215,938
330239,2022,FIRST NATIONAL BANK,388321,52144,0
330248,2022,FIRST NATIONAL BANK OF NOKOMIS,174248,18023,0
330855,2022,The Bank Of Missouri,2818411,274866,25343
330873,2022,Wakefield Co-operative Bank,268488,22211,247
330949,2022,"Morgantown Bank & Trust Company, Incorporated",257667,21404,0
331076,2022,First Federal Bank Of Wisconsin,357050,75554,500
331375,2022,BankGloucester,347946,27317,0
331544,2022,Richland County Bank,118767,19171,0
331713,2022,New Tripoli Bank,588687,62675,0
332224,2022,Mechanics & Farmers Bank,365178,43897,0
332345,2022,Oakdale State Bank,24098,2836,0
332402,2022,ENVISION BANK,802743,93288,44766
332671,2022,"Morganton Savings Bank, S.S.B.",118730,26184,0
332756,2022,ADAMS STATE BANK,61213,10321,0
333034,2022,State Bank of Cochran,254968,36020,0
333203,2022,UNION BANK,1204547,99144,13829
333650,2022,The Bank,415364,51813,0
333856,2022,Grandview Bank,396191,32956,0
333940,2022,The First National Bank of Okawville,79287,7912,0
334264,2022,FIRST COMMUNITY BANK,681374,55805,0
335346,2022,Partners Bank,351512,32368,0
336147,2022,"United Citizens Bank   Trust Company, Inc.",156505,15561,0
336361,2022,SANGER BANK,187932,26518,0
336576,2022,"The Equitable Bank, State Savings Bank",312324,35336,3136
336950,2022,Ashton State Bank,19706,1633,0
337340,2022,Heritage Bank of Schaumburg,162657,12885,0
338646,2022,TrustBank,292037,27599,0
338851,2022,CAMBRIDGE STATE BANK,91474,8774,0
338945,2022,1ST COMMUNITY BANK,69343,6787,0
339072,2022,"Colonial Savings, F.A.",1089286,82850,97531
339353,2022,First Security Bank - Canby,80763,9464,0
339456,2022,First Community Bank,605198,59674,4597
339607,2022,Saco & Biddeford Savings Institution,1156620,136648,305
339773,2022,Needham Bank,2917992,328315,0
339858,2022,"BOKF, NA",50093398,3871457,186175
339876,2022,First Federal Savings   Loan Association of Aberdeen,47267,7653,0
340135,2022,Bank of Tennessee,1784992,153973,3652
340144,2022,Peoples State Bank,1292601,114899,3061
340256,2022,21st Century Bank,630085,75463,0
340443,2022,FIRST NATIONAL BANK IN PINCKNEYVILLE,148449,14810,67
340742,2022,CIBM BANK,737465,71405,9859
340751,2022,First National Bank Of Albany/Breckenridge,659184,73476,0
341310,2022,Walden Savings Bank,821151,70012,0
342054,2022,Phelps County Bank,528783,34877,884
342362,2022,First National Bank of Shiner,1018159,107359,0
342410,2022,Orrstown Bank,2834012,255995,8868
342634,2022,Trustmark National Bank,17593319,1518599,275706
343051,2022,Bank Of Eufaula,117662,12669,0
343248,2022,FIRST NATIONAL BANK,35466,4907,0
343770,2022,NASHVILLE SAVINGS BANK,84196,9415,429
343903,2022,Adams Community Bank,890706,60586,0
343958,2022,Currie State Bank,84991,9240,0
344647,2022,"First Bankers Trust Company, National Association",1225398,98917,0
344852,2022,Perennial Bank,151735,11247,0
345309,2022,Chelsea Groton Bank,1591255,221312,299
345345,2022,"American Bank, National Association",402700,42270,402
345747,2022,State Bank,711234,60626,2699
345756,2022,"First State Bank Of St. Charles, Missouri",465517,72124,34130
345877,2022,Century Next Bank,552907,62461,1409
346379,2022,First Federal Community Bank Of Bucyrus,233973,19135,3382
346566,2022,First National Bank Of South Padre Island,87305,6918,0
346771,2022,First Federal Savings Bank of Champaign-Urbana,229944,18386,436
347022,2022,FIRST NATIONAL BANK OF SOUTH CAROLINA,270450,26997,0
347639,2022,Devon Bank,451130,29909,7024
347956,2022,"Vast Bank, N.A.",798322,84666,0
348159,2022,i3 Bank,186033,19284,877
348720,2022,Farmers and Merchants Bank,945608,84271,721
349129,2022,The Commercial Bank,262012,29853,0
349343,2022,Town And Country Bank Midwest,220252,23554,0
350572,2022,1St United Bank,197191,18806,260
350657,2022,1ST BANK IN HOMINY,47077,3763,0
350750,2022,North Valley Bank,225267,25279,0
351131,2022,Bank Of Brewton,54608,11086,0
351560,2022,Summit Bank,368827,38772,0
351878,2022,Aroostook County Federal Savings And Loan Association,176716,16944,0
352370,2022,Southern Hills Community Bank,178977,25125,0
352651,2022,Boc Bank,150331,12708,0
352745,2022,State Street Bank And Trust Company,298979,25102,777
352772,2022,Banner Bank,16798536,1428955,96487
353238,2022,Central State Bank,481122,47430,0
353546,2022,The First National Bank in Tremont,145990,15953,0
353555,2022,Amarillo National Bank,7872806,697823,13910
353957,2022,The First Farmers National Bank of Waurika,54522,9722,0
354057,2022,First National Bank of Alvin,184293,17684,0
354253,2022,Sunrise Bank Dakota,63442,7063,0
354310,2022,Univest Bank and Trust Co.,7100677,606033,21600
354552,2022,Community National Bank,629974,50483,0
354851,2022,The State Exchange Bank,84597,9773,0
355120,2022,Carolina Bank & Trust Company,749136,77033,0
355559,2022,Range Bank,529258,42402,0
355858,2022,First National Bank,1668615,309781,5434
356239,2022,Citizens State Bank,321282,36101,0
356659,2022,Solomon State Bank,195206,32283,0
356752,2022,The Citizens State Bank Of Ontonagon,106046,15245,0
357526,2022,Davis Trust Company,192828,18499,0
357553,2022,FIRST PIONEER NATIONAL BANK,241334,27594,0
357777,2022,GREENVILLE SAVINGS BANK,293536,37847,0
357937,2022,Citizens Bank And Trust Company,425755,43116,0
358112,2022,Commercial Bank,194934,19212,0
358448,2022,Mayville State Bank,110327,10051,0
358756,2022,Tampa State Bank,69347,6031,0
359472,2022,Homewood Federal Savings Bank,59640,16468,0
359650,2022,Alden State Bank,21961,2484,0
359744,2022,WHITE STATE BANK,47658,6161,0
360777,2022,"Jackson Savings Bank, SSB",35040,6920,0
361055,2022,Corefirst Bank   Trust,1218779,98420,0
361167,2022,Southside Bank,7254717,793271,1684
361279,2022,Community Bank,217148,17940,0
361354,2022,Grant County Bank,63710,9135,0
361439,2022,Andrew Johnson Bank,503835,48052,0
362043,2022,The Exchange State Bank,52997,4520,0
362155,2022,The First National Bank of Anderson,222488,20373,0
362717,2022,THE CROGHAN COLONIAL BANK,1109448,113809,0
362856,2022,"The Big Bend Banks, N.A. Dba Marfa National Bank",175150,23580,0
362940,2022,State Bank of St. Jacob,86689,11326,0
363442,2022,SAINTE MARIE STATE BANK,15309,3078,0
363648,2022,Security Trust & Savings Bank,283371,23965,0
363657,2022,The First National Bank Of Bemidji,979144,95906,0
363778,2022,Peoples First Savings Bank,68860,8574,0
364131,2022,Great Oaks Bank,290284,27612,0
364270,2022,"Bankpacific, Ltd.",192265,18264,975
364430,2022,Bank of St. Francisville,223587,19702,0
364850,2022,First State Bank of Bigfork,98249,10074,0
365325,2022,United Bank,29289723,2925437,504416
365745,2022,Pinnacle Bank,261044,38429,0
365848,2022,Williamsville State Bank And Trust,105411,12644,0
365950,2022,LimeBank,76321,7274,0
366078,2022,Sturgis Bank & Trust Company,751558,63953,7287
366238,2022,Pinnacle Bank,2008896,152222,2045
366247,2022,TEMPLETON SAVINGS BANK,152099,19637,0
366359,2022,First National Bank of Anson,73298,5907,0
366658,2022,First Independent Bank,123250,12789,0
366854,2022,Kendall Bank,114173,10810,0
367150,2022,COMMUNITY STATE BANK,110591,10081,0
367178,2022,Miami Savings Bank,144703,23615,506
367431,2022,Citizens Bank Of The South,325084,33103,0
367543,2022,Kentland Bank,354305,44461,0
368054,2022,MASON BANK,147193,22692,0
368344,2022,Farmers Savings Bank & Trust,210261,18741,0
368522,2022,Apollo Trust Company,181113,19322,0
368933,2022,The First  National Bank of Beardstown,169968,17230,0
368951,2022,KAW VALLEY STATE BANK & TRUST CO.,236283,25795,1248
369453,2022,Impact Bank,164805,14599,0
369659,2022,The First National Bank of Central Texas,1295646,106107,0
370020,2022,Pendleton Community Bank,627833,47125,0
370271,2022,E*TRADE Bank,79134776,6389280,0
370347,2022,The First National Bank Of Litchfield,129437,14227,0
370721,2022,The Farmers State Bank,229359,26451,923
370833,2022,CARVER STATE BANK,62192,8303,0
370954,2022,The Cowboy Bank Of Texas,120937,12738,1534
371223,2022,Riverhills Bank,262366,23346,1039
371232,2022,First Community Bank And Trust,204176,21203,0
371362,2022,Wellington State Bank,562545,51521,0
371559,2022,Community National Bank of Okarche,135110,18676,0
371755,2022,First National Bank,90532,7436,0
371849,2022,Bank of Yates City,77320,6861,0
371924,2022,Community Bank,1423613,113086,0
371942,2022,Liberty Bank,122188,14302,0
372444,2022,"Litchfield National Bank, The",122376,10176,0
372538,2022,The Evangeline Bank And Trust Company,840288,117767,0
372640,2022,Farmers And Merchants Bank,224415,20413,0
372855,2022,Stryv Bank,163268,16865,0
373272,2022,Compass Savings Bank,48271,4302,0
373553,2022,First Bank and Trust,68805,7881,0
373601,2022,UNION COUNTY SAVINGS BANK,1911983,263196,0
374130,2022,The Citizens Bank,204490,18031,574
374653,2022,First PREMIER Bank,2889083,357392,9402
374774,2022,Surety Bank,199684,19017,0
375043,2022,"PEOPLES NATIONAL BANK, N.A.",1549912,126238,7221
375379,2022,North Side Federal Savings And Loan Association Of Chicago,50068,3982,0
375502,2022,The Provident Bank,1726307,202369,22846
375566,2022,First National Bank,965070,91468,43626
375650,2022,Menard Bank,61898,5762,0
376237,2022,MERCHANTS & FARMERS BANK OF GREENE COUNTY,90817,9354,0
376273,2022,"North Shore Bank, FSB",2587926,270575,2833
376442,2022,First Bank,656644,67883,128
376947,2022,Citizens' Bank Of Charleston,167556,27115,0
377663,2022,FANNIN BANK,139189,10772,0
377850,2022,FIRST SECURITY BANK AND TRUST COMPANY,61252,6398,0
378044,2022,COMMUNITY STATE BANK,32259,3232,0
378110,2022,The Peoples Bank,65621,6124,0
379050,2022,State Bank Of Easton,22943,2901,0
379153,2022,The First National Bank Of Evant,152968,11724,0
379470,2022,Canton Cooperative Bank,159498,20794,0
379649,2022,FIRST NATIONAL BANK OF IZARD COUNTY,202685,61586,0
379920,2022,First National Bank Of Pennsylvania,39468318,3097987,294996
380346,2022,Farmers Savings Bank,138578,18945,0
380458,2022,Texas Regional Bank,1961754,156430,4388
380533,2022,Longview Bank,263640,21330,86
380878,2022,Van Wert Federal Savings Bank,138659,25363,0
380944,2022,The Bank Of Kaukauna,137993,10776,0
381026,2022,The Twin Valley Bank,114441,9314,0
381343,2022,Citizens Bank And Trust Company,976495,94399,0
381932,2022,Commercial Banking Company,355040,36137,0
381950,2022,THE FIRST NATIONAL BANK OF SAINT IGNACE,366188,20387,0
382050,2022,CENTRAL SAVINGS BANK,401733,32048,932
382069,2022,International Bank of Commerce - Zapata,474338,75303,0
382256,2022,STANTON STATE  BANK,58221,5096,0
382274,2022,Kentland Federal Savings and Loan Association,3015,471,0
382443,2022,Farmers Trust And Savings Bank,183638,37334,155
382537,2022,The Bank Of Vernon,225653,28876,0
382649,2022,FIRST SOUTHERN BANK,795509,96878,0
382658,2022,PUTNAM COUNTY STATE BANK,263745,33848,0
382742,2022,Bank Michigan,117224,10180,720
382854,2022,Security Bank Of Pulaski County,136205,10906,381
384018,2022,Woori America Bank,2969506,409180,0
384278,2022,First Federal Bank,3423533,338829,191171
384353,2022,The Bank of Steinauer,14992,1283,0
384652,2022,"DALLAS CAPITAL BANK, N.A.",1052824,98376,0
384830,2022,Citizens Bank & Trust Co.,166281,15239,0
385350,2022,Community Bank Of Cameron,166933,14062,0
385471,2022,Madison County Bank,532668,80403,0
385547,2022,The Citizens Farmers Bank of Cole Camp,159202,23273,0
385686,2022,Lusitania Savings Bank,394743,55193,0
386432,2022,Liberty Bank,184505,19280,0
386450,2022,Five Points Bank Of Hastings,489296,49671,0
386731,2022,STATE BANK & TRUST,302605,30059,0
386825,2022,The Citizens National Bank Of Woodsfield,157528,10430,0
387055,2022,"State Bank, The",128409,18602,0
387671,2022,FIRST FEDERAL BANK   TRUST,430665,57549,1915
388155,2022,First Texoma National Bank,224229,22819,0
388258,2022,Marquette Farmers State Bank Of Marquette Kansas,32195,4973,0
388557,2022,RIVERSTONE BANK,478687,46758,0
388744,2022,Alden State Bank,292309,27759,0
388753,2022,Farmers And Merchants State Bank Of Alpha,42381,4738,0
388874,2022,Gunnison Savings And Loan Association,113337,13253,0
389358,2022,Security State Bank,286711,23894,0
389376,2022,Tecumseh Federal Bank,52193,11223,0
389826,2022,The Pataskala Banking Company,41998,2655,0
390372,2022,Arundel Federal Savings Bank,447534,67017,0
390840,2022,Union Bank,342221,23746,0
391418,2022,First & Peoples Bank And Trust Company,249127,43266,12933
391557,2022,Lakeside Bank Of Salina,48802,5023,0
391575,2022,"United Fidelity Bank, fsb",2879591,221202,126
391959,2022,First Bank of Utica,72079,8740,0
391977,2022,Sturdy Savings Bank,1279515,90683,0
392152,2022,New Century Bank,56481,7477,2027
392255,2022,First National Bank,110284,8307,0
392778,2022,CENTURY SAVINGS BANK,649061,70679,0
393252,2022,THE FIRST NATIONAL BANK OF FLOYDADA,143589,12217,0
393355,2022,Bank of Weston,197567,14245,0
393953,2022,"HOMETOWN BANK, NA",912218,93173,0
394156,2022,"Snb Bank, National Association",135038,12420,0
394259,2022,The First State Bank,483786,47255,0
395238,2022,Synovus Bank,57224306,4998698,750642
396057,2022,Independence State Bank,83120,6698,0
396244,2022,"River City Bank, Inc.",375552,49429,877
396253,2022,First National Bank And Trust Company,721128,60949,0
396954,2022,The Pecos County State Bank,323141,28764,0
397456,2022,First National Bank of Fort Stockton,144071,14857,0
397531,2022,AMALGAMATED BANK OF CHICAGO,1641796,97057,0
397540,2022,FIRST NATIONAL BANK OF FORT SMITH,1898968,165188,5460
397559,2022,Dundee Bank,479987,45511,2973
397755,2022,Legacy Bank & Trust Company,749256,66710,0
397858,2022,Spiro State Bank,61876,6229,0
398051,2022,Farmers & Merchants Bank of Ashland,114475,9802,0
398248,2022,The Campbell & Fetter Bank,375496,34234,0
398668,2022,"The Bank of New York Mellon Trust Company, National Association",1416133,486150,0
398837,2022,Copiah Bank,297184,27578,0
399357,2022,McCLAVE STATE BANK,47334,6823,0
399517,2022,Cnb Bank,5307549,447055,849
399731,2022,Bank Of Erath,117394,13823,0
399973,2022,"First Federal Savings And Loan Association Of Central Illinois, S.B.",181363,17996,0
400057,2022,First State Bank of Purdy,215006,15556,0
400141,2022,"FNB Bank, Inc.",608908,49341,70
400365,2022,"First Commercial Bank, N.A.",530283,39283,4248
400767,2022,Nevada Bank And Trust Company,229209,16702,0
401072,2022,Century Savings And Loan Association,101851,14054,0
401559,2022,DNB National Bank,110786,9569,0
401755,2022,The Bank Of The West,164392,20572,0
401906,2022,Skowhegan Savings Bank,780419,102697,0
401951,2022,Portage Bank,40591,4374,0
402846,2022,Pocahontas State Bank,105002,25327,0
402873,2022,"VERSAILLES SAVINGS AND LOAN COMPANY, THE",62677,11510,0
403067,2022,Beacon Business Bank,161753,20049,0
403151,2022,Cornerstone Bank,2056362,188671,727
403179,2022,First Fed Bank,1917431,196319,760
403254,2022,"Transact Bank, National Association",16653,2720,0
403656,2022,State Bank Of Eagle Butte,80478,6969,0
403870,2022,Iroquois Federal Savings And Loan Association,772572,82536,0
403946,2022,The Park Bank,1346742,136676,1989
404653,2022,Dominion Bank,392099,45461,0
404943,2022,Tri-Valley Bank,75198,7282,0
406022,2022,Woodsboro Bank,379262,26670,0
406059,2022,The National Bank of Texas at Fort Worth,448503,37853,0
406666,2022,West Texas State Bank,189037,19906,0
406974,2022,Brighton Bank,322533,29826,4074
407168,2022,First State Bank,147778,14862,0
407506,2022,ION BANK,1738910,162668,0
407645,2022,"Stillman BancCorp, N.A.",632367,51353,552
407850,2022,Farmers State Bank,23145,3400,0
408307,2022,Athol Savings Bank,554362,70219,0
408642,2022,Bankers Bank,1432330,135233,45097
408875,2022,Axiom Bank,641060,87295,0
409265,2022,SPUR SECURITY BANK,53721,5594,0
410159,2022,ANDES STATE BANK,27663,2720,0
410560,2022,First State Bank,311855,33345,93
410748,2022,Bank Of O'fallon,388381,47343,0
410917,2022,CITIZENS NATIONAL BANK,616204,50247,0
410944,2022,Citizens Bank,60967,4757,0
411062,2022,THE FIRST NATIONAL BANK,231469,18711,0
411174,2022,First Federal Savings and Loan Association,36185,9999,0
411231,2022,Brantley Bank & Trust Company,107664,11473,0
411240,2022,"Old Exchange National Bank Of Okawville, The",89799,8834,0
411512,2022,Centric Bank,983163,110538,0
411549,2022,Table Grove State Bank,51246,5889,0
411576,2022,Mayville Savings Bank,77767,8060,0
411624,2022,Somerville Bank,259717,23509,1534
411651,2022,Farmers & Merchants State Bank,178425,22022,0
412153,2022,Nebraska State Bank And Trust Company,292604,27834,0
412452,2022,Community Bank Of Oklahoma,92406,6564,0
412555,2022,SJN Bank of Kansas,224943,19924,0
412667,2022,Sundown State Bank,223774,19983,0
412751,2022,Woodforest National Bank,8635354,724542,0
412845,2022,First National Bank In Olney,423572,43332,0
412872,2022,Farmers And Mechanics Federal Savings Bank,111658,11608,0
413141,2022,First National Bank Of America,3310189,299427,0
413208,2022,HSBC Bank USA N.A.,187956756,20165475,4217466
413347,2022,First State Bank Of Olmsted,64123,7635,0
413543,2022,Citizens State Bank,174624,18899,0
413646,2022,"First Neighbor Bank, National Association",555990,52049,2471
413673,2022,F&M Bank and Trust Company,162033,15333,1019
413758,2022,Brunswick State Bank,150905,13211,0
414102,2022,Alden State Bank,442932,51354,0
414652,2022,FIRST NATIONAL BANK,162698,17044,0
414764,2022,TEXAS BANK,702345,65372,0
414858,2022,"Incommons Bank, National Association",219674,17819,0
415770,2022,Tempo Bank,91383,9753,0
416245,2022,Busey Bank,12827680,1241303,23875
416272,2022,Abbeville First Bank,101496,9061,0
416339,2022,First Security Bank,115038,10020,89
416357,2022,Chambers State Bank,71349,17492,0
416656,2022,Welch State Bank,360835,36296,0
416674,2022,"KS BANK, INC",570974,46743,0
417626,2022,Putnam County Bank,677045,95060,0
417710,2022,"Pinnacle Bank, Inc.",53304,7508,0
418100,2022,SEAMEN'S BANK,557214,46319,0
418249,2022,The Security National Bank of Sioux City Iowa,1461478,137184,823
418436,2022,Peoples Bank Of Macon,26040,2877,0
418856,2022,The State Bank Of Spring Hill,65299,3976,0
419406,2022,Bangor Savings Bank,6909051,487975,32373
419460,2022,CapTex Bank,276095,34787,0
419675,2022,First Bank Richmond,1264471,157481,558
419947,2022,The Hill-Dodge Banking Company,57738,6474,0
420578,2022,Saint Landry Homestead Federal Savings Bank,273811,77819,0
420644,2022,The Peoples Community Bank,381634,41197,1351
420653,2022,VALLEY STATE BANK,194982,18606,0
420877,2022,FIRST FIDELITY BANK,140608,11683,0
421445,2022,First National Bank of Raymond,175525,17517,0
421539,2022,First Peoples Bank of Tennessee,208679,16679,0
422059,2022,KansasLand Bank,54645,4970,0
422116,2022,Bank of the Mountains,87152,8514,0
422433,2022,First Guaranty Bank,2874343,243973,0
422657,2022,Security First National Bank Of Hugo,136383,11381,0
423159,2022,Mccurtain County National Bank,350845,39610,0
423449,2022,"The Farmers Bank, Frankfort, Indiana, Inc.",768088,76902,1227
423636,2022,UBANK,88203,13798,0
423739,2022,Morris Bank,1406649,151919,2640
424156,2022,Stockgrowers State Bank,170951,20043,0
424240,2022,Citizens First National Bank,257607,23917,0
424352,2022,ANAHUAC NATIONAL BANK,299728,24013,0
424437,2022,campus state bank,24156,2500,0
424633,2022,Wilcox County State Bank,143697,14858,0
425050,2022,Farmers and Merchants State Bank,35548,3269,0
425108,2022,Rondout Savings Bank,467319,46691,1352
425818,2022,United Cumberland Bank,379079,43268,0
425845,2022,Security State Bank,268983,30575,0
425911,2022,Ephrata National Bank,1715230,148735,3194
426057,2022,Spectra Bank,91460,4327,0
426141,2022,First State Bank Of St. Peter,34299,5130,0
426534,2022,Heartland Bank and Trust,4311088,428226,4942
426758,2022,Bank Of Salem,126803,11080,0
426945,2022,BANK OF MILTON,184786,15498,143
427241,2022,The Friendship State Bank,543637,43733,0
427353,2022,FIRSTAR BANK,806427,64316,8960
427858,2022,Evergreen National Bank,156919,12110,0
427960,2022,Twin River Bank,140430,11561,379
428060,2022,Central National Bank,1287555,102024,192
428462,2022,IRELAND BANK,356147,31725,0
428547,2022,"St. Charles Bank & Trust Company, N.A.",1937584,174516,0
428855,2022,The Seymour Bank,216273,20844,0
429021,2022,QUEENSTOWN BANK OF MARYLAND,658073,71971,0
429487,2022,Sound Community Bank,919800,99973,3094
430036,2022,Robertson Banking Company,412189,36507,0
430054,2022,Main Bank,252589,19943,0
430344,2022,Community Bank,258028,37440,0
431172,2022,Pacific Premier Bank,21088887,2324626,10869
431323,2022,The Peoples National Bank,191660,13707,0
431350,2022,The Bank of Commerce and Trust Company,102235,8351,0
432058,2022,FREEDOM BANK (FKA) BRUSH COUNTRY BANK,94849,7930,0
432432,2022,Phenix-Girard Bank,285239,36019,577
433505,2022,Bath Savings Institution,1229908,182217,2125
433550,2022,Bank of Ripley,291602,36738,0
433608,2022,Tompkins Trust Company,2453893,207632,205
433859,2022,Fowler State Bank,116405,14862,0
433943,2022,Washington State Bank,484091,48321,257
434203,2022,"First Hope Bank, A National Banking Association",710676,53481,1766
434539,2022,F&M BANK,322913,33534,0
435059,2022,Ennis State Bank,324209,28779,2070
435077,2022,"MetaBank, N.A.",7615596,569174,36182
435255,2022,Security State Bank,292349,25985,0
435666,2022,Security Bank Of Crawford,108598,9361,0
435750,2022,FIRST STATE BANK,1609236,127204,8055
436159,2022,Firstbank,12582271,1213700,752223
436542,2022,Waukon State Bank,376389,37867,152
436739,2022,"BankChampaign, N.A.",266141,25595,0
436953,2022,Sullivan Bank,773119,67393,398
437044,2022,THE WATKINS SAVINGS BANK,83663,12812,0
437914,2022,Wilmington Savings Fund Society,15742039,1557142,113349
438434,2022,The Citizens Bank of Fayette,206835,15562,0
439132,2022,GLENNVILLE BANK,361461,33580,0
439338,2022,United Community Bank,3479391,279900,14768
439356,2022,ELKHORN VALLEY BANK & TRUST,962138,114327,375
439404,2022,First National Bank,2496194,214925,835
439730,2022,State Bank of Bement,123282,12152,0
440857,2022,America's Community Bank,38500,3970,0
440978,2022,Kingstree Federal Savings And Loan Association,40817,5948,0
441050,2022,FALLS CITY NATIONAL BANK,529260,59168,0
441078,2022,Community Partners Savings Bank,240750,26114,0
441135,2022,Citizens Bank of Chatsworth,42466,4833,0
441256,2022,First Dakota National Bank,2449188,215322,3881
441359,2022,MARIES COUNTY BANK,571556,81694,115
441470,2022,First Federal Savings And Loan Association,26302,2376,0
441630,2022,Bank of Dade,147906,13743,0
442011,2022,Generations Bank,378454,41287,0
442057,2022,The Citizens State Bank   Trust Co,65890,6088,0
442244,2022,Northeast Security Bank,441142,46710,0
442655,2022,The First National Bank In Falfurrias,83897,7697,0
443148,2022,Bippus State Bank,271336,29093,1259
443205,2022,Union Savings Bank,3088187,318832,1267
443353,2022,Unity Bank,593196,50514,0
443625,2022,The Ottoville Bank Company,88872,17741,0
443634,2022,Scott State Bank,200956,26165,192
444350,2022,FIRST TEXAS BANK - GEORGETOWN,955687,75222,0
444556,2022,Points West Community Bank,833535,74977,0
444677,2022,"Black Mountain Savings Bank, Ssb",43766,5251,0
445674,2022,Pioneer Federal Savings & Loan Association,108915,17615,0
445955,2022,First National Bank of East Texas,489007,47078,0
446130,2022,Farmers And Merchants Bank,260888,26355,0
446149,2022,"Peoples Bank, The",108509,9861,0
446176,2022,Fidelity Federal Savings And Loan Association Of Delaware,133839,23096,0
446877,2022,McHenry Savings Bank,279826,24935,0
447070,2022,Hoyne Savings Bank,526207,91320,0
447100,2022,Cornerstone Bank,1449179,123012,0
447557,2022,Citizens State Bank of La Crosse,451795,40290,183
448040,2022,Oxford Bank,750741,74124,0
448554,2022,SAGE CAPITAL BANK,607143,54450,0
449038,2022,"Citicorp Trust Delaware, National Association",24685,23469,0
449430,2022,22Nd State Bank,201632,21357,0
449832,2022,MARION BANK AND TRUST COMPANY,313395,30552,0
449935,2022,Country Trust Bank,32769,28205,0
450632,2022,First National Community Bank,598528,56676,624
450669,2022,The First National Bank of Ely,144406,14068,0
450753,2022,Fayetteville Bank,719258,73511,0
450856,2022,Union Bank And Trust Company,6586972,600082,20952
450959,2022,Security Financial Bank,863797,71753,1531
451068,2022,2110,778220,65511,2311
451246,2022,Wayne Bank And Trust Co.,207117,21223,585
451273,2022,Geddes Federal Savings And Loan Association,601636,95018,0
451965,2022,"Wells Fargo Bank, National Association",1779504000,149318000,20154000
452159,2022,American Bank And Trust Company,310005,34198,0
452739,2022,The Claxton Bank,148442,14522,0
452841,2022,SPRING VALLEY CITY BANK,231801,29502,0
453147,2022,BANNER BANKS,125948,13174,0
453446,2022,EAGLE BANK AND TRUST COMPANY,502207,69726,49746
453839,2022,First State Bank Of Bloomington,163556,12072,567
454546,2022,The Peoples State Bank,426112,41452,1347
454658,2022,The Pauls Valley National Bank,317781,28828,0
454676,2022,BankFinancial NA,1699770,165599,0
454975,2022,Massena Savings And Loan,178765,23893,0
455150,2022,The Payne County Bank,213546,34466,0
455253,2022,5STAR BANK,414074,46964,0
455459,2022,Fort Davis State Bank,117904,9186,0
455552,2022,Farmers And Merchants Bank,901018,88505,0
455945,2022,Bank of Delight,166201,20231,0
455972,2022,Peoples Bank,2815737,253228,10195
456045,2022,Centennial Bank 0275,18017667,1859093,72734
456054,2022,Minden Exchange Bank & Trust Company,177484,32501,0
456250,2022,Bank Of Saint Elizabeth,215383,19784,375
456344,2022,Hart County Bank And Trust Company,32188,7162,0
456755,2022,Exchange Bank and Trust Company,375334,36358,192
457060,2022,SPRING HILL STATE BANK,231707,28454,0
457220,2022,The Farmers Savings Bank,324598,75681,0
457426,2022,ENTERPRISE BANK OF SC,450605,36514,0
457752,2022,Coulee Bank,486230,41083,0
458142,2022,HORATIO STATE BANK,242780,30930,0
458544,2022,First Service Bank,489247,52595,1303
458665,2022,The First National Bank Of Stanton,333192,27113,0
458946,2022,Bank of Cashton,123109,13569,0
459130,2022,Gulf Coast Bank,542756,63703,0
459354,2022,THE CENTRAL NATIONAL BANK OF POTEAU,346105,33688,0
459372,2022,UNITED SAVINGS BANK,439297,64900,0
459644,2022,First Community Bank of Moultrie County,110126,9554,0
459671,2022,Manasquan Bank,2660419,228238,0
460033,2022,COMMUNITY BANK OF MISSISSIPPI,4444664,344082,15281
460275,2022,Second Federal Savings   Loan Association of Philadelph,27519,5922,0
460332,2022,Municipal Trust And Savings Bank,356550,52557,5
460350,2022,FIRST SECURITY BANK,74392,6275,0
460556,2022,The State National Bank Of Groom,41036,4381,0
460770,2022,Home Savings Bank,113207,17727,0
461058,2022,Farmers State Bank,182128,13835,0
463203,2022,Brunswick Bank and Trust Company,372096,43819,0
463342,2022,Wisconsin Bank & Trust,1224689,114825,0
463605,2022,PEOPLES TRUST COMPANY OF ST. ALBANS,381803,36729,0
463650,2022,Adams Bank & Trust,1181623,108657,2765
463735,2022,Hancock Whitney Bank,36519724,2926874,93069
464255,2022,Dakota Prairie Bank,131499,13015,0
464853,2022,BANK OF CORDELL,48027,4729,0
465038,2022,FIRST NATIONAL BANK OF BROOKFIELD,315156,29035,3637
465243,2022,The Garrett State Bank,315427,30478,901
465524,2022,Bank Of Greeleyville,121102,12520,0
465618,2022,The Honesdale National Bank,944670,117005,2858
465672,2022,Tomahawk Community Bank s.s.b.,203586,22213,0
466044,2022,RELIANCE STATE BANK,285802,24774,0
466240,2022,First Arkansas Bank And Trust,969700,95380,0
466754,2022,The Bank of Fayette County,806122,74239,340
466857,2022,Happy State Bank,6804039,516253,23008
466932,2022,Community Neighbor Bank,136596,15922,82
467144,2022,Hustisford State Bank,75178,11081,0
467470,2022,Central Federal Savings And Loan Association,200384,19725,0
467658,2022,Commercial Bank and Trust Company,1157694,98358,1548
467733,2022,Union State Bank,279688,15219,0
468673,2022,The Home Loan Savings Bank,254689,29313,658
468806,2022,Northeast Bank,1459955,240476,0
469250,2022,Prescott State Bank,15457,2280,0
469559,2022,Jones Bank,383186,40087,0
469737,2022,The Commercial Bank,420699,31611,0
470032,2022,COMMUNITY SPIRIT BANK,181978,17551,0
470050,2022,"First Financial Bank, N.A. Abilene",13062060,1189064,37810
470434,2022,THE PEOPLES BANK OF RED LEVEL,17617,1927,0
470452,2022,ARMSTRONG BANK,2490527,208888,2619
471057,2022,The First State Bank Of Ransom,49156,9792,0
472018,2022,THE SALYERSVILLE NATIONAL BANK,134173,17844,0
472045,2022,Home State Bank,52882,14539,0
472148,2022,First State Bank of Van Orin,46785,3989,0
472250,2022,BOELUS STATE BANK,19648,2580,0
472531,2022,The Samson Banking Company,112865,14159,0
472616,2022,First National Bank Of Scotia,670378,49906,0
472643,2022,Farmers And Merchants Bank Of Kendall,80464,12640,0
472951,2022,Siouxland Bank,80197,6437,0
472979,2022,"Roxboro Savings Bank, Ssb",288059,55051,0
473042,2022,"South Central Bank,  Inc.",1591396,151034,5768
473257,2022,Valley Bank Of Kalispell,185577,16859,1223
473266,2022,Texas First Bank,2139158,171044,11986
473501,2022,Berkshire Bank,11548730,1160458,6110
473930,2022,The Cottonport Bank,467020,55348,119
474058,2022,The First National Bank in Trinidad,283509,26546,0
474245,2022,Villa Grove State Bank,81959,8941,322
474254,2022,BROADWAY NATIONAL BANK,5237447,452694,4876
474357,2022,COUNTRYSIDE BANK,103436,14925,0
474450,2022,Rivers Edge Bank,256340,21125,0
474544,2022,Citizens Savings Bank,77922,6224,0
474656,2022,Corebank,80905,8540,0
474759,2022,"Sunflower Bank, National Association",5652968,523128,103939
474919,2022,"Fulton Bank, N.A.",25647791,2395890,35768
475345,2022,Huron Community Bank,302429,26903,1417
475354,2022,Farmers State Bank,643132,59304,1413
475653,2022,Mountain Valley Bank,501253,45333,471
475756,2022,Bank Of The Rockies,231449,19215,0
476342,2022,Citizens First State Bank Of Walnut,56349,4899,0
476445,2022,Bank of Lake Village,75610,9555,0
476472,2022,Community Savings,68556,11969,0
476539,2022,Bank of Commerce & Trust Co.,400802,40678,0
476810,2022,"Citibank, N.A.",1669227000,150393000,19721000
477303,2022,Woodsville Guaranty Savings Bank,643355,54628,135
477321,2022,Consumers National Bank,954817,70526,838
477349,2022,Bank Of Lake Mills,291835,36975,28459
477376,2022,Farmington State Bank,18037,5031,0
477639,2022,SunSouth Bank,120746,10612,0
477648,2022,Farmers State Bank,320882,39805,234
477844,2022,County Bank,206856,20556,89
478140,2022,Murphy-Wall State Bank And Trust Company,163384,15861,0
478195,2022,Bank Of The Valley,429902,35504,0
478252,2022,Legacy Bank,498022,62229,0
478533,2022,LENA STATE BANK,94403,11324,0
478766,2022,Liberty Bank,292548,36038,0
479071,2022,State Bank Northwest,248468,20677,0
479268,2022,Bank Of Stockton,4778669,671855,0
479370,2022,High Country Bank,452763,40661,2078
479446,2022,CITIZENS STATE BANK OF LOYAL,291748,30211,84
479567,2022,First National Bank of Trinity,81177,7276,0
479754,2022,Commercial State Bank,169662,16937,365
479839,2022,Tennessee State Bank,984158,80861,0
480059,2022,Park State Bank & Trust,145656,13290,0
480228,2022,"Bank of America, NA",2519525000,182526000,15410000
480246,2022,Washington State Bank,76993,6765,0
480330,2022,The Lemont National Bank,61315,3291,0
480433,2022,First National Bank In Deridder,410649,31806,0
480723,2022,1St National Bank,250282,19157,7754
480853,2022,McKenzie Banking Company,186905,19356,0
481159,2022,Valley Bank Of Commerce,236533,21904,0
481177,2022,Landmark National Bank,1325979,132313,4795
481430,2022,American National Bank,510009,51975,0
481579,2022,Custer Federal State Bank,133120,14021,285
481627,2022,"Citizens Bank Of West Virginia, Inc.",495157,40354,0
481748,2022,Sloan State Bank,70103,6922,0
481944,2022,The Farmers State Bank and Trust Company,270500,27108,1038
482053,2022,Citizens State Bank,451926,48542,450
482156,2022,Farmers Bank & Trust,986732,186960,10966
482370,2022,North County Savings Bank,65868,5200,0
482446,2022,JERSEY STATE BANK,180638,22503,0
483274,2022,First Savings Bank of Hegewisch,799515,112079,0
483537,2022,PNB Community Bank,140441,12955,0
483751,2022,Labette Bank,512464,50646,0
484057,2022,Marion State Bank,145124,16906,0
484141,2022,Community Trust Bank,115100,11618,0
484776,2022,"Viking Bank, National Association",258659,22007,0
485054,2022,Bank Of Elgin,71414,9475,0
485139,2022,State Bank & Trust Company,170268,14379,0
485214,2022,Farmers Bank,220246,20939,0
485456,2022,Kaw Valley Bank,332473,34838,0
485559,2022,First Horizon Bank,88758641,7133156,1171831
487142,2022,Bank Of Kampsville,125299,20455,0
487357,2022,Town & Country Bank,691597,68615,481
487843,2022,The Village Bank,107202,10000,0
488318,2022,BNY Mellon Trust of Delaware,189194,43887,0
488420,2022,"Fayette County National Bank Of Fayetteville, The",139454,13008,90
488653,2022,"National Bank Of Andrews, The",265243,23926,0
488756,2022,First State Bank,168976,21540,0
489155,2022,Citizens State Bank,45620,5813,0
489249,2022,Kinmundy Bank,60776,6377,0
489548,2022,"First State Bank and Trust Company, Inc.",495865,58321,0
489623,2022,The Park National Bank,9535304,825045,9387
490179,2022,Pulaski Savings Bank,49417,4453,0
490348,2022,The State Bank Of Toledo,137291,10933,0
490450,2022,North Dallas Bank & Trust Co.,1725598,168867,777
490843,2022,"CARROLL COUNTY TRUST COMPANY OF CARROLLTON, MISSOURI",174090,18602,0
490955,2022,The Walton State Bank,11302,752,0
491224,2022,FIRST-CITIZENS BANK & TRUST COMPANY,58215736,4651226,98741
491402,2022,Franklin Savings Bank,687682,64848,0
491653,2022,THE COMMERCIAL BANK,80253,6768,0
491934,2022,Colony Bank,2687322,190355,38150
492650,2022,EXCHANGE BANK,1232471,120790,1536
492810,2022,Owingsville Banking Company,81038,7530,0
493077,2022,First Mutual Bank,104170,9391,0
493152,2022,FLATWATER BANK,214677,23609,0
493741,2022,ALLIANCE BANK,390346,43551,173
493844,2022,Franklin Bank & Trust Company,707754,79258,0
494261,2022,Pacific Western Bank,40359058,2717374,0
494654,2022,"American Bank, N.A.",204203,20175,0
495419,2022,Citizens Bank of Kentucky,772910,78366,0
495558,2022,First New Mexico Bank of Silver City,137526,15221,208
496434,2022,The First National Bank,41794,5615,0
496845,2022,Bank & Trust Company,429447,42069,0
496957,2022,The Farmers State Bank Of Turton,40167,4189,0
497039,2022,Commercial Bank,1711504,166899,0
497404,2022,"TD Bank, N.A.",423958417,34180279,263068
497570,2022,Luther Burbank Savings,7177008,799457,0
497655,2022,First State Bank,179461,18433,0
497851,2022,Security Bank,237879,21951,330
497954,2022,Texas National Bank,593232,59244,1016
498148,2022,Focus Bank,821607,95067,2196
498317,2022,The Ohio Valley Bank Company,1233579,126201,1682
498362,2022,American National Bank & Trust,1368411,155236,1040
498456,2022,First State Bank,55003,6651,0
498531,2022,EVABANK,427509,105169,0
498625,2022,"Calhoun County Bank, Inc.",179117,17257,0
498942,2022,CLAY COUNTY STATE BANK,106365,11812,0
499154,2022,Home Loan State Bank,201086,13594,0
499453,2022,FIRST STATE BANK,853742,72821,223
499501,2022,Maine Community Bank,1020986,134181,0
499743,2022,Heritage Community Bank,187051,17197,0
499752,2022,Bank of the Southwest,201287,14251,0
499855,2022,Southwest National Bank,492861,47998,0
500256,2022,The First National Bank Of Mertzon,527900,39941,0
500658,2022,Pavillion Bank,91766,10136,0
501105,2022,Manufacturers and Traders Trust Company,154617469,12378354,902127
501132,2022,West Alabama Bank & Trust,773500,89043,0
501459,2022,Royal Banks Of Missouri,1088555,111984,0
501655,2022,Wilson State Bank,118378,8796,0
501767,2022,First National Bank of Winnsboro,150885,29347,0
501815,2022,Luzerne Bank,586199,42291,0
502111,2022,National Bank Of New York City,199738,36743,0
502447,2022,Fredonia Valley Bank,102529,12213,0
502559,2022,The Gunnison Bank and Trust Company,213104,19869,1580
502652,2022,Bank3,386794,37704,2306
502746,2022,Community State Bank,381666,35174,0
502849,2022,Banterra Bank,2573220,204770,2033
503547,2022,THE FAIRMOUNT STATE BANK,57497,6838,0
503640,2022,Neighbors Bank,76909,11694,17498
504142,2022,Chillicothe State Bank,145146,12086,0
504311,2022,The GenoaBanking Co,517460,41160,2713
504535,2022,FIRST STATE BANK OF DEKALB COUNTY,317991,24697,0
504647,2022,International Bank Of Amherst,95873,11694,0
504713,2022,U.S. Bank National Association,564154604,45444556,7774639
505550,2022,Hiawatha National Bank,529911,52283,509
505916,2022,The First National Bank Of Germantown,79704,6748,0
506922,2022,SANDY SPRING BANK,12586611,1251740,39409
507068,2022,Exchange Bank,3535836,326606,7829
507152,2022,"Quail Creek Bank, n. a.",842268,72758,0
507349,2022,Farmers State Bank,62591,6570,0
507509,2022,Newtown Savings Bank,1748267,131273,614
508270,2022,Glen Burnie Mutual Savings Bank,107881,8289,0
508346,2022,Hawthorn Bank,1823981,193085,2249
508355,2022,AmeriState Bank,420097,33566,0
509811,2022,"COMMUNITY TRUST BANK, INC.",5384484,662125,2632
509857,2022,Fmb Bank,46676,3514,0
509950,2022,First United Bank And Trust Company,12464313,1032516,243981
510330,2022,F&M BANK,354746,49242,0
510648,2022,American Bank Of Beaver Dam,183796,17119,0
510871,2022,FirstBank of Puerto Rico,20778081,2258317,35155
510938,2022,Midamerica National Bank,523226,52796,62
510947,2022,Farmers State Bank & Trust Co.,115689,9596,0
511832,2022,Wayne County Bank,393890,52634,0
513256,2022,First National Bank Of Las Animas,574539,55854,0
513322,2022,Dedicated Community Bank,91484,7398,0
513340,2022,Commercial Bank,610261,52363,0
513546,2022,The Farmers & Merchants National Bank,242401,25453,0
513854,2022,First State Bank,94436,7735,0
513920,2022,The Marblehead Bank,62096,5306,0
514048,2022,CS Bank,480019,44548,496
514057,2022,Nebraska State Bank,20213,2416,0
514066,2022,Montecito Bank & Trust,2351262,192031,0
514132,2022,Citizens Bank,465838,49985,1532
514356,2022,First Summit Bank,28770,3668,0
514655,2022,"TEXAS GULF BANK, N.A.",689016,76529,0
514936,2022,Rabun County Bank,273060,26211,451
515979,2022,Pee Dee Federal Savings Bank,36362,6029,0
516154,2022,FARMERS AND MERCHANTS BANK,134558,15537,0
516855,2022,Security Bank,762270,77112,0
516873,2022,Sunnyside Federal Savings And Loan Association Of Irvington,94706,9962,0
517049,2022,CHAMBERS BANK,1198299,113180,6376
517357,2022,Blue Sky Bank,465147,43822,0
517441,2022,"Bank Of Brodhead, The",248437,29921,0
517674,2022,First Federal Bank of Louisiana,1293538,118962,0
518037,2022,PEOPLESSOUTH BANK,1032002,89961,0
518176,2022,Rayne Building and Loan Association,60131,16069,0
518354,2022,PARK BANK,69564,10074,196
518877,2022,GREATER STATE BANK,129763,9298,0
519146,2022,First State Bank of DeQueen,313760,29415,0
519360,2022,Mission National Bank,220936,37551,0
519445,2022,PEOPLES BANK,99464,10729,0
519874,2022,Lamont Bank Of St. John,69111,8718,0
520003,2022,Northfield Savings Bank,1401871,141345,0
520423,2022,The Fahey Banking Company,286613,52443,54
520777,2022,Community Savings Bank,452693,65496,0
521064,2022,SANTA ANNA NATIONAL BANK,59724,5755,0
521158,2022,"Southtrust Bank, N.A.",525189,48085,0
521804,2022,Mahopac Bank,1551206,126718,0
521970,2022,Big Horn Federal Savings Bank,352327,31725,38
522034,2022,The Commercial Bank of Ozark,119521,9148,0
522454,2022,FIRST STATE BANK,68193,8423,0
522605,2022,Bar Harbor Bank & Trust,3706587,351000,5523
522669,2022,HomeBank Texas,292350,28160,0
522753,2022,MCBank,429701,40743,0
522847,2022,"Limestone Bank, Inc.",1407879,149169,0
523161,2022,Citizens State Bank,373444,38463,0
524579,2022,Great Midwest Bank,785187,149117,16038
524757,2022,Farmers Bank,48317,5115,0
524766,2022,First State Bank,125412,17666,0
524953,2022,First Pryority Bank,313041,29219,633
524971,2022,Westbury Bank,915250,84991,3339
525053,2022,First National Bank of Oklahoma,746853,63903,0
525549,2022,State Bank of Cross Plains,1674085,156994,577
526452,2022,1st Financial Bank USA,940324,186513,0
526519,2022,1ST SUMMIT BANK,1303961,118152,0
526854,2022,The Hardin County Bank,571344,54585,498
527057,2022,Community Point Bank,155736,13937,0
527178,2022,Anthem Bank & Trust,180165,16557,0
527600,2022,North Easton Savings Bank,1397507,112299,0
527749,2022,SECURITY STATE BANK,119458,9152,0
527954,2022,First National Bank of Omaha,26812859,2698450,94976
528102,2022,North Brookfield Savings Bank,350469,41387,0
528241,2022,Houghton State Bank,212743,22401,0
528849,2022,Horicon Bank,1230747,107607,4730
528960,2022,Texas Community Bank,1975345,180607,0
529275,2022,Lincoln Federal Savings Bank of Nebraska,312460,41977,7018
529341,2022,Ixonia Bank,589632,57262,48909
529659,2022,Cattle Bank & Trust,349551,41876,96
529958,2022,"TIB, National Association",3975223,335380,5749
530655,2022,The Peoples Bank,484903,43730,319
530851,2022,Peoples State Bank Of Hallettsville,341272,34714,0
531157,2022,THE BANK OF PROTECTION,81883,11763,0
531250,2022,Centennial Bank,689600,66328,0
532042,2022,Royal Bank,707159,67258,6736
532453,2022,Ipswich State Bank,68924,9570,0
532752,2022,The Riley State Bank Of Riley Kansas,108316,10875,0
533124,2022,THE HARBOR BANK OF MARYLAND,330550,25972,0
533227,2022,The Metamora State Bank,99033,7847,0
533535,2022,FIRST BANK OF BOAZ,272993,47183,0
534073,2022,Liberty Bank,59472,9095,0
534242,2022,State Bank Of Schaller,37196,4755,0
534466,2022,Metropolitan Bank,211376,23954,0
534756,2022,Sooner State Bank,321650,28996,0
534859,2022,THE EXCHANGE STATE BANK,87010,8498,0
534877,2022,Brentwood Bank,829623,98204,0
535034,2022,Landmark Bank,181626,17871,0
535575,2022,"1st Federal Savings Bank of SC, Inc.",129090,11313,0
535753,2022,"Academy Bank, N.A.",2305640,373806,4151
535931,2022,Lafayette State Bank,178691,13665,0
535940,2022,STATE BANK OF TOULON,296939,27635,0
536059,2022,"Golden Bank, National Association",1293564,173575,3883
536349,2022,Shelby County State Bank,351589,34486,0
536527,2022,Industrial Bank,625437,62783,635
536554,2022,Firstier Bank,706470,75707,1144
536853,2022,WALTERS BANK AND TRUST CO,65348,12699,0
537038,2022,Durand State Bank,135829,11611,0
537243,2022,Farmers State Bank,222537,25854,0
537449,2022,First Business Bank,2650449,255286,3570
537551,2022,Little Horn State Bank,132709,12608,0
537560,2022,"Extraco Banks, National Association",2038670,164328,1851
538222,2022,First Central National Bank,110196,16778,0
538473,2022,"Presidential Bank, Fsb",887431,91946,62416
538754,2022,First National Bank In Philip,360644,41753,0
538802,2022,INTERAUDI BANK,2395534,188472,0
538950,2022,First National Bank And Trust Company Of Weatherford,293514,31995,0
539032,2022,Bank Independent,2229522,183280,3573
539340,2022,DEMOTTE STATE BANK,539507,59833,0
539377,2022,United Bank,259252,24547,7293
539452,2022,Carson Community Bank,169270,15607,0
539872,2022,"TrustTexas Bank, SSB",398191,44692,0
540056,2022,Firstbank Of Nebraska,356428,35188,0
540542,2022,G.W. Jones Exchange Bank,108655,7872,0
540551,2022,"BankWest, Inc.",1502665,135497,4495
540739,2022,Firststate Bank,324849,33011,0
540775,2022,First Federal Community Bank National Association,612092,51660,1053
540850,2022,FORD  COUNTY  STATE  BANK,52745,5839,0
541101,2022,The Bank of New York Mellon,356225000,21631000,0
541231,2022,First Citizens Bank,322790,40161,0
541307,2022,"Ethic, A Wealth Bank",234395,24905,0
541642,2022,"Commonwealth Community Bank, Inc.",162864,24010,0
541754,2022,WRAY STATE BANK,196958,18466,0
541857,2022,Carroll Bank And Trust,402894,34548,0
542153,2022,F&M Bank - West Point,350512,33654,0
542340,2022,South Story Bank & Trust,337240,31102,1438
542528,2022,CIVISTA Bank,3006039,312671,1972
542667,2022,Mt. McKinley Bank,644517,103797,5171
542854,2022,Farmers State Bank,31107,2354,0
543262,2022,D.L. Evans Bank,2935865,244217,6845
543459,2022,First National Bank Of Syracuse,422250,44793,0
543945,2022,Farmers Trust And Savings Bank,501023,46614,190
544335,2022,United Mississippi Bank,431373,41085,0
544447,2022,Citizens Savings Bank,137198,21502,0
544652,2022,Cornhusker Bank,867559,69733,3479
544951,2022,Cowboy State Bank,54978,4882,0
545154,2022,Bank of Doniphan,148585,12570,0
545604,2022,Northwest Community Bank,1029233,91981,0
546003,2022,Banknewport,2352320,230710,3561
546320,2022,The Sherwood State Bank,84272,9039,0
546535,2022,BANK OF DUDLEY,315275,32522,0
546544,2022,Central Bank,1731908,165809,9790
547251,2022,American Interstate Bank,115729,19199,0
547550,2022,BANK OF COMMERCE,186713,18801,0
547840,2022,STAR Financial Bank,3092880,255664,3261
548052,2022,RNB State Bank,253223,21963,0
548267,2022,The Waggoner National Bank of Vernon,338328,44434,0
548351,2022,"Austin Bank, Texas National Association",2597738,318414,689
548472,2022,"Maple City Savings Bank, Fsb",104086,8997,0
548771,2022,Magyar Bank,780641,82313,0
548829,2022,Commodore Bank,94041,6635,0
549862,2022,"Community Bank & Trust, Waco, Texas",604601,80780,0
550279,2022,Olympia Federal Savings And Loan Association,853367,110308,0
550354,2022,Bank Of Estes Park,170674,15500,0
550448,2022,THE STATE BANK,79560,9201,0
550635,2022,Hickory Point Bank And Trust,714490,66569,876
550653,2022,Cedar Security Bank,57141,8464,0
550952,2022,Rsnb Bank,428338,47157,1138
551016,2022,Fleetwood Bank,355720,26516,0
552059,2022,BANK OF THE FLINT HILLS,384649,34463,0
552161,2022,Citizens National Bank of Texas,1890198,159574,0
552545,2022,TS Bank,397177,34111,0
552956,2022,Silex Banking Company,89903,12074,0
552974,2022,SHELBY SAVING BANK SSB,363077,41677,0
553038,2022,Community Banking Company Of Fitzgerald,249684,22020,0
553926,2022,"First National Bank Of Sycamore, The",185271,17877,169
553944,2022,The Lincoln National Bank Of Hodgenville,393296,47983,0
554268,2022,Hill Bank & Trust Co.,157753,25782,0
554343,2022,Fowler State Bank,204922,26196,0
554857,2022,Five Points Bank,1925807,166461,0
555256,2022,Farmers And Merchants Bank,135170,9617,0
556011,2022,Susquehanna Community Bank,555690,48120,0
556459,2022,"Kleberg Bank, N.A.",703481,57920,2647
556815,2022,"PeoplesBank, A Codorus Valley Company",2414844,230162,7875
556936,2022,GERMAN AMERICAN STATE BANK,303828,28252,0
557317,2022,The Gratz Bank,920453,77904,0
557438,2022,The Gifford State Bank,183542,15702,0
557858,2022,"Intrust Bank, National Association",8012849,560806,405
558574,2022,Security Federal Savings Bank,34069,4111,0
559179,2022,Brookville Building And Savings Association,45932,9249,0
560214,2022,The Corn City State Bank,78695,10277,0
560353,2022,First National Bank of Lake Jackson,292383,26218,0
560438,2022,Bank of Evergreen,75734,8959,0
560830,2022,Granville National Bank,111278,10490,0
561145,2022,First State Bank,583884,60792,0
561574,2022,SUMMIT STATE BANK,958080,79193,0
561659,2022,Pinnacle Bank - WY,1325996,124987,4205
561864,2022,SouthWest Bank,748697,58425,4065
562058,2022,United Bank of Union,456873,46235,1055
563233,2022,First National Bank of Griffin,387144,24449,0
563336,2022,"Citizens' Bank, Inc.",140531,14986,0
563457,2022,First National Bank Of Johnson,91883,14896,0
563934,2022,SOUTHEAST FIRST NATIONAL BANK,62189,7289,0
564052,2022,Bank Of Alma,291941,130921,199
564324,2022,OLD FORT BANKING COMPANY,805045,60271,903
564463,2022,Crossroads Bank,315216,29046,0
564557,2022,Falcon International Bank,1844758,194731,0
564678,2022,Gsl Savings Bank,122839,11616,0
564838,2022,Citizens Community Bank,190358,20100,0
564977,2022,Territorial Savings Bank,2130608,235785,0
565143,2022,First State Bank,251073,28953,0
565152,2022,Springfield State Bank,84267,6482,0
565170,2022,First Federal Savings Of Middletown,171172,56270,0
565536,2022,North Central Bank,145796,16645,0
565750,2022,Bank of Washington,878880,105216,1701
565844,2022,State Bank Of Missouri,131128,11092,0
566056,2022,Security Bank,296608,30505,0
566243,2022,GLENWOOD STATE BANK,293300,25542,462
567240,2022,Bank Of Jamestown,237710,26903,0
567679,2022,Greenville Federal,229146,21050,411
567736,2022,Farmers State Bank & Trust Co.,145858,13571,0
568126,2022,The St. Henry Bank,383821,50761,0
568135,2022,HOLCOMB BANK,266507,24496,113
568359,2022,American Bank Of Missouri,643451,62663,10852
568377,2022,Slovenian Savings and Loan Association of Franklin-Conemaugh,166374,17475,0
568470,2022,Peoples Bank,1618578,133735,4987
568939,2022,FNB PICAYUNE BANK,282930,35329,0
570558,2022,ARROWHEAD BANK,273679,22777,0
570651,2022,FIRST TRI-COUNTY BANK,65895,5964,0
571135,2022,The Citizens Bank,120319,13504,0
571265,2022,Denali State Bank,470847,41608,9306
571920,2022,"First National Bank Of Pandora, The",239765,19574,733
571957,2022,"State Exchange Bank, The",48698,5147,0
572347,2022,Bank Of Billings,79533,6897,0
572374,2022,Great Southern Bank,5455015,644134,8735
572459,2022,The Citizens State Bank,390087,36942,0
572655,2022,COMMUNITY BANK,258763,27313,0
573036,2022,Oconee State Bank,570960,45579,1213
573335,2022,RiverHills Bank,395425,40150,0
574079,2022,Franklin Bank,325934,27025,0
574949,2022,FARMERS & MERCHANTS BANK,517667,48437,708
574976,2022,Cashmere Valley Bank,2224302,214773,1148
575133,2022,"Peoples Bank, The",108444,11353,0
575254,2022,City Bank,3899486,390016,76507
575348,2022,The Farmers National Bank Of Lebanon,119892,13658,0
575375,2022,Superior Savings Bank,83898,14100,978
575647,2022,State Bank Of Saunemin,43774,4781,0
575759,2022,MNB Bank,417772,57974,0
575834,2022,First National Bank of Louisiana,582961,55886,0
576354,2022,GREAT NORTH BANK,150758,14457,0
576578,2022,Monroe Federal Savings And Loan Association,139424,12669,0
576608,2022,Meredith Village Savings Bank,1287088,129546,1139
576644,2022,THE GREENWOODS STATE BANK,535416,44180,247
576952,2022,First Nebraska Bank,352941,32397,237
577128,2022,Peoples Bank,7052280,566594,3791
577137,2022,Pacific National Bank,1012337,81143,0
577230,2022,Talbot State Bank,60519,6487,0
578116,2022,The Savings Bank,538557,47480,0
578237,2022,Commonwealth National Bank,56890,6583,0
578255,2022,First United Bank,2006835,177576,4218
578554,2022,Citizens Community Bank,122829,14010,0
578741,2022,BLC Community Bank,317519,37237,0
578862,2022,First State Bank of San Diego,74696,6453,0
579140,2022,Regional Missouri Bank,497079,48155,0
579319,2022,"Community First Bank, National Association",62153,5169,0
579364,2022,TEXAS CHAMPION BANK,358206,39457,0
579636,2022,MERCHANTS & PLANTERS BANK,118402,11971,0
580155,2022,PLATTE VALLEY BANK - TOR,571408,53583,1408
580548,2022,Bank of Luxemburg,535277,47809,345
580847,2022,Lewisburg Banking Company,171463,16011,0
580874,2022,Brattleboro Savings & Loan Association,303330,20085,398
581237,2022,Bank of Pensacola,157802,12672,0
581358,2022,State Nebraska Bank &Trust,204507,23698,0
582177,2022,Huntingdon Valley Bank,557790,45429,40653
582654,2022,The Kansas State Bank of Overbrook Kansas,83784,9815,0
582878,2022,Home Federal Savings And Loan Association,40804,5666,0
582953,2022,CHARTER WEST BANK,405261,39475,19137
582971,2022,First Federal Savings Bank,1253042,104085,9422
583071,2022,First Federal Savings and Loan Association of Bath,180036,24633,0
583268,2022,Schertz Bank & Trust,656486,65234,0
583352,2022,First National Bank of Huntsville,617773,60096,0
583754,2022,"Bank of Houston, N.A.",470880,43821,0
583905,2022,Kennebec Savings Bank,1447142,200657,0
584377,2022,Kitsap Bank,1696539,153465,1234
584724,2022,Unified Bank,727114,76067,0
584920,2022,THE FIDELITY BANK,3564427,266129,14792
585235,2022,Algonquin State Bank,160984,16485,0
585749,2022,Pilot Grove Savings Bank,783445,72885,0
586027,2022,FIRST BANK OF OHIO,269713,79397,0
586072,2022,First Palmetto Bank,873264,80139,4627
586335,2022,Bank Of Moundville,109785,10161,0
586960,2022,Peoples State Bank,169184,13800,0
587677,2022,Eureka Savings Bank,421304,80262,0
587752,2022,First Colorado National Bank,82663,8801,0
587800,2022,Liberty Bank,7401031,884021,33325
588245,2022,Bank of Deerfield,182773,21086,0
588348,2022,Savings Bank,252211,31310,0
588478,2022,Freehold Bank,294086,41537,0
589158,2022,Great Plains Bank,144497,18179,0
589523,2022,Bank Of Travelers Rest,1257243,110262,1625
589943,2022,Lincoln Savings Bank,1479040,153347,9100
590220,2022,Uwharrie Bank,937793,86662,21684
590248,2022,Town And Country Bank,907478,90418,2991
590640,2022,FNB Oxford Bank,482904,46807,0
590976,2022,Financial Federal Bank,799818,92575,5438
591209,2022,Piscataqua Savings Bank,347943,49324,0
591320,2022,Arthur State Bank,727349,54106,0
591357,2022,The Peoples Bank,117434,10103,0
591366,2022,FIRST NATIONAL BANK OF SONORA,634464,45931,0
591740,2022,Peoples Trust and Savings Bank,39050,3689,0
592439,2022,First Security Trust And Savings Bank,351114,30448,0
592448,2022,Evolve Bank & Trust,788114,68347,146258
592550,2022,Quoin Financial Bank,207419,23306,798
592644,2022,Greenfield Banking Company,839614,74641,0
592859,2022,Hillsboro State Bank,22941,2012,0
593007,2022,Camden National Bank,5481237,451620,5815
593052,2022,Plains Commerce Bank,1046473,120053,182171
593249,2022,The Peoples Bank,529243,48975,212
593333,2022,The First National Bank of Arenzville,117029,10022,0
593771,2022,"Liberty Bank, Inc.",12520,1378,0
593940,2022,Bank Of Stronghurst,85844,12103,0
594433,2022,"Cb&S Bank, Inc.",2411518,246710,5565
594451,2022,Maplemark Bank,929932,94468,0
594853,2022,"Citizens National Bank, N.A,",1373129,122909,881
594938,2022,Apple River State Bank,529407,45648,729
594947,2022,Bank First,2937545,271679,786
595270,2022,Midfirst Bank,32127026,2807332,0
595337,2022,Valley State Bank,146731,24630,0
595430,2022,"State Bank of The Lakes, N.A.",1684184,138266,0
595869,2022,CATHAY BANK,20872611,2137925,0
595944,2022,Sanborn Savings Bank,75269,7114,0
596062,2022,THE CITY NATIONAL BANK OF SULPHUR SPRINGS,1143335,99195,2874
596156,2022,Capital Bank,585320,51877,0
596277,2022,Columbia Savings And Loan Association,26945,2021,0
596455,2022,Madison Valley Bank,267437,21226,413
596642,2022,HomeBank of Arkansas,73750,7301,0
596978,2022,Marathon Bank,215483,26394,0
597041,2022,Savanna-Thomson State Bank,126044,10195,0
597313,2022,Ps Bank,477210,46837,4263
597452,2022,AMERICAN BANK & TRUST CO.,225708,21140,1160
597546,2022,Premier Community Bank,432626,40002,0
597658,2022,First State Bank Of Forsyth,153367,16553,0
598002,2022,Savings Bank Of Walpole,669036,54291,0
598048,2022,The Stephenson National Bank and Trust,674837,57667,617
598132,2022,The Security State Bank,55634,8081,0
598543,2022,Sibley State Bank,99730,10773,0
598646,2022,TNB Bank,100726,9895,0
598954,2022,Jefferson Bank and Trust,718323,79255,0
599643,2022,Ergo Bank,133805,12023,0
599764,2022,The American National Bank of Texas,5330915,407874,4943
600419,2022,Kish Bank,1224156,91906,3255
601032,2022,Fairview State Banking Company,37748,4325,256
601041,2022,First State Bank Of Beecher City,93608,12307,208
601050,2022,Commerce Bank,36515611,2764509,8615
601153,2022,Farmers And Merchants State Bank,136964,13860,0
601416,2022,Five Star Bank,5481889,496337,6202
601443,2022,Bank Of Mauston,395626,46699,0
601658,2022,Alliance Bank Central Texas,502823,52045,0
602048,2022,The State Bank,1419081,126761,6784
602543,2022,"PETEFISH, SKILES & CO.",270649,26608,2019
602842,2022,DYSART STATE BANK,17340,1331,0
603232,2022,BANK OF GUEYDAN,78927,15612,0
603540,2022,Black River Country Bank,102601,8845,0
603559,2022,FARMERS STATE BANK,42482,4170,0
603755,2022,FIRST STATE BANK,70660,5140,0
604024,2022,MINSTER BANK,755344,56251,2034
604033,2022,First National Bank of Assumption,23544,2274,0
604547,2022,Heartland Bank,196407,22195,0
604640,2022,Waterman Bank,85668,15279,7676
605571,2022,The Peoples Savings And Loan Company,155090,29741,0
605610,2022,Sawyer Savings Bank,268169,27726,0
605656,2022,First State Bank And Trust,413489,32772,0
606046,2022,Cadence Bank,47665560,3921841,340175
606176,2022,Pioneer Bank,991305,91451,0
606653,2022,INDEPENDENCE BANK,1218476,129050,0
607146,2022,Central State Bank,376774,44955,0
607333,2022,Midwest Community Bank,331935,47852,50884
608358,2022,Garfield County Bank,97425,12756,0
608451,2022,FIRST NATIONAL BANK OF KEMP,135788,11424,0
608844,2022,FNBC Bank and Trust,661841,57101,0
609010,2022,THE FIRST NATIONAL BANK OF ELMER,375688,29653,0
609467,2022,United Pacific Bank,174584,26797,4408
609476,2022,Huntington Federal Savings Bank,557510,92464,0
609609,2022,"KEB HANA BANK USA, NATIONAL ASSOCIATION",293014,33087,0
609645,2022,Elgin State Bank,30292,1892,0
609832,2022,Tompkins State Bank,275715,22059,127
610128,2022,The Bank Of Southside Virginia,686331,106907,0
610164,2022,Herring Bank,518683,54179,438
610539,2022,The Bank Of Edison,69426,6157,0
610557,2022,Three Rivers Bank Of Montana,287825,24033,786
610913,2022,FIRST NATIONAL BANK OF GRAYSON,332114,36299,0
611031,2022,"Peoples Bank, The",206908,20790,0
612159,2022,Solutions North Bank,319969,35561,0
612878,2022,"Home Savings And Loan Association Of Carroll County, F.A.",110224,17710,0
613008,2022,Rockland Trust Company,20420694,1949237,24679
613156,2022,"First Montana Bank, Inc.",483525,37634,667
613307,2022,"People's United Bank, National Association",64463869,5403635,8775
613343,2022,"Cnb Bank & Trust, Na",1582537,131943,285
613400,2022,Peoplesbank,3580270,326837,320
613558,2022,MONTGOMERY BANK,1177451,85618,581
613679,2022,First Federal Savings Bank,482575,40397,315
613839,2022,EXCHANGE BANK,365260,40180,1041
613950,2022,First National Bank Texas Dba First Convenience Bank,3832697,327512,15398
613978,2022,Jarrettsville Federal Savings And Loan Association,140796,18524,199
614256,2022,FIRST NATIONAL BANK OF KANSAS,93675,7716,0
614313,2022,"State Bank And Trust Company, The",1321090,133202,7472
614368,2022,First National Bank and Trust Company Of Weatherford,938417,82692,0
614751,2022,Manhattan Bank,258688,20609,0
614948,2022,First National Bank in Carlyle,265729,25350,210
615217,2022,The North Side Bank And Trust Company,1068216,104037,0
615253,2022,The First State Bank Of Malta,169112,24274,0
615776,2022,Elberton Federal Savings   Loan Association,28307,4930,0
615851,2022,The Farmers State Bank of Westmoreland,223799,30116,590
615879,2022,"Central Savings, F.S.B.",114630,27137,0
615954,2022,TrailWest Bank,910065,79334,0
616036,2022,South Louisiana Bank,743298,74587,125
616148,2022,First National Bank in Fairfield,153927,14957,0
616540,2022,Security Savings Bank,153938,16993,0
617051,2022,"CITIZENS BANK, N. A.",132460,10966,0
617079,2022,Blue Grass Federal Savings And Loan Association,41978,8606,0
617145,2022,"Citizens Bank, The",186994,20659,0
617275,2022,HOLLADAY BANK & TRUST,74397,10092,0
617341,2022,Walker State Bank,48553,4863,0
617538,2022,Glasford State Bank,61311,4088,0
617743,2022,FNB BANK,228629,29742,0
618544,2022,Exchange State Bank,219868,23405,0
618647,2022,First Heritage Bank,58468,5081,0
618740,2022,Field & Main Bank,588403,50253,3871
618777,2022,Fairview Savings And Loan Association,54333,10347,0
618807,2022,Salem Five Cents Savings Bank,5878462,665199,16717
619327,2022,"Farmers Bank, Windsor Va",623828,61187,0
619457,2022,Granite Mountain Bank Inc,131439,9127,0
619701,2022,Avidia Bank,2328512,191918,3556
619859,2022,FCNB Bank,160894,12173,0
619877,2022,USAA Federal Savings Bank,117378701,9216174,848325
621151,2022,THE FARMERS STATE BANK OF BRUSH,123159,21874,0
621245,2022,Wayland State Bank,134976,20670,0
621357,2022,State Bank of DeKalb,477326,38052,1762
621441,2022,Buena Vista National Bank,259436,28023,0
622037,2022,The First National Bank of Jeanerette,434021,35075,0
622653,2022,FARMERS & STOCKMENS BANK,560163,43972,1231
622774,2022,Central Bank,2032710,233353,896
623052,2022,The Lamesa National Bank,404341,36966,0
623454,2022,"The Bank and Trust, s.s.b.",577305,43278,0
623548,2022,"Clay City Banking Co., The",196975,17260,0
623874,2022,First Federal Savings And Loan Association,253213,38087,625
624246,2022,CONNECTION BANK,386330,30135,0
624648,2022,Farmers Savings Bank,169121,21655,0
624778,2022,First Federal Savings And Loan Association Of Greene County,1042107,140035,0
624956,2022,Valley Bank of Ronan,169207,13219,3967
625056,2022,First Security Bank Of Roundup,88268,8455,0
625065,2022,Citizens State Bank,241160,32408,0
625140,2022,Lee County Bank,256855,26824,0
625159,2022,Commerce Bank,667502,102375,0
625654,2022,COUNTRY CLUB BANK,2467057,180768,1587
625757,2022,Northern State Bank,325953,24706,0
625850,2022,THE BANK OF VERSAILLES,313917,38315,0
625953,2022,BANK OF WINNFIELD & TRUST CO.,158800,19494,0
626101,2022,The Savings Bank of Danbury,1418593,162291,6255
627108,2022,Cape Ann Savings Bank,842548,182891,0
627377,2022,First Savings Bank,40624,9625,0
627854,2022,The First National Bank Of Bangor,296733,72092,0
628039,2022,Bank of Hazlehurst,134473,15568,0
628123,2022,The Bank Of Glen Burnie,442063,37592,0
628178,2022,Heritage Southeast Bank,1653350,157860,0
628356,2022,Sterling Bank,322042,26367,321
628552,2022,Winnsboro State Bank & Trust Company,263251,25051,0
629148,2022,BANK OF CAVE CITY,160444,14009,0
629353,2022,THE FIRST LIBERTY NATIONAL BANK,415860,42697,0
629522,2022,"Freedom Bank, Inc.",213189,19293,0
629746,2022,THE FARMERS AND MERCHANTS BANK,178355,16232,0
630041,2022,The First State Bank Of Dongola,31418,3080,0
630340,2022,United Security Bank,85486,9517,0
630555,2022,American Bank,674569,50911,0
630658,2022,"First National Bank Of Livingston, The",519633,59082,0
631039,2022,First Southern Bank,289456,19661,0
631150,2022,First-Lockhart National Bank,390773,32312,0
631178,2022,SECURITY FEDERAL SAVINGS BANK,295623,28060,456
631422,2022,The Conway National Bank,1809474,144012,0
631570,2022,"Provident Savings Bank, F.S.B.",1182400,119937,0
632410,2022,Newfield National Bank,959738,71318,760
632607,2022,Greenfield Savings Bank,1094979,122811,0
632858,2022,Frontier State Bank,464820,68224,0
633378,2022,Kearny Bank,7183862,637487,12549
633640,2022,Hendricks County Bank And Trust Company,217294,20825,0
634544,2022,Bank 21,163001,14019,0
634955,2022,The First National Bank And Trust Company Of Okmulgee,293629,31533,0
634973,2022,Quarry City Savings And Loan Association,71321,9576,2198
635840,2022,Legence Bank,657731,58622,1061
635907,2022,Pentucket Bank,977461,111339,0
636276,2022,Mutual Savings Association,289357,74560,0
636753,2022,"First National Bank Of Dighton, The",70594,12085,0
636771,2022,Independent Bank,4702462,396351,90281
637170,2022,American Federal Bank,684318,60682,740
637451,2022,Plainscapital Bank,15019689,1469695,1878190
637554,2022,First Bank of Owasso,594664,63817,0
638131,2022,Bank Of Dickson,304573,30704,0
638355,2022,"Bank Of Desoto, National Association",249937,21757,0
638850,2022,The Fidelity State Bank And Trust Company,209005,36102,0
639549,2022,First Central State Bank,729106,76477,686
639567,2022,"Credit One Bank, National Association",865725,331196,0
639633,2022,"The Citizens Bank Of Weston, Inc.",233447,24664,0
639857,2022,Peoples Bank Of Deer Lodge,43994,3684,0
640143,2022,Federated Bank,114458,9524,0
640246,2022,Fairfield National Bank,676341,72997,0
640442,2022,FIRST TRUST AND SAVINGS BANK,243677,22979,0
640554,2022,Western Bank of Clovis,66334,10332,0
640956,2022,First Bank & Trust Company,230614,23043,0
641449,2022,Citizens National Bank,157206,15929,0
641579,2022,Clackamas County Bank,303324,31830,0
641775,2022,Prudential Bank,1084167,125883,406
642437,2022,Bank of Forest,239583,28408,825
642549,2022,Dubuque Bank And Trust Company,2235630,168321,0
642857,2022,First Community Bank,387981,39870,2234
643078,2022,"Eastern Savings Bank, FSB",335179,87684,0
643274,2022,Pioneer Savings Bank,43014,6592,0
643340,2022,EASTERN MICHIGAN BANK,534164,44861,0
643452,2022,Community National Bank,290863,27286,0
643658,2022,Pikes Peak National Bank,119405,13823,0
644057,2022,THE FIRST STATE BANK,50834,6453,0
644141,2022,Kalamazoo County State Bank,126735,12557,0
644646,2022,Liberty Trust & Savings Bank,174615,32863,0
644776,2022,UNITED ROOSEVELT SAVINGS BANK,195982,17738,0
644842,2022,Merchants And Farmers Bank,198920,18429,0
644954,2022,D.A. Davidson Trust Company,9752,7013,0
644963,2022,FIRST NATIONAL BANK,93324,10037,0
645157,2022,BANK NORTHWEST,205988,18785,0
645317,2022,The Adirondack Trust Company,1698702,138041,0
645465,2022,Vista Bank,1353530,131264,0
645540,2022,Earlham Savings Bank,378097,28473,0
645577,2022,"Greeneville Federal Bank, FSB",156116,22983,0
645625,2022,"WESBANCO BANK , INC.",16878802,1529227,25277
646042,2022,FARMERS TRUST & SAVINGS BANK,120430,10515,0
646145,2022,"The Casey County Bank, Inc.",310697,27394,0
646172,2022,First Piedmont Federal Savings and Loan Association of Gaffney,531964,125803,0
646444,2022,First Bank And Trust Company Of Illinois,220838,19021,0
646471,2022,Huntingdon Savings Bank,16001,3709,0
646556,2022,Wells Bank,337033,28674,491
646743,2022,Community Savings Bank,521133,47000,368
646873,2022,New Carlisle Federal Savings Bank,170896,16917,1111
647218,2022,Cumberland Valley National Bank & Trust Co,724587,62128,1008
647245,2022,Hardin County Savings Bank,280668,22821,0
647414,2022,"SAVANNAH BANK, N.A.",172488,13379,0
647759,2022,The Farmers State Bank,156759,12595,0
647777,2022,Citizens Federal Savings & Loan Association,175315,18345,327
647955,2022,Ascent Bank,81302,7998,0
648130,2022,Grove Bank & Trust,1199573,121761,0
648242,2022,Independence Bank,3237305,248152,1164
648251,2022,McClain Bank,269894,28864,998
648345,2022,Sidney State Bank,116859,8734,0
648550,2022,First National Bank,124062,11331,0
649342,2022,Iowa Trust & Savings Bank,408032,46422,0
649632,2022,ROCHELLE STATE BANK,45308,9452,0
649874,2022,Royal Savings Bank,546412,50691,0
651121,2022,Lumbee Guaranty Bank,473266,46129,0
651149,2022,State Bank,81649,6150,0
651158,2022,NORTHEAST MISSOURI STATE BANK,137847,14617,0
651354,2022,Kaw Valley State Bank,71222,5568,0
651448,2022,"JPMorgan Chase Bank, Dearborn",61850,61344,0
651541,2022,Iowa State Bank And Trust Company,185037,16110,0
651756,2022,Bank of Denver,293003,24305,0
651859,2022,Stockman Bank Of Montana,5816358,496770,29268
651952,2022,The First National Bank Of Eagle Lake,141450,14191,0
652043,2022,Freedombank,460669,39437,0
652070,2022,Highland Federal Savings   Loan Association,71038,14565,0
652874,2022,NexBank,10822403,905159,959077
652959,2022,Farmers State Bank,22948,2136,0
652977,2022,Foxboro Federal Savings,206488,30220,0
653134,2022,Farmers-Merchants Bank & Trust Company,403934,46965,30
653433,2022,Farmers State Bank of Western Illinois,180288,19610,0
653611,2022,Jonestown Bank And Trust Company,832577,70074,0
653778,2022,The Harrison Building And Loan Association,263400,38033,0
653947,2022,Home State Bank,337308,28892,1327
654047,2022,First State Bank Of Decatur,60036,11307,0
654300,2022,Washington Savings Bank,268987,26372,0
654579,2022,"Peoples Community Bank SB of Monticello, IN",34913,12787,0
655530,2022,ANCHOR STATE BANK,29388,4968,0
655839,2022,CCB COMMUNITY BANK,608807,59104,0
656032,2022,THE FIRST NATIONAL BANK IN AMBOY,277784,25285,190
656247,2022,Farmers Savings Bank,53760,9026,0
656377,2022,"Washington Federal Bank, National Association",19973048,1746080,0
656470,2022,STATE BANK OF SOUTHERN UTAH,2023755,209666,2500
656658,2022,Texas Financial Bank,115296,11708,0
656779,2022,Union Federal Savings And Loan Association,164179,22846,0
657178,2022,Schuyler Savings Bank,126704,19980,0
657271,2022,Gate City Bank,3168170,310515,21799
657365,2022,Hanmi Bank,6855957,748177,13342
657459,2022,Midwest BankCentre,2374880,245567,5112
657758,2022,Citizens Bank & Trust Company,135086,12450,0
657954,2022,The Tri-County Bank,193602,17009,0
658072,2022,County Savings Bank,99995,6369,0
658474,2022,Collinsville Building and Loan Association,136450,33881,0
658924,2022,Farmers and Miners Bank,167799,20195,0
659341,2022,"Bank of Hillsboro, N.A.",522001,48543,418
659556,2022,United State Bank,249407,20767,0
659640,2022,Genesis Bank,28314,4769,0
659734,2022,Arcola First Bank,131718,13381,158
659855,2022,First Interstate Bank,19608230,1382241,30127
660066,2022,Peoples State Bank,105532,11583,0
660253,2022,State Bank of Table Rock,117485,9861,0
660271,2022,"First Robinson Savings Bank, National Association",455783,35022,3332
660570,2022,Presence Bank,307165,35679,0
660655,2022,American National Bank,4712916,409127,9878
660879,2022,"Angelina Savings Bank, Ssb",79345,6070,0
660927,2022,HARFORD BANK,575175,49546,0
661072,2022,Mercer Savings Bank,150821,14124,169
661157,2022,Bank of Orchard,30786,3818,0
661223,2022,LEE BANK & TRUST COMPANY,183984,26470,0
661308,2022,Amalgamated Bank,7040204,575725,3279
661474,2022,Woodruff Federal Savings And Loan Association,103533,32252,0
662350,2022,Wahoo State Bank,115533,8140,0
662369,2022,Bank of the Sierra,3371577,387059,0
662949,2022,Iowa State Bank,517070,60163,0
663058,2022,Rocky Mountain Bank,713930,59159,0
663245,2022,Simmons Bank,24685744,2317855,36356
663638,2022,The Gerber State Bank,93664,10462,0
663656,2022,Small Business Bank,83721,10717,0
663834,2022,Ocean Bank,5325419,532918,0
663955,2022,Horizon Bank,340698,56857,0
664176,2022,William Penn Bank,831310,154616,0
664206,2022,Cape Cod Five Cents Savings Bank,4615911,472224,9684
664653,2022,"Native American Bank, National Association",192848,18886,0
664756,2022,Prosperity Bank,37833980,3235504,7274
665146,2022,Kerndt Brothers Savings Bank,332019,31245,112
665258,2022,THE FIRST NATIONAL BANK OF ELDORADO,69050,11669,0
665865,2022,Round Top State Bank,823785,84547,0
666059,2022,M1 BANK,619576,53764,0
666358,2022,First Citizens Bank of Butte,95443,7957,0
666554,2022,Heritage Bank,531637,50017,383
666844,2022,Vermilion Valley Bank,161196,24907,0
666974,2022,Fairfield Federal Savings and Loan Association of Lancaster,287640,31817,0
667029,2022,Union Bank Inc.,370924,29521,0
667252,2022,Stockmens Bank,46395,4613,0
667346,2022,Philo Exchange Bank,129983,12240,0
667524,2022,The Bank Of Charlotte County,182429,22663,0
667551,2022,Lincoln State Bank,99498,9518,0
667757,2022,Origin Bank,7798628,724440,80387
668053,2022,Aspire Bank,58047,4818,0
668147,2022,De Witt Bank & Trust Co.,238211,20569,306
669555,2022,Midwest Bank National Association,963689,93031,1365
670430,2022,First National Bank And Trust,218191,21793,133
670467,2022,PLUMAS BANK,1612990,134015,31277
670560,2022,Deutsche Bank National Trust Company,394846,251787,0
670654,2022,First Security Bank Of Deer Lodge,75184,6476,0
670748,2022,Princeville State Bank,116618,9194,0
670878,2022,Salem Co-operative Bank,445217,70878,0
671053,2022,Stock Exchange Bank,67126,5959,0
671147,2022,Primebank,556335,60171,699
671334,2022,Republic Bank Of Chicago,2526113,268511,0
671464,2022,Bank of Hope,17883792,1947914,99049
671558,2022,Wood & Huston Bank,1087253,98980,2556
672238,2022,The Atlanta National Bank,70236,8637,0
672247,2022,Farmers & Merchants Bank & Trust,184898,17537,170
672537,2022,The Exchange Bank Of Alabama,365371,46193,0
672573,2022,Profile Bank,286633,28017,0
673244,2022,Farmers and Merchants Savings Bank,91441,11726,0
673440,2022,First Security Bank,8218007,1187005,7051
673477,2022,Citizens Federal Savings And Loan Association Of Covington,42936,11307,0
673851,2022,Bank of Prairie Village,138805,13999,0
673909,2022,Hingham Institution for Savings,3431284,354612,0
674344,2022,The Pineries Bank,131608,11760,0
674849,2022,LUANA SAVINGS BANK,1965700,193038,1320
675042,2022,Community Bank,115479,12842,0
675051,2022,The Chasewood Bank,119197,9608,0
675079,2022,"Fayette Savings Bank, ssb",316439,29064,0
675248,2022,GreenLeaf Bank,127749,11118,0
675341,2022,American Trust & Savings Bank,37361,5983,0
675659,2022,STATE BANK & TRUST OF KENMARE,147792,13971,0
675855,2022,Progressive National Bank,106870,9453,0
676049,2022,Smackover State Bank,201378,24692,0
676151,2022,UNISON BANK,508770,43850,0
676478,2022,"Malvern Bank, National Association",1151180,160029,13617
677176,2022,Trustco Bank,6196275,570595,0
677354,2022,First National Bank in Cimarron,144403,9584,0
677448,2022,First State Bank,291278,28648,0
677644,2022,The Farmers & Merchants Bank,1737079,159809,4159
677756,2022,FARMERS AND MERCHANTS STATE BANK,135300,19163,0
677970,2022,Union Savings And Loan Association,207882,19608,618
678052,2022,"Bank Of San Jacinto County, Coldspring, Texas, The",50045,5542,0
678070,2022,Sewickley Savings Bank,315204,92421,0
678258,2022,State Bank Of Lakota,80903,5322,0
678454,2022,Marion State Bank,218594,23257,0
678557,2022,Citizens State Bank & Trust Company,113940,14463,0
678717,2022,VIST Bank,1945388,163145,0
678744,2022,Central State Bank,398414,34285,0
679451,2022,Elk State Bank,112176,10275,0
680055,2022,United Community Bank Of North Dakota,386989,34148,0
680130,2022,Citizens Trust Bank,668803,56236,0
680354,2022,Bank Of Blue Valley,1442242,150305,0
680457,2022,The Yellowstone Bank,1182459,149611,2428
680747,2022,Farmers State Bank-Hillsboro,213498,32848,0
680813,2022,The Farmers National Bank of Canfield,4124648,345065,4545
681043,2022,First Security State Bank,98546,12081,0
681249,2022,Highland State Bank,42511,4255,0
682143,2022,County National Bank,1148854,83860,797
682563,2022,Frost Bank 041,50953666,3261532,0
682648,2022,Fairfax State Savings Bank,232268,22924,0
683449,2022,Maquoketa State Bank,404040,62253,0
683814,2022,Kentucky Farmers Bank,270868,43800,0
684455,2022,BOM Bank,703802,60301,43143
685023,2022,The Citizens National Bank Of Mcconnelsville,111775,11541,0
685649,2022,Northwest Bank of Rockford,381370,33923,2254
685676,2022,Opportunity Bank Of Montana,1430850,153286,25819
685779,2022,Riverwood Bank,550041,43769,1021
686459,2022,Exchange Bank Of Missouri,308493,30024,572
686570,2022,Ladysmith Federal Savings & Loan Association,74546,6769,0
686758,2022,The First State Bank of Shelby,191062,30671,0
687009,2022,Lakeland Bank,8195337,792362,1943
687054,2022,Bank of Oak Ridge,80436,12439,0
687830,2022,THE FREDERICK COMMUNITY BANK,181053,15819,0
687951,2022,First Western Bank & Trust,1965063,166046,3576
688079,2022,"Wells Fargo Trust Company, National Association",1292110,1228509,0
688257,2022,First Texas Bank,421666,37077,0
688453,2022,Citizens State Bank at Mohall,67507,7848,0
688556,2022,Bank of New Madrid,130753,12879,0
689209,2022,Country Bank for Savings,1703294,275088,0
689357,2022,Northeast Bank,729221,63904,0
689759,2022,Union Bank & Trust Company,196974,15103,0
691042,2022,"Merchants & Planters Bank, The",46303,5371,0
691556,2022,FIRST MINNETONKA CITY BANK,290479,26653,0
691743,2022,ANNA STATE BANK,107635,13590,0
691958,2022,Midwest Regional Bank,879892,82032,7138
692450,2022,St. Clair County State Bank,174984,23002,0
692704,2022,"Wellington Trust Company, NA",106008,44978,0
692946,2022,TOWN & COUNTRY BANK and TRUST COMPANY,435008,43689,0
693073,2022,First Federal Savings And Loan Association Of Centerburg,25643,4984,0
693224,2022,Atlantic Union Bank,20000309,1990753,20861
693345,2022,"First Financial Bank, National Association",5045573,446190,4307
693952,2022,Security First Bank Of North Dakota,240373,28075,1388
694146,2022,Maxwell State Bank,29911,2325,0
694771,2022,Farmers State Bank,63919,4501,0
694847,2022,Century Bank and Trust,451912,47655,1554
694904,2022,NEW YORK COMMUNITY BANK,59482686,5216634,0
695349,2022,TRI-COUNTY BANK,468307,53355,449
695947,2022,Bank of Bluffs,61856,8028,0
696047,2022,Bedford Loan & Deposit Bank,119974,14484,0
696168,2022,Balboa Thrift & Loan Association,314878,48882,0
696430,2022,Home State Bank/National Association,782780,79925,2693
696645,2022,The Home National Bank of Thorntown,157894,13281,0
697035,2022,COVINGTON COUNTY BANK,88192,8639,0
697147,2022,TERRE HAUTE SAVINGS BANK,468796,35484,0
697156,2022,HOMEBANK,491259,44991,0
697231,2022,FNBT BANK,622822,54390,3620
697763,2022,Westamerica Bank,7421235,540538,0
697950,2022,City National Bank,63276,6834,0
697978,2022,Community Bank of the Chesapeake,2325841,226912,0
698144,2022,Community Financial Services Bank,1448748,135583,48576
698546,2022,First State Bank of Campbell Hill,142101,15993,398
698649,2022,Thumb Bank & Trust,379686,28847,3265
699105,2022,Bluestone Bank,1326102,131816,9317
699253,2022,The Citizens Bank Of Edina,88051,9911,0
700140,2022,Montezuma State Bank,52233,6022,0
700252,2022,CITIZENS NATIONAL BANK,110323,10943,0
700430,2022,The Commercial Bank,225550,21411,0
700458,2022,Merchants Bank,220018,18464,0
701062,2022,Central Pacific Bank,7407268,652987,3531
701222,2022,Merchants National Bank,1207782,93928,0
701839,2022,Citizens Bank And Trust,1214010,90052,0
701857,2022,CROWELL STATE BANK,47452,4595,0
702117,2022,"NBT Bank, N.A.",11919970,1087990,830
702359,2022,Texas Heritage Bank,207903,20990,0
702612,2022,FIRST SOUTHERN NATIONAL BANK,1180778,93487,0
702836,2022,First Farmers And Commercial Bank,191088,16843,0
702911,2022,The Peoples Bank Co,676986,72140,496
702966,2022,FARMERS STATE BANK,56722,5431,0
703039,2022,The Jefferson Bank,138260,23014,0
703552,2022,"Horizon Bank, SSB",2346206,167484,761
703767,2022,Central Valley Community Bank,2449987,199329,0
705378,2022,Del Norte Bank,119738,11296,501
705556,2022,Neighborhood National Bank,301357,27174,5529
706030,2022,South Coast Bank & Trust,196047,16870,0
706058,2022,First National Bank of Moose Lake,127752,16936,0
706236,2022,Bank of Mingo,123903,12812,0
706254,2022,The Community State Bank,328628,29104,0
706450,2022,Lake Country Community Bank,34678,2818,0
706656,2022,Community Bank of Marshall,194486,17408,0
707354,2022,First State Community Bank,3828717,323933,4102
708379,2022,SECURITY SAVINGS BANK,257517,24702,521
709143,2022,Midwest Bank,637122,56172,173
709451,2022,Commercial Trust Company Of Fayette,171387,15167,0
709554,2022,Western Bank,269866,22539,0
709602,2022,UNIBANK FOR SAVINGS,2378833,193283,0
709639,2022,Macon Bank & Trust Company,586515,59196,0
709956,2022,OKLAHOMA HERITAGE BANK,95827,9605,0
710176,2022,First Missouri Bank,369548,38012,0
710859,2022,The Citizens Bank of Clovis,448926,48648,0
711472,2022,Bank of Guam,2766776,202527,0
711520,2022,Miners Exchange Bank,97003,11505,0
711548,2022,Chelsea State Bank,438489,40783,0
711753,2022,SCRIBNER BANK,86252,11234,0
711801,2022,The Savings Bank,722476,80634,0
712059,2022,United Prairie Bank,785211,74445,0
712648,2022,"Peoples Bank, The",213034,24710,0
712956,2022,First New Mexico Bank,255721,31534,455
713047,2022,Bank of Montgomery,48481,3877,0
713252,2022,Peoples State Bank of Velva,143016,12905,0
713476,2022,"PyraMax Bank, FSB",538274,65179,1183
713926,2022,Farmers & Merchants Bank,1218712,103641,4887
714165,2022,"City National Bank Of San Saba, The",88488,9471,0
714437,2022,Mountain Valley Bank,139122,10571,0
714839,2022,First National Bank USA,213966,19522,174
714978,2022,The Cooperative Bank,495299,46323,67
715032,2022,1012,154399,12419,0
715050,2022,Star Bank,386743,30962,258
715144,2022,Grundy Bank,371782,32229,785
715340,2022,West Michigan Community Bank,865147,70497,193
715470,2022,First Western Federal Savings Bank,63411,9714,0
715630,2022,Citizens Bank & Trust Company of Grainger County,284337,36016,0
715872,2022,Lifestore  Bank,401989,40665,410
715975,2022,Amory Federal Savings   Loan Association,77523,10727,0
716374,2022,First Harrison Bank,1151118,98869,2413
716833,2022,Marquette Bank,2020608,147231,4985
716851,2022,COMMUNITY BANK OF RAYMORE,418143,23541,0
716954,2022,CITIZENS FIRST BANK,276698,28097,0
717232,2022,Peoples Bank Of Graceville,120691,11442,0
717670,2022,Systematic Savings Bank,50772,10304,0
717737,2022,Citizens National Bank,1594939,150629,0
717924,2022,SOUTHERN BANK AND TRUST COMPANY,4415924,365101,15126
718145,2022,First Security Bank,808720,69135,0
718275,2022,Bank of the Federated States of Micronesia,209393,27213,0
718538,2022,The Grant County Bank,319158,38340,0
719030,2022,The First National Bank Of Peterstown,85696,8849,0
719610,2022,The First National Bank Of Manchester,173050,17953,0
719656,2022,The Callaway Bank,477405,41765,125
719964,2022,FIRST STATE BANK OF PAINT ROCK,142850,15957,0
720157,2022,Marshall County State Bank,36491,5704,0
720344,2022,Bank Of Clarkson,155742,18104,0
720746,2022,The Bradford National Bank of Greenville,494320,52665,547
720858,2022,McIntosh County Bank,110517,10710,0
721350,2022,BANKNORTH,489804,45125,0
721752,2022,"Farmers & Merchants State Bank Of New York Mills, Incorporated",82849,10636,0
721949,2022,First and Farmers National Bank,630535,63504,0
722227,2022,Movement Bank,116612,20235,0
722432,2022,THE BANK OF ROMNEY,372387,44641,0
722544,2022,National Exchange Bank & Trust,2669145,422269,0
722777,2022,"Santander Bank, N.A.",101845032,10694372,255023
722816,2022,Solvay Bank,1097571,102712,0
723112,2022,"Fifth Third Bank, National Association",209696785,16723419,4414814
723158,2022,State Bank of Fairmont,129991,13228,0
723550,2022,The Hamilton Bank,102196,8841,0
723653,2022,Western Bank,272754,26146,0
723756,2022,PEOPLES BANK,54131,6830,0
723868,2022,Pearland State Bank,215389,22565,0
724230,2022,SimplyBank.,723856,61449,0
724548,2022,Dixon Bank,83120,21009,0
724744,2022,GNB BANK,622624,66545,559
724904,2022,"Home Loan Investment Bank, F.S.B.",339245,38019,14455
724940,2022,Farmers & Merchants Bank Of Hutsonville,52608,8419,0
725077,2022,OSB Community Bank,342532,45018,403
725732,2022,Bradesco BAC Florida Bank,2631291,262745,0
725741,2022,Holmes County Bank and Trust Company,146789,17869,0
726458,2022,The First National Bank Of Osakis,91220,6691,0
726953,2022,United Texas Bank,1266837,133238,0
727174,2022,Guardian Savings Bank,1133661,144987,136462
728948,2022,"Midstates Bank, National Association",650335,54776,0
728957,2022,Farmers And Merchants State Bank Of Pierz,312923,26406,0
729011,2022,The Community Bank,586450,49337,1098
729057,2022,Pine River State Bank,175217,12395,0
729178,2022,"Cypress Bank, Ssb",218597,23183,0
729310,2022,PATHFINDER BANK,1281614,118511,512
729459,2022,PINE ISLAND BANK,138374,10467,0
729570,2022,Mutual Savings Bank,53930,12729,0
729842,2022,Bank Of Wolcott,215508,23307,0
729945,2022,Citizens Bank & Trust,133080,8232,0
730745,2022,CITIZENS SAVINGS BANK,30687,4354,0
731050,2022,York State Bank,185295,18231,0
731247,2022,Hills Bank and Trust Company,4042495,484429,5716
731957,2022,First National Bank of Proctor,30970,2468,0
732178,2022,Grand Savings Bank,770486,71034,707
732253,2022,Citizens Progressive Bank,208272,17489,1640
732637,2022,Whitesville State Bank,127084,11273,0
732758,2022,Bankers' Bank Of The West,416200,53436,0
732918,2022,Jersey Shore State Bank,1354455,110682,3725
732954,2022,Carmine State Bank,103129,11698,0
733054,2022,Industry State Bank,980724,105270,0
733540,2022,Gateway Bank,108238,9976,0
733559,2022,Great Plains State Bank,356816,39514,0
733661,2022,HATCH BANK,409992,29131,291
733755,2022,Jonesburg State Bank,131643,9947,0
733951,2022,CITIZENS STATE BANK   TRUST CO,255289,19561,0
734248,2022,Iowa State Bank,419382,43230,172
734350,2022,Gibsland Bank & Trust Company,475903,51222,0
734538,2022,First National Bankers Bank,1040335,154612,0
734613,2022,THE BANK OF LANDISBURG,363170,58795,0
735049,2022,Freeland State Bank,59816,8861,0
735067,2022,"TEXAS REPUBLIC BANK, NA",424267,42777,1504
735414,2022,"First National Bank Of Blanchester, The",77311,7567,0
735441,2022,American State Bank,1189079,125096,1803
735973,2022,Scottsburg Building And Loan Association,81957,14022,0
736158,2022,THE POTTER STATE BANK OF POTTER,45691,6783,0
736206,2022,CAMBRIDGE TRUST COMPANY,4891222,373926,1490
736550,2022,Union State Bank,394060,34550,0
736662,2022,"First State Bank, The",219827,20640,0
737548,2022,BankIowa of Cedar Rapids,804652,82516,2491
738013,2022,THE CITIZENS NATIONAL BANK,970045,104743,6924
738040,2022,United Bank Of Iowa,2102938,204760,11558
738143,2022,PROSPECT BANK,696860,60861,0
738255,2022,Town & Country Bank,189124,23921,86
738303,2022,East Cambridge Savings Bank,1317811,135908,275
738657,2022,The City State Bank,52790,4209,0
738769,2022,Community National Bank & Trust Of Texas,1032252,109943,285
739346,2022,Atkins Savings Bank and Trust,129138,15388,0
739355,2022,Texas National Bank,708217,68014,0
739560,2022,FREMONT BANK,5520747,378827,201865
739832,2022,Fisher National Bank,200333,20539,0
740249,2022,First Whitney Bank And Trust,274807,27056,0
741068,2022,Fidelity Bank of Texas,111267,16275,0
741152,2022,Junction National Bank,91365,7598,0
741330,2022,F&M Bank,1398075,123155,25867
741358,2022,PEOPLES STATE BANK,17103,4612,0
741648,2022,SECURITY BANK,64252,7288,0
741844,2022,Farmers Savings Bank,143371,18688,256
741956,2022,THE MER ROUGE STATE BANK,52419,5114,0
741974,2022,First Federal Savings Bank of Kentucky,257021,31276,585
742056,2022,CASTROVILLE STATE BANK,252013,20163,0
742542,2022,First Community Bank,142972,13224,0
742636,2022,Mississippi River Bank,121597,16798,0
742944,2022,Forte Bank,323325,31236,745
743679,2022,RELIANCE SAVINGS BANK,674605,67416,0
743950,2022,Farmers Bank Of Lohman,79594,11488,0
744854,2022,Citizens Bank,469022,61481,0
745150,2022,The Gorham State Bank,37616,4096,0
745347,2022,BOONE BANK & TRUST CO.,159109,14652,0
746157,2022,Sentry Bank,292102,24879,0
746429,2022,Touchstone Bank,580910,55315,0
746755,2022,Bank Of Hays,354322,32208,0
746942,2022,Union State Bank,91644,8894,0
746979,2022,Spratt Savings Bank,154078,29689,0
747051,2022,HOMEPRIDE BANK,112937,10012,0
747257,2022,The Halstead Bank,158132,13610,965
748254,2022,BankCherokee,395207,30975,0
748357,2022,CHAPPELL HILL BANK,56957,4055,0
748441,2022,Warren Bank and Trust Company,158873,22651,0
748964,2022,Texas State Bank,399655,39319,106
749242,2022,Renasant Bank,16793269,1580904,453533
749635,2022,AuburnBank,1104523,100059,1376
749840,2022,Farmers State Bank,41891,4509,0
749943,2022,RARITAN STATE BANK,227958,22798,0
750051,2022,NORTH STAR BANK,361528,34688,0
750127,2022,The Peoples Bank,345529,28614,0
750341,2022,Highpoint Community Bank,462558,34855,580
750444,2022,STATE BANK OF BUSSEY,48574,3878,0
750846,2022,SECURITY STATE BANK,130212,20324,0
751254,2022,Progrowth Bank,268012,24491,0
751656,2022,Frandsen Bank & Trust,2730710,188858,4582
751852,2022,Central Bank of Kansas City,310782,37301,0
752644,2022,Mechanics Bank,284760,28632,1238
752831,2022,Bank Of Madison,384697,35360,0
753052,2022,MONTROSE SAVINGS BANK,51365,7279,0
753324,2022,Bank of Clarke County,1302913,107570,876
753641,2022,Huron State Bank,75178,10238,0
753856,2022,The Donley County State Bank,52509,7840,0
754068,2022,"C3bank, N.A.",779787,57323,0
754246,2022,LOGAN STATE BANK,77945,5809,0
754536,2022,Vermilion Bank & Trust Company,172537,13305,0
754826,2022,Vinton County National Bank,1287080,127084,5034
754853,2022,The First National Bank Of Hutchinson,971298,101185,0
754929,2022,The National Bank Of Blacksburg,1699084,185187,615
755252,2022,Cross Keys Bank,477500,50599,1834
755421,2022,THE BLUE GRASS VALLEY BANK,55801,5393,0
755458,2022,Foresight Bank,308678,29030,0
756343,2022,Malvern Bank,172990,15435,0
756848,2022,Community First Bank,268888,21062,0
757377,2022,Liberty Bank For Savings,910613,202254,0
757452,2022,Farmers State Bank,308971,25095,0
757779,2022,MCS Bank,180316,20730,0
758703,2022,Cambridge Savings Bank,5339773,477387,5079
758842,2022,Citizens Savings Bank,181636,14034,0
758851,2022,First Bank Of The Lake,654950,34342,0
759045,2022,First Eagle Bank,603692,108723,0
759625,2022,Bank of Botetourt,663766,60967,409
760210,2022,THE FARMERS AND MERCHANTS BANK,118712,17205,0
760331,2022,Brannen Bank,801057,39597,249
760340,2022,National Bank of St Anne,121306,10342,0
760434,2022,Ipava State Bank,169281,15312,0
760649,2022,Audubon State Bank,145409,12380,0
760854,2022,Southwest Missouri Bank,1102317,83150,1052
760939,2022,First Bank Of Pike,72535,5660,0
760957,2022,THE FIRST STATE BANK OF ROSEMOUNT,104227,8145,0
761244,2022,Belgrade State Bank,361604,31546,0
761459,2022,PINE COUNTRY BANK,251173,20863,0
761543,2022,Ohnward Bank & Trust,387426,44226,265
761806,2022,"Webster Bank, National Association",34893033,3034883,4694
761833,2022,Community Bank & Trust - West Georgia,85541,2317,0
761851,2022,First Independent Bank,432206,39009,406
761954,2022,Coleman County State Bank,178849,14696,265
762045,2022,State Savings Bank,185227,19498,240
762447,2022,"First Mid Bank & Trust, National Association",5951048,578517,2748
762474,2022,"Fidelity Bank, N.A.",2824450,276209,15274
762773,2022,Abacus Federal Savings Bank,336780,44189,330
763211,2022,Bank Of Hindman,282027,22590,0
763677,2022,Security Federal Bank,1300806,123783,4038
763930,2022,FARMERS & MERCHANTS BANK,620149,43802,0
764030,2022,Ameris Bank,23754594,2084465,1254632
764058,2022,Highland Bank,640438,64176,0
764067,2022,The American National Bank Of Mount Pleasant,141833,14559,0
764142,2022,Federation Bank,176375,13089,85
764151,2022,Lovelady State Bank,56368,5141,0
764816,2022,Citizens Guaranty Bank,248211,16195,0
765019,2022,The Bryn Mawr Trust Company,5040019,464215,0
765318,2022,Citizens Bank & Trust Co. Of Jackson,171688,13703,0
765354,2022,BANK OF CROCKER,149229,15110,0
765505,2022,Webster Five Cents Savings Bank,1068257,123346,1809
765662,2022,Muenster State Bank,206628,26999,0
765877,2022,Home Savings Bank,84933,15137,0
766052,2022,Community Bank Of El Dorado Springs,125444,17897,0
766164,2022,"TBK Bank, SSB",5942945,665336,7330
767040,2022,Legacy Bank,165755,11621,925
767152,2022,First National Bank in Cooper,56860,6822,0
767246,2022,Chesterfield State Bank,23909,2017,0
767255,2022,Lamar Bank and Trust Company,221601,23354,0
767554,2022,Citizens Bank & Trust Company of Vivian LA,177492,18235,2070
767572,2022,Tucumcari Federal Savings and Loan Association,37499,5345,0
767611,2022,Bank of Richmondville,178900,17850,0
767732,2022,South Georgia Banking Company,611694,58886,0
767974,2022,"CFBank, NA",1487525,155195,27988
768074,2022,First Financial Northwest Bank,1426468,147816,0
768458,2022,Community 1st Bank Las Vegas,169376,15538,0
768476,2022,RAYMOND FEDERAL BANK,65687,6486,0
768953,2022,THE BANK OF TIOGA,343031,28805,0
769156,2022,First State Bank Of Sauk Centre,133245,13583,0
769334,2022,EXCHANGE STATE BANK,108575,11964,0
770451,2022,FARMERS & MERCHANTS STATE BANK OF SPRINGFIELD,137013,10729,0
770545,2022,Middletown State Bank,42409,3664,0
770639,2022,Hometown National Bank,318094,27133,0
770657,2022,"Nodaway Valley Bank, The",1349185,124243,763
770853,2022,FIRST MIDWEST BANK OF DEXTER,447970,46080,542
771047,2022,Citizens State Bank Of Milford,53640,4261,0
771140,2022,DIETERICH BANK,1299036,94516,0
771458,2022,First American Bank,1550725,156450,3830
771609,2022,Baycoast Bank,2259576,201071,13623
771748,2022,CHELSEA SAVINGS BANK,194185,25463,0
771878,2022,First Federal Savings Bank,368810,44526,1590
772008,2022,South Shore Bank,2054713,180809,479
772446,2022,"Comerica Bank & Trust, National Association",77330,60480,0
772754,2022,Metz Banking Company,96719,10178,0
773032,2022,FARMERS STATE BANK,174036,22229,0
773171,2022,Mid-Central National Bank,137980,16932,0
773247,2022,Midland States Bank,7434242,629389,32045
773443,2022,"Clinton National Bank, The",437684,51860,168
773470,2022,"Malaga Bank, Fsb",1472877,178832,0
773742,2022,CITIZENS NATIONAL BANK OF CHEBOYGAN,492054,29450,2271
774132,2022,"Volunteer State Bank, Inc.",982001,72555,0
774235,2022,"CITIZENS NATIONAL BANK OF QUITMAN, THE",126924,14614,0
774253,2022,Northern State Bank Of Virginia,90779,8225,0
774262,2022,"CommunityBank of Texas, National Association",4486120,447819,164
774347,2022,Farmers Savings Bank,250816,28458,0
775054,2022,The Eastern Colorado Bank,574198,60179,0
775241,2022,Community National Bank in Monmouth,51231,6418,0
775456,2022,NATIONAL BANK OF COMMERCE,1197655,131619,1022
775773,2022,North Shore Trust and Savings,339767,44262,104
776369,2022,FIRST STATE BANK OF ODEM,180496,20308,0
776547,2022,"Meade County Bank, Inc.",288987,29189,0
777254,2022,HERITAGE BANK MINNESOTA,76461,6534,0
777366,2022,Bank Of The Orient,946569,107051,0
777441,2022,Flora Bank & Trust,106197,9688,0
777870,2022,Altoona First Savings Bank,323986,35956,0
778738,2022,Citizens Bank,1068428,131170,4899
779016,2022,Mifflinburg Bank and Trust Co.,551898,50938,0
779351,2022,"Merchants Bank, National Association (WIN)",2820664,246922,23912
779360,2022,Community Bank,589019,44466,0
779641,2022,The Port Austin State Bank,73246,10229,0
779650,2022,Chippewa Valley Bank,669658,49225,0
779968,2022,STATE BANK OF INDIA (CALIFORNIA),936185,156259,0
780049,2022,Bank of Kilmichael,244877,22189,0
780218,2022,The Union Bank Company,1075788,102235,9146
780263,2022,Ozona Bank,353425,33352,0
780722,2022,HEBRON SAVINGS BANK,822820,67904,0
780955,2022,WAUMANDEE STATE BANK,330321,28652,146
782016,2022,Bank Of Maysville,159309,22935,0
782306,2022,Brookline Bank,5583769,570278,0
782548,2022,Clinton Bank,65136,12133,0
783161,2022,First Northern Bank Of Dixon,1899087,154436,1063
783246,2022,Grinnell State Bank,449816,46476,0
783349,2022,State Bank of Nauvoo,36503,2873,0
783648,2022,Centier Bank,6193839,602258,10932
783844,2022,CITIZENS BANK,1026808,120481,3015
783910,2022,North Valley Bank,309838,26599,0
784159,2022,Peoples Community Bank,620687,105375,0
784430,2022,THE MERCHANTS AND CITIZENS BANK,133727,15804,0
785147,2022,The Farmers National Bank Of Danville,906751,67966,0
785473,2022,First Savings Bank,1758936,172150,161219
785857,2022,"James Polk Stone Community Bank, The",322801,28463,0
785923,2022,LCNB National Bank,1899918,175604,0
785950,2022,Legacy Bank,632415,56828,1632
786210,2022,"Traditional Bank, Inc.",2250887,199864,233
786256,2022,The State Bank,41061,3318,0
786340,2022,First American National Bank,376392,36859,0
786555,2022,Peoples State Bank Of Plainview,341590,28674,2409
786612,2022,Mid Penn Bank,4687600,398773,11514
786733,2022,Jefferson Security Bank,426783,35242,0
786948,2022,First Bank Hampton,209009,22873,0
787141,2022,Exchange State Bank,42113,4575,0
787459,2022,Prinsbank,195129,26301,0
787842,2022,First Iowa State Bank,196217,18407,0
788559,2022,FARMERS AND DROVERS BANK,214005,52238,0
788652,2022,WOODLAND BANK,137189,12938,0
788773,2022,Hometown Bank,523774,43113,489
789051,2022,Ninnescah Valley Bank,42673,4478,0
790150,2022,BANK OF IBERIA,64721,5395,0
790271,2022,Washington Savings Bank,579224,65384,0
790543,2022,Community State Bank,1159048,110410,996
790703,2022,Lee Bank,515089,43486,222
790918,2022,FIRST KEYSTONE COMMUNITY BANK,1317494,130954,6006
791072,2022,Interstate Bank,239224,21702,0
791353,2022,Bankwest,239332,16141,0
791821,2022,The National Capital Bank Of Washington,734528,64679,0
791942,2022,Nekoosa Port Edwards State Bank,264388,32679,0
792248,2022,FARMERS   TRADERS SAVINGS BANK,72907,5345,0
792453,2022,State Bank Of Downs,123645,14161,0
792640,2022,State Savings Bank,148736,14407,0
792659,2022,National Bank & Trust,216815,26819,0
794149,2022,Commercial National Bank Of Texarkana,297697,23638,584
794336,2022,First National Bank of South Miami,1058636,86538,0
794345,2022,Blue Grass Savings Bank,229467,27973,0
794475,2022,EUREKA HOMESTEAD,103595,19460,401
794653,2022,First National Bank at St. James,34575,2760,0
795249,2022,First State Bank,126575,16767,0
795548,2022,CITIZENS STATE BANK,499840,51935,0
795959,2022,KENNETT TRUST BANK,133738,13384,0
795968,2022,Bank of Hawaii,22754563,1645405,26746
796152,2022,First State Bank,274676,24145,0
796451,2022,Bank Of Kirksville,490916,56406,0
796572,2022,Home Federal Savings Bank,1068836,97710,5558
796657,2022,The Lyon County State Bank,178214,14912,0
797140,2022,The Bank Of New Glarus,429385,41606,0
797775,2022,BLUE FOUNDRY BANK,1914512,293349,0
798512,2022,"First National Bank Of Brooksville, The",74759,7545,0
799359,2022,Red Rock Bank,48430,3656,0
799751,2022,Minnesota National Bank,273685,21950,0
799854,2022,The City National Bank Of Colorado City,218186,19024,1428
799939,2022,Hartsburg State Bank,19947,1922,0
799948,2022,FIRST NATIONAL BANK OF LAWRENCE COUNTY,271618,27168,0
800134,2022,"Harvard State Bank, The",319577,26089,338
800442,2022,bank of winona,144731,15114,0
800479,2022,"Tarboro Savings Bank, SSB",58194,6952,0
800657,2022,"Bremer Bank, National Association",16499164,1374976,47019
800853,2022,Centinel Bank of Taos,380203,30509,0
801047,2022,First State Bank,525962,49342,122
801056,2022,The Farmers State Bank,154084,13881,0
801654,2022,The First State Bank,163120,23223,0
802866,2022,Silicon Valley Bank,208581000,14622000,0
803256,2022,TRIUMPH STATE BANK,90254,8039,0
803265,2022,Robert Lee State Bank,46954,6179,0
803649,2022,Green Belt Bank & Trust,590985,52163,239
803658,2022,Farmers State Bank of Trimont,76937,10977,0
803957,2022,KODABANK,372645,41741,0
804150,2022,231,56733,7749,0
804338,2022,FIRST BANK OF HIGHLAND PARK,1921186,185861,0
804374,2022,Home Federal Bank,571636,55470,10179
804422,2022,THE FARMERS & MERCHANTS BANK OF CRAIG COUNTY,77014,13287,0
804860,2022,Citizens State Bank,87983,8501,0
804963,2022,Bank of the West,104790698,9536404,36753
805045,2022,Exchange State Bank,143729,12480,0
805250,2022,FNB BANK,240428,26777,0
805335,2022,Bank Of Monticello,160983,14404,0
805755,2022,First National Bank North,785963,65368,2134
805876,2022,PennCrest BANK,214399,30400,0
806220,2022,Sandhills Bank,222734,19442,0
806846,2022,Bank Five Nine,1553593,160993,7586
806958,2022,Midwest Bank,700095,56325,2499
807348,2022,BRISTOL MORGAN BANK,178578,17373,0
807432,2022,Mount Vernon Bank,158227,16915,0
807656,2022,Citizens Bank of Ada,287167,21419,949
807955,2022,"American Bank, N.A.",2081516,169719,2928
808260,2022,Farmers & Merchants Bank Of Central California,5179291,459813,0
808345,2022,State Central Bank,49185,4627,0
808354,2022,State Bank of Wheaton,99673,13644,0
808653,2022,Garrison State Bank and Trust,179766,18009,0
809070,2022,Mutual Savings and Loan Association,45295,13834,0
809276,2022,"United Midwest Savings Bank, National Association",459854,42243,137707
809379,2022,Investors Community Bank,84226,9575,108
809650,2022,"Texana Bank, National Association",251923,20451,19133
809678,2022,North Arundel Savings Bank,45258,4807,0
809771,2022,Yakima Federal Savings and Loan Association,2034787,490774,0
809856,2022,The Bank of Burlington,94026,9381,0
810544,2022,Crawford County Trust & Savings Bank,263033,20300,1238
811046,2022,Bankers Trust Company,6001858,547374,2762
811279,2022,Standard Bank,1036194,127822,0
811457,2022,First National Bank of Lipan,26349,2076,0
811541,2022,Auburn Banking Company,107458,9415,0
811550,2022,American Exchange Bank,78479,8888,0
811747,2022,Security Savings Bank,488193,44263,0
812164,2022,"STATE STREET BANK AND TRUST COMPANY OF CALIFORNIA,N.A",7626,7507,0
812379,2022,FIRST COMMUNITY BANK OF CULLMAN,123518,12455,0
812436,2022,Itasca Bank & Trust Co.,734825,63920,0
812557,2022,Bank Forward,873139,80530,493
812614,2022,"Commercial Bank Of Grayson, The",220307,26301,0
813059,2022,Harwood State Bank,46675,4060,0
813572,2022,Cecil  Bank,236302,19399,0
813853,2022,Community Resource Bank,351008,35222,300
814074,2022,"First Federal Bank, A Fsb",131771,22826,32372
814355,2022,Security State Bank Of Oklee,40096,5995,0
814430,2022,CITY NATIONAL BANK OF FLORIDA,21920313,2067392,68300
814458,2022,CHARTER BANK,341014,28133,0
814476,2022,Millville Savings Bank,157529,19805,0
814551,2022,Kearney Trust Company,274778,24932,0
814711,2022,PEOPLES BANK AND TRUST COMPANY,254855,12904,0
815053,2022,Goppert Financial Bank,229371,20522,0
815147,2022,Honor Bank,359289,28893,0
815156,2022,"Dakota Community Bank   Trust, N.A.",1141484,79530,5865
815277,2022,Quaint Oak Bank,553749,40438,107823
815754,2022,Bank Of Cherokee County,169405,14763,0
815772,2022,The Cincinnatus Savings And Loan Company,119209,23540,0
816256,2022,The First National Bank of Hooker,93663,12026,0
816304,2022,Marblehead Bank,291488,21617,0
816603,2022,"The Washington Trust Company, of Westerly",5850018,533312,40196
816751,2022,Kindred State Bank,42715,2872,0
817477,2022,Union Savings Bank,194863,16660,488
817824,2022,"PNC Bank, National Association",551902526,42023737,2230722
818401,2022,Main Street Bank,1429127,150725,9486
818540,2022,FIRST NATIONAL BANK OF MANNING,90142,12232,0
818559,2022,FIRST STATE BANK OF RED WING,95005,7381,0
818652,2022,Stockmens National Bank In Cotulla,98019,11563,0
819154,2022,First Security State Bank,164567,11221,0
819172,2022,The Peoples Savings Bank,144794,13317,0
819453,2022,Bank Of Odessa,341617,53681,0
819556,2022,CONCORDIA BANK & TRUST COMPANY,637175,66105,118
819855,2022,Peoples Bank,982868,85268,816
820048,2022,FIRST NATIONAL BANK,1114689,95573,0
820301,2022,Jewett City Savings Bank,401695,51950,0
820477,2022,Midland Federal Savings And Loan Association,128307,9656,0
820842,2022,BLOOMSDALE BANK,314377,25567,185
820879,2022,First Federal Savings and Loan Association of Van Wert,140110,24690,0
821036,2022,Peoples Bank Of Kankakee County,338174,22713,1354
821157,2022,The Goose River Bank,153063,14370,0
821559,2022,"Minnesota First Credit and Savings, Inc.",24615,4246,0
821643,2022,ASHTON STATE BANK,55505,6675,0
821906,2022,Salisbury Bank And Trust Company,1528798,139681,2684
822042,2022,Southern Michigan Bank & Trust,1157088,106138,1146
822051,2022,Citizens State Bank,290312,32051,0
822275,2022,"Winter Hill Bank, FSB",363421,38232,0
822556,2022,"Texas Exchange Bank, Ssb",3241639,279344,0
822631,2022,MIDLAND COMMUNITY BANK,81576,8759,0
822846,2022,First State Bank,183828,22024,102
823076,2022,Guardian Savings Bank,35851,6699,0
823133,2022,PEOPLES NATIONAL BANK OF KEWANEE,566588,48601,0
823142,2022,DU QUOIN STATE BANK,142384,11448,0
823450,2022,First National Bank,466964,45408,1408
823478,2022,Northeast Community Bank,1214569,190941,0
823553,2022,The Bank of Denton,23015,3568,0
823638,2022,First Bank Of Coastal Georgia,169848,18363,0
823656,2022,First State Bank Southwest,389596,34585,1241
824242,2022,Benton County State Bank,47346,6675,0
824653,2022,Texas Heritage National Bank,386149,32501,0
824671,2022,Phoenixville Federal Savings& Loan Association,589154,63143,0
824738,2022,THE FIRST NATIONAL BANK OF LACON,73790,6177,0
825146,2022,Morton Community Bank,4880056,448242,1019
825454,2022,First Missouri State Bank,208547,19894,260
825548,2022,Community State Bank Of Missouri,303817,34099,0
825753,2022,CITIZENS INDEPENDENT BANK,367925,36612,0
825847,2022,Farmers Trust & Savings Bank,301499,35338,0
825940,2022,Bank Of Buffalo,74748,8238,0
826451,2022,American Exchange Bank,81297,9040,0
826648,2022,Mediapolis Savings Bank,188717,20890,0
826956,2022,CHOICE FINANCIAL GROUP,3167797,296983,2208
827355,2022,The First National Bank Of Nevada,115789,15386,0
827458,2022,Dakota Western Bank,329815,35819,0
827560,2022,"FINANCE FACTORS, LIMITED",578059,74110,540
828110,2022,Pennsville National Bank,262650,20368,0
828174,2022,First Federal Savings And Loan Association Of Valdosta,222134,29011,0
828473,2022,Citizens Savings Bank,395514,53957,0
828651,2022,ANB Bank,3561478,286000,0
829032,2022,"BCBank, Inc",182930,18939,0
829041,2022,Citizens Bank & Trust Company,307296,39970,0
829050,2022,"The Bank, NA",504168,44772,0
829452,2022,Commercial Bank Of Oak Grove,113732,12846,0
830113,2022,THE FORT JENNINGS STATE BANK,235066,23712,0
830252,2022,"The Lytle State Bank Of Lytle, Texas",113837,15375,0
830355,2022,First National Bank & Trust Company Of Mcalester,568261,56415,0
830542,2022,CBI Bank & Trust,1143091,121838,499
830645,2022,The Farmers Bank of Mt. Pulaski,65899,7278,0
830748,2022,Germantown Trust & Savings Bank,461859,54539,0
831008,2022,The Guilford Savings Bank,1024762,113030,0
831352,2022,Bank ofTurtle Lake,61548,6281,0
831576,2022,BankTennessee,514808,40398,0
831642,2022,First Citizens State Bank,408006,70730,1285
831875,2022,First Federal Savings and Loan Association,88950,18882,0
831941,2022,Taylor County Bank,224078,30068,0
832528,2022,Clay County Bank,115171,15721,0
832546,2022,West Shore Bank,708273,56469,4549
833404,2022,Fall River Five Cents Savings Bank d/b/a BankFive,1446964,134551,48673
833749,2022,WOODTRUST BANK,573805,53316,1228
833758,2022,Heartland Tri-State Bank,141117,12576,0
833851,2022,FIRST STATE BANK OF SWANVILLE,26975,3829,0
834175,2022,Lawrenceburg Federal Bank,75282,16042,0
835079,2022,"Covington Savings And Loan Association, The",85537,11818,0
835257,2022,Community Bank Mankato,427149,34677,0
835378,2022,"Beardstown Savings, S.B.",68711,6905,0
835444,2022,"Bank Of Herrin, The",315853,27875,0
835613,2022,Security Bank & Trust Co,66137,10643,0
835659,2022,Tri-County Trust Company,60376,7939,0
835743,2022,Bank of Holly Springs,388463,36363,0
835770,2022,Fox Valley Savings Bank,414508,58323,127
836656,2022,FARMERS & MERCHANTS BANK,25493,1581,0
836843,2022,MIDWESTONE BANK,6023480,542975,12917
837000,2022,The First National Bank of Long Island,4067190,417258,0
837046,2022,Corydon State Bank,112170,24588,0
837149,2022,"First Community Bank Of The Heartland, Inc.",356983,28160,1060
837158,2022,FIRST NATIONAL BANK & TRUST COMPANY,238590,15714,0
837354,2022,The First National Bank of Waseca,172056,13843,0
837448,2022,Warren-Boynton State Bank,193641,25818,0
837541,2022,Farmers State Bank of Hoffman,187456,24901,0
837608,2022,Rollstone Bank & Trust,842610,88874,626
837653,2022,Heartland State Bank,72650,6789,0
837840,2022,UNITY BANK OF MISSISSIPPI,276768,28441,0
837952,2022,Flint Hills Bank,157055,18766,0
837970,2022,Fifth District Savings Bank,460047,80981,0
838155,2022,PEOPLES STATE BANK,34444,2406,0
839068,2022,Security State Bank,819641,92136,0
839246,2022,Bank Of Columbia,209113,17157,0
839255,2022,FNB COMMUNITY BANK,574922,46950,0
839572,2022,"Liberty Savings Bank, F.S.B.",983927,99956,1044
839817,2022,Farmers and Traders Bank of Campton,64396,5485,0
839974,2022,"Graham Savings And Loan, SSB",153001,16355,0
840019,2022,Citizens Bank,167928,16123,1306
840251,2022,Home Bank & Trust Co.,154473,10314,2398
840354,2022,First Financial Bank in Winnebago,53507,7334,0
840363,2022,FirstBank Southwest,1399035,109420,828
840578,2022,Nelsonville Home and Savings Association,34805,4138,0
840747,2022,Farmers State Bank,1371634,145261,1341
841472,2022,Mutual Savings Bank,241562,20428,738
841753,2022,City Bank   Trust Company,357206,31501,0
841838,2022,Civis Bank,244301,32302,0
842376,2022,West View Savings Bank,351746,32870,0
842460,2022,Lone Star National Bank,3063266,240622,883
842853,2022,United Minnesota Bank,47121,2753,0
843476,2022,Cornerstone Bank,45256,5836,0
843542,2022,First State Bank of Warren,119491,13000,0
843953,2022,"Fowler State Bank, The",71033,6888,0
844053,2022,Security National Bank of Omaha,1378086,124274,2634
844138,2022,Simmesport State Bank,159922,15706,0
844455,2022,First National Bank in Fredonia,106117,16409,0
844567,2022,POINTBANK,826062,72689,0
845247,2022,Edmonton State Bank,732216,88530,0
845443,2022,First Iowa State Bank,148697,14851,0
845573,2022,"Spencer Savings Bank, Savings And Loan Association",3995394,359309,0
846132,2022,Dewey Bank,26879,2060,0
846945,2022,Badger Bank,182527,20863,117
847157,2022,United Community Bank,345503,31445,639
847979,2022,Community Savings Bank,88645,14910,0
848248,2022,FIDELITY BANK,545133,54689,0
848453,2022,"Bank Of Houston, The",51276,6350,6876
849076,2022,Henderson Federal Savings Bank,118156,25174,0
849348,2022,Community State Bank,348050,27749,0
849357,2022,"First National Bank Of Hughes Springs, The",338551,31883,0
849432,2022,The Bank of Monroe,196544,23925,0
850036,2022,First American Bank,6111597,409351,16459
850054,2022,First National Bank in Ord,158982,12773,0
850456,2022,Goppert State Service Bank,249173,22922,0
851060,2022,Atascosa Bank,103180,9885,0
851172,2022,"Citizens Building   Loan, SSB",148025,30740,0
851239,2022,"The Poca Valley Bank, Inc.",487506,38362,939
851631,2022,Better Banks,411263,29564,883
852218,2022,"JPMorgan Chase Bank, National Association",3306982000,266910000,41138000
852254,2022,"Union Bank, The",255547,22667,190
852320,2022,Truist Bank,528514000,39908000,4765000
852544,2022,Southern Bancorp Bank,2053972,166276,575
852704,2022,Genesee Regional Bank,979606,96571,15229
852713,2022,QNB Bank,1660256,127144,0
852973,2022,"PIONEER TRUST BANK, N.A.",745515,81482,0
853112,2022,Heartland Bank,1464528,152668,3539
853251,2022,Unity National Bank Of Houston,253823,25533,0
853671,2022,Oconee Federal Savings And Loan Association,538242,82987,731
853747,2022,Citizens National Bank Of Albion,354541,55049,0
853804,2022,The Bank of Canton,819423,88550,6029
853934,2022,Community State Bank,203730,12545,0
853952,2022,The Central Trust Bank,20248406,1596336,75782
854173,2022,Investment Savings Bank,108972,22257,0
854548,2022,OmniBank,56026,4554,0
854753,2022,St. Clair State Bank,107169,10736,0
854847,2022,First State Bank,138469,13471,0
855143,2022,RIVERWIND BANK,129013,12405,0
855264,2022,FIRST NATIONAL BANK IN PORT LAVACA,403034,37580,0
855303,2022,The Citizens National Bank of Hammond,26973,2336,0
855563,2022,MURPHY BANK,350760,41328,0
855741,2022,BankORION,611529,58248,0
855844,2022,Anna-Jonesboro National Bank,270449,32744,0
855956,2022,Union State Bank,223536,18875,0
856159,2022,ST. MARTIN NATIONAL BANK,33197,3629,0
856243,2022,"American Commercial Bank & Trust, National Associa",968197,87419,19974
856346,2022,Farmers State Bank,326829,25857,1151
856458,2022,Bank Of Hazelton,58069,5613,0
856542,2022,Breda Savings Bank,79297,7670,0
856748,2022,The Citizens Bank,1231643,105249,0
856869,2022,Powell State Bank,36915,3181,0
856944,2022,State Bank of Brooks,21905,2250,0
857259,2022,BANK OF GREELEY,45229,5328,0
857455,2022,Tejas Bank,204974,20743,0
857576,2022,West Town Bank & Trust,411380,45797,27880
857745,2022,The Libertyville Savings Bank,418295,42126,0
857811,2022,MAUCH CHUNK TRUST COMPANY,623702,41587,0
857875,2022,"Mid-Southern Savings Bank, FSB",254263,41264,0
857941,2022,Great Rivers Bank,166146,15691,0
858153,2022,State Bank Of Canton,32789,6603,0
858443,2022,The First National Bank Of Ava,78753,9324,0
858452,2022,Bank Of Prague,34679,4343,0
858528,2022,The Bank Of Marion,524867,51755,0
858818,2022,WSB MUNICIPAL BANK,174685,16296,0
858854,2022,CITIZENS STATE BANK,320140,26889,0
859002,2022,Easthampton Savings Bank,1689101,154966,2375
859141,2022,AVAILA BANK,1464817,132295,362
859552,2022,Bank Of The West,748984,53749,3689
859655,2022,The Bankers Bank,212455,30752,0
859712,2022,Ridgewood Savings Bank,6765343,837286,0
860053,2022,SUNRISE BANKS N.A.,1742993,118504,5412
860147,2022,First National Bank Of Pana,260516,27062,97
860231,2022,FARMERS STATE BANK OF EMDEN,38104,9840,0
860259,2022,PREMIER BANK,374822,40754,652
860334,2022,Bank of Zachary,322922,27629,0
860352,2022,Dakota Heritage Bank,301369,27097,0
861153,2022,Haviland State Bank,44289,5968,0
861304,2022,Elmira Savings Bank,632395,54555,2374
861658,2022,First Security Bank - Sleepy Eye,276847,28631,0
861742,2022,Pioneer State Bank,133995,13995,0
861854,2022,FIRST STATE BANK,75716,9117,0
862057,2022,BANK OF COMMERCE,413463,35870,0
862141,2022,TruBank,412884,37250,338
863362,2022,Brazos National Bank,28767,13496,4313
863607,2022,National Grand Bank Of Marblehead,421997,42394,0
863652,2022,The Farmers State Bank,71122,9007,0
863746,2022,Farmers & Merchants Savings Bank,593413,78414,617
864378,2022,Citizens  Federal Savings Bank,192285,39098,736
864471,2022,Piedmont Federal Savings Bank,965986,235960,0
864846,2022,First National Bank Of North Arkansas,280283,25222,0
864855,2022,The First State Bank of Healy,91704,16473,0
865142,2022,IOWA STATE BANK,432436,38155,0
865151,2022,Legends Bank,457808,69020,0
865450,2022,"Profinium, Inc.",501759,44214,0
865544,2022,"Clear Lake Bank and Trust Company, Inc.",556094,41183,0
865759,2022,Union State Bank,211059,22741,0
865852,2022,Farmers State Bank Of Underwood,102669,7399,0
866000,2022,Glens Falls National Bank & Trust Company,3170096,274208,1154
866055,2022,Justin State Bank,269276,27914,0
866121,2022,Mercer County State Bank,554500,47235,0
866251,2022,Union State Bank,38505,4277,0
867070,2022,"Sterling Federal Bank, F.S.B.",472907,40237,326
867258,2022,"The Mercantile Bank Of Louisiana, Missouri",122228,23188,0
867632,2022,International Finance Bank,945707,74931,0
867650,2022,Pinnacle Bank,2093549,178599,1068
867856,2022,Citizens State Bank,317042,33094,0
868059,2022,"Security State Bank of Warroad, Minnesota",131598,18798,0
868442,2022,Manson State Bank,40915,4223,0
868572,2022,Home Savings Bank of Wapakoneta,40625,4817,0
868844,2022,Peoples Savings Bank,43709,3654,0
868956,2022,FIRST NORTHERN BANK OF WYOMING,569100,42332,5959
869346,2022,Iowa State Savings Bank,252367,22747,0
869551,2022,THE DENISON STATE BANK,445961,60471,265
869663,2022,Citizens 1St Bank,800997,139560,0
869953,2022,Alamosa State Bank,362872,30856,0
870539,2022,"The Peoples Bank, Biloxi, Mississippi",816386,90677,0
870650,2022,CNB St. Louis Bank,659014,63240,1588
870856,2022,First National Bank,87855,10344,0
870913,2022,Buckeye State Bank,270779,30981,0
871358,2022,Bank of Holyrood,70047,10081,0
871648,2022,Spencer County Bank,139903,14624,97
871769,2022,Farmers And Merchants Bank Of Long Beach,11438260,1240146,9430
871956,2022,The First Bank Of Celeste,70093,4761,0
872047,2022,Decorah Bank & Trust Co,617574,60171,819
872579,2022,Hibernia Bank (formerly Union Savings And Loan Association),227971,27994,0
873259,2022,Mid America Bank,628111,64777,359
874050,2022,CITIZENS BANK MINNESOTA,586804,48394,0
874452,2022,STATE BANK OF NEW RICHLAND,113278,10360,0
874845,2022,Lake City Bank,6541677,665424,7470
875048,2022,Community State Bank Of Rock Falls,331133,30918,1491
875057,2022,Farmers State Bank,445121,46027,0
875132,2022,Grand Ridge National Bank,304222,35036,0
875655,2022,Citizens State Bank Norwood Young America,113436,9496,0
875758,2022,First Texas Bank,192838,17518,0
875879,2022,Warsaw Federal Savings And Loan Association,56951,8109,451
875936,2022,First Bank,580873,61652,0
876157,2022,Odin State Bank,54624,5357,0
876634,2022,Capital City Bank,4253359,346959,52532
876700,2022,Centreville Bank,1917548,325254,671
877350,2022,Horizon Financial Bank,164715,19145,0
877752,2022,The Citizens National Bank Of Park Rapids,337261,34963,0
877958,2022,The Hopeton State Bank,25483,2865,0
879336,2022,State Bank of Herscher,169536,20130,0
879439,2022,Feliciana Bank & Trust Company,144635,15661,0
879457,2022,CORNERSTONE BANK,1310231,92628,0
879550,2022,BANK OF NEW CAMBRIA,35897,4363,0
879644,2022,The Bank Of Advance,410552,48284,0
879747,2022,Farmers State Bank of Waupaca,267170,26796,0
880332,2022,PIKE NATIONAL BANK,336661,37965,0
880855,2022,"BANK OF OLD MONROE, THE",596954,67176,736
881012,2022,First Columbia Bank & Trust Co.,948713,94878,3934
881441,2022,ALTON BANK,106375,11342,0
881478,2022,Heritage Bank,7429804,615819,1476
881852,2022,High Plains Bank,151524,19023,0
881900,2022,Millbury National Bank,112098,10786,0
882242,2022,Rolling Hills Bank & Trust,392473,37087,0
882541,2022,Bridge Community Bank,143482,12770,0
882701,2022,Fairfield County Bank,1939644,236181,330
882952,2022,OZARK BANK,383527,27375,74
883351,2022,LIBERTY STATE BANK,118425,13403,0
883959,2022,"Bank Of Kremlin, The",344564,34303,0
884303,2022,Chemung Canal Trust Company,2413407,188064,396
884358,2022,First State Bank Of Livingston,440582,55998,0
884376,2022,"Pickens Savings and Loan Association, FA",121044,12113,0
884442,2022,Jackson County Bank,780440,66049,9331
884648,2022,United Community Bank,253937,20770,0
884657,2022,Rushford State Bank (Incorporated),74568,5240,0
885225,2022,The Bank of Delmarva,1018749,82972,0
885252,2022,Citizens Bank,221291,20619,237
885430,2022,ST LANDRY BANK & TRUST COMPANY,332881,27740,0
885579,2022,Tioga-Franklin Savings Bank,58704,6374,0
885869,2022,"Commercial Bank Of Texas, N.A.",1274626,106381,1229
886204,2022,Watertown Savings Bank,1499175,141174,0
886624,2022,Clear Mountain Bank,873423,98188,2456
887340,2022,First State Bank,1401610,134230,18959
887827,2022,The Hamler State Bank,98304,15304,0
887854,2022,Sherwood Community Bank,64642,5438,0
888002,2022,Middlesex Savings Bank,6166084,723236,0
888141,2022,Farmers & Merchants Bank & Trust,249951,20025,0
888271,2022,"Hancock County Savings Bank, F.S.B.",444738,77493,0
888552,2022,"First State Bank, The",818161,70148,0
888833,2022,Northeast Georgia Bank,623912,59251,0
890050,2022,FIRST NATIONAL BANK OF GILLETTE,631855,76130,1407
890078,2022,Lake City Federal Bank,81718,9970,0
890649,2022,Mount Vernon Bank and Trust Company,174678,21335,0
890742,2022,Blackhawk Bank & Trust,1801002,171234,0
890957,2022,Strasburg State Bank,93225,6728,0
891226,2022,Farmers And Merchants Bank,717616,66307,127
891253,2022,Columbus State Bank,133803,14062,0
892205,2022,WESTFIELD BANK,2532479,224001,0
892223,2022,The Hicksville Bank,161790,17330,571
893248,2022,FIRST NATIONAL BANK OF MUSCATINE,368364,40034,0
893855,2022,Lead Bank,738350,57779,5084
894272,2022,Newport Federal Bank,258348,23602,0
894348,2022,Bank Of Wisconsin Dells,885729,86428,536
894544,2022,First Security Bank and Trust Company,598413,51512,605
894834,2022,The Trust Bank,47251,4612,0
895055,2022,The First National Bank Of Mcgregor,709176,72570,0
895448,2022,Milledgeville State Bank,169412,18316,0
895710,2022,Citizens & Northern Bank,2311213,238434,1388
896155,2022,Shell Lake State Bank,287982,37883,458
896427,2022,The Henry County Bank,328599,31106,0
897170,2022,Ponce Bank,1630029,171254,0
897237,2022,"Citizens Bank Of Morgantown, Inc",49102,8230,0
897330,2022,Bank Of Morton,82619,10293,0
897451,2022,Integrity Bank Plus,84903,7609,0
897648,2022,MCGEHEE BANK,144622,18189,0
897853,2022,SECURITY BANK OF SOUTHWEST MISSOURI,108386,11022,0
898458,2022,Bank Of Jackson Hole,1598675,121486,4227
898579,2022,First Federal Community Bank,536016,58428,0
898627,2022,THE CITIZENS BANK,792021,66350,1300
898850,2022,FIRST LIBERTY BANK,550388,58515,4335
899008,2022,WINCHESTER SAVINGS BANK,627989,76178,0
899343,2022,WILSON & MUIR BANK & TRUST CO INC,699135,53362,2973
899428,2022,First Bank,1383368,120225,0
899642,2022,First State Bank,328770,24003,0
899651,2022,CITIZENS STATE BANK,162295,17611,0
900034,2022,RAYNE STATE BANK & TRUST COMPANY,485903,56806,0
900146,2022,CUSB Bank,582700,79018,0
900306,2022,Northern Bank & Trust Company,2869907,367579,3927
900379,2022,Wake Forest Federal Savings And Loan Association,108285,25861,0
900502,2022,Fulton Savings Bank,456071,122399,0
900678,2022,Carthage Federal Savings And Loan Association,283983,33130,0
901134,2022,Community Bank Of Parkersburg,280342,29244,0
901358,2022,"Heritage Bank, National Association",467757,43680,6457
901451,2022,CITIZENS NATIONAL BANK,61280,9301,0
901741,2022,Northwest Bank & Trust Company,220560,20163,0
901938,2022,The Farmers Bank,865802,100589,3608
901974,2022,Lyons Federal Bank,161257,19210,192
902645,2022,Defiance State Bank,39933,3467,0
902672,2022,Hearthside Bank Corporation,463379,49946,689
903240,2022,Bank of Edmonson County,254613,27083,0
903455,2022,Bank Of Zumbrota,220161,16645,0
903754,2022,Union State Bank,115447,11485,0
903950,2022,Central Bank And Trust,211998,15864,1941
904171,2022,InFirst Bank,465706,46056,0
904359,2022,Century Bank of the Ozarks,245338,22083,0
904845,2022,BANK OF CADIZ AND TRUST COMPANY,144034,11125,0
905356,2022,Oklahoma State Bank,195743,21824,0
905673,2022,Gouverneur Savings And Loan Association,132773,26940,0
906241,2022,The Malvern National Bank,632050,58341,540
906410,2022,"Turbotville National Bank, The",176306,28594,0
906652,2022,Community State Bank,192087,20573,0
907444,2022,First National Bank of Kentucky,168626,15221,0
907547,2022,Premierbank,547946,48554,0
908450,2022,KIRKWOOD BANK & TRUST CO,321585,29337,1569
908553,2022,HNB National Bank,669775,84942,5868
908861,2022,"TransPecos Banks, SSB",443019,28071,0
909055,2022,Peoples Bank & Trust Co.,766690,70905,430
909756,2022,Prime Security Bank,107441,9496,0
910079,2022,The Equitable Savings And Loan Company,12676,2320,0
910118,2022,Tioga State Bank,548737,59972,0
910239,2022,Bank Of Sunset & Trust Company,178574,16347,0
911160,2022,Pilgrim Bank,620291,68400,0
911339,2022,"First Neighborhood Bank, Inc.",160690,16578,0
911759,2022,Nebraska State Bank,68283,10516,0
911973,2022,Union Savings Bank,3463554,366027,566584
912550,2022,THE LUSK STATE BANK,67681,8205,0
912756,2022,STATE BANK OF LAKE PARK,47005,4349,0
913146,2022,Stone Bank,553701,62799,0
913436,2022,MINERS AND MERCHANTS BANK,64781,9080,0
913753,2022,Inwood National Bank,4275171,358763,3922
913856,2022,Pinnacle Bank,7852003,698687,14260
914545,2022,Tri-County Bank   Trust,233433,26442,0
914648,2022,BankFirst Financial Services,1818788,158556,7130
914853,2022,CORNERSTONE STATE BANK,231219,22108,0
915056,2022,Peoples Bank Of Moniteau County,66130,6163,0
915065,2022,Hawaii National Bank,891460,67735,0
915878,2022,Third Federal Savings and Loan Assoc of Cleve,14120189,1547930,38064
915935,2022,CITIZENS BANK OF EDINBURG,28945,2551,0
916259,2022,State Bank Of Lismore,64436,6715,0
916343,2022,Anderson State Bank,103274,15074,0
916745,2022,Bna Bank,673824,74242,351
916857,2022,FirstOak Bank,219366,20134,0
917050,2022,First State Bank,308803,30796,0
917500,2022,The First National Bank Of Groton,222844,28744,0
917555,2022,UBank,396772,39323,0
917630,2022,The First National Bank of Williamson,111292,9073,0
917742,2022,"Associated Bank, National Association",35057609,2923881,136638
917854,2022,First Farmers & Merchants National Bank Luverne,230349,32307,0
918132,2022,"Williamstown Bank, Inc.",201057,21429,0
918150,2022,"First Bank Of Okarche, The",133921,13982,0
918356,2022,Grand Timber Bank,58152,5871,0
918477,2022,Haven Savings Bank,1018278,105974,0
918655,2022,FIRST STATE BANK OF CANDO,74376,7082,0
918776,2022,New Foundation Savings Bank,27449,2625,2617
918879,2022,"Logansport Savings Bank, FSB",247656,26988,315
918918,2022,Safra National Bank of New York,9418665,826424,0
918954,2022,ESB FINANCIAL,357639,27188,0
919344,2022,Bank of Okolona,249601,23758,0
919456,2022,Mid America Bank,306026,31745,292
919568,2022,First Capital Bank,76466,6724,0
919773,2022,"Belmont Savings Bank, Ssb",109975,19624,0
920210,2022,Jim Thorpe Neighborhood Bank,246926,21449,0
920359,2022,BANK OF DIXON COUNTY,121045,13542,0
920733,2022,West Central Bank,225552,20697,0
920854,2022,Pioneer Bank,773688,67836,1033
920975,2022,FIRST SENTINEL BANK,335160,30417,0
921039,2022,First American Bank And Trust Company,867160,75721,3699
921178,2022,Riverview Community Bank,1682237,153273,0
921655,2022,COTTONWOOD VALLEY BANK,40422,5149,0
921879,2022,First Federal Savings And Loan Association Of Greensburg,188163,18618,0
921936,2022,Farmers State Bank,64443,5446,13
922157,2022,First Heritage Bank,223537,22670,0
922344,2022,Peoples Bank & Trust,570261,46134,0
922559,2022,United Valley Bank,599110,49263,428
922924,2022,Bank Of York,346949,27218,0
923257,2022,Peoples Bank,83756,10846,0
923350,2022,First National Bank In Frankfort,59850,5696,0
923707,2022,The Lowell Five Cent Savings Bank,1668813,176701,0
923752,2022,Community National Bank & Trust,1912044,158179,0
923855,2022,Community First Bank,116091,14175,0
923949,2022,THE STATE BANK OF PEARL CITY,71708,7218,0
924058,2022,The Jacksboro National Bank,284131,29910,1706
924236,2022,FIRST STATE BANK,928325,98943,1161
924254,2022,"The Citizens State Bank Of Cheney, Kansas",79421,7260,0
924357,2022,The First National Bank Of Milaca,267978,26637,0
924553,2022,Commercial State Bank,64998,19504,0
924843,2022,Sycamore Bank,318023,27132,0
924937,2022,Alliance Community Bank,363292,29869,259
925037,2022,"Inb, National Association",1664906,130749,3498
925055,2022,CITIZENS BANK   TRUST CO.,242060,26382,0
925354,2022,CALDWELL BANK AND TRUST CO,207396,19197,0
925411,2022,Sumitomo Mitsui Trust Bank (U.S.A.) Limited,3869824,370070,4994
925653,2022,Bank of Texas,541634,60295,0
926632,2022,FOREST PARK NATIONAL BANK & TRUST CO.,322475,22919,0
926650,2022,State Bank of Scotia,55046,11590,0
926959,2022,Bank Of Coushatta,289771,24725,0
927077,2022,Monroe Savings Bank,107306,13845,0
927134,2022,Solutions Bank,324579,32302,0
927479,2022,Bogota Savings Bank,837599,121066,0
928056,2022,"GNBank, National Association",959277,92274,0
928421,2022,Citizens and Farmers Bank,2238851,213423,79964
928618,2022,AmeriServ Financial Bank,1319327,120656,983
929352,2022,Bell Bank,9729918,988583,383923
929932,2022,Midsouth Bank,612091,54451,0
929978,2022,"Home Bank, National Association",2932077,280788,1104
930358,2022,United Bankers' Bank,1272894,125124,0
930442,2022,BANK OF PONTIAC,963923,86437,0
930853,2022,CLB The Community Bank,250424,22921,0
930871,2022,Lincoln 1st Bank,261451,18633,0
930965,2022,Manufacturers Bank,4216203,541619,0
931038,2022,Central Bank Illinois,1155805,105482,0
931047,2022,BANK OF SALEM,177399,19018,0
931159,2022,First State Bank of Golva,110086,8626,0
931207,2022,"Brown Brothers Harriman Trust Company, N.A.",16751,7504,0
931270,2022,North Cambridge Co-Operative Bank,90828,21812,0
931355,2022,Hodge Bank and Trust Company,84791,14326,0
931458,2022,The First National Bank of Harveyville,15961,1520,0
931944,2022,Keystone Savings Bank,177381,18875,0
932633,2022,Bank Of Gibson City,127923,9566,0
932642,2022,Logan County Bank,97673,18323,0
932745,2022,First Community Bank,456295,36774,483
932978,2022,Firstrust Savings Bank,5178645,482394,33040
933023,2022,Shore United Bank,3458147,304362,37749
933041,2022,Farmers National Bank of Prophetstown,840588,112278,0
933256,2022,Alerus Financial N.A.,3390640,297453,46490
933340,2022,Grant County State Bank,274551,29706,0
933377,2022,Fidelity Co-Operative Bank,1223513,119451,6023
933621,2022,Burke & Herbert Bank & Trust Co.,3621743,382672,1249
933966,2022,Citizens Business Bank,15883119,1363879,0
933975,2022,Bank Of Utah,2149308,233852,19088
934271,2022,Cenlar Fsb,1211410,117516,0
934329,2022,"BNY Mellon, National Association",33980000,2071000,0
934673,2022,Cullman Savings Bank,352652,69739,0
935250,2022,Blue Ridge Bank And Trust Co.,748920,63234,0
935308,2022,OneUnited Bank,643447,56604,0
935559,2022,Southern Heritage Bank,375677,37087,1942
935577,2022,WCF Financial Bank,135101,21090,180
935719,2022,First National Bank of Dennison,287623,26497,639
936136,2022,Old Second National Bank,6214413,514989,4737
936426,2022,S & T Bank,9478352,864127,1522
936462,2022,Mechanics Bank,19422861,1478173,508
936583,2022,Think Mutual Bank,2224529,315265,1200
936640,2022,Leighton State Bank,222099,23669,0
936837,2022,Goodfield State Bank,177956,21106,0
936855,2022,"Umb Bank, National Association",42392285,2734377,1277
937339,2022,State Bank Of Graymont,266201,29510,0
937553,2022,Bank Of Monticello,143385,15229,0
937740,2022,Port Washington State Bank,957618,76326,653
937759,2022,Citizens State Bank,146732,17198,0
937834,2022,F&M Bank and Trust Company,83504,4270,0
937843,2022,Blissfield State Bank,122193,11222,779
938354,2022,"The First National Bank of Fairfax, Minnesota",35044,12150,0
938550,2022,Community Bank,105894,8996,0
938859,2022,NewFirst National Bank,909470,92030,0
939070,2022,Eastern Connecticut Savings Bank,240324,17731,6919
939249,2022,Fidelity Bank & Trust,1658656,138736,0
940021,2022,The Bank Of Magnolia Company,97958,10940,0
940311,2022,BANCO POPULAR DE PUERTO RICO,64243000,3998000,59000
940674,2022,Hometown Bank,275960,20728,0
940731,2022,Havana National Bank,334662,29991,152
940852,2022,Citizens State Bank Of Lankin,53698,5885,0
941541,2022,Peoples Bank Of Altenburg,75086,7693,0
941804,2022,Bank Of Holland,194511,14564,0
942454,2022,PEOPLES NATIONAL BANK,164721,24891,0
942539,2022,Peoples Bank and Trust Company of Pickett County,206253,23331,137
942847,2022,Bodcaw Bank,168627,17630,0
943143,2022,First Security Bank,76459,9108,0
943152,2022,First State Bank of Fountain,40455,3518,0
943273,2022,The Peoples Savings and Loan Company,75350,8250,0
943675,2022,Mechanics Bank,795374,60045,0
943853,2022,Frost State Bank,48047,6947,0
943974,2022,First Federal Bank,221473,22672,0
944047,2022,THE NAPOLEON STATE BANK,408746,37607,1771
944337,2022,Century Bank & Trust,372684,35835,0
944355,2022,First National Bank,405074,54015,0
944627,2022,CNB BANK INC,538096,42641,1886
944739,2022,"The Bank of LaFayette, Georgia",393390,36394,0
944748,2022,Farmers State Bank,78991,9952,0
944935,2022,State Bank Of Industry,55836,8524,0
945026,2022,Commercial Bank & Trust Of Pa,471698,56593,0
945053,2022,RCB Bank,4129644,287366,7718
945071,2022,San Luis Valley Federal Bank,392038,52554,908
945950,2022,Grand Marais State Bank,133976,8636,320
946274,2022,Bedford Federal Savings Bank,171664,19289,1479
946555,2022,Llano National Bank,280902,29459,0
947525,2022,MARION CENTER BANK,389435,26793,0
947749,2022,The North Salem State Bank,532972,43099,0
947776,2022,Charles River Bank,328960,22721,0
948036,2022,Farmers-Merchants Bank Of Illinois,308943,28958,119100
948250,2022,Peoples Bank www.peoplesbk.com,267353,25229,0
948278,2022,Wrentham Co-operative Bank,158433,17093,0
948531,2022,Bank of Newington,172941,15642,0
949154,2022,Texas Bank And Trust Company,3857221,376221,304
949453,2022,First Security Bank - Hendricks,44746,4788,0
950141,2022,Mid-Missouri Bank,873959,71346,1574
950178,2022,First Federal Bank Of Kansas City,823491,124387,11642
950356,2022,Security State Bank Of Hibbing,178793,15196,0
950758,2022,Security Bank USA,217192,18860,235
951102,2022,Monson Savings Bank,589996,50986,0
952172,2022,Everett Co-operative Bank,666492,77356,1301
952257,2022,THE STATE BANK OF WYNNEWOOD,106356,15058,0
952677,2022,ESSA Bank & Trust,1865581,186852,388
952846,2022,BANK fka Iowa State Bank,110546,15311,0
953535,2022,Fortress Bank,555533,47267,6656
953843,2022,PONY EXPRESS BANK,324038,26788,0
953852,2022,Ynb,233221,21346,0
954158,2022,FARMERS AND MERCHANTS BANK OF NORTH DAKOTA,118689,10943,0
954251,2022,Citizens Bank of Eldon,202325,22030,0
954279,2022,StonehamBank A Co-Operative Bank,684707,69405,0
954653,2022,CITIZENS STATE BANK OF LULING,73124,11125,0
954671,2022,First Southern Bank,247511,25424,0
955548,2022,SENB Bank,373572,32099,432
955753,2022,River Falls State Bank,126081,14550,0
955940,2022,OBannon Banking Company,270837,22886,0
955959,2022,SECURITY STATE BANK,435108,43749,700
955977,2022,BANK 34,527086,57650,0
956134,2022,Lasalle State Bank,181860,15538,0
956152,2022,Independent Farmers Bank,159173,12636,0
956255,2022,First National Bank of River Falls,353418,32748,469
956358,2022,Security Bank Of The Ozarks,132279,9310,0
956376,2022,"Bank of Easton, A Cooperative Bank",191512,19896,0
956527,2022,INDEPENDENCE BANK,188046,25157,0
956554,2022,The Bank of Grain Valley,114409,21482,0
956750,2022,Rio Bank,745346,69890,0
956938,2022,PriorityOne Bank,895997,84578,5631
956956,2022,Farmers State Bank of Calhan,371632,32962,0
957757,2022,Community Bank And Trust,415896,31286,423
958204,2022,First County Bank,1973511,185171,0
958231,2022,Community Bank of Easton,42360,9111,0
958558,2022,The Stock Exchange Bank,307976,43453,0
958727,2022,American National Bank & Trust Company,3327290,285260,8481
958763,2022,Normangee State Bank,143280,21146,0
959304,2022,Flushing Bank,8047301,840105,0
959443,2022,CITIZENS DEPOSIT BANK OF ARLINGTON,273316,39336,0
959630,2022,Bank of Lumber City,26199,4025,0
959715,2022,ATLANTIC COMMUNITY BANKERS BANK,733036,127577,0
960047,2022,Bank of Calhoun County,85006,6956,0
960551,2022,Prairie Sun Bank,107292,8362,0
960560,2022,The Oakwood Bank,702532,65805,0
960935,2022,Queensborough National Bank & Trust Co.,2069851,154210,14013
961259,2022,The Citizens Bank,847508,72582,0
961343,2022,The Shelby State Bank,378549,29427,582
961400,2022,ESSEX SAVINGS BANK,557297,45917,0
961446,2022,Bay Port State Bank,139215,10179,0
961576,2022,"El Dorado Savings Bank, F.S.B.",2841533,259198,0
961624,2022,"Dollar Bank, A Federal Savings Bank",10312436,1019656,1655
961811,2022,"First State Bank of the Southeast, Inc.",361414,32833,311
962313,2022,The Citizens Bank,196644,13158,0
962890,2022,Citizens Community Federal N.A.,1739119,170870,6670
962966,2022,Golden Pacific Bank,174662,15759,0
963002,2022,Bay State Savings Bank,491580,44831,0
963730,2022,Union National Bank,362778,37700,0
963945,2022,Merchants Bank Of Indiana,10994199,1088621,3754257
963954,2022,The Merchants And Farmers Bank Of Salisbury,122144,9517,0
964157,2022,Valuebank Texas,308541,30399,0
964250,2022,Citizens Bank & Trust,120145,12141,0
965051,2022,First State Bank,81437,9111,0
965789,2022,Susser Bank,1458568,149337,9165
966272,2022,First Fsb Of Mascoutah,148788,15667,0
966722,2022,Kingston National Bank,477081,44808,0
966731,2022,First National Bank,307084,28505,0
966973,2022,West Plains Savings And Loan Association,90854,19400,0
967046,2022,First State Bank Of Middlebury,759108,84006,278
967952,2022,West Plains Bank,125903,18730,0
968070,2022,Capitol Federal Savings Bank,9624571,1118470,404
968155,2022,"First National Bank, Cortez",133952,12950,0
968249,2022,Peoples Bank,415716,32955,542
968744,2022,First Choice Bank,395401,45024,0
969059,2022,First Security Bank - West,71219,8083,0
969255,2022,Guaranty Bank & Trust Co. of Delhi,340569,29566,112
969639,2022,"FNB Bank, Incorporated",252614,22958,0
969844,2022,Guthrie County State Bank,183781,17710,0
969956,2022,ZAVALA COUNTY BANK,80964,9945,0
970055,2022,FIRST BANK ELK RIVER,400673,32130,372
971070,2022,"Dalhart Federal Savings   Loan Association, SSB",124948,14336,0
971379,2022,"Hertford Savings Bank, Ssb",15589,2232,0
971959,2022,Bravera Bank,2253278,197896,4831
972143,2022,Westside State Bank,153090,11902,0
972406,2022,Boston Trust Walden Company,55532,22925,0
972648,2022,PLANTERS BANK & TRUST COMPANY,1763876,151078,0
972732,2022,First National Bank Of Pulaski,1168987,114916,1809
972750,2022,Conway Bank,105594,8127,0
972769,2022,GBC International Bank,706055,79472,0
972862,2022,Plains State Bank,783271,96674,0
973252,2022,Swedish-American State Bank,52128,6024,0
974558,2022,First National Bank and Trust Company of Bottineau,159610,18727,0
974754,2022,Community Bank Of Louisiana,726637,56909,0
975153,2022,Unico Bank,424329,36676,0
975256,2022,Delta Bank,451072,37249,0
975452,2022,First National Bank of Gilbert,69307,4241,0
975555,2022,First National Bank - Jasper,338260,37529,0
975751,2022,CIBC National Trust Company,304618,115275,0
975854,2022,GLENWOOD STATE BANK,459156,35853,0
976534,2022,Bank Of Farmington,222697,22069,0
976552,2022,Core Bank,796827,70300,4255
976703,2022,"BESSEMER TRUST COMPANY, N.A.",3047663,237550,0
976954,2022,FARMERS STATE BANK,17315,1922,0
977045,2022,RIVERSIDE BANK,62136,5601,5398
977250,2022,Midwest Independent BankersBank,253531,41054,0
977616,2022,THE NATIONAL BANK OF MALVERN,196162,25772,0
977652,2022,Johnson City Bank,158835,15789,0
977951,2022,Border Bank,875918,76082,1290
978118,2022,First Citizens Community Bank,2140937,181562,4554
978417,2022,First City Bank,72224,8548,0
978622,2022,Mars Bank,505127,39124,0
979133,2022,Flanagan State Bank,262541,26269,11507
979151,2022,Auburn State Bank,223832,34366,0
979357,2022,Kahoka State Bank,67982,5589,0
979375,2022,"Sterling Bank and Trust, F.S.B.",2877305,382509,64987
979629,2022,First National Bank,1014122,71951,838
979759,2022,"KARNES COUNTY NATIONAL BANK OF KARNES CITY, THE",461686,49028,0
980438,2022,FIRST STATE BANK OF FORREST,254045,22326,0
980531,2022,JD Bank,1333132,120183,706
980661,2022,First Hawaiian Bank,24992103,1769214,538
980773,2022,Eaton Community Bank,436877,55893,295
980951,2022,Woodlands National Bank,350967,30839,708
980960,2022,Benchmark Bank,1266092,87941,0
981275,2022,Premier Bank,7423952,725600,162947
981350,2022,Dickinson County Bank,18823,1871,0
981453,2022,Farmers State Bank Of Hoffman,35276,3935,0
982142,2022,"Cecilian Bank, The",1384857,128034,0
982348,2022,Iowa State Bank,903778,98315,179
982553,2022,Stockmens Bank,445038,43583,0
983055,2022,First Bank Of Bancroft,29900,3955,0
983158,2022,Grant County State Bank,43320,4801,0
983457,2022,"Armed Forces Bank, National Association",1230840,171908,30615
983550,2022,Home State Bank,214692,19999,0
984258,2022,First National Bank & Trust Company of Ardmore,615559,56209,0
984351,2022,Farmers Bank & Trust,130040,11382,0
984454,2022,Security State Bank of Kenyon,78146,6793,188
984650,2022,FARMERS & MERCHANTS BANK,9341,728,0
984856,2022,"Tipton Latham Bank, National Association, The",163277,17545,0
985451,2022,Exchange Bank and Trust Company,177002,16725,0
985479,2022,Wayne Savings Community Bank,637075,51819,272
986159,2022,First State Bank Of Le Center,105350,10479,0
986551,2022,THE FIRST NATIONAL BANK OF LE CENTER,133314,14048,0
986757,2022,Battle Creek State Bk,38415,4462,0
986935,2022,BANK OF ALAPAHA,245238,20796,0
987053,2022,Lake Area Bank,423563,51701,11641
987231,2022,Community State Bank,267679,27476,0
987259,2022,Sandhills State Bank,343514,27678,0
987352,2022,RAMSEY NATIONAL BANK,319780,28670,59
987576,2022,"The Liberty Savings Association, Fsa",31968,6457,0
987651,2022,Garden Plain State Bank,141915,18099,0
987848,2022,Community State Bank,172201,15039,0
988144,2022,"Clare Bank, National Association",357916,36384,0
988153,2022,The Western State Bank,625251,63349,348
988256,2022,The First National Bank Of Mcintosh,33506,6827,0
988452,2022,First Bethany Bank & Trust,276049,24622,0
989141,2022,Iowa Falls State Bank,150163,15805,0
989347,2022,Cross County Bank,327841,39224,0
989534,2022,785,127884,17687,0
989730,2022,Tower Community Bank,268951,26065,942
989758,2022,Bankwest Of Kansas,146796,14714,0
989851,2022,Bank of Maple Plain,112206,12217,0
990053,2022,Security State Bank of Marine,196237,17891,0
990352,2022,United Bank & Trust,761106,83107,0
990642,2022,The First National Bank of Allendale,330467,30778,243
991078,2022,Boonville Federal Savings Bank,62815,5345,0
991135,2022,The State Bank Of Geneva,108683,10444,0
991340,2022,1st Source Bank,8096004,891457,13284
991359,2022,First Missouri Bank Of Semo,237646,19855,0
991555,2022,"Citizens National Bank, The",216016,21097,0
991621,2022,Citizens Bank and Trust Company,566719,61645,0
991854,2022,PEOPLES STATE BANK,18981,1551,0
992851,2022,STOCK GROWERS BANK,309198,26538,0
993250,2022,First Community Bank,188889,17362,727
994435,2022,United Bank,976897,96160,63
994770,2022,"Milford Building And Loan Association, Sb",32039,2975,11
995076,2022,Cache Valley Bank,3083491,228318,6092
995272,2022,Hatboro Federal Savings,585479,126159,0
995517,2022,"The Peoples Bank of Kentucky, Inc",381369,41548,0
995571,2022,South Georgia Bank,208962,22467,0
995674,2022,SSB Community Bank,164654,12106,0
995955,2022,Kress National Bank,47550,5090,0
996260,2022,CTBC Bank Corp. (USA),4329500,596798,9690
997155,2022,Baldwin State Bank,97132,9467,0
997557,2022,First State Bank Of Harvey,98949,9076,0
997847,2022,Bank Of Prairie Du Sac,609087,80874,1924
998358,2022,Howard State Bank,84291,6749,0
998648,2022,Elkton Bank & Trust Company,168980,19851,0
998657,2022,The Farmers Bank,78490,8500,0
998844,2022,Peoples Bank,801659,81668,1267
999355,2022,GARY STATE BANK,17632,2257,0
999935,2022,First Century Bank,521941,45207,191
1000052,2022,Washington County Bank,539752,52005,2297
1000276,2022,The Pittsfield Co-operative Bank,397368,48405,0
1000641,2022,Citizens State Bank of New Castle,803618,67156,0
1000856,2022,BAXTER STATE BANK,27692,5122,0
1000959,2022,Eagle Bank,212030,23479,0
1001059,2022,Security Bank And Trust Company,718518,65256,0
1001152,2022,International Bank of Commerce -Laredo,9291812,1287687,2326
1001639,2022,PARKWAY BANK AND TRUST COMPANY,2880119,318949,0
1001648,2022,CARROLLTON BANK,3095714,201086,17880
1001853,2022,CITIZENS BANK,273759,32434,238
1002373,2022,Savers Bank,678062,73489,0
1002458,2022,Sicily Island State Bank,73471,8942,0
1002878,2022,NORTHWEST BANK,14606175,1467362,25056
1002953,2022,American Bank,143904,13731,0
1003455,2022,Astra Bank,409757,31881,203
1003558,2022,Grand Rapids State Bank,281812,24270,0
1003839,2022,M C Bank & Trust Company,374829,74365,0
1003950,2022,The Bank of Orrick,43619,3169,0
1004256,2022,BUTTE STATE BANK,51147,5586,0
1004470,2022,Hometown Bank,1354366,120019,0
1005075,2022,Dearborn Federal Savings Bank,272389,77754,0
1005552,2022,Valley State Bank,180553,20475,0
1005655,2022,Red River State Bank,133183,12753,0
1005851,2022,Cedar Rapids State Bank,70373,5872,4072
1006148,2022,Farmers State Bank,1079068,131234,410
1006157,2022,Farmers State Bank of Hamel,188779,16183,270
1006513,2022,Bank Of The Bluegrass And Trust Co.,321353,34582,75
1006559,2022,Bank Star,171195,14316,0
1006652,2022,Franklin State Bank & Trust Company,220763,18010,0
1007015,2022,Central Bank & Trust Company,3890954,354116,6598
1007051,2022,TPNB Bank,98440,13745,0
1007154,2022,Progressive Bank,774030,66322,363
1007417,2022,"First National Bank And Trust Company,The",1307673,107980,0
1007734,2022,Barwick Banking Company,161336,20736,0
1007752,2022,Arcadian Bank,181439,22241,0
1007819,2022,The Fidelity Deposit and Discount Bank,2420900,190039,31727
1007846,2022,First Midwest Bank,21629046,1679538,32511
1007873,2022,Cross County Savings Bank,577410,55117,0
1007930,2022,Iroquois Farmers State Bank,145554,11262,0
1007958,2022,Clarkson Bank,68197,6855,0
1008076,2022,Haddon Savings Bank,399153,36431,0
1008151,2022,Bendena State Bank,95210,8130,0
1008209,2022,NATIONAL IRON BANK,257092,17641,0
1008432,2022,MERCHANTS AND MANUFACTURERS BANK,360039,29501,0
1008450,2022,Community State Bank,39337,3576,0
1008553,2022,Commercial Bank of Mott,121412,14145,0
1008674,2022,Reading Co-Operative Bank,722463,61638,0
1008955,2022,Valley Premier Bank,128175,12497,0
1009242,2022,Btc Bank,907625,89309,634
1009354,2022,Security Bank of Kansas City,3659182,387949,0
1009756,2022,Guaranty State Bank & Trust Co.,355531,39731,0
1009840,2022,MAYNARD SAVINGS BANK,69173,10021,0
1010015,2022,CITIZENS BANK COMPANY,293554,33509,0
1010574,2022,AMERICAN COMMUNITY BANK OF INDIANA,287798,26534,657
1011432,2022,"MOUNTAIN VALLEY BANK, N. A.",185615,21911,0
1011526,2022,City National Bank of West Virginia,5955821,492721,0
1011553,2022,FIRST BANK OF BELOIT,110004,11611,0
1011638,2022,Primesouth Bank,1064683,89273,3758
1011656,2022,"Stearns Bank Of Holdingford, National Association",98368,20286,0
1011852,2022,The Culbertson Bank,14419,2075,0
1011955,2022,First United Bank,347344,29081,234
1012251,2022,First State Bank & Trust Company,606354,79899,0
1012457,2022,Rolette State Bank,45504,3814,0
1012671,2022,NVE Bank,715808,117813,0
1013070,2022,Norwood Cooperative Bank,707771,95637,0
1013650,2022,State Bank Of Bern,108924,17156,0
1013744,2022,PEOPLES SAVINGS BANK,50417,4936,0
1014059,2022,SOUTHWEST BANK OF WEATHERFORD,86805,9924,0
1014125,2022,Bank of Charles Town,709715,72106,528
1014246,2022,Cedar Valley Bank & Trust,101873,7484,0
1014255,2022,State Bank of Jeffers,36864,3804,0
1014376,2022,Citizens Savings Bank,272626,37747,0
1014451,2022,American Exchange Bank,58733,5768,0
1014554,2022,State Bank of Bottineau,95280,8080,0
1014657,2022,New Era Bank,422252,42690,0
1014853,2022,Citizens Bank Of Kansas,487853,40672,190
1015252,2022,Lea County State Bank,571252,51971,1598
1015270,2022,Home Bank SB,415823,47035,1678
1015458,2022,Global Innovations Bank,34650,2872,0
1015467,2022,Crockett National Bank,631706,94012,0
1015560,2022,"Industrial And Commercial Bank Of China (USA), National Association",2991239,406899,0
1015832,2022,Bank Of Early,168820,17403,0
1015841,2022,Community Bank & Trust Company,284304,22869,118
1015850,2022,Lake Elmo Bank,541594,43929,869
1016174,2022,Ozarks Federal Savings And Loan Association,244139,38896,0
1016231,2022,Mountain Commerce Bank,1334733,130095,315
1016259,2022,The Bennington State Bank,938490,98191,0
1016558,2022,Generations Bank,44357,4272,0
1016718,2022,JACKSON COUNTY BANK,177405,39877,0
1016848,2022,COUNTY BANK,122551,9575,0
1016857,2022,Citizens Bank of Las Cruces,905074,80587,4704
1016941,2022,INTERCITY STATE BANK,241076,46931,1325
1017425,2022,The Killbuck Savings Bank Company,758613,65020,378
1017555,2022,First Community Bank,80405,7157,0
1017564,2022,Commercial State Bank,109476,9216,0
1017854,2022,The Farmers State Bank of Blue Mound,57431,8589,0
1017939,2022,United Community Bank,20897645,1738557,44109
1017957,2022,CENTER NATIONAL BANK,269950,24373,0
1018927,2022,1st Security Bank of Washington,2286020,270765,125810
1157415,2022,State Bank of Texas,1322130,198402,0
1158878,2022,Charlotte State Bank & Trust,598756,47987,0
1160509,2022,PREMIER BANK OF THE SOUTH,311414,25820,0
1161216,2022,Northmark Bank,452310,53399,0
1162017,2022,United Security Bank,1330191,125416,0
1163283,2022,Citizens Bank & Trust Inc.,132271,12700,0
1169650,2022,Amerasia Bank,886830,103209,0
1176881,2022,Beal Bank,2099796,594932,0
1176920,2022,Community State Bank,82523,6029,0
1186965,2022,Englewood Bank & Trust,521913,39260,0
1187001,2022,InterBank,4139800,365736,1388
1187551,2022,The Bankers Bank of Kentucky,124556,16900,0
1188772,2022,FIRST COMMUNITY BANK OF TENNESSEE,748340,101669,247749
1188987,2022,Peoples Independent Bank,422847,34490,0
1190476,2022,ENTERPRISE BANK & TRUST,13498982,1201391,6389
1191352,2022,Waycross Bank & Trust,220821,22881,0
1211371,2022,Saratoga National Bank & Trust Company,857146,83432,0
1216022,2022,Synchrony Bank,86064000,13074000,3298000
1216321,2022,Republic First Bank Dba Republic Bank,5616268,328065,13762
1216826,2022,Silvergate Bank,16004847,1546693,893194
1218446,2022,Bankers' Bank Of Kansas,195934,30731,0
1222519,2022,First Metro Bank,944541,89199,2648
1222948,2022,Prairie State Bank & Trust,848859,88271,1715
1225752,2022,Commercial Bank,294822,19684,993
1225761,2022,Wells Fargo National Bank West,18863981,1907136,10111
1225798,2022,PORT RICHMOND SAVINGS,103445,16668,0
1228034,2022,First Bank & Trust Company,769911,103606,485
1229198,2022,THE UNIVERSITY NATIONAL BANK OF LAWRENCE,104043,7737,208
1293078,2022,Peoples Bank,174069,16224,0
1356768,2022,Enterprise Bank and Trust Company,4447819,394658,0
1369870,2022,FIRST FINANCIAL TRUST NATIONAL ASSOCIATION,12568,8667,0
1386251,2022,Bancfirst,8265835,929816,24776
1387203,2022,Liberty Bank Minnesota,303851,32983,1577
1387605,2022,Northwest Bank,2278779,186549,11821
1391778,2022,Comenity Bank,9793432,1929237,0
1394621,2022,METRO BANK,985099,127974,976
1394676,2022,AMERICAN EXPRESS NATIONAL BANK,126330139,13084886,166
1396764,2022,Berkshire Bank,671401,124985,0
1397471,2022,BANK OF LITTLE ROCK,282843,25722,13999
1402384,2022,North Alabama Bank,150790,13487,0
1404481,2022,Bank of the Lowcountry,297429,26942,0
1404883,2022,BURLING BANK,208312,19750,0
1412619,2022,1st Constitution Bank,1903178,184511,7275
1412712,2022,"Community West Bank, National Association",1156925,98950,23408
1414819,2022,HELM BANK USA,908464,99521,0
1416279,2022,"Prudential Bank And Trust, Fsb",17842,14149,0
1418255,2022,TUSTIN COMMUNITY BANK,86761,11335,0
1429028,2022,Keystone Bank SSB,494821,53645,964
1435092,2022,Texas National Bank,171199,14995,0
1436071,2022,Drummond Community Bank,985322,96720,14103
1436204,2022,BANK OF MARIN,4313965,367109,0
1440117,2022,Community First Bank,672265,58517,19150
1443266,2022,"Bank of America California, National Association",28952000,2219000,0
1444021,2022,"BlackRock Institutional Trust Company, N.A",4530825,807754,0
1445943,2022,"WHITAKER BANK, INC",2063401,230975,0
1447639,2022,Weststar Bank,2607974,243214,0
1456501,2022,"MORGAN STANLEY BANK, N.A.",191917000,18960000,8820000
1458608,2022,Gulf Coast Bank And Trust Company,2823154,225228,24117
1459717,2022,FCB BANKS,2026686,170669,12958
1459735,2022,COUNTY BANK,592646,55014,3098
1459799,2022,First Peoples Bank,265994,20477,0
1462986,2022,Asian Pacific National Bank,59523,10152,0
1469677,2022,"Heritage Bank, Inc.",1463835,109988,0
1470150,2022,First Farmers & Merchants National Bank Fairmont,130569,16498,0
1474309,2022,Community Bank & Trust - Alabama,50557,3817,0
1478231,2022,CORNERSTONE COMMUNITY BANK,250326,24530,0
1479470,2022,Woodlands Bank,573113,51049,636
1481745,2022,Premier Bank Minnesota,352416,30025,0
1481754,2022,Premier Bank Rochester,324815,25670,127
1492817,2022,FIRST KANSAS BANK,278524,20348,0
1493319,2022,"Gateway Bank, F.S.B.",175343,15443,0
1494482,2022,Sound Banking Company,101877,5374,0
1494914,2022,Shinhan Bank America,1919589,214744,0
1629903,2022,"Associated Trust Company, National Association",71869,44841,0
1718188,2022,Northrim Bank,2710167,189447,73650
1718469,2022,Colorado Federal Savings Bank,2085239,236404,249600
1820979,2022,"The Trust Comany of Toledo, N.A.",4484,3727,0
1826382,2022,The Morris Plan Company Of Terre Haute,123722,33952,0
1836701,2022,ENTERPRISE BANK,444333,43525,727
1842065,2022,CIBC Bank USA,48488487,4531048,77450
1852569,2022,"Anz Guam, Inc.",437930,45162,0
1862719,2022,First Bank and Trust,1271623,118686,7965
1863097,2022,Ledyard National Bank,768745,61945,114
1864197,2022,OAK VALLEY COMMUNITY BANK,1964554,132664,0
1867983,2022,Citizens First Bank,3978260,388696,15554
1872941,2022,Arbor Bank,530797,42795,10136
1872996,2022,Monona Bank,1198733,107342,821
1879016,2022,Today's Bank,297008,26686,0
1883321,2022,"First American Trust, FSB",7400632,501344,0
1885932,2022,Crescent Bank & Trust,1010491,180259,0
1890525,2022,Unity Bank,2022383,202133,27373
1892154,2022,First National Bank of Coffee County,401587,34986,0
1893049,2022,"Charles Schwab Premier Bank, SSB",39183000,2629000,0
1914421,2022,Rock Canyon Bank,814371,71695,0
1917301,2022,"Lake Forest Bank & Trust Company, N.A.",7595757,586701,0
1918344,2022,Preferred Bank,6047211,579240,0
1929247,2022,"SouthState Bank, National Association",41822249,3431069,191723
1940747,2022,"Desjardins Bank, National Association",322382,33228,0
1945247,2022,United Bank of Philadelphia,64379,6547,17500
2002222,2022,Citizens Community Bank,310998,35329,0
2006024,2022,International Bank of Chicago,890158,97757,0
2007991,2022,CITIZENS COMMUNITY BANK,473303,48978,427
2009605,2022,STARION BANK,1755068,171125,1299
2010722,2022,Village Bank,416392,32601,182
2037185,2022,First Community Bank of East Tennessee,200238,20331,0
2044811,2022,"Wheaton Bank & Trust Co., N.A.",2927527,234218,0
2044820,2022,Community Bank of Elmhurst,195230,16722,0
2051127,2022,AMERICAN NATIONAL BANK-FOX CITIES,357442,46654,0
2059990,2022,Priority Bank,96005,8949,8492
2068107,2022,Capital Community Bank,522298,77962,9218
2078290,2022,Columbia State Bank,20934572,1716186,9774
2107181,2022,Fds Bank,147337,47889,503
2107341,2022,First Community Bank Of The Ozarks,144832,14450,0
2119773,2022,"Hinsdale Bank & Trust Company, N.A.",4108642,352916,0
2121196,2022,"TD Bank USA, NA",29741240,3302932,0
2122997,2022,CREDIT FIRST NATIONAL ASSOCIATION,34732,32497,0
2123930,2022,The Bank Of Milan,117990,7444,0
2132594,2022,Catskill Hudson Bank,579152,42094,0
2132941,2022,The National Bank of Indianapolis,3164337,216671,979
2140348,2022,"Allied First Bank, SB",167115,23399,1327
2142155,2022,Quad City Bank And Trust Company,2144667,224253,0
2163477,2022,"Raymond James Trust, NA",54695,46698,0
2164111,2022,Wisconsin River Bank,182057,19028,0
2182786,2022,"Goldman Sachs Bank, USA",434075000,42535000,17006000
2193616,2022,Raymond James Bank,38107223,2674597,229836
2209553,2022,Heritage Bank of Commerce,5496724,451586,2367
2218443,2022,Frontier Bank,278868,23799,0
2232757,2022,Charlevoix State Bank,312876,23113,2345
2233875,2022,"Natbank, National Association",221842,32504,0
2236821,2022,"Patriot Bank, National Association",948245,93923,3129
2239288,2022,"Wintrust Bank, N.A.",9586442,844613,0
2253891,2022,Capital One Bank USA-National Association,120283298,17391749,2709695
2262718,2022,"Synovus Trust Company, National Association",126973,94665,0
2265456,2022,"Wilmington Trust, National Association",11990636,779521,0
2297998,2022,EVERTRUST BANK,995389,174046,0
2298995,2022,"Village Bank & Trust, N.A.",2281007,206828,0
2304636,2022,Community Bank,149461,15246,319
2305969,2022,Tnbank,289150,25598,745
2316714,2022,PARK RIDGE COMMUNITY BANK,423339,62657,0
2317672,2022,First American State Bank,270040,25793,0
2325882,2022,"Deutsche Bank Trust Company, National Association",155685,137678,0
2328137,2022,First Community Bank,1583958,132918,7120
2328285,2022,"Private Trust Company, National Association, The",23382,18935,0
2329200,2022,Bay Bank,216826,19086,0
2332910,2022,First Commercial Bank (USA),814543,147477,1537
2333140,2022,Neighborhood National Bank,107091,10976,3425
2337335,2022,"Umb Bank & Trust, National Association",3042,3042,0
2339599,2022,Capitol Bank,489119,54681,296
2339795,2022,"Libertyville Bank & Trust Company, N.A.",2231362,191716,0
2339900,2022,Illinois Bank & Trust,1686959,126869,0
2343167,2022,PAN AMERICAN BANK & TRUST,433810,36542,0
2344753,2022,Thomasville National Bank,1461710,113150,1461
2349459,2022,First Bank,606139,47691,911
2353595,2022,First Community Bank,3183928,271806,0
2354323,2022,Greater Community Bank,324426,32852,0
2354387,2022,Quantum National Bank,642022,64002,0
2354985,2022,Customers Bank,19555791,1526583,16254
2356091,2022,"First United Bank And Trust Company, Inc.",490494,44650,0
2358769,2022,BNC National Bank,1046501,114626,80923
2362458,2022,"Wells Fargo Bank South Central, National Association",5618931,747975,161237
2371816,2022,West Pointe Bank,320391,55237,0
2372774,2022,Summit Community Bank Inc.,3555648,364125,227
2385514,2022,"The First, A National Banking Association",6066913,588334,7678
2390929,2022,Bank of Ann Arbor,3348573,268069,2922
2391588,2022,ONB Bank,142494,14968,0
2396592,2022,Peoples Bank of Seneca,340718,28654,0
2396604,2022,The Bank of Star Valley,363356,33481,0
2398701,2022,"Modern Bank, National Association",782411,81539,0
2434113,2022,Bank Rhode Island,3188881,260679,0
2451240,2022,Pacific Coast Bankers Bank,1421917,134880,0
2465881,2022,PLATTE VALLEY BANK - SCB,936665,85195,1212
2467670,2022,Applied Bank,224760,42000,0
2471239,2022,CFG Community Bank,2634154,247936,22569
2482824,2022,GREAT PLAINS NATIONAL BANK,1079912,105339,8502
2483120,2022,SURREY BANK & TRUST,480535,51373,0
2483438,2022,Community Bank Of The Bay,715449,67806,0
2489805,2022,"MORGAN STANLEY PRIVATE BANK, N.A.",154830000,10293000,7000
2490285,2022,FIRST NATIONAL BANK,93790,9193,0
2497181,2022,PLANTERS BANK INC.,1416938,167056,787
2502656,2022,USAA Savings Bank,2151681,530921,0
2502825,2022,Dsrm National Bank,4051,3395,0
2505424,2022,Wolf River Community Bank,261005,30685,0
2505451,2022,The Citizens Bank of Georgia,477634,42678,0
2505460,2022,THE BANK,355683,37050,0
2508751,2022,"Barrington Bank & Trust Company, N.A.",3348940,353629,817920
2512347,2022,CITIZENS COMMERCE BANK,313856,33283,421
2515320,2022,Fortis Private Bank,1121793,96030,0
2529176,2022,Security National Bank of South Dakota,248058,27127,160
2531562,2022,1st Equity Bank,141266,21788,0
2531991,2022,"Wells Fargo Delaware Trust Company, National Association",232581,231797,0
2533043,2022,AMERICAN METRO BANK,87804,9776,0
2533119,2022,NorthSide Community Bank,325441,48628,0
2536633,2022,Hiawatha Bank & Trust Company,100166,10279,0
2539960,2022,Premier Bank,551675,67504,0
2562137,2022,NORTHSTAR BANK,239723,20389,0
2562164,2022,Coastal Community Bank,2632697,201782,0
2567123,2022,"U.S. Bank Trust Company, National Association",21516,21473,0
2568063,2022,First Command Bank,1082818,77983,0
2576134,2022,WebBank,1460454,245377,198632
2577739,2022,"Bank Of Jackson, The",238784,20643,194
2580243,2022,American Bank,848173,81333,906
2587916,2022,Marine Bank & Trust Company,547293,42652,614
2594240,2022,Encore Bank,1632951,171175,8694
2594419,2022,Edison National Bank,558229,36543,0
2596646,2022,FIRST COMMUNITY BANK,2049696,176783,11082
2597223,2022,"Legacy Trust Company, National Association",30720,27292,0
2598396,2022,Prairie Community Bank,167261,13043,0
2600039,2022,"Computershare Trust Company, National Association",1041787,124151,0
2602828,2022,STATE BANK,41794,7522,0
2605566,2022,Eaglemark Savings Bank,384022,59073,11438
2607412,2022,Spring Valley Bank,86127,31232,0
2608754,2022,Mercantile Bank Of Michigan,5238290,516175,16117
2610784,2022,Key Community Bank,85361,7349,0
2614344,2022,Peoples Bank Of East Tennessee,359686,33894,0
2615190,2022,Merrick Bank Corporation,4735936,1183535,1525
2615220,2022,Community First Banking Company,261450,26453,0
2618780,2022,Texas Capital Bank,34726171,3173170,8123
2619714,2022,Alliance Bank,309955,40804,0
2621285,2022,Millennial Bank,113733,10919,0
2621940,2022,The Community Bank,165341,16192,0
2624400,2022,"Crystal Lake Bank & Trust, N.A.",1355480,131730,0
2625724,2022,Southwestern National Bank,856490,102172,0
2631172,2022,State Bank Financial,478650,39644,187
2631846,2022,North American Banking Company,950258,72067,87
2634191,2022,Glacier Bank,25919785,2147660,60797
2634351,2022,Macatawa Bank,2928502,246239,1407
2641827,2022,New Covenant Trust Company,7151,6758,0
2642598,2022,Community First Bank,594091,51941,4669
2643595,2022,Pacific Crest Savings Bank,250870,30221,0
2649122,2022,New Mexico Bank & Trust,2623597,198728,0
2649177,2022,The Pitney Bowes Bank Inc.,767138,75306,0
2651899,2022,Cedar Hill National Bank,13948,11103,0
2652092,2022,EagleBank,11799111,1261518,47218
2654911,2022,Principal Bank,7625018,541113,10343
2661861,2022,People's Bank Of Commerce,859744,76952,1408
2666400,2022,INDEPENDENT BANK,1290156,133167,9431
2667920,2022,U.S. Bank Trust National Association SD,123935,122618,0
2667939,2022,FARMERS & MERCHANTS BANK OF COLBY,329321,46025,0
2667957,2022,Nebraskaland Bank,883293,86098,0
2668598,2022,Portage Community Bank,474414,47659,1593
2684552,2022,American Bank of Oklahoma,362341,33203,5533
2686211,2022,Crown Bank,593760,121097,0
2687133,2022,Premier Bank,403347,32394,0
2687487,2022,"TCM Bank, N.A.",309542,55822,0
2693264,2022,"Town Bank, N.A.",3426753,262859,0
2694681,2022,American First National Bank,2287371,249669,0
2694944,2022,Alliance Bank,146239,14339,0
2696180,2022,First Community Bank Of Hillsboro,143305,13117,0
2697963,2022,"City First Bank of D.C., N.A.",1092804,98590,0
2700984,2022,Wex Bank,4090381,366121,0
2702764,2022,Community Bank of Oelwein,107683,13468,0
2705112,2022,Charter Bank,216019,21385,155
2705895,2022,Metropolitan Commercial Bank,7114693,566836,4107
2708122,2022,Virginia National Bank,1970721,149078,0
2713920,2022,"Stifel Trust Company, National Association",906795,66614,0
2716088,2022,RESOURCE BANK,993963,97360,0
2716828,2022,Premier Bank of Arkansas,227414,27382,0
2718596,2022,First Trust Bank Of Illinois,385599,32482,0
2719810,2022,The Chicago Trust Company,117925,114124,0
2723376,2022,ClearPoint Federal Bank   Trust,117399,18895,0
2724766,2022,Community Bank Of Memphis,57061,6425,0
2726050,2022,First Central Bank McCook,129053,14451,0
2728661,2022,GrandSouth Bank,1203455,123345,0
2729677,2022,"Nationwide Trust Company, FSB",188248,35133,0
2730431,2022,Enterprise Bank,379659,33990,0
2732565,2022,PEOPLES SAVINGS BANK,456397,45017,300
2733263,2022,"American Bank and Trust Company, N.A.",469148,42051,1058
2734729,2022,AMERICAN BUSINESS BANK,3912276,283678,0
2735137,2022,Freedom Financial Bank,232535,20331,0
2735146,2022,"TIAA, FSB",39076186,3564746,0
2736219,2022,"Transportation Alliance Bank, Inc. Dba Tab Bank",1192754,118691,15589
2736291,2022,Popular Bank,10398890,1309397,0
2736451,2022,"New Peoples Bank, Inc.",794409,79274,0
2736714,2022,Mission Bank,1482100,134036,22895
2737980,2022,Northpointe Bank,4726840,434124,2203448
2743244,2022,Red River Bank,3224522,286595,4290
2744782,2022,Union Bank,1158054,98706,0
2745426,2022,Legends Bank,756446,61876,6137
2745529,2022,Thrivent Trust Co.,25226,13505,0
2746245,2022,Commerce Bank,155560,16763,0
2746263,2022,FirstCapital Bank of Texas,2041502,199788,572
2747279,2022,Settlers Bank,148657,17607,0
2747466,2022,Exchange Bank Of Northeast Missouri,209790,19108,0
2747587,2022,NBKC Bank,1041605,156381,201876
2748502,2022,Synergy Bank,842951,76796,0
2749059,2022,Boundary Waters Bank,117525,15046,0
2753917,2022,Idaho Trust  Bank,206820,17138,0
2754222,2022,New Republic Bank,86814,10737,0
2756730,2022,Commercial Capital Bank,256404,24444,0
2756909,2022,"Connecticut Community Bank, N.A.",705183,53817,0
2757205,2022,"MVB Bank, Inc.",2789075,321282,0
2758613,2022,First Internet Bank Of Indiana,4206869,432181,47745
2759629,2022,FIRST NATIONAL BANK OF HEREFORD,228372,21341,0
2760232,2022,Village Bank,746175,74124,5141
2764212,2022,Parke Bank,2136044,273884,0
2765602,2022,First Citrus Bank,659702,53386,1043
2769570,2022,Petit Jean State Bank,222644,32078,0
2769954,2022,North Georgia National Bank,198983,16701,0
2771694,2022,First Home Bank,917272,99656,115592
2774707,2022,ITS BANK,9242,8730,0
2775151,2022,A B & T,256834,21936,192
2775179,2022,Community First Bank,598168,47373,551
2775692,2022,"Community Bank of Wichita, Inc.",103562,8729,0
2785477,2022,Asian Bank,335088,36735,0
2785646,2022,Old Missouri Bank,770271,84019,0
2787770,2022,Bank Of The James,977506,78888,1628
2788656,2022,"Lone Star Capital Bank, National Association",468359,45615,0
2791085,2022,Sunstate Bank,494078,49164,0
2791517,2022,STATE BANK,324748,33006,0
2793593,2022,Southern Bank Of Tennessee,376613,42166,224
2794732,2022,OPTUS BANK,315458,31602,0
2796277,2022,The Philadelphia Trust Company,24156,16631,0
2797162,2022,Sauk Valley Bank & Trust Company,583065,49927,887
2797210,2022,"Old Point Trust & Financial Services, N.A.",7227,6162,0
2797359,2022,FIRST CENTRAL SAVINGS BANK,763755,69292,43167
2797724,2022,TowneBank,16361399,1418156,358303
2800491,2022,Heartland National Bank,658568,48623,1067
2805535,2022,FIRST SECURE COMMUNITY BANK,496374,39091,0
2805928,2022,MADISON COUNTY COMMUNITY BANK,171035,13825,0
2806635,2022,Yampa Valley Bank,515780,41602,0
2806840,2022,Wyoming Community Bank,216114,18828,0
2806877,2022,The Federal Savings Bank,796563,165755,487886
2807173,2022,CURRENCY BANK,98539,20040,0
2808602,2022,"Capital Bank, NA",2014131,169384,15989
2809373,2022,National Advisors Trust Company,15972,13751,0
2811086,2022,Preferred Bank,67353,5778,0
2815879,2022,GREAT AMERICAN BANK,276999,25570,0
2819167,2022,Farm Bureau Bank FSB,799549,91773,0
2819242,2022,The Murray Bank,443894,36167,0
2820604,2022,Millennium Bank,550549,47093,0
2823221,2022,GEORGIA COMMUNITY BANK,408164,42005,0
2826017,2022,"The Glenmede Trust Company, N.A.",124930,50339,0
2833882,2022,New Millennium Bank,540808,50463,6666
2834759,2022,Evergreen Bank Group,1196312,159967,0
2835103,2022,Freedom Bank Of Southern Missouri,610055,49554,0
2836306,2022,Buckeye Community Bank,206095,25625,0
2838207,2022,Seattle Bank,762091,87421,0
2839053,2022,Old Mission Bank,137960,15231,0
2839790,2022,First Reliance Bank,908003,88168,23844
2845755,2022,Flagler Bank,497257,46127,0
2845782,2022,"Bessemer Trust Company of California, N.A.",13791,13781,0
2847085,2022,Southern Illinois Bank,159326,17971,0
2847142,2022,Cogent Bank,1076177,89636,3648
2849285,2022,BankVista,471597,44670,3403
2849463,2022,First Capital Bank,386873,36976,0
2849801,2022,Southern First Bank,2925939,302217,13556
2850722,2022,BMW Bank of North America,11696297,1764413,0
2850768,2022,CORNERSTONE BANK,325590,25241,825
2855866,2022,Four Corners Community Bank,475872,51144,0
2855978,2022,Leaders Bank,352881,44431,0
2857600,2022,OAK BANK,432669,41049,283
2858492,2022,Freedom Bank,548497,58176,0
2858960,2022,The Bancorp Bank,6847710,677644,64141
2860039,2022,Community Bank Of The South,261221,19234,0
2860271,2022,Crown Bank,317700,25850,0
2860459,2022,"Auto Club Trust, Fsb",579580,53546,1977
2861317,2022,Branson Bank,320351,25884,140
2867337,2022,Five Star Bank,2557072,255807,10671
2869162,2022,American Community Bank & Trust,899987,89825,0
2871099,2022,TriStar Bank,446924,39156,487
2871558,2022,AMERICAN COMMUNITY BANK,266884,31803,0
2873598,2022,Cypress Bank & Trust,75977,15858,0
2877345,2022,InsBank,698073,71662,0
2877484,2022,ALAMERICA BANK,16036,2376,0
2877831,2022,Bank of Brookhaven,233191,21903,0
2877840,2022,First Ic Bank,942129,103862,21461
2880019,2022,Finwise Bank,373830,65503,60748
2881445,2022,"The MassMutual Trust Company, FSB",93889,29024,0
2882983,2022,Citizens First Bank,281938,25011,0
2883971,2022,Western Heritage Bank,300644,30285,0
2887399,2022,CenterBank,272037,30478,2603
2889227,2022,Alpine Capital Bank,327506,58985,0
2896216,2022,Florida Business Bank,189062,22599,0
2897633,2022,HOMETOWN BANK OF CORBIN,264742,21612,0
2901558,2022,Champion Bank,84856,16356,0
2903123,2022,Bank of Oak Ridge,582719,58052,0
2905761,2022,Twin City Bank,72015,6645,0
2907019,2022,COMMUNITY FIRST NATIONAL BANK,290729,32425,2882
2907439,2022,California First National Bank,172366,40473,0
2909330,2022,AIG Federal Savings Bank,39404,37094,0
2912750,2022,Security National Trust Company,6058,5668,0
2913702,2022,Bank of Franklin County,324655,29480,131
2914268,2022,Fidelity Personal Trust Company,67597,56748,0
2914727,2022,UNITED NATIONAL BANK,290841,36283,0
2915461,2022,North State Bank,1395387,96320,7024
2916534,2022,"M.Y. Safra Bank, FSB",386185,42044,2780
2916963,2022,U.S. Bank Trust National Association,686741,661912,0
2917184,2022,NEW FRONTIER BANK,135018,12285,0
2917317,2022,Axos Bank,14047081,1366038,38874
2919423,2022,"Canyon Community Bank, National Association",160310,14762,0
2919898,2022,American Bank & Trust Company Inc.,614390,62725,584
2920287,2022,"Century Bank of Kentucky, Inc.",161438,16696,0
2920773,2022,1st Colonial Community Bank,682068,65168,9957
2921211,2022,Century Bank Of Georgia,336131,26498,0
2921622,2022,"Citizens Bank Of Cumberland County, Inc.",89262,10355,0
2921659,2022,Capital Bank And Trust Company,131396,69265,0
2925620,2022,"Chino Commercial Bank, National Association",378177,36586,0
2925666,2022,Pinnacle Bank,38275134,3464265,63491
2929392,2022,Cornerstone National Bank & Trust Company,949282,84198,4582
2938198,2022,"Northbrook Bank and Trust, N.A.",4127534,320243,0
2938769,2022,OXFORD UNIVERSITY BANK,206320,21204,0
2939001,2022,Century Bank of Florida,99392,8378,0
2939391,2022,Peoples Bank,204593,28053,0
2941068,2022,Nicolet National Bank,7686307,664688,205585
2942690,2022,SIGNATURE BANK,118445427,8127884,386765
2942823,2022,United Bank Of El Paso Del Norte,333572,35460,0
2943615,2022,Community Bank of Pickens County,518582,53170,0
2947556,2022,First Electronic Bank,78734,27624,33168
2948058,2022,First Commercial Bank,669426,69598,5188
2948423,2022,THE BANK OF CLOVIS,283428,31033,0
2949970,2022,United Trust Bank,76559,7695,20902
2953418,2022,OptimumBank,350039,35338,0
2954059,2022,Bcb Community Bank,2966215,299247,952
2954497,2022,WILLAMETTE VALLEY BANK,407850,75224,60974
2958972,2022,Northstar Bank,913384,72559,205
2960555,2022,American Heritage Bank,121751,12325,0
2960788,2022,"Wheaton College Trust Company, National Association",3797,3588,0
2963266,2022,First Carolina Bank,1418011,183149,0
2963275,2022,Mission Bank,194076,12244,0
2963864,2022,TRADITIONS FIRST BANK,213175,15857,524
2967796,2022,PEOPLES BANK OF MIDDLE TENNESSEE,174137,21522,0
2970657,2022,"Schaumburg Bank & Trust Company, N.A.",1553924,141228,0
2973041,2022,First Community Trust National Association,14470,8540,0
2973386,2022,SEI Private Trust Company,216532,201469,0
2980209,2022,Barclays Bank Delaware,29416000,4621000,227000
2986407,2022,"Westfield Bank, FSB",1913683,191228,500
2989006,2022,Guardian Bank,515587,52602,0
2992547,2022,"John Deere Financial, F.S.B.",2787135,673898,0
2997216,2022,COMMUNITY BANK OF SANTA MARIA,414933,34174,0
2997748,2022,"First Century Bank, National Association",485914,69490,0
2998576,2022,Celtic Bank,1929681,354454,44186
3005097,2022,COMMUNITY BANK OF MISSOURI,76874,9075,87
3010363,2022,Bankcda,247440,25021,0
3015939,2022,AMG National Trust  Bank,605032,65537,0
3016347,2022,Georgia Banking Company,1164122,108025,249446
3017081,2022,Northwestern Mutual Wealth Management Company,395048,274176,0
3019982,2022,THE FREEDOM BANK OF VIRGINIA,877767,100654,13297
3020447,2022,Farmers Bank,317605,34595,0
3022076,2022,Beach Bank,597559,56897,3499
3022610,2022,Flatirons Bank,290635,24799,0
3025929,2022,GOGEBIC RANGE BANK,153712,14109,0
3027763,2022,Cornerstone Bank,354762,32107,0
3028902,2022,Premier Valley Bank,1224396,104336,0
3029253,2022,Everence Trust Company,13491,10659,0
3029589,2022,Cedar Rapids Bank And Trust Company,2023177,254279,1041
3032833,2022,Cheyenne State Bank,47612,6643,0
3034257,2022,First Community Bank of Central Alabama,564389,42065,335
3034695,2022,MAIN STREET BANK CORP.,606866,53277,0
3039636,2022,Mission Valley Bank,573753,50924,0
3040418,2022,Community Federal Savings Bank,565451,38308,0
3041358,2022,First Commerce Bank,151459,11685,0
3042234,2022,Bank of Brenham N.A.,660999,66280,408
3045383,2022,"Vanguard National Trust Company, National Association",107321,72052,0
3047659,2022,Dogwood State Bank,925089,110347,9330
3048487,2022,1st Bank Yuma,563017,46996,0
3049635,2022,Douglas National Bank,257341,25687,0
3049729,2022,PLUS INTERNATIONAL BANK,79510,13264,0
3052813,2022,Commercewest Bank,1365404,111711,0
3057818,2022,Apollo Bank,1044185,97137,0
3066025,2022,"The Goldman Sachs Trust Company, National Association",93458,71309,0
3067929,2022,Town & Country Bank,270222,27985,0
3068579,2022,Embassy Bank for the Lehigh Valley,1633617,123520,0
3070545,2022,"United Community Bank Of West Kentucky, Inc.",386830,41095,0
3075474,2022,First Chatham Bank,604777,47227,7453
3076220,2022,Stifel Bank,4843069,302231,0
3076248,2022,Stifel Bank & Trust,18959414,1274994,207715
3076453,2022,"Bank of Southern California, NA",2259329,225017,0
3076604,2022,"SIGNATURE BANK, NATIONAL ASSOCIATION",1307999,128081,0
3089752,2022,"Securian Trust Company, N.A.",15988,13681,0
3090833,2022,Drake Bank,193970,18207,0
3102893,2022,Washington Business Bank,108532,12842,0
3103591,2022,UNITED BANK & TRUST NA,126394,11042,0
3109043,2022,Bankwell Bank,2452445,232106,0
3109146,2022,"Leader Bank, National Association",3077235,361875,132083
3110197,2022,SouthEast Bank,2204883,192084,1352
3116519,2022,American Eagle Bank,351529,32436,0
3120646,2022,Patriot Bank,471428,41178,11348
3120897,2022,Heritage Bank,86562,9056,0
3122994,2022,Sanibel Captiva Community Bank,728808,44960,3093
3125315,2022,HIGHLANDS COMMUNITY BANK,188320,21970,0
3125557,2022,Oregon Coast Bank,422103,36506,0
3128923,2022,BANK OF LINCOLN COUNTY,191216,22481,0
3131400,2022,"Commerce Bank of Arizona, Inc",344630,33685,0
3134399,2022,Capital Bank of Texas,120907,22025,0
3134698,2022,Bank of Commerce,366814,34762,776
3138146,2022,Western Alliance Bank,55997292,4657506,5641384
3139321,2022,Community Bank Owatonna,77077,6686,0
3140822,2022,Liberty National Bank,516447,48971,0
3141726,2022,"Forcht Bank, National Association",1509253,127438,1055
3145797,2022,Traditions Bank,749092,64827,18391
3146150,2022,U.S. CENTURY BANK,1853939,171484,0
3148613,2022,Commerce National Bank & Trust,159803,14488,833
3150205,2022,Worthington National Bank,481106,39559,0
3150447,2022,"Charles Schwab Bank, SSB",420502000,28014000,0
3151417,2022,Maple Bank,97713,10082,0
3153233,2022,Metropolitan Capital Bank and Trust,262043,23352,0
3153297,2022,FIRST COMMERCE BANK,518979,46842,0
3154780,2022,Horizon Community Bank,539484,44645,0
3158546,2022,First Western Trust Bank,2522046,203164,30620
3160978,2022,Integrity Bank & Trust,323188,26025,0
3165357,2022,Community First Bank of Indiana,556452,39119,48644
3166699,2022,Tolleson Private Bank,972280,68404,0
3174920,2022,Citizens Bank & Trust,964857,87089,932
3180136,2022,Independence Bank,62391,20203,8520
3184228,2022,Falcon National Bank,811151,63533,504
3185579,2022,Clarion County Community Bank,204796,18926,0
3185896,2022,TRINITY BANK N.A.,431817,43113,0
3187612,2022,Arizona Bank & Trust,1969184,147098,0
3187630,2022,Forbright Bank,4678422,563648,596838
3189063,2022,COMMERCIAL BANK OF CALIFORNIA,2028541,158705,0
3194692,2022,Traditions Bank,545003,49185,0
3199811,2022,Heritage Bank of the Ozarks,246437,20759,0
3202702,2022,Optum Bank,14893589,1772465,0
3211937,2022,Texstar National Bank,448623,40972,0
3212149,2022,UBS BANK USA,121064212,8403789,0
3212402,2022,Pacific City Bank,2149703,250145,37026
3213333,2022,COMMUNITY BANK OF GEORGIA,165080,15300,0
3213735,2022,First Financial Trust & Asset Management Co NA,40797,38180,0
3214059,2022,Avidbank,2159605,155680,0
3216017,2022,"Beverly Bank and Trust Co, N.A.",1811267,179487,0
3216316,2022,American Continental Bank,336086,40323,0
3217331,2022,The Hometown Bank of Alabama,528471,58296,0
3217957,2022,Mainstreet Community Bank Of Florida,769519,66032,2650
3219269,2022,Members Trust Company,41723,35786,0
3220863,2022,Continental Bank,220057,31275,0
3221468,2022,Veritex Community Bank,9754099,994351,26007
3223305,2022,1st State Bank,456542,38171,1967
3223408,2022,Homeland Community Bank,228757,15267,308
3223417,2022,Gateway Bank,275398,21948,0
3224302,2022,First Southwest Bank,428501,32708,0
3224375,2022,Golden State Bank,526048,47647,0
3224478,2022,HERITAGE COMMUNITY BANK,140387,13468,0
3224580,2022,Comenity Capital Bank,10522820,1752706,0
3228908,2022,Medallion Bank,1542395,262247,90
3229642,2022,American Investors Bank And Mortgage,94923,10583,2485
3229875,2022,First National Trust Company,38673,26006,0
3232204,2022,POPPY BANK,4058335,412252,0
3232370,2022,First National Bank of Decatur County,295528,22529,0
3235410,2022,Santa Cruz County Bank,1701250,159959,69507
3243282,2022,Summit Bank,898010,89601,0
3247589,2022,Redwood Capital Bank,595994,50928,480
3248849,2022,Mainstreet Bank,1647008,215662,0
3253834,2022,Lakeview Bank,152033,12689,0
3254297,2022,Bank Of Walker County,88953,8546,1216
3262788,2022,Cedarstone Bank,265030,25712,0
3267738,2022,Valliance Bank,590351,53163,0
3268173,2022,EMIGRANT MERCANTILE BANK,3383,2880,0
3268249,2022,Greene County Commercial Bank,1051599,84209,0
3270046,2022,VISIONBank,274174,22144,1160
3271799,2022,Meridian Bank,1713318,196500,80882
3271986,2022,Timberline Bank,646914,46114,0
3272956,2022,"American Commerce Bank, National Association",424857,51884,0
3274709,2022,Coastal States Bank,1610074,130858,81453
3276543,2022,Alliance Bank & Trust Company,230246,15539,0
3277241,2022,Empire State Bank,515469,50297,0
3280625,2022,Providence Bank & Trust,1361041,135058,180
3281510,2022,United Business Bank,2329894,250624,6470
3282012,2022,PEOPLESTRUST BANK,138595,14534,0
3282692,2022,First Sound Bank,139945,14261,0
3282852,2022,Howard Bank,2476127,290517,0
3284070,2022,Ally Bank,172820000,17253000,549000
3284397,2022,Beal Bank USA,5386455,2623045,0
3284445,2022,"T Bank, National Association",578219,63302,33762
3284490,2022,Sterling Bank,1387533,151346,0
3285246,2022,FIRST STATE BANK,59269,6355,0
3285778,2022,Nantahala Bank & Trust Company,231595,14540,0
3286999,2022,Bank Of Grand Lake,239140,17352,0
3287660,2022,Toyota Financial Savings Bank,4410685,907854,0
3288452,2022,Paragon Bank,538832,49629,4032
3290240,2022,Truxton Trust Company,901679,78060,0
3293540,2022,Pacific Valley Bank,499319,43007,0
3296859,2022,One World Bank,138791,20170,0
3297490,2022,Texas Brand Bank,345109,35338,0
3303298,2022,"Citizens Bank, National Association",188069637,17039056,3391844
3303944,2022,Pacific West Bank,274693,33690,0
3303953,2022,Pioneer Commercial Bank,424642,33473,0
3306280,2022,Legacy National Bank,934460,76218,3398
3306598,2022,United Citizens Bank of Southern Kentucky,188103,25401,0
3308529,2022,Bank Of Bozeman,107665,9058,0
3308574,2022,Paramount Bank,153010,15692,33156
3309393,2022,"1st Trust Bank, Inc.",262138,25430,0
3309571,2022,Prime Alliance Bank,551705,66689,0
3310287,2022,"Bessemer Trust Company of Delaware, N.A.",21902,20240,0
3312124,2022,Visionbank,250656,19355,0
3314043,2022,First Resource Bank,338992,27949,0
3314119,2022,Freedom Bank,141590,12032,0
3316739,2022,Southern Trust Bank,209458,20424,0
3317192,2022,1St Advantage Bank,133621,13530,0
3317932,2022,ConnectOne Bank,8128599,891730,250
3320576,2022,EH NATIONAL BANK,317850,32048,0
3320781,2022,Two Rivers Bank & Trust,981440,95966,366
3322468,2022,Verus Bank Of Commerce,278443,35876,0
3325759,2022,Primis Bank,3402518,372076,0
3337097,2022,Commonwealth Business Bank,1809170,180145,158128
3340725,2022,Quontic Bank,916091,104194,526775
3340903,2022,Legacy State Bank,143169,15265,0
3341393,2022,Flint Community Bank,290457,24535,0
3342671,2022,Anchor Bank,245784,21152,0
3343146,2022,Sumner Bank & Trust,217765,20025,0
3344321,2022,Tradition Capital Bank,1786164,141090,400
3346268,2022,SAVIBANK,479161,38081,2839
3346633,2022,Eagle Bank,97517,10459,1460
3347603,2022,"Eclipse Bank, Inc.",292541,27259,1320
3347911,2022,Austin Capital Bank SSB,414678,28135,14932
3348468,2022,PEACH STATE BANK & TRUST,552063,46378,1344
3348888,2022,SERVISFIRST BANK,15447515,1185661,1114
3349241,2022,First Resource Bank,469065,35482,0
3350658,2022,First Vision Bank of Tennessee,371122,35115,7460
3350724,2022,Signature Bank Of Arkansas,851707,88854,2738
3353154,2022,BMO Harris Central National Association,7990,6973,0
3354599,2022,St. Louis Bank,609213,52955,0
3356191,2022,BRYANT BANK,2632604,205336,5449
3357077,2022,Visionbank,193108,15502,0
3357219,2022,Open Bank,1726548,163402,89428
3357385,2022,Bank Of San Francisco,599449,55004,0
3357620,2022,HSBC Trust company (Delaware) NA,55108,54340,0
3357947,2022,Connections Bank,99364,9565,0
3358270,2022,Huron Valley State Bank,237116,19051,150
3366239,2022,Commerce State Bank,837128,85377,1534
3368635,2022,Paradise Bank,377712,34468,0
3368925,2022,Spring Bank,297700,29831,0
3370133,2022,Sunrise Bank,373745,36057,0
3370357,2022,Valley Bank Of Nevada,204954,13997,0
3374234,2022,Riverland Bank,181716,20358,0
3374382,2022,Triad Bank,693225,61987,1690
3374403,2022,Bank of Belleville,349802,27739,1216
3374412,2022,Oakstar Bank,1855749,156314,14788
3376733,2022,LincolnWay Community Bank,276839,31287,0
3377235,2022,"Centrust Bank, National Association",159204,16168,5208
3378773,2022,BRIDGEWATER BANK,3473066,375688,0
3382547,2022,Department Stores National Bank,714661,454331,0
3383665,2022,First Missouri State Bank Of Cape County,179096,16250,0
3384372,2022,FortuneBank,260509,22194,22777
3384952,2022,Idaho First Bank,554700,46875,912
3385744,2022,Noblebank & Trust,381098,34537,0
3386264,2022,FIRST GENERAL BANK,1246519,180665,5484
3386536,2022,SouthPoint Bank,718818,62426,7363
3387140,2022,United Republic Bank,158517,20928,0
3388165,2022,Noah Bank,316881,29276,0
3388482,2022,American Riviera Bank,1306540,91921,0
3390337,2022,California Business Bank,121611,11947,0
3390627,2022,Signature Bank Of Georgia,211192,20102,0
3391718,2022,Belmont Bank & Trust Company,879008,88625,0
3392975,2022,Freedom Bank,233289,21771,0
3393851,2022,Putnam 1st Mercantile Bank,157241,16048,0
3394278,2022,Sallie Mae Bank,29218292,3314657,0
3394380,2022,"California International Bank, N.A.",89932,11439,0
3397233,2022,Solera National Bank,652544,58271,0
3398623,2022,Fresno First Bank,1079350,122951,3811
3401970,2022,First Bank,2510298,246375,0
3402913,2022,Banesco Usa,2133232,186147,0
3404207,2022,Old Plank Trail Community Bank NA,2147323,177956,0
3404373,2022,First Commerce Bank,1134437,171619,0
3404467,2022,First National Bank of Michigan,887008,71250,0
3404506,2022,Providence Bank,702032,76093,0
3404999,2022,Flagship Bank,442812,43537,0
3407084,2022,LCA Bank Corporation,170191,27951,0
3408728,2022,b1BANK,4729100,438898,1200
3410141,2022,"Bank Of Lexington, Inc.",286948,33248,828
3411773,2022,First Farmbank,338686,30414,0
3412417,2022,Jonah Bank Of Wyoming,510754,46133,4422
3415463,2022,Reliant Bank,2996642,354945,79969
3419416,2022,John Marshall Bank,2147194,232458,0
3428258,2022,DR Bank,449193,43354,0
3429219,2022,Heritage Bank & Trust,255185,21310,0
3435948,2022,Column National Association,453294,44204,0
3437148,2022,First Freedom Bank,607108,61290,631
3437157,2022,River Bank & Trust,2395648,185704,15501
3437166,2022,Patriot Community Bank,207627,30861,3402
3437456,2022,METRO CITY BANK,3111820,270306,0
3437483,2022,Signature Bank,1675054,128607,0
3438958,2022,RiverBank,184002,17117,0
3440803,2022,Golden Valley Bank,473677,37921,0
3440830,2022,"Texas Citizens Bank, National Association",545846,56726,0
3441677,2022,E*TRADE Savings Bank,9772988,1628713,0
3445460,2022,Western States Bank,535347,52602,0
3445901,2022,River City Bank,231204,23153,0
3446225,2022,Table Rock Community Bank,150899,10488,0
3446784,2022,Community Bank Delaware,288113,25430,420
3447576,2022,American Momentum Bank,2777617,295900,11606
3447820,2022,"Esquire Bank, National Association",1157542,122059,0
3448162,2022,LONE STAR BANK,149994,17978,176
3448425,2022,Community Bank of Pleasant Hill,114804,10287,0
3449066,2022,Investar Bank National Association,2510088,244541,620
3451050,2022,River Valley Community Bank,600654,45093,0
3455227,2022,Pinnacle Bank,738471,66495,0
3459207,2022,Mountain Pacific Bank,612543,55049,0
3459216,2022,Town Center Bank,149349,14280,0
3463875,2022,Austin County State Bank,307855,27146,0
3465226,2022,Citywide Banks,2696695,244722,0
3465392,2022,Pegasus Bank,1045699,82056,0
3466988,2022,The First Bank of Greenwich,590696,47649,0
3468450,2022,Central Bank,265134,23257,354
3470097,2022,Bank of Montana,209891,16150,0
3470154,2022,US METRO BANK,968285,101636,2811
3470239,2022,"Ameriprise Bank, FSB",12473237,853121,0
3470930,2022,Friendly Hills Bank,292937,18226,0
3472046,2022,Frontier Bank of Texas,600003,57077,0
3472859,2022,Newbank,548004,59712,0
3475083,2022,Tristate Capital Bank,12926161,960955,0
3476192,2022,Carter Bank & Trust,4133175,438533,228
3479018,2022,The Community Bank,156993,12912,0
3480069,2022,West Valley National Bank,115221,10779,0
3481703,2022,Sabal Palm Bank,426592,30151,0
3482045,2022,Embassy National Bank,117791,19518,0
3482111,2022,MRV Banks,631530,54485,0
3485215,2022,"Texas Advantage Community Bank, National Association",161626,15404,0
3485420,2022,Cornerstone Community Bank,603280,49028,0
3487433,2022,MERCHANTS COMMERCIAL BANK,398955,31885,0
3487947,2022,UniBank,455659,64276,20783
3488579,2022,Central Bank,406341,31749,0
3489035,2022,The Piedmont Bank,1787986,162210,0
3489071,2022,Lewis & Clark Bank,444448,43980,0
3490871,2022,Pacific Enterprise Bank,518208,63233,0
3517590,2022,Hyperion Bank,287788,34975,0
3529315,2022,Edward Jones Trust Company,117959,107665,0
3531176,2022,Southern Independent Bank,322528,34193,0
3532641,2022,SmartBank,4606198,358703,5103
3535848,2022,ACCESSBANK TEXAS,568146,54368,1852
3537897,2022,Commencement Bank,531242,52147,0
3538009,2022,Platinum Bank,533418,38124,458
3545258,2022,CalPrivate Bank,1516105,140219,24658
3546862,2022,Pacific Alliance Bank,372293,45113,0
3547131,2022,FineMark National Bank & Trust,3374556,303168,0
3547896,2022,Millennium Bank,283227,27955,0
3548567,2022,Texas Partners Bank,2062206,159415,2667
3548763,2022,Peoplefirst Bank,224737,22544,0
3555248,2022,FIRST SECURITY BANK OF NEVADA,336058,52976,0
3555695,2022,"Atlantic Capital Bank, NA",3818842,410494,2087
3561771,2022,GLOBAL BANK,231976,30463,18594
3567269,2022,Select Bank,395272,33058,0
3579589,2022,Allegiance Bank,7096226,566483,0
3588312,2022,Bank Of Central Florida,963095,70065,0
3588424,2022,"Waterford Bank, N.A.",1532949,118716,2433
3591004,2022,Redstone Bank,227403,23859,0
3592047,2022,"Goldwater Bank, National Association",348453,48885,70776
3593307,2022,Gold Coast Bank,464523,49897,15027
3594005,2022,CrossFirst Bank,5612772,623605,0
3594087,2022,Hometown Bank Of Pennsylvania,303487,25734,0
3594797,2022,1St Capital Bank,999192,80819,0
3595271,2022,The Bank Of Princeton,1687682,204493,0
3595637,2022,"Pioneer Bank, Ssb",1578928,166191,0
3596250,2022,RELIANCE BANK,210931,21060,0
3596894,2022,Republic Bank of Arizona,231420,24309,0
3597211,2022,"Chain Bridge Bank, National Association",1218154,72647,0
3597677,2022,"Providence Bank Of Texas, Ssb",199502,22908,0
3599804,2022,Great Nations Bank,76196,9538,0
3603961,2022,The Victory Bank,443951,35211,337
3607062,2022,Lone Star State Bank of West Texas,1192178,130656,0
3608751,2022,Beneficial State Bank,1574432,131854,0
3610718,2022,Old Dominion National Bank,837499,92731,7760
3612525,2022,Level One Bank,2516065,222202,12902
3613559,2022,Vinings Bank,685614,47677,0
3614837,2022,Access Bank,914858,79725,5003
3614846,2022,Nebraska Bank Of Commerce,158043,16422,734
3614958,2022,California Bank Of Commerce,2020767,188635,0
3614976,2022,FVCbank,2198015,214442,0
3615021,2022,Cbank,251895,27622,0
3617856,2022,Community State Bank,158174,20131,0
3619216,2022,Texas Security Bank,969647,88437,1635
3623110,2022,"American Plus Bank, N.A.",591059,101074,0
3623969,2022,"FIRST NEW MEXICO BANK, LAS CRUCES",167434,18324,1659
3625664,2022,Settlers Bank,346135,38095,7369
3626184,2022,Turtle Mountain State Bank,225640,4766,0
3626858,2022,VCC Bank,228708,29626,0
3627109,2022,Frontier Community Bank,146701,15653,0
3629420,2022,Southern States Bank,1781732,168027,2400
3629484,2022,BankFlorida,271634,28489,0
3630323,2022,"Third Coast Bank, Ssb",2497555,268727,0
3633016,2022,First Cahawba Bank,179250,14940,0
3633173,2022,Alma Bank,1304568,132011,114
3634394,2022,Metro Phoenix Bank,411815,43166,193
3635029,2022,Nano Banc,1168961,120452,6295
3635551,2022,Guadalupe Bank,260105,21147,578
3636259,2022,Mountain View Bank Of Commerce,165194,17155,3873
3636428,2022,"Black Hills Community Bank, National Association",437389,46838,1217
3636446,2022,Bank of George,620089,90316,38744
3636914,2022,blueharbor bank,410809,39782,1156
3637247,2022,South Atlantic Bank,1228535,100522,9692
3637685,2022,First Foundation Bank,10171711,854075,501436
3637706,2022,COMMUNITY VALLEY BANK,277104,29690,0
3640359,2022,"Texan Bank, National Association",455358,47027,270
3645840,2022,Touchmark National Bank,421736,50615,574
3646397,2022,Georgia Primary Bank,285339,26157,0
3650563,2022,Regal Bank,572672,54924,0
3650808,2022,Live Oak Banking Company,8135391,640652,1116519
3655933,2022,Partners Bank of California,401683,40737,0
3664588,2022,Fieldpoint Private Bank & Trust,1417674,112177,0
3667132,2022,Gateway Commercial Bank,209827,20649,0
3671997,2022,American Pride Bank,231533,31955,0
3678857,2022,Northwest Bank,1094881,116679,0
3686928,2022,Minnesota Bank & Trust,865825,81637,0
3688043,2022,Parkside Financial Bank And Trust,785659,76690,0
3688548,2022,First Colony Bank of Florida,314151,24604,0
3688623,2022,Virginia Partners Bank,624283,52844,4064
3690121,2022,LIBERTY CAPITAL BANK,442874,41990,0
3690596,2022,PROGRESS BANK AND TRUST,1779568,159509,16223
3690635,2022,Mega Bank,456116,49978,0
3690701,2022,Prime Meridian Bank,841095,70548,11768
3715444,2022,Capstar Bank,3129211,348902,83715
3716852,2022,Marlin Business Bank,836756,165565,0
3719648,2022,Meadows Bank,1419814,147180,55224
3720336,2022,GenuBank,158793,26387,0
3720608,2022,Oakworth Capital Bank,1205914,92069,0
3721605,2022,Spring Bank,368811,42535,0
3729124,2022,Freedom Bank,609961,60327,0
3750650,2022,Suncrest Bank,1396213,132820,0
3783313,2022,Cross River Bank,9157125,730944,1127249
3783948,2022,"Rbc Bank (Georgia), National Association",6018212,521296,0
3786435,2022,Intracoastal Bank,524706,38919,0
3793714,2022,Hanover Community Bank,1458180,132006,0
3804535,2022,SPRINGFIELD FIRST COMMUNITY BANK,882885,91625,1791
3807880,2022,One Florida Bank,1370119,111413,0
3812147,2022,Grand River Bank,489326,44430,1014
3816154,2022,New Horizon Bank,125232,14694,0
3816163,2022,"CornerStone Bank, National Association",190933,18326,0
3816190,2022,Oak View National Bank,345127,28966,0
3816510,2022,Professional Bank,2662830,208997,165
3821037,2022,R Bank,902882,85293,2844
3821626,2022,The MINT National Bank,346257,43333,10042
3821822,2022,Coastal Carolina National Bank,757802,60216,4169
3832127,2022,PromiseOne Bank,593492,71205,5755
3835454,2022,Royal Business Bank,4222510,499559,5957
3843392,2022,New Haven Bank,165151,16822,0
3851427,2022,Gateway First Bank,1879005,275896,801203
3869123,2022,Coastal Bank & Trust,174128,20997,0
3885123,2022,Valley Republic Bank,1378618,144637,0
3918898,2022,CIT Bank N.A.,47562923,5493847,46731
3938186,2022,"BankUnited, N.A.",35685553,3419727,0
3939240,2022,"Evercore Trust Company, National Association",13325,12598,0
3943210,2022,Liberty Bank,175050,15678,0
3952904,2022,Canandaigua National Trust Company Of Florida,4032,3738,0
4032791,2022,"Brown Brothers Harriman Trust Co of Delaware, NA",15396,6004,0
4114567,2022,First Republic Bank,181087209,15677765,936
4125778,2022,"Stifel Trust Company Delaware, N.A.",387982,32036,0
4146830,2022,Neuberger Berman Trust Company of Delaware NA,8312,6178,0
4149037,2022,Neuberger Berman Trust Company NA,27967,14176,0
4165907,2022,Lakeside Bank,329618,27750,0
4210227,2022,Nbh Bank,7187889,637115,139142
4368351,2022,Key National Trust Company of Delaware,5812,5686,0
4397164,2022,Chilton Trust Company NA,21001,18854,0
4536084,2022,Bank Of Bird-In-Hand,795882,108095,0
4845861,2022,Primary Bank,670778,63845,0
5047505,2022,Fourth Capital Bank,398210,39825,0
5050028,2022,International Bank of Commerce - Oklahoma City,1953409,221567,0
5136959,2022,Beacon Community Bank,373703,36426,0
5143788,2022,Winter Park National Bank,797240,46587,0
5192496,2022,Endeavor Bank,429271,32824,0
5193989,2022,Infinity Bank,296826,28401,0
5205819,2022,Studio Bank,610884,54427,6585
5210989,2022,"Grasshopper Bank, NA",298863,44232,9500
5227101,2022,CommerceOne Bank,463770,53414,0
5230790,2022,American Bank of the Carolinas,111791,18290,0
5278251,2022,Charles Schwab Trust Bank,15941000,1143000,0
5303724,2022,Gulfside Bank,217297,21950,0
5312593,2022,Ohio State Bank,330657,44434,0
5313312,2022,Watermark Bank,232530,38144,0
5316920,2022,New Valley Bank & Trust,254299,28496,0
5332603,2022,Mi Bank,188266,18867,0
5336928,2022,Generations Commercial Bank,16294,9507,0
5342974,2022,Piermont Bank,364162,49752,0
5349218,2022,Trustar Bank,515975,45662,1971
5382514,2022,Gulf Capital Bank,320723,85916,0
5397639,2022,ADP Trust Company National Association,29412,24618,0
5398355,2022,Founders Bank,142314,23493,0
5398627,2022,Triad Business Bank,372982,58142,0
5401273,2022,Tandem Bank,131693,17581,0
5412457,2022,Lexicon Bank,247128,26447,0
5427684,2022,Loyal Trust Bank,113584,23782,0
5435988,2022,FWBANK,34939,21796,0
5448915,2022,The Millyard Bank,128615,17043,0
5472880,2022,Craft Bank,83195,22717,7291
5475452,2022,Gulf Atlantic Bank,68455,9033,0
5479478,2022,Riverside Bank Of Dublin,73805,22530,0
5514409,2022,Nelnet Bank,535948,103070,0
5518023,2022,"VARO BANK, NATIONAL ASSOCIATION",649283,334289,0
5528880,2022,FIRST BANK OF CENTRAL OHIO,82426,25686,0
5538937,2022,Classic City Bank,162809,18446,0
5543735,2022,Integrity Bank for Business,51072,21966,0
5561001,2022,"Anchorage Digital Bank, NA",28619,22436,0
5574430,2022,"RockPoint Bank, National Association",104173,27304,0
5582846,2022,"Square Financial Services, Inc.",220336,109504,18416
5591633,2022,"Plante Moran Trust, N.A.",16843,13929,0
5592340,2022,Climate First Bank,124459,39103,0
5620869,2022,GENESIS BANK,85797,45789,0
5650923,2022,Waterfall Bank,70959,42992,0
37,2023,BANK OF HANCOCK COUNTY,81497,16784,0
242,2023,"First Community  Bank, Xenia-Flora",56694,5447,0
279,2023,MINEOLA COMMUNITY BANK S. S. B.,416983,48762,0
354,2023,Bison State Bank,55069,7396,3558
457,2023,LOWRY STATE BANK,72812,5988,0
505,2023,Ballston Spa National Bank,753438,66377,0
1155,2023,First State Bank & Trust Company,464756,42379,326
1351,2023,Bank of Grandin,198121,30181,0
1454,2023,Hilltop National Bank,960547,119478,210
1669,2023,The Liberty National Bank In Paris,399086,50655,0
1856,2023,Washita State Bank,44090,6372,0
2161,2023,LAMAR NATIONAL BANK,371832,37081,0
2732,2023,"Albany Bank & Trust Co., National Association",705700,110444,0
2750,2023,Genoa Community Bank,68515,8132,0
3252,2023,FIRST NATIONAL BANK OF GORDON,319751,34891,0
3458,2023,Farmbank,77447,6170,0
3720,2023,"Bank Of Clarendon, The",393799,43962,60
3971,2023,Midcountry Bank,1102209,104931,0
4156,2023,Kanza Bank,278919,23894,0
4231,2023,FARMERS AND MERCHANTS BANK,159888,20284,0
5069,2023,First Credit Bank,581115,216687,0
5135,2023,First State Bank of Blakely,585309,90629,0
5210,2023,ACNB Bank,2487272,246184,123
5461,2023,BAC Community Bank,828225,81201,0
5751,2023,Kearny County Bank,265623,40839,0
6039,2023,Pineland Bank,394045,37495,0
6329,2023,Anderson Brothers Bank,1554014,149194,1950
7009,2023,Bessemer Trust Company,855988,105571,0
7045,2023,The Peoples Bank,274404,24628,0
7072,2023,Wallkill Valley Federal Savings And Loan Association,444366,37200,677
7456,2023,Bank of Hartington,134788,10958,0
7634,2023,THE FOUR COUNTY BANK,84966,11626,0
8033,2023,Peoples Bank And Trust Company Of Pointe Coupee Parish,336954,59767,0
8462,2023,Perryton National Bank,175618,28540,0
8631,2023,The Pleasants County Bank,78975,7296,0
9357,2023,Fidelity Bank,656371,71592,0
9553,2023,ADAMS COUNTY BANK,226220,20734,0
9807,2023,Amboy Bank,2683706,316740,0
9955,2023,Fusion Bank,197432,24971,0
10250,2023,"Bank Of Elk River, The",631063,54257,0
10849,2023,FIRST STATE BANK,294448,28281,0
11145,2023,Lake-Osceola State Bank,401813,45683,0
11640,2023,FIRST NATIONAL BANK OF CLARKSDALE,394357,46637,0
11837,2023,The Farmers Bank,146344,16371,0
12030,2023,FNB South,539144,84582,0
12142,2023,The Cleveland State Bank,307136,31106,0
12311,2023,The Huntington National Bank,182325674,15334191,529243
12647,2023,The Portage County Bank,211285,20615,0
12656,2023,EMERALD BANK,21271,2391,0
12946,2023,Farmers Bank & Trust Company,2502223,227510,8149
13103,2023,Bristol County Savings Bank,3093991,400926,1336
13251,2023,Elysian Bank,65808,7195,0
13457,2023,Bank Of Lewellen,25759,4474,0
14155,2023,F and C Bank,332117,33980,0
14650,2023,Bank Of Locust Grove,45588,5493,0
14753,2023,"Farmers State Bank Of Bucklin, Kansas, The",66040,5093,0
14865,2023,Bank Of Eastern Oregon,890181,68432,0
14977,2023,First Federal Bank Littlefield Texas ssb,57457,10715,0
16551,2023,Northview Bank,427321,44598,362
17110,2023,The Haverford Trust Company,169266,32575,0
17147,2023,First Merchants Bank,17923519,1641210,9094
17259,2023,The First National Bank In Marlow,70783,5354,0
17950,2023,"Bank Of Bridger, National Association",767763,70975,326
17978,2023,Elizabethton Federal Savings Bank,328286,128004,0
18050,2023,First National Bank of Bastrop,969875,111166,932
18827,2023,"NexTier Bank, N.A.",1991078,177554,0
18836,2023,Capon Valley Bank,201384,20678,0
18854,2023,Bank 7,1583235,143424,0
19356,2023,SECURITY BANK AND TRUST COMPANY,125638,10200,0
19936,2023,Citizens Bank of Americus,439361,38814,0
19972,2023,FARMERS BUILDING AND SAVINGS BANK,122317,23625,0
20053,2023,Security Bank,154195,20062,0
20633,2023,MCNB Bank And Trust Co.,358470,41114,0
20857,2023,FM BANK,481852,35611,0
21256,2023,State Bank Of Burrton,12075,1257,0
21359,2023,AMERICAN STATE BANK OF GRYGLA,72317,7148,0
21658,2023,ALLIANCE BANK,219584,21060,0
22048,2023,Union Bank & Trust Company,287427,28466,0
22543,2023,State Savings Bank,366226,30133,204
22552,2023,FIRST SOUTHEAST BANK,127823,9429,0
22730,2023,West Union Bank,276639,21827,0
23456,2023,The First National Bank Of Henning,302447,32041,0
23504,2023,Dime Community Bank,13173581,1286656,0
23643,2023,COMMERCIAL BANK & TRUST COMPANY,246218,23932,0
23755,2023,First National Community Bank,300835,26035,0
24006,2023,PCSB Bank,1949094,251494,0
24378,2023,The Galion Building And Loan Bank,74748,7674,0
24659,2023,Produce State Bank,122054,8947,0
24949,2023,BARABOO STATE BANK,517890,53047,0
25357,2023,All America Bank,523723,46517,0
25647,2023,First Secure Bank and Trust Co,349267,33754,0
26457,2023,La Monte Community Bank,44049,3663,0
26765,2023,Vantage Bank Texas,3354633,357928,170
27070,2023,Prevail Bank,931741,122373,0
27548,2023,Blackhawk Bank,1315093,118292,2190
27614,2023,The Andover Bank,571761,50259,0
27847,2023,DIAMOND BANK,784147,79734,0
28013,2023,Northfield Bank,5623771,710719,0
28152,2023,Harvest Bank,223966,16884,0
28675,2023,"Cumberland Federal Bank, Federal Savings Bank",238651,24289,0
28732,2023,Peoples Bank & Trust Co,146591,17010,0
29476,2023,Riverbank,91962,14469,0
29636,2023,The Citizens Bank Of Philadelphia,1323586,126105,141
29878,2023,Maspeth Federal Savings And Loan Association,2127713,710007,0
30052,2023,Amistad Bank,52313,6234,0
30502,2023,NORTHWAY BANK,1297773,111084,208
30650,2023,Lake Community Bank,164065,18279,0
30810,2023,Discover Bank,129461046,13446154,0
31134,2023,"First National Bank Of Waynesboro, The",201635,30759,0
31255,2023,Central Bank,975852,96214,276
31657,2023,"First State Bank of Ben Wheeler, Texas",195594,24930,0
31826,2023,Powell Valley National Bank,463718,43070,0
31835,2023,BANK OF ANGUILLA,183975,21786,0
32234,2023,First National Bank and Trust Company,420186,29712,0
32766,2023,Lakeside Bank,273359,32603,0
32971,2023,Security Federal Savings Bank,358106,38416,287
33147,2023,Farmers Bank And Trust Company,339494,33471,0
33259,2023,Premier Bank,1037682,104272,0
33370,2023,"Home Savings Bank, Fsb",25674,3207,0
33839,2023,Peoples State Bank of Colfax,42651,4643,0
33857,2023,Frontier Bank,1196346,113206,534
34434,2023,MAGNOLIA STATE BANK,420883,47794,0
34537,2023,Seacoast National Bank,12140146,1238500,3151
34555,2023,MA BANK,352825,33105,0
34742,2023,First Western Bank,635954,55426,1679
35057,2023,Alliant Bank,199413,19870,11343
35301,2023,STATE STREET BANK AND TRUST COMPANY,298020000,18273000,5000
35646,2023,Bonduel State Bank,100455,14675,0
35879,2023,East Wisconsin Savings Bank,270873,17732,0
36456,2023,Community First Bank,120023,13610,0
36933,2023,First State Bank,350306,33117,0
37051,2023,Oakwood Bank,117365,9667,0
37341,2023,Bank Of Ontario,78283,8098,0
37435,2023,United Bank,2419852,203118,906
37640,2023,GERMAN AMERICAN BANK,6150272,649221,8600
37659,2023,FARMERS STATE BANK,49676,6049,0
37949,2023,Bank of Rantoul,252278,26345,0
38740,2023,Owen County State Bank,326078,31303,0
39327,2023,"Calvin B. Taylor Banking Company Of Berlin, Maryland",904402,105721,0
39756,2023,NBC Oklahoma,894928,71209,0
40033,2023,Richton Bank & Trust,55454,8386,0
40499,2023,Harborone Bank,5362221,525522,18544
40855,2023,ESB Bank,154554,14768,0
41553,2023,First State Bank,117015,15129,0
41629,2023,Pioneer Bank,292726,32804,0
41825,2023,Middletown Valley Bank,930088,88985,4725
42037,2023,PEOPLES EXCHANGE BANK,92557,11821,0
42354,2023,THE COMMERCIAL NATIONAL BANK OF BRADY,243549,22265,0
42372,2023,First Federal Savings Bank Of Lincolnton,431413,75439,0
42420,2023,FIRST COMMONWEALTH BANK,9776999,906548,11869
42448,2023,FIRST NATIONAL BANK,2396440,240959,0
42457,2023,Commercial Bank,65494,7924,0
43052,2023,Security State Bank,120707,24145,0
43351,2023,Peoples State Bank,439956,47573,0
43856,2023,THE MINERS NATIONAL BANK OF EVELETH,91913,7159,0
43959,2023,Bridge City State Bank,201918,25838,0
44040,2023,"First National Bank Of Monterey, The",417275,49994,0
44433,2023,"Intercredit Bank, National Association",535219,50679,0
44741,2023,Citizens Bank,632031,59834,1340
44750,2023,Citizens Bank of the Midwest,178189,17512,0
44929,2023,First National Bank,188801,12584,0
45038,2023,STATE BANK OF DAVIS,169150,19082,0
45047,2023,The First National Bank At Paris,239997,26499,0
45056,2023,Platte Valley Bank,110827,13176,0
45430,2023,Johnson County Bank,148665,23155,0
45458,2023,Vintage Bank Kansas,221188,24838,0
45551,2023,Bank Midwest,1333552,113801,316
45560,2023,Jefferson Bank,2858671,243874,695
45775,2023,Iron Workers Savings Bank,213663,19092,0
46053,2023,The State Bank Of Faribault,285774,25415,0
46941,2023,Farmers Bank And Trust Company,191398,19521,0
47247,2023,The Dart Bank,931934,80825,11864
47256,2023,Community Financial Bank,47553,5760,0
47452,2023,FIRST NATIONAL BANK OF BENTON,82877,14175,0
47500,2023,Claremont Savings Bank,530980,70896,0
48057,2023,Prairie Bank of Kansas,128342,11215,0
48150,2023,Franklin State Bank,38725,5456,0
48374,2023,First Financial Bank,1436326,175257,2376
48440,2023,Cleveland State Bank,187935,18865,0
49054,2023,Commerce Bank,260083,28851,0
49148,2023,RUSHVILLE STATE BANK,125953,16843,0
49241,2023,Relyance Bank,1190663,153011,0
49652,2023,First Bank,148756,18873,0
49858,2023,Bank Of South Texas,155610,19676,0
49951,2023,The First Security Bank,135914,12458,0
50144,2023,state bank of medora,102200,14677,0
50461,2023,California Pacific Bank,82288,37561,0
51253,2023,APEX BANK,1141295,149725,0
51356,2023,Latimer State Bank,68918,14685,0
51459,2023,Centera Bank,324593,27742,0
51842,2023,FARMERS & MERCHANTS UNION BANK,449750,63090,309
52719,2023,The Depository Trust Company,3640409,677540,0
52951,2023,Security State Bank Of Oklahoma,332437,46531,0
53051,2023,The Buckholts State Bank,116963,17178,0
54058,2023,The Bank Of Tescott,437277,61952,0
54656,2023,Citizens State Bank,1210973,155963,0
54973,2023,"American Savings Bank, FSB",9545970,750851,824
55336,2023,METAIRIE BANK & TRUST,590392,62779,0
55635,2023,Citizens Savings Bank & Trust,149827,14488,0
55653,2023,Fidelity State Bank And Trust Company,156283,13234,0
55970,2023,Evergreen Federal Bank,633943,72179,0
56258,2023,"Citizens Bank & Trust Co., Hutchinson, Minn.",326369,23666,0
56351,2023,"VeraBank, N.A.",3954479,344011,3
56548,2023,DMB Community Bank,810907,95372,0
56717,2023,The Dime Bank,968281,104514,0
57040,2023,First National Bank at Darlington,183447,26149,0
57451,2023,Dairy State Bank,705542,77468,0
58225,2023,The Farmers Bank And Savings Company,393696,39640,0
58243,2023,Johnson Bank,6057275,793262,7648
58355,2023,Vantage Bank,58758,4644,0
58551,2023,Security State Bank,242225,25722,0
58636,2023,CENTURY BANK,459339,44228,650
58757,2023,Kensington Bank,359764,30984,0
58971,2023,Washington Trust Bank,10412724,884914,0
59316,2023,Wayne Bank,2048365,191287,0
59352,2023,Citizens National Bank,602839,61685,0
59370,2023,First Shore Federal Savings And Loan Association,344147,55049,0
59754,2023,Method Bank,50131,7285,0
60143,2023,Comerica Bank,85531000,7801000,2000
60330,2023,PEOPLES BANK OF ALABAMA,1247359,110698,291
60545,2023,The Home Trust & Savings Bank,277387,28696,0
60554,2023,First State Bank Minnesota,93409,9329,0
60648,2023,First National Bank,437457,34546,0
61122,2023,First United Bank & Trust,1825844,181673,0
61355,2023,"CorTrust Bank, N.A.",1635354,140804,2015
61476,2023,Abington Bank,1355003,118037,0
61757,2023,American Heritage National Bank,542536,53904,0
61832,2023,The First National Bank of Mount Dora,387221,40731,0
61953,2023,FNB Coweta,105911,9444,0
62044,2023,Sonata Bank,40265,15769,0
62110,2023,"Rockefeller Trust Company, N.A.",15286,12773,0
62147,2023,Community First Bank,110345,10479,0
63050,2023,The Dolores State Bank,377339,48519,0
63069,2023,City National Bank,96504709,7907303,0
63201,2023,CAYUGA LAKE NATIONAL BANK,257690,23755,0
63573,2023,Walpole Co-operative Bank,566973,110435,0
63733,2023,Citizens Bank,1484968,141754,220
63742,2023,HOMETOWN BANK,653980,79080,431
64150,2023,Wyoming Bank & Trust,276555,31060,0
64552,2023,Chickasaw Community Bank,479101,32050,22673
64730,2023,Farmers & Merchants Bank,249650,29621,0
65205,2023,Torrington Savings Bank,908945,181878,0
65513,2023,Delta National Bank and Trust Company,388440,52030,0
65559,2023,Pioneer Bank & Trust,1000918,96821,193
65858,2023,Emprise Bank,2375666,182527,0
66154,2023,DECATUR COUNTY BANK,253565,20697,0
66275,2023,FIRST SOUTHERN BANK,558320,45755,0
66677,2023,Cincinnati Federal,303419,38419,3337
67142,2023,Peoples Trust & Savings Bank,255181,34036,0
67151,2023,Kirkpatrick Bank,1035891,109331,659
67209,2023,Newburyport Five Cents Savings Bank,1537046,143096,0
67254,2023,Young Americans Bank,21946,1752,0
67656,2023,First Savings Bank,1371445,211952,0
67870,2023,Tc Federal Bank,429543,67153,2085
68671,2023,"Grand Bank For Savings, F.S.B.",116006,14698,0
68756,2023,Liberty National Bank,990001,89486,0
68831,2023,Bank Of Franklin,207917,21357,0
69333,2023,The Citizens National Bank of Meridian,1678732,180736,974
69678,2023,Baker Boyer National Bank,763820,61061,0
70218,2023,United Orient Bank,105857,13043,0
70414,2023,THE NORTHUMBERLAND NATIONAL BANK,684076,65411,350
70638,2023,Peoples Bank,467010,49154,2638
70955,2023,Nebraska State Bank,18724,2846,0
71073,2023,Home Federal Savings And Loan Association Of Niles Ohio,133822,13228,6857
71457,2023,Bruning Bank,538097,54467,0
71859,2023,CBW BANK,78714,19745,8322
72258,2023,The Converse County Bank,987557,75012,189
72351,2023,Farmers State Bank,75251,10914,0
72454,2023,Freeport State Bank,152611,14185,0
72678,2023,BELMONT SAVINGS BANK,419610,78712,0
73116,2023,Artisans' Bank,662318,63253,0
73152,2023,THE FARMERS AND MERCHANTS NATIONAL BANK OF FAIRVIEW,124741,14013,0
73554,2023,Pathway Bank,264709,27814,0
73956,2023,Security State Bank,53455,7896,0
74056,2023,South Central State Bank,179500,21076,0
74140,2023,Isabella Bank,1981367,190060,379
74403,2023,Merrimack County Savings Bank,1317746,120655,1196
74449,2023,First National Bank in Tigerton,29818,3463,0
75259,2023,First Oklahoma Bank,1035266,98132,984
75446,2023,South Ottumwa Savings Bank,567271,62245,0
75455,2023,The Northern State Bank Of Gonvick,53564,7164,0
75633,2023,BMO Harris Bank National Association,176980258,18996587,4769
75651,2023,CERESCOBANK,68935,9210,0
76153,2023,BANK OF CLARKS,43017,4533,0
76443,2023,The Peoples Bank,140087,15411,0
76854,2023,GRAND BANK,554293,56207,0
77150,2023,First Farmers & Merchants State Bank Grand Meadow,97650,7623,0
77253,2023,TXN Bank,620811,59862,0
77422,2023,Community Bankers' Bank,162064,19914,0
77851,2023,First Bank & Trust,4377534,394259,68334
78157,2023,Bandera Bank,101175,8923,0
78241,2023,First Naturalstate Bank,83950,9155,0
78559,2023,Summit National Bank,82050,9122,0
79042,2023,West Point Bank,396988,38278,0
79127,2023,Home National Bank,79774,9775,0
79145,2023,Farmers & Merchants State Bank,225020,23008,0
79257,2023,Grove Bank,48976,4995,0
79855,2023,City Bank   Trust Company,300784,28171,500
80150,2023,First Fidelity Bank,516263,47080,68
80374,2023,First Federal Savings And Loan Association Of Delta,232834,33768,0
80431,2023,UNION BANK & TRUST COMPANY,103146,14036,0
81175,2023,Equitable Bank,494217,42825,0
82033,2023,FIRST NATIONAL BANK OF PASC,285077,27559,0
82257,2023,Bryant State Bank,48608,5122,0
82350,2023,THE LAUDERDALE COUNTY BANK,63740,6375,0
83151,2023,Flagship Bank Minnesota,305797,29752,250
83375,2023,Century Bank,1342486,131131,0
83638,2023,"Amerant Bank, National Association",9101588,837970,62438
83834,2023,AMERICAN BANK & TRUST COMPANY,243791,24943,0
83852,2023,Richland State Bank,56708,5980,10011
83955,2023,Greenfield Banking Company,98496,9379,0
84046,2023,First Trust & Savings Bank,67810,6516,0
84541,2023,Guaranty Bank and Trust Company,1881339,195650,0
85052,2023,Uinta Bank,241018,25189,0
85472,2023,Oceanfirst Bank,12963839,1122946,690
85931,2023,PATTERSON STATE BANK,351530,27268,0
86349,2023,The Union Bank Of Mena,350650,36336,0
86675,2023,Rosedale Federal Savings And Loan Association,1212712,242482,0
87047,2023,First State Bank of Porter,159290,25453,0
87159,2023,First State Bank Of Newcastle,177527,12763,0
87234,2023,FIRST NATIONAL BANK OF MIDDLE TENNESSEE,813453,77903,3179
87476,2023,"Wilmington Savings Bank, The",203025,34802,0
87579,2023,"Middlesex Federal Savings, F.A.",606558,50577,0
88231,2023,Banksouth,1128504,119470,41323
88259,2023,Janesville State Bank,90538,10366,0
88352,2023,First State Bank Of Bedias,207530,32286,0
88455,2023,Heartland Bank,803622,74544,0
88950,2023,Financial Security Bank,134796,10689,0
89032,2023,Plaquemine Bank & Trust Company,203421,21304,0
89135,2023,First National Bank of Wauchula,89713,9164,0
89854,2023,Minnstar Bank National Association,197433,15480,0
89957,2023,"Cendera Bank, N.A.",180579,17451,0
90047,2023,Palo Savings Bank,45815,5373,0
90177,2023,First Federal Savings And Loan Association,342021,33694,0
90328,2023,SKYLINE NATIONAL BANK,997453,90878,0
90337,2023,UNITED COMMUNITY BANK,658112,84216,0
90579,2023,First Federal Savings And Loan Association Of Mcminnville,624594,73737,0
91615,2023,The Antwerp Exchange Bank Company,151975,13814,0
91754,2023,First National Bank of Bellville,758554,96762,0
91950,2023,Farmers State Bank Of Canton,60291,6665,0
92144,2023,Community State Bank,52038,7949,0
92676,2023,Windsor Federal Savings And Loan Association,749050,75373,0
92706,2023,Sugar River Bank,382131,51393,0
92902,2023,Bank Of Cattaraugus,30429,2512,0
93244,2023,Woodford State Bank,394798,35282,0
93543,2023,Springs Valley Bank & Trust,560592,63189,44
93619,2023,"STATE STREET BANK AND TRUST COMPANY, N.A.",44515,43745,0
94139,2023,Merchants & Marine Bank,687181,98008,1032
94522,2023,Benchmark Community Bank,1124658,93681,169
94755,2023,Sundance State Bank,271785,26166,0
94858,2023,Adrian Bank,176205,19592,0
95051,2023,ONE AMERICAN BANK,441923,27777,160378
95677,2023,"Rockland Savings Bank, Fsb",86156,9021,0
96553,2023,HERSHEY STATE BANK,110335,12345,0
97055,2023,HENDERSON STATE BANK,283649,35815,0
97279,2023,Woodsfield Savings Bank,98153,8796,0
97457,2023,CITIZENS BANK,197309,14090,0
97804,2023,MountainOne Bank,922461,132042,182
97943,2023,Marion County State Bank,631282,56132,100
98351,2023,The Citizens State Bank of Ouray,192719,16123,0
98463,2023,Citizens Bank,1055153,105631,0
98717,2023,"Eastbank, National Association",151014,34317,0
99143,2023,Merchants and Planters Bank,331443,33346,0
99376,2023,"National Cooperative Bank, N.A.",3170695,376450,32683
99442,2023,BANK OF COMMERCE,771444,104726,0
99536,2023,One Bank of Tennessee,1439886,108412,0
99853,2023,First State Bank,49527,5432,0
100236,2023,Sunmark Community Bank,427662,40483,0
100357,2023,"Legend Bank, N. A.",962003,91029,0
100562,2023,Tri Counties Bank,9926655,1009577,1846
100777,2023,cfsbank,603775,79946,0
100843,2023,FNBC Bank,742510,61261,0
101037,2023,First American Bank And Trust,1415309,165034,0
101439,2023,"Durden Banking Company, Inc.",270734,35840,0
101671,2023,Adirondack Bank,954358,76561,0
101738,2023,Great Southern Bank,357316,31238,0
101952,2023,Brady National Bank,144914,14178,0
102333,2023,Wilkinson County Bank,51477,7181,0
102342,2023,RACCOON VALLEY BANK,415176,36640,0
102557,2023,Foundation One Bank,163549,17058,0
102874,2023,Paper City Savings Association,196989,28508,0
103134,2023,THE BANK OF COMMERCE,72271,7986,0
104234,2023,The Harrison County Bank,160308,15291,0
104542,2023,Marseilles Bank,69980,6784,0
104971,2023,Martinsville First Savings Bank,35065,5481,0
105026,2023,The Farmers Bank Of Willards,521189,50189,0
105473,2023,HOME FEDERAL BANK OF TENNESSEE,2812950,454557,0
105530,2023,Farmers State Bank,199379,26191,0
106359,2023,First Fidelity Bank,2733258,239505,0
106452,2023,The Pueblo Bank And Trust Company,632965,66780,0
106676,2023,Bar Harbor Savings and Loan Association,101068,12807,0
107244,2023,Bank OZK,27656568,4211772,0
107570,2023,First Federal Savings Bank,445408,50741,190
107758,2023,Bonanza Valley State Bank,72434,7221,0
108072,2023,Buffalo Federal Bank,174190,16620,450
108269,2023,THE FIRST NATIONAL BANK OF MOODY,59712,9620,0
108652,2023,B2 BANK NATIONAL ASSOCIATION,41040,5488,0
108746,2023,MASON CITY NATIONAL BANK,77953,12828,0
108951,2023,Reliabank Dakota,799417,65397,1125
109136,2023,Peoples Bank & Trust,504548,45698,0
109154,2023,FIRST SECURITY BANK,105274,8170,0
109453,2023,BankStar Financial,257010,20845,0
109574,2023,Haverhill Bank,557992,55252,0
109659,2023,Louisiana National Bank,447424,38142,0
110413,2023,Sutton Bank,1780430,134214,0
110936,2023,Banco do Brasil Americas,2058437,138974,0
110945,2023,United Southern Bank,296662,32686,0
110972,2023,First Federal Savings Bank Of Washington,75295,9496,0
111157,2023,Bank of Lindsay,89746,9237,0
111205,2023,Partners Bank,1004795,93321,0
111942,2023,Fortifi Bank,593955,71067,0
111979,2023,Security State Bank,659936,79468,0
112163,2023,Guaranty Bank & Trust,3350152,329933,3156
112332,2023,First National Bank Of Hartford,140648,19174,0
112510,2023,The Baltic State Bank,95140,7212,0
112556,2023,State Bank Of Chandler,68587,7185,0
112837,2023,Capital One-National Association,453313240,46630411,202583
113003,2023,Stafford Savings Bank,388705,161819,0
113030,2023,Farmers State Bank,159790,17922,0
113441,2023,FARMERS STATE BANK,1176849,106052,0
113601,2023,Bank of New England,1260196,215022,0
113740,2023,First State Bank,957924,95825,5802
114149,2023,PARTNERS BANK OF WISCONSIN,269088,34350,0
114260,2023,First National Bank Alaska,5337737,553829,1728
114457,2023,"FIRST NATIONAL BANK AND TRUST, ELK CITY",310803,37969,0
114774,2023,"Abbeville Building & Loan, A State Chartered Savings Bank",58961,19269,165
114840,2023,First State Bank,481308,54057,591
114859,2023,First Bank And Trust Company,94302,8587,0
115146,2023,ST ANSGAR STATE BANK,169282,16106,0
115575,2023,Coastal Heritage Bank,932279,101562,0
116358,2023,State Bank of Cold Spring,101066,7022,0
116554,2023,Old Glory Bank,25813,11710,3418
116741,2023,United Bank and Trust Company,209991,28296,0
117038,2023,HNB FIRST BANK,217343,20204,129
117074,2023,Colonial Federal Savings Bank,356248,62456,0
117458,2023,BankFirst,987221,114418,0
117775,2023,The Southern Bank Company,110616,14849,0
118156,2023,SECURITY BANK & TRUST CO,1042457,103739,0
118660,2023,HOME BANK OF CALIFORNIA,239807,27520,0
118736,2023,Bank of Yazoo City,317943,33943,0
119153,2023,THE SECURITY NATIONAL BANK OF ENID,382789,32675,0
119528,2023,The Farmers National Bank Of Emlenton,1011490,65371,0
119779,2023,Cape Cod Co-Operative Bank,1465307,143747,0
119872,2023,First Seacoast Bank,537395,48821,0
120476,2023,Argentine Federal Savings,60590,7957,0
120542,2023,State Bank Of Chilton,431663,44446,0
120609,2023,Thomaston Savings Bank,1623924,162386,392
120953,2023,FARMERS STATE BANK,251167,23304,0
121642,2023,BankPlus,7028113,636007,5373
121651,2023,Jonesboro State Bank,663283,61283,0
121914,2023,Community State Bank Of Orbisonia,452375,42363,0
122153,2023,JACKSON PARISH BANK,71124,11646,0
122546,2023,"First National Bank Of Sandoval, The",80500,8146,0
122854,2023,Independent Bank DBA Independent Financial,18252788,1896702,11310
123075,2023,Milton Savings Bank,75563,16012,0
123374,2023,Beauregard Federal Savings Bank,78335,11145,0
124344,2023,Bank of Sun Prairie,648602,63759,0
124830,2023,Bank of Camilla,170373,34111,0
125154,2023,"FSNB, National Association",476954,67478,0
125855,2023,Sabine State Bank And Trust Company,1298588,127255,1184
125873,2023,Clay County Savings Bank,153139,12169,0
126012,2023,Champlain National Bank,460999,44702,0
126049,2023,Connect Bank,110550,15680,0
126375,2023,VIDALIA FEDERAL SAVINGS BANK,212693,31110,0
126553,2023,North Shore Bank Of Commerce,399856,41180,4533
126834,2023,Citizens Bank,726776,133471,545
127055,2023,WESTERN NATIONAL BANK,126912,11282,0
127224,2023,First United National Bank,351568,28143,0
128258,2023,WESTERN DAKOTA BANK,69720,5846,0
128904,2023,Eastern Bank,22629483,2608169,4543
129349,2023,FIRST NATIONAL BANK OF STEELEVILLE,238076,32787,0
129358,2023,VALOR BANK,198913,17449,1405
129479,2023,Wheatland Bank,716176,69892,1865
129732,2023,Byline Bank,7347241,778128,47823
129853,2023,Commercial State Bank Of Wagner,230830,25200,0
129910,2023,PEOPLES EXCHANGE BANK,523769,49107,999
130345,2023,Community State Bank,620990,50566,0
130541,2023,Horizon Bank,7794340,679784,5807
131436,2023,FIRST BANK,691261,57673,0
131717,2023,"Farmers State Bank, Inc.",60067,7145,0
131940,2023,Waldo State Bank,110385,13264,0
132107,2023,Androscoggin Savings Bank,1450036,140262,1071
132451,2023,The First National Bank Of Louisburg,184246,18615,0
132778,2023,Homestead Savings Bank,78697,5537,0
132938,2023,Planters & Citizens Bank,130148,13089,0
133579,2023,The Bank Of Bennington,551789,59070,0
133850,2023,First Citizens National Bank,2399631,225436,283
133971,2023,LISLE SAVINGS BANK,580200,140148,0
134156,2023,First Central Bank- Cambridge,127928,12412,0
134437,2023,Troy Bank and Trust Company,1436272,152393,0
134455,2023,Tensas State Bank,172306,23588,0
134848,2023,Teutopolis State Bank,317587,40036,0
135836,2023,South Lafourche Bank & Trust Company,161974,18321,0
135854,2023,Heartland State Bank,141159,13627,0
136048,2023,Peoples Savings Bank,149233,14133,0
136338,2023,Merchants & Farmers Bank & Trust Company,462226,53163,0
136459,2023,Gates Banking And Trust Company,53233,5566,0
136655,2023,LYNDON STATE BANK,90693,8841,0
137205,2023,Machias Savings Bank,2360784,262689,1645
137447,2023,The FNB Community Bank,473810,55247,0
137456,2023,The Bank of Beaver City,157492,15068,0
137559,2023,Farmers National Bank,167884,26486,0
137643,2023,West Iowa Bank,166876,22456,0
137652,2023,University Bank,781550,70672,48992
137915,2023,EMIGRANT BANK,6471595,1323611,10
138051,2023,FARMERS STATE BANK of Aliceville,175150,28005,0
138257,2023,The First National Bank Of Aspermont,107989,10387,0
138556,2023,Home Banking Company,130931,10728,0
139133,2023,AmeriFirst Bank,304317,27787,0
139478,2023,Harleysville Bank,877861,82762,0
139553,2023,Mabrey Bank,1577103,133604,0
139656,2023,Equity Bank,4976744,541354,349
139740,2023,West Bank,3611269,416155,0
139843,2023,First Farmers Bank And Trust Company,2738488,269753,2436
140157,2023,Homestead Bank,499556,75409,0
140362,2023,SUNWEST BANK,2522199,244022,0
140634,2023,First State Bank Of Randolph County,90056,7990,0
141211,2023,THE MUNCY BANK AND TRUST COMPANY,632066,59800,0
141350,2023,The First State Bank,105597,10052,0
141556,2023,Stearns Bank National Association,2225072,545911,0
141677,2023,First Savings And Loan Association,56413,13299,0
141958,2023,Bank of Gleason,124275,28855,0
142049,2023,Bank 1St,165376,22193,0
142179,2023,Streator Home Savings Bank,166716,43725,0
142955,2023,Spiritbank,698929,79688,278
143372,2023,Progressive Ozark Bank,161439,15070,0
143662,2023,Umpqua Bank,31844724,3174899,71647
143859,2023,Nebraska Bank,407729,36571,0
143952,2023,The First Bank Of Baldwin,247492,22979,0
144034,2023,BANK OF CLEVELAND,369148,59050,2041
144052,2023,EXCHANGE BANK & TRUST,583090,59856,0
144155,2023,Sterling State Bank,519156,36290,0
144678,2023,First Federal Savings And Loan Association Of Lorain,526440,65931,0
144856,2023,First State Bank and Trust,366425,32733,0
144913,2023,THE NEFFS NATIONAL BANK,467856,76838,0
145059,2023,Bank Of Halls,129292,9479,0
145545,2023,FIRST NATIONAL BANK OF WATERLOO,839634,67919,463
145554,2023,"First National Bank And Trust Company Of Broken Arrow, The",247372,27419,0
145741,2023,Farmers & Merchants State Bank,226374,22850,0
145844,2023,The Fountain Trust Company,721066,63471,0
146056,2023,Allnations Bank,51484,4891,0
146663,2023,SAVINGS BANK OF MENDOCINO COUNTY,1330782,216410,0
147651,2023,Community State Bank Of Canton,63493,6787,0
147679,2023,Ascendia Bank,338458,36530,0
147857,2023,First Bank Blue Earth,318066,28421,0
147923,2023,Bank Of Ocean City,619836,56561,0
148171,2023,"Golden Belt Bank, FSA",300445,33721,0
148238,2023,PEOPLES BANK,304944,35479,0
148340,2023,Union State Bank,129106,9897,0
148470,2023,1st Bank of Sea Isle City,331161,29017,0
148715,2023,PBK Bank,149804,19182,0
148920,2023,THE REPUBLIC BANKING COMPANY,62104,9789,0
149150,2023,CITIZENS STATE BANK,175713,15541,0
150035,2023,First Farmers And Merchants Bank,1939730,166675,0
150044,2023,United Bank of Michigan,902322,90347,151
150727,2023,"The Richwood Banking Company, Inc.",1112249,98082,659
151546,2023,Security National Bank,100507,9620,0
151957,2023,First State Bank,982277,95423,0
152057,2023,BANK OF COMMERCE,195641,21299,0
152253,2023,Castle Rock Bank,280367,35695,0
152431,2023,Longview Bank & Trust,262643,21180,0
152440,2023,CENTRAL STATE BANK,163078,25461,0
153054,2023,The Northwestern Bank,607078,60135,0
153353,2023,PEOPLES BANK AND TRUST COMPANY,1014460,93329,1073
154154,2023,The First National Bank & Trust Co,1014057,112908,0
154770,2023,MutualOne Bank,1214701,221674,0
155759,2023,Cleo State Bank,93526,17777,0
156457,2023,Hometown Community Bank,80926,7340,0
156635,2023,Colchester State Bank,77113,12319,0
156970,2023,Family Bank,140621,16250,0
157155,2023,Thayer County Bank,77734,9349,0
157379,2023,Methuen Co-Operative Bank,126126,11548,0
157650,2023,Minnesota Lakes Bank,145583,11148,0
157744,2023,HOOSIER HEARTLAND STATE BANK,303152,26862,0
157856,2023,FIRST BANK AND TRUST COMPANY,64245,7863,0
158376,2023,First Federal Savings Bank of Angola,150155,29564,0
158741,2023,Crossroads Bank,214866,31408,0
159636,2023,WIlson Bank & Trust,4267402,463220,3355
159645,2023,State Bank of Reeseville,130315,12854,0
159953,2023,OKLAHOMA BANK AND TRUST COMPANY,202309,25599,0
159971,2023,"Somerset Savings Bank, Sla",649513,126299,0
160360,2023,Oregon Pacific Banking Co. Dba Oregon Pacific Bank,754054,73882,0
160454,2023,"First National Bank Of Ballinger, The",260487,24301,0
160959,2023,KS STATEBANK,2460850,286717,0
161273,2023,"North Shore Bank, A Co-Operative Bank",1616227,186295,32
161602,2023,"Canandaigua National Bank And Trust Company, The",4739658,377493,1640
162337,2023,Citizens Tri-County Bank,1249213,115949,562
163343,2023,Centrebank,104952,13624,0
163549,2023,IncredibleBank,1895358,150367,26776
163857,2023,F&M BANK,647283,71273,535
164153,2023,Lake Region Bank,151738,14858,0
164331,2023,Logan Bank & Trust Company,322312,30817,0
164377,2023,Sharon Bank,163306,16883,0
164957,2023,Concordia Bank,101743,10900,0
164975,2023,STOUGHTON COOPERATIVE BANK,118073,11851,0
165628,2023,First Financial Bank,16915645,1581901,7918
165758,2023,NEW MARKET BANK,188657,14972,2036
166111,2023,The North Country Savings Bank,304279,44816,0
166531,2023,Bank of Frankewing,490857,45235,0
166652,2023,Alliance Bank,759764,79505,0
166849,2023,Farmers National Bank Of Griggsville,126838,13584,0
167453,2023,Bluff View Bank,125298,22889,0
167752,2023,Marion National Bank,31168,3518,0
168357,2023,Community Development Bank,195942,18058,142
168571,2023,Armor Bank,398578,35394,0
169327,2023,"Provident State Bank, Inc",580265,58898,130
169354,2023,The State National Bank Of Big Spring,582041,55397,0
169653,2023,FIRST BANK,6436322,597237,10563
169756,2023,Western Commerce Bank,673367,54752,0
170257,2023,Haskell National Bank,80588,9430,0
170275,2023,Volunteer Federal Savings Bank,322477,35594,0
170332,2023,First Exchange Bank,324417,32100,0
171133,2023,Eastern National Bank,226508,19679,0
171656,2023,Carson Bank,171335,13090,0
171759,2023,"F   M COMMUNITY BANK, N.A.",191703,18671,0
171768,2023,"SouthStar Bank, S.S.B.",1106115,130460,375
172251,2023,Randall State Bank,58918,6132,0
172457,2023,THE CITIZENS BANK OF EDMOND,358396,33625,0
172475,2023,Crest Savings Bank,597039,46175,0
172859,2023,First State Bank,205033,19292,0
173306,2023,National Bank Of Middlebury,534246,43922,0
173342,2023,Piggott State Bank,119221,10768,0
173557,2023,St. Johns Bank & Trust Co.,358884,31673,0
173575,2023,The Village Bank,1866085,177396,0
173641,2023,The First National Bank Of Russell Springs,313858,36295,0
173959,2023,The First National Bank of Hebbronville,91167,16135,0
174321,2023,Blue Ridge Bank,175455,14671,0
174367,2023,COMMERCE BANK TEXAS,64623,7783,0
174572,2023,Columbia Bank,10094596,961612,0
175056,2023,Bank of Western Oklahoma,355296,28417,0
175140,2023,Community First Bank,586885,57541,0
175458,2023,BANK OF MEAD,34745,3513,0
175609,2023,BANK OF MILLBROOK,310375,24865,0
176101,2023,ORANGE BANK & TRUST COMPANY,2277724,214243,0
176325,2023,FARMERS & MERCHANTS BANK,271327,27113,0
176437,2023,Bank Of Wrightsville,76421,7754,0
176464,2023,Alliance Bank,1369624,127597,0
176642,2023,Lnb Community Bank,154151,14514,0
177135,2023,First Progressive Bank,33557,8486,0
177443,2023,First National Bank in Taylorville,215786,24969,0
177500,2023,First National Bank of Orwell,84636,8606,0
177555,2023,Corn Growers State Bank,36066,2540,0
177751,2023,Cass Commercial Bank,1451135,172848,0
177920,2023,The Middlefield Banking Company,1684434,185597,0
178150,2023,Laona State Bank,268555,26990,0
178244,2023,Bellevue State Bank,162426,19426,0
178356,2023,Colfax Banking Company,151459,14375,0
178851,2023,Grand Valley Bank,597227,54253,0
179148,2023,Success Bank,250257,27848,0
179335,2023,Bank Of Wiggins,188435,30589,0
179700,2023,CLINTON SAVINGS BANK,693626,77786,0
180144,2023,"Sacramento Deposit Bank, The",131355,12823,0
180537,2023,TOWN-COUNTRY UNITED BANK,130113,23246,0
180845,2023,ILLINI STATE BANK,160558,20198,0
181963,2023,The City National Bank Of Taylor,287284,27973,0
182951,2023,"Classic Bank, National Association",650424,56319,0
183668,2023,HCN Bank,970584,101829,0
183770,2023,Mechanics Cooperative Bank,639977,85725,0
183958,2023,First National Bank and Trust,281572,39535,0
184656,2023,CITIZENS NATIONAL BANK OF HILLSBORO,221666,26241,0
184759,2023,Washita Valley Bank,54296,7819,0
185251,2023,First National Bank,23106,2168,0
185448,2023,SOLON STATE BANK,124966,26160,0
185859,2023,Lindell Bank and Trust Company,849272,117988,352
186221,2023,The Old Point National Bank of Phoebus,1347151,127362,421
186548,2023,TSB Bank,181566,20705,0
186717,2023,First Northern Bank and Trust Company,986974,115584,0
186744,2023,First Citizens Bank,1608286,192272,660
187648,2023,Vermont State Bank,26539,3407,0
187947,2023,Bank Iowa,1918861,171580,974
188056,2023,Northern State Bank Of Thief River Falls,452216,39958,0
188177,2023,Westmoreland Federal Savings And Loan Association,166960,42813,0
188430,2023,"Florida Capital Bank, National Association",444412,64843,23630
188449,2023,PCSB Bank,317675,32754,0
188720,2023,"Farmers Bank Of Appomattox, The",316208,40428,0
188739,2023,Basile State Bank,63028,7083,0
188917,2023,First National Bank of Absecon,182394,17184,0
189129,2023,The Commercial & Savings Bank of Millersburg,1158800,102940,52
189745,2023,Inland Bank and Trust,1235452,179167,4963
189950,2023,First State Bank of Roscoe,135433,15842,0
190563,2023,First State Bank of Texas,267451,24546,0
190648,2023,Iowa Savings Bank,266870,23402,0
190947,2023,FIRST STATE BANK,136083,11910,0
190956,2023,The Wanda State Bank,176823,27257,0
191355,2023,FRONTIER BANK,421640,44362,0
191935,2023,First State Bank of the Florida Keys,1228854,121066,0
192147,2023,11,530554,58590,126
192558,2023,First Bank Kansas,559190,45716,0
192651,2023,PEOPLES STATE BANK OF WELLS,65732,6066,0
192857,2023,BANK OF THE PANHANDLE,219074,28386,909
193162,2023,The First National Bank Of Tom Bean,120587,14295,237
193247,2023,Fidelity Bank,78251,8007,1669
193537,2023,Bank Of Dawson,140160,24789,0
193649,2023,The First Trust and Savings Bank,315030,45579,0
193809,2023,Dedham Institution For Savings,2099129,244347,0
194440,2023,Commercial Savings Bank,261097,20358,178
194570,2023,Heritage Bank of St Tammany,179596,21754,0
194936,2023,BankSouth,204702,39095,0
195111,2023,Rhinebeck Bank,1335810,131313,247
195157,2023,"Elevate Bank, National Association",63957,4911,0
195456,2023,First National Bank,99396,8732,0
196752,2023,TriCentury Bank,142448,17436,0
196800,2023,Martha's Vineyard Bank,1307758,136273,19388
197142,2023,Springfield State Bank,386869,57808,0
197254,2023,First National Bank of Spearville,69927,6071,0
197302,2023,Eagle Bank,584519,68379,261
197478,2023,East West Bank,64087895,6252421,25644
197759,2023,First National Bank Minnesota,442713,36406,70
198073,2023,First Federal Savings And Loan Bank,95700,13027,0
198149,2023,Abbybank,618334,55200,0
198251,2023,Sherburne State Bank,230557,21500,849
198961,2023,First National Bank Of Bosque County,179496,16598,0
199137,2023,The Warrington Bank,208411,27562,0
199351,2023,Western National Bank,248914,19736,0
199436,2023,Altamaha Bank & Trust Company,265886,26255,0
199463,2023,WESTERN BANK,564054,45466,0
200378,2023,"Banc Of California, National Association",9191646,1121049,4347
200435,2023,Wauchula State Bank,972344,92850,0
201254,2023,Americana Community Bank,167029,17126,0
201834,2023,LAKESIDE BANK,2268039,274525,683
202514,2023,CUMBERLAND SECURITY BANK,299994,39546,0
202541,2023,Iowa Trust And Savings Bank,237208,23706,0
202907,2023,Community Bank National Association,15614778,1122639,0
203043,2023,Midwest Heritage Bank,430704,46970,104
203052,2023,Senath State Bank,106051,13679,0
203575,2023,"Conneaut Savings Bank, The",82582,11525,0
204004,2023,The Provident Bank,13778066,1260603,0
204237,2023,Magnolia State Bank,220902,22336,0
204826,2023,First National Bank in New Bremen,403361,38890,0
205243,2023,Farmers And Merchants Bank,471161,62044,0
205346,2023,Farmers Savings Bank,422498,41296,468
205458,2023,State Bank of Taunton,54152,6449,0
205542,2023,Cherokee State Bank,245352,31871,0
206156,2023,Southwest Capital Bank,429143,41884,0
206174,2023,Ambler Savings Bank,503452,64979,0
206473,2023,Equitable Savings and Loan Association,162793,26639,223
206772,2023,EASTERN INTERNATIONAL BANK,122046,21505,0
206950,2023,Union State Bank,66800,5371,0
207041,2023,The First National Bank of Brownstown,51407,5089,0
207050,2023,West Gate Bank,1121085,132933,20565
207452,2023,Grant County Bank,289625,35846,0
207470,2023,First Federal Bank of Ohio,271788,38337,573
207555,2023,Northwestern Bank N.A.,161838,15586,0
207845,2023,The First National Bank   Trust Company,1540200,123005,174
207872,2023,First Utah Bank,714278,65874,3416
208057,2023,Vermillion State Bank,803933,106076,298
208244,2023,Old National Bank,46490438,3817402,11926
208347,2023,Benton State Bank,81079,7876,0
208440,2023,Farmers State Bank,149663,16012,0
208459,2023,"Stearns Bank Of Upsala, National Association",62070,16594,0
208570,2023,Universal Bank,334499,63262,0
208655,2023,First Northeast Bank of Nebraska,419424,49838,0
208972,2023,Keysavings Bank,86387,11235,0
209148,2023,The First National Bank Of Carmi,616678,51552,0
209362,2023,"Bank of Whittier, NA",181729,21540,0
209559,2023,FNB Washington,89330,21342,0
209858,2023,InBank,1244117,117899,0
210238,2023,SOUTHEASTERN BANK,666951,65614,0
210256,2023,Wadena State Bank,217699,20189,0
210434,2023,The Northern Trust Company,154522864,10111200,0
211114,2023,"Hyden Citizens Bank, Inc",144446,13259,0
211271,2023,"North American Savings Bank, F.S.B.",2517837,402815,79533
211338,2023,Coffee County Bank,340039,29475,263
211851,2023,"Security State Bank Of Wanamingo, Incorporated",83526,10156,0
212018,2023,Pennian Bank,706440,60166,0
212344,2023,Citizens State Bank,113419,22448,0
212465,2023,"MUFG Union Bank, N.A.",104445496,10888123,272022
212522,2023,Somerset Trust Company,2017848,154585,2506
212577,2023,HomeTrust Bank,3646842,379838,73295
213471,2023,"Slovenian Savings And Loan Association Of Canonsburg, Pa",577080,85942,0
213538,2023,BANK OF ABBEVILLE & TRUST COMPANY,197621,28218,0
213912,2023,The Apple Creek Banking Company,217639,18810,0
213958,2023,"CITIZENS STATE BANK OF WAVERLY, INC",116348,9313,0
214106,2023,The Bank Of Greene County,2611099,220515,0
214414,2023,FARMERS AND MERCHANTS STATE BANK,3002849,259510,827
214722,2023,Chesapeake Bank,1325130,146353,0
214807,2023,DEUTSCHE BANK TRUST COMPANY AMERICAS,39192000,9475000,0
214843,2023,"First National Bank In Creston, The",447929,38436,0
215345,2023,Manufacturers Bank & Trust Company,762741,58104,0
215653,2023,Welcome State Bank,43704,4187,0
215662,2023,American Bank Of Commerce,1521301,127709,1555
215710,2023,The Juniata Valley Bank,829946,69116,0
216164,2023,First State Bank,253832,24274,0
216230,2023,FIRST NATIONAL BANK NW FL,189617,22269,0
216922,2023,FIRST BANK,10625188,1077525,1282
217059,2023,First Farmers & Merchants Bank Cannon Falls,462251,38358,630
218131,2023,CBBC Bank,463867,66410,0
218261,2023,ZAPATA NATIONAL BANK,87183,12096,0
218850,2023,STATE BANK OF ODELL,34154,2541,0
218878,2023,"Security Bank, S.B.",221589,16795,0
219044,2023,Collins State Bank,194152,16020,0
219651,2023,CNB Bank,683707,68342,0
219679,2023,Carrollton Federal Bank,38670,5792,0
220059,2023,"WNB FINANCIAL, N.A.",546306,54065,0
220527,2023,Peoples Bank,1620439,166428,211
220844,2023,DENVER SAVINGS BANK,233722,24238,0
220974,2023,First Federal Bank,1022264,94347,492
221775,2023,"Interamerican Bank, A Federal Savings Bank",262016,31265,0
222156,2023,First State Bank Of Wyoming,234556,35887,0
222558,2023,"Bank Of Baker, The",158743,17366,0
222754,2023,"First Westroads Bank, Inc.",341078,41894,0
223322,2023,The First Bank and Trust Company,3140875,300304,10807
223452,2023,Peoples Bank Of Wyaconda,130204,13482,0
223751,2023,Belt Valley Bank,80871,10951,0
223845,2023,Danville State Savings Bank,180286,21677,0
224954,2023,HEADWATERS STATE BANK,92312,9290,0
225054,2023,Andover State Bank,172548,15158,7
225157,2023,Ultima Bank Minnesota,216517,23408,0
225559,2023,Bank of Bartlett,525943,45218,4781
225942,2023,Heritage Bank,43939,4062,0
226949,2023,Grand Rivers Community Bank,21136,1888,0
227151,2023,Union State Bank,578747,53283,0
227357,2023,"Brenham National Bank, The",468335,48652,0
227656,2023,Brighton Bank,52952,4263,1283
227777,2023,Milford Federal Bank,487689,55308,0
228000,2023,Franklin Savings Bank,578817,125643,0
228158,2023,First Midwest Bank Of the Ozarks,715014,69020,0
228279,2023,Crossroads Bank,538484,49621,0
228345,2023,State Bank Of Newburg,240540,42681,0
229070,2023,First Federal Savings And Loan Association Of San Rafael,226073,43266,0
229173,2023,"Auburn Savings Bank, Fsb",101567,8074,0
229342,2023,State Bank & Trust Co.,215538,20392,0
229454,2023,FIRST STATE BANK OF BROWNSBORO,136861,12444,0
229801,2023,Valley National Bank,57451653,5284372,18118
229913,2023,Mizuho Bank (USA),7003100,1511893,0
230423,2023,THE FIRST CITIZENS NATIONAL BANK,359418,44027,827
230610,2023,Hocking Valley Bank,326719,35271,0
230759,2023,International Bank of Commerce - Brownsville,3892731,363093,0
231279,2023,CHESTER NATIONAL BANK,62270,6282,0
232847,2023,First State Bank Shannon-Polo,195486,17001,0
232856,2023,TexasBank,1715530,193348,8925
233031,2023,Regions Bank,154203000,13509000,338000
233246,2023,First Community Bank,117264,9597,0
233358,2023,Citizens National Bank At Brownwood,287246,29127,0
233442,2023,"Iuka State Bank, The",123850,12846,0
233527,2023,"Blue Ridge Bank, National Association",3098582,268545,69534
233554,2023,Western State Bank,1761840,213802,1139
234355,2023,Central National Bank,1255880,134851,3197
234506,2023,The National Bank Of Coxsackie,506511,41444,0
234739,2023,Builtwell Bank,1856952,187406,385
234841,2023,New Albin Savings Bank,304254,49159,0
235174,2023,Mutual Federal Bank,116920,15581,816
235231,2023,Union Bank,223362,25240,0
235316,2023,Rockhold Bank,46573,3192,0
235446,2023,Shelby County State Bank,335559,30462,0
235530,2023,"Resource Bank, N.A.",758643,61327,477
235558,2023,CITIZENS STATE BANK,28782,2809,0
235950,2023,Johnson State Bank,103837,14677,0
236153,2023,First International Bank & Trust,4910204,408510,5176
236256,2023,Bank Of Brookfield-Purdin National Association,115167,12033,0
236603,2023,"Delaware National Bank Of Delhi, The",376554,37736,0
236706,2023,Peapack-Gladstone Bank,6351237,680137,15626
236957,2023,UPPER PENINSULA STATE BANK,292232,40445,355
237066,2023,WEST TEXAS NATIONAL BANK,2108227,185084,0
237619,2023,Pioneer Bank,1834148,197772,0
237954,2023,IDABEL NATIONAL BANK,294784,32784,0
238139,2023,First Bank of Manhattan,238655,20984,0
238250,2023,Peoples State Bank,76875,9642,0
238737,2023,"Terrabank, National Association",705339,63214,0
239556,2023,First Bank Upper Michigan,572592,62637,327
239613,2023,FNCB Bank,1723486,154842,60
239659,2023,First Bank,631768,75971,11513
240954,2023,First National Bank of Burleson,251393,25037,0
241009,2023,The First National Bank Of Dryden,232470,22181,0
241157,2023,Vision Bank,890423,84806,422
241559,2023,Columbus Bank and Trust Co,200202,18291,0
241607,2023,Gorham Savings Bank,1607984,147187,0
242257,2023,Peoples Savings Bank Of Rhineland,576639,49934,0
242444,2023,Tri City National Bank,2041413,205122,0
242949,2023,FNNB Bank,112384,7758,0
242958,2023,Baybank,141934,13557,0
242976,2023,Bay-Vanguard Bank,836968,109939,0
243375,2023,Green Dot Bank,3959561,389529,5324
243414,2023,"First National Bank Of Bellevue, The",296562,32798,0
243955,2023,PEOPLES BANK & TRUST CO.,47127,6827,0
244037,2023,FRIEND BANK,180302,19062,0
244149,2023,Bank Of England,441843,68352,108829
244158,2023,WAYPOINT BANK,376705,38954,0
244251,2023,American State Bank & Trust Company,635919,81216,0
245016,2023,Habib American Bank,2187455,214573,0
245276,2023,ORIENTAL BANK,9709667,933494,40587
245351,2023,Frazer Bank,403204,32736,0
245557,2023,Superior National Bank and Trust Company,1043951,104779,4098
246022,2023,Bank of South Carolina,653333,58742,867
246134,2023,First Southern State Bank,753306,73047,0
246451,2023,Citizens Bank of Rogersville,121346,12866,0
246657,2023,Bank Of Labor,891514,65193,0
246947,2023,First National Bank of Sparta,97222,11646,0
246956,2023,Alva State Bank & Trust Company,453317,66565,0
247140,2023,One Community Bank,1844102,176740,0
247355,2023,Security State Bank & Trust,1848598,190188,2784
247476,2023,Riverside Savings Bank,95798,19038,0
247551,2023,High Plains Bank,365190,35522,0
247908,2023,Kennebunk Savings Bank,1843469,187982,0
248240,2023,Bank Of Springfield,1441880,121941,1786
248352,2023,Western Nebraska Bank,162919,14758,0
248455,2023,FIRST STATE BANK   TRUST,511811,72589,0
248633,2023,First Jackson Bank,403414,45649,0
248745,2023,Oostburg State Bank,331547,39190,236
249416,2023,UNB BANK,157425,15138,0
249612,2023,Apple Bank For Savings,16801651,1244548,0
249658,2023,Rocky Mountain Bank & Trust,110521,11661,0
250430,2023,"First State Bank Of The South, Inc.",122319,18504,0
250476,2023,GN BANK,70889,9306,0
250850,2023,Community Bank,114688,14015,0
251352,2023,"Banccentral, National Association",377319,38523,0
251558,2023,First National Bank & Trust,400183,34198,646
251745,2023,FIRST NATIONAL BANK OF EASTERN ARKANSAS,559838,54098,0
251978,2023,Homeland Federal Savings Bank,483178,47700,0
252041,2023,City State Bank,681375,54823,394
252452,2023,PREFERRED BANK,134151,10958,0
252658,2023,Community First Bank,305731,29513,0
253356,2023,Moody National Bank,1605411,225704,0
253468,2023,River City Bank,4041345,358171,0
253646,2023,Nsb Bank,435210,35983,0
253730,2023,Sweet Water State Bank,123529,12144,0
254317,2023,Bank Of Utica,1421424,303047,0
254504,2023,CATTARAUGUS COUNTY BANK,347346,35787,0
254849,2023,First Independence Bank,468425,50596,262
255350,2023,The Miners State Bank,147272,15600,581
255547,2023,Community Bank Of Trenton,108240,11660,0
255556,2023,Citizens Bank & Trust Company Of Ardmore,301954,24776,0
255574,2023,Fidelity Bank,1004612,165222,17110
255659,2023,Bank of Colorado,6600477,611828,3390
256058,2023,AMERICAN NATION BANK,602346,56336,0
256076,2023,"RG BANK, A SAVINGS AND LOAN ASSOCIATION",140107,14273,0
256179,2023,Utah Independent Bank,135611,17537,0
256553,2023,Dacotah Bank,3589007,384846,447
257233,2023,First Bank of Alabama,921097,90058,0
257345,2023,Peshtigo National Bank,264376,24483,0
257578,2023,First Federal Savings Bank,584189,52837,2832
257653,2023,Farmers And Merchants Bank,65812,8422,0
257756,2023,Fms Bank,271349,29894,0
258146,2023,North Adams State Bank,44512,6770,0
258306,2023,The Milford Bank,559839,55699,0
258379,2023,"Taylorsville Savings Bank, Ssb",137523,13954,0
258445,2023,Marine Bank,687271,73376,331
258539,2023,State Bank Of Cherry,118286,13919,0
258771,2023,HomeStreet Bank,9335429,822891,17327
258874,2023,"Worthington Federal Savings Bank, F.S.B.",99709,14281,0
259059,2023,F&M Bank - Falls City,136479,13850,0
259330,2023,First US Bank,994588,92853,0
259442,2023,Mound City Bank,471862,55425,0
259956,2023,"State Savings Bank Of Manistique, The",160956,16284,0
260055,2023,Alpine Bank,6312363,585358,2515
260831,2023,Georgia First Bank,162018,15539,0
261146,2023,Magnolia Bank,450910,50219,47402
261360,2023,Citizens State Bank,1008648,105430,309
261940,2023,Anstaff Bank,967352,90408,133
262059,2023,AVB Bank,478858,48838,0
262237,2023,First Port City Bank,427188,43757,609
262358,2023,American State Bank,1173037,76509,629
262741,2023,Farmers Bank & Trust Company,605740,53866,0
262844,2023,Peoples State Bank,862539,99473,0
262956,2023,PEOPLES STATE BANK OF MUNISING,200081,20283,0
263243,2023,"FIRST KENTUCKY BANK, INC.",565435,48148,0
263627,2023,The First National Bank Of Waverly,224435,15081,0
264455,2023,First State Bank,711286,67501,0
264772,2023,"LENDINGCLUB BANK, NATIONAL ASSOCIATION",7589906,852213,110400
265340,2023,The Farmers Bank Of Milton,295752,38092,0
265407,2023,Bank Of New Hampshire,2432022,255721,823
265452,2023,The Stockgrowers State Bank,102282,11780,0
265676,2023,CENTRAL BANK,125356,14575,0
266066,2023,First National Bank,264042,38079,0
266244,2023,State Bank,313905,25208,0
266253,2023,Acb Bank,121579,15815,0
266655,2023,First Bank & Trust of Fullerton,99699,13382,0
266851,2023,Farmers And Merchants Bank Of St. Clair,331577,35194,0
266945,2023,Monticello Banking Company,1156139,94980,0
267652,2023,Security State Bank of Aitkin,113331,13576,0
268006,2023,Mascoma Bank,2733504,238641,1332
268136,2023,The Citizens Bank Of Swainsboro,329476,32147,0
268677,2023,Carver Federal Savings Bank,712939,75042,0
268828,2023,Legacy Bank,320069,71187,0
268976,2023,Winchester Co-operative Bank,773352,100400,0
269049,2023,VisionBank of Iowa,755877,64798,0
269058,2023,Lake Central Bank,206645,24308,352
269571,2023,Armstrong County Building And Loan Association,93126,12491,0
269759,2023,Farmers And Merchants State Bank Of Appleton,64239,7033,0
270148,2023,State Bank of Whittington,169675,17112,0
270353,2023,Arlington State Bank,62711,6009,0
270504,2023,Community National Bank,1055421,96112,0
270531,2023,Brickyard Bank,169491,17313,0
270652,2023,Security State Bank,96400,9400,0
271136,2023,Bank Of Louisiana,99133,8689,0
271275,2023,Dean Co-operative Bank,439231,37176,0
271341,2023,Peoples Bank Mt Washington,110930,11792,0
271529,2023,Countybank,707197,59645,5863
272030,2023,The Peoples Bank of Georgia,157782,14207,0
272058,2023,State Bank Of Bellingham,49567,6838,0
272151,2023,"Granger National Bank, The",42913,6132,0
272272,2023,Southern Bank,3423751,338996,319
272302,2023,Institution for Savings,4869275,530621,0
273336,2023,The Bank Of Tampa,3066490,260008,0
273550,2023,"Citizens State Bank, The",472684,51393,0
273653,2023,Concorde Bank,74448,6761,0
273662,2023,First State Bank Of Uvalde,1903412,218654,0
273840,2023,Community First Bank Of The Heartland,250000,23170,0
273859,2023,Farmers and Merchants Bank,18983,2143,0
274025,2023,Mt. Victory State Bank,20474,2069,0
274052,2023,"Farmers and Merchants Bank of Mound City, Kansas",49885,3324,0
274548,2023,Northwestern Bank,249907,30882,0
274829,2023,TruPoint Bank,564898,58559,0
274856,2023,Citizens State Bank Of Arlington,142976,15636,0
275255,2023,"BANNER CAPITAL BANK, INC.",244695,23434,1614
275358,2023,American Bank & Trust,1474550,142033,1974
275479,2023,Commonwealth Cooperative Bank,207975,31326,0
275657,2023,FIRST STATE BANK,79548,12855,0
276074,2023,Seneca Savings,235191,25697,0
276159,2023,Southwind Bank,173928,17577,0
276551,2023,The First National Bank of Hugo,150257,14811,0
276579,2023,"Zions Bancorporation, National Association",89544919,6919301,8102
276645,2023,American State Bank,296189,28628,0
276654,2023,First Farmers & Merchants State Bank Brownsdale,98894,8902,0
276850,2023,SECURITY FIRST BANK,1622947,137096,1190
276953,2023,COMMUNITY BANK,62643,8423,0
277240,2023,First Nation Bank,488345,58232,0
277277,2023,SSB Bank,251122,21327,0
277679,2023,Interstate Federal Savings and Loan Association of McGregor,6855,1695,0
277736,2023,PEOPLES BANK OF THE SOUTH,202043,23552,0
277820,2023,Palmetto State Bank,656186,80904,0
278256,2023,"The Farmers State Bank of Oakley, Kansas",234417,28035,0
278555,2023,"Stride Bank, N.A.",2702968,172434,10505
278733,2023,The Citizens Bank Of Cochran,155438,18126,0
278751,2023,"WESTERN NATIONAL BANK, CASS LAKE",38280,2993,0
278818,2023,Peoples Security Bank And Trust Company,3553618,339596,0
278872,2023,Eagle Savings Bank,173686,24821,134
279105,2023,Florence Bank,1864517,205488,0
279842,2023,River Bank,1078437,98956,0
279954,2023,Citizens Alliance Bank,1316544,110270,0
280110,2023,KeyBank National Association,187590465,16801412,962754
280138,2023,West Central Georgia Bank,147612,36886,0
280352,2023,FIRST BANK,101135,11136,0
280558,2023,The First National Bank Of Cokato,118718,8186,0
282075,2023,Washington Financial Bank,1654591,186863,0
282226,2023,Farmers And Merchants Bank Of South Carolina,506829,52088,0
282824,2023,Elderton State Bank,345804,42262,0
283157,2023,State Bank of Danvers,65975,6601,0
283438,2023,Liberty Bank And Trust Company,1086631,107705,2079
283652,2023,"Triad Bank, National Association",199666,22543,0
283737,2023,First National Bank of Tennessee,1282477,114313,0
283867,2023,Wallis Bank,1062134,112150,0
284154,2023,Oklahoma Capital Bank,121213,16212,0
284239,2023,BANK OF PERRY COUNTY,206342,19251,0
284556,2023,Cattlemens Bank,463900,40530,0
284752,2023,Northwoods Bank Of Minnesota,146645,14789,0
284958,2023,FIRST STATE BANK,48805,5482,0
285151,2023,"Colorado Bank & Trust Company Of La Junta, The",177427,23387,0
285348,2023,State Bank,277737,32359,0
285544,2023,Capitol National Bank,182860,21648,0
285553,2023,THE SECURITY STATE BANK,68401,8363,0
285740,2023,"Paducah Bank And Trust Company, The",891968,97813,121
285777,2023,Nokomis Savings Bank,28389,4981,0
285852,2023,FIRST OPTION BANK,632512,51114,0
285928,2023,Peoples Bank The,402497,42723,0
286251,2023,Bank of Vici,36197,4720,0
286457,2023,Park State Bank,1082644,108041,410
286840,2023,State Savings Bank,78832,9868,0
287007,2023,The Putnam County National Bank of Carmel,184388,37737,0
287342,2023,The Readlyn Savings Bank,133063,25102,0
287922,2023,The Peoples Savings Bank,67915,8393,0
287959,2023,Kansas State Bank,191863,15651,0
288152,2023,FIRST NATIONAL BANK OF FREDERICK,34606,3182,0
288376,2023,Pinnacle Bank,331946,35002,0
288853,2023,FIRSTBANK,27775362,2158043,886
289056,2023,"Northern Interstate Bank, National Association",184679,17148,0
289225,2023,The Union Banking Company,52905,6281,0
289515,2023,Farmers And Merchants Trust Company Of Chambersburg,1699086,160974,283
289702,2023,Norway Savings Bank,1795136,238905,0
289739,2023,GUARANTY BANK & TRUST COMPANY,287654,35213,0
289757,2023,Merchants State Bank,220505,29901,0
290249,2023,Waukesha State Bank,1513958,158485,1062
290838,2023,Merit Bank,266215,35562,627
290922,2023,THE NATIONAL BANK OF ADAMS COUNTY,108095,10321,0
291059,2023,Bank of Hydro,159205,16543,0
291330,2023,First Bank,126927,11273,0
291376,2023,Jackson Federal Savings & Loan Association,35612,9149,0
291611,2023,Hamlin Bank and Trust Company,444375,91131,0
291732,2023,Farmers & Merchants Bank,105293,20042,0
292234,2023,FIRST FINANCIAL BANK,221006,21245,0
292467,2023,POINTWEST Bank,140971,12392,0
292850,2023,FIRST NATIONAL BANK OF WAKEFIELD,56684,5004,0
292908,2023,"Evans Bank, NA",2163105,215262,0
293053,2023,COMMUNITY NATIONAL BANK,2057791,185162,2355
293352,2023,Adrian State Bank,63130,6085,0
293437,2023,The Citizens Bank of Winfield,311672,57960,0
293651,2023,Campbell County Bank,157890,22439,0
293754,2023,State Bank Of Southwest Missouri,176889,11033,647
294023,2023,First State Bank,854662,89516,0
294564,2023,First Bank & Trust,2961239,267169,5277
294751,2023,"The City National Bank And Trust Company Of Lawton, Oklahoma",434132,54631,0
294779,2023,TIMBERLAND BANK,1835032,206651,0
294827,2023,"Pioneer Community Bank, Inc.",157479,20545,0
295011,2023,Greenville National Bank,578554,60646,0
295057,2023,SECURITY BANK MINNESOTA,151284,15588,0
295646,2023,Farmers State Bank Of Medora,23852,3096,0
296456,2023,Firstbank,589276,53588,0
296474,2023,The Home Savings And Loan Company Of Kenton,183227,36981,0
296559,2023,Commercial Bank,374902,34653,0
296755,2023,Citizens State Bank,221078,21121,0
296858,2023,First National Bank of Lindsay,92977,11010,0
297051,2023,Patriots Bank,197041,14908,1329
297631,2023,Crews Bank & Trust,226132,18684,0
297761,2023,Monterey County Bank,204418,19246,2501
298049,2023,IOWA STATE BANK,186550,19701,0
298218,2023,Watertown Savings Bank,923496,123625,0
298245,2023,The City National Bank Of Metropolis,444550,57916,0
299868,2023,Community Commerce Bank,330579,58230,0
300009,2023,Passumpsic Savings Bank,838127,95319,1710
300063,2023,"NEW OMNI BANK, N.A.",549989,125932,0
300157,2023,Valley Exchange Bank,77176,7627,0
300353,2023,"Shamrock Bank, National Association",430827,43892,0
300456,2023,Piqua State Bank,33965,3554,0
300933,2023,Planters First Bank,417681,37907,0
300942,2023,Pioneer Bank,245181,22741,0
300960,2023,Bank Of Idaho,978255,124993,2120
301574,2023,Lake Shore Savings Bank,699568,87383,0
301800,2023,Ulster Savings Bank,1247761,121182,0
302030,2023,Bank of Belle Glade,142070,11355,0
302133,2023,Camp Grove State Bank,43297,4659,0
302553,2023,Plains State Bank,361181,28234,0
302656,2023,MINNWEST BANK,2847684,244098,961
303653,2023,FIRST STATE BANK OF BURNET,322321,36351,0
303701,2023,Wells River Savings Bank,228201,23420,0
303747,2023,The First Bank And Trust Company Of Murphysboro,86092,7588,0
303952,2023,Farmers Bank Of Northern Missouri,485347,59462,0
304173,2023,Marquette Savings Bank,1126810,184109,0
304520,2023,Chesapeake Bank & Trust Company,134921,11443,0
304575,2023,Sidney Federal Savings And Loan Association,15823,774,0
304762,2023,"Security State Bank, The",76519,7028,0
304913,2023,Deutsche Bank Trust Company Delaware,122878,115390,0
305059,2023,"First State Bank, The",82463,13056,0
305077,2023,Peru Federal Savings Bank,174030,23925,0
305237,2023,THE GEO. D. WARTHEN BANK,242479,19484,0
305442,2023,THE NEW WASHINGTON STATE BANK,520972,49898,0
306056,2023,"First National Bank Of Fleming, The",30692,3177,0
306140,2023,Security State Bank,21509,8593,0
306159,2023,American National Bank Of Minnesota,451321,39100,177
306337,2023,Casey State Bank,430692,44043,0
306908,2023,Jeff Bank,683198,72430,0
307062,2023,Farmers Bank,651678,84286,967
307334,2023,Southern Bank,224391,25837,0
307361,2023,"AMERICAN BANK, NATIONAL ASSOCIATION",623090,54521,0
307679,2023,Bank Of The Pacific,1305491,121111,0
307932,2023,Catlin Bank,84885,8821,0
308256,2023,CenBank,87488,6287,0
308340,2023,The Bath State Bank,286130,22965,690
308836,2023,Bank of Bourbonnais,93218,8526,0
309150,2023,The Missouri Bank,423510,47967,0
309655,2023,Regent Bank,1225185,113619,0
309851,2023,Root River State Bank,88625,8820,0
310754,2023,American Equity Bank,156413,23875,28932
310950,2023,First National Bank In Okeene,73829,14950,0
310978,2023,WaterStone Bank,2027068,341866,131188
311050,2023,American Heritage Bank,1455553,131071,0
311144,2023,Bank of Bearden,82076,6563,0
311256,2023,Granite Bank,239244,21848,256
311265,2023,The Yoakum National Bank,269016,31852,0
311603,2023,Dime Bank,1108849,126097,0
311658,2023,The First National Bank of Coleraine,106973,7825,0
311845,2023,ARVEST BANK,26441420,2248735,29296
311939,2023,Washington State Bank,286836,27099,0
312244,2023,First Bank Of Berne,1045354,93886,301
312356,2023,The Cornerstone Bank,172631,21518,0
313009,2023,The Upstate National Bank,308456,22762,0
313157,2023,"Seiling State Bank, The",159663,17308,0
313223,2023,OSGOOD BANK,378747,37441,570
313577,2023,Forward Bank,935505,76832,314
314257,2023,Deerwood Bank,1037836,93592,0
314444,2023,Fbt Bank & Mortgage,214896,23466,0
315656,2023,First Enterprise Bank,181816,21988,0
316840,2023,Republic Bank & Trust Company,5825549,840462,19176
316859,2023,"Exchange Bank, The",142580,15662,0
316934,2023,Buckley State Bank,52906,5332,0
317258,2023,West Plains Bank And Trust Company,620188,51947,0
317342,2023,Stock Yards Bank & Trust Co.,7488838,667777,2606
317379,2023,Home Federal Savings And Loan Association Of Grand Island,426464,41894,0
317650,2023,CITIZENS STATE BANK,60859,5650,0
318639,2023,Bank of Chestnut,20232,1865,0
318974,2023,First Federal Savings and Loan Association,2548129,236123,4197
319047,2023,"Riddell National Bank, The",293739,26720,507
319458,2023,The First National Bank,137677,11491,0
319551,2023,Security State Bank,374384,53651,0
320034,2023,PEOPLES BANK OF GREENSBORO,108668,9166,0
320052,2023,Legacy Bank,629791,57940,0
320070,2023,Valley Central Bank,153786,36903,259
320119,2023,Israel Discount Bank Of New York,12512286,1271871,0
321152,2023,Lineage Bank,242664,22151,2301
321255,2023,FIRST AMERICAN BANK,34031,4101,0
321273,2023,Affinity Bank,791958,87397,0
321330,2023,Farmers And Merchants State Bank Of Bushnell,93159,7166,0
321947,2023,FCN Bank N.A.,754653,68069,839
322449,2023,COMMUNITY STATE BANK,108170,11763,581
322476,2023,Wabash Savings Bank,9554,728,0
322551,2023,First Security Bank,50126,3899,0
323204,2023,"Lyons National Bank, The",1753561,150363,3862
323651,2023,Gilmer National Bank,311688,33328,0
324153,2023,First National Bank Of Giddings,289364,30128,0
324229,2023,"Waterford Commercial And Savings Bank, The",56541,7385,0
324256,2023,Oklahoma State Bank,58758,6086,0
324340,2023,Choiceone Bank,2382585,201077,4834
324854,2023,Bank Of Crockett,247960,20776,0
324863,2023,THE BANK OF COMMERCE,1921523,250597,189
324975,2023,Dewitt Savings Bank,143749,17385,0
325141,2023,Farmers Bank,273519,41900,0
325459,2023,First State Bank In Temple,26042,5601,0
325534,2023,BYRON BANK,334546,34217,529
326054,2023,Silver Lake Bank,395569,43140,0
326344,2023,Peoples State Bank of Newton,615407,64153,0
326858,2023,The First National Bank In Sioux Falls,1789159,195497,145
326979,2023,Greenfield Co-Operative Bank,765250,90281,0
327220,2023,Farmers State Bank,181585,13963,0
327305,2023,Katahdin Trust Company,981838,104275,0
327435,2023,United Southern Bank,892197,71558,0
327556,2023,ANCHOR D BANK,317746,29263,0
327855,2023,CIERA BANK,804412,82729,0
328058,2023,FIRST BANK OF THOMAS,50819,7822,0
328357,2023,"Titan Bank, N.A.",466608,46982,0
328656,2023,United Farmers State Bank,195449,19871,0
328777,2023,Penn Community Bank,2660709,348884,0
329149,2023,Bank Plus,155978,13495,0
329345,2023,Generations Bank,812412,88159,0
329550,2023,INSOUTH BANK,472434,41649,0
329952,2023,First National Bank of Granbury,902137,91298,1830
330239,2023,FIRST NATIONAL BANK,383633,55648,0
330248,2023,FIRST NATIONAL BANK OF NOKOMIS,178784,18802,0
330855,2023,The Bank Of Missouri,2796291,302289,18570
330873,2023,Wakefield Co-operative Bank,300926,23081,24
330949,2023,"Morgantown Bank & Trust Company, Incorporated",277592,22592,0
331076,2023,First Federal Bank Of Wisconsin,322879,71360,0
331375,2023,BankGloucester,359522,29511,0
331544,2023,Richland County Bank,111313,19648,0
331713,2023,New Tripoli Bank,617196,66583,0
332224,2023,Mechanics & Farmers Bank,429685,63740,0
332345,2023,Oakdale State Bank,26162,3000,0
332671,2023,"Morganton Savings Bank, S.S.B.",121301,26838,0
332756,2023,ADAMS STATE BANK,67600,10518,0
333034,2023,State Bank of Cochran,258758,37966,0
333203,2023,UNION BANK,1335789,106279,1178
333650,2023,The Bank,448111,52293,0
333856,2023,Grandview Bank,473512,39219,0
333940,2023,The First National Bank,79555,8088,0
334264,2023,FIRST COMMUNITY BANK,701415,62164,0
335346,2023,Partners Bank,395096,41463,0
336147,2023,"United Citizens Bank   Trust Company, Inc.",170162,16296,0
336361,2023,SANGER BANK,202453,28423,0
336576,2023,"The Equitable Bank, State Savings Bank",336426,35909,580
337340,2023,Heritage Bank of Schaumburg,156902,13379,0
338646,2023,TrustBank,469976,41156,0
338851,2023,CAMBRIDGE STATE BANK,90592,8943,0
338945,2023,1ST COMMUNITY BANK,67449,6769,0
339072,2023,"Colonial Savings, F.A.",1099887,74432,24685
339353,2023,First Security Bank - Canby,86424,10609,0
339456,2023,First Community Bank,630697,64975,81
339607,2023,Saco & Biddeford Savings Institution,1276362,141808,0
339773,2023,Needham Bank,3592881,357389,331
339858,2023,"BOKF, NA",47596192,4178531,73940
339876,2023,First Federal Savings   Loan Association of Aberdeen,48082,7922,0
340135,2023,Bank of Tennessee,1788405,167610,1919
340144,2023,Peoples State Bank,1337361,125685,0
340256,2023,21st Century Bank,689010,81507,0
340443,2023,FIRST NATIONAL BANK IN PINCKNEYVILLE,133251,15177,0
340742,2023,CIBM BANK,745082,74612,5057
340751,2023,First National Bank Of Albany/Breckenridge,705466,80932,0
341310,2023,Walden Savings Bank,828530,75972,0
342054,2023,Phelps County Bank,498067,38311,0
342362,2023,First National Bank of Shiner,872453,112328,0
342410,2023,Orrstown Bank,2918941,266122,10880
342634,2023,Trustmark National Bank,18013146,1501889,135226
343051,2023,Bank Of Eufaula,114723,12744,0
343248,2023,FIRST NATIONAL BANK,41703,5025,0
343770,2023,NASHVILLE SAVINGS BANK,86053,10093,0
343903,2023,Adams Community Bank,931600,89441,0
343958,2023,Currie State Bank,90099,9918,0
344647,2023,"First Bankers Trust Company, National Association",1117412,106053,0
344852,2023,Perennial Bank,151800,12296,0
345309,2023,Chelsea Groton Bank,1572496,226237,649
345345,2023,"American Bank, National Association",508857,45607,909
345747,2023,State Bank,745652,66356,1
345756,2023,"First State Bank Of St. Charles, Missouri",534540,74756,9915
345877,2023,Century Next Bank,642730,68764,1624
346379,2023,First Federal Community Bank Of Bucyrus,253548,20434,3376
346566,2023,First National Bank Of South Padre Island,90593,7659,0
346771,2023,First Federal Savings Bank of Champaign-Urbana,218746,19155,0
347022,2023,FIRST NATIONAL BANK OF SOUTH CAROLINA,277071,28490,0
347639,2023,Devon Bank,527966,35274,3775
347956,2023,"Vast Bank, N.A.",866056,84057,0
348159,2023,i3 Bank,192874,18123,0
348720,2023,Farmers and Merchants Bank,958937,94504,0
349129,2023,The Commercial Bank,250949,31451,0
349343,2023,Town And Country Bank Midwest,223188,25172,0
350572,2023,1St United Bank,193576,16871,0
350657,2023,1ST BANK IN HOMINY,44845,3885,0
350750,2023,North Valley Bank,236572,27475,0
351131,2023,Bank Of Brewton,50525,10827,0
351560,2023,Summit Bank,361045,40680,0
351878,2023,Aroostook County Federal Savings And Loan Association,185569,18336,0
352370,2023,Southern Hills Community Bank,180975,26120,0
352651,2023,Boc Bank,190177,20238,0
352745,2023,State Street Bank And Trust Company,301781,26981,0
352772,2023,Banner Bank,15821645,1544396,56857
353238,2023,Central State Bank,539729,53081,0
353546,2023,The First National Bank in Tremont,150926,16286,0
353555,2023,Amarillo National Bank,8454890,790276,7938
353957,2023,The First Farmers National Bank of Waurika,53727,10081,0
354057,2023,First National Bank of Alvin,174141,18088,0
354253,2023,Sunrise Bank Dakota,64738,7250,0
354310,2023,Univest Bank and Trust Co.,7207694,673256,5037
354552,2023,Community National Bank,863439,75315,0
354851,2023,The State Exchange Bank,96274,10249,0
355120,2023,Carolina Bank & Trust Company,790549,86421,0
355559,2023,Range Bank,518565,46386,0
355858,2023,First National Bank,1670754,346722,2514
356239,2023,Citizens State Bank,381356,35716,0
356659,2023,Solomon State Bank,178446,32272,0
356752,2023,Citizens State Bank,168005,17046,0
357526,2023,Davis Trust Company,217111,19012,0
357553,2023,FIRST PIONEER NATIONAL BANK,239949,28680,0
357777,2023,GREENVILLE SAVINGS BANK,317862,39663,0
357937,2023,Citizens Bank And Trust Company,434338,45953,0
358112,2023,Commercial Bank,191649,19907,0
358448,2023,Mayville State Bank,104154,10353,0
358756,2023,Tampa State Bank,68331,6018,0
359472,2023,Homewood Federal Savings Bank,59741,16348,0
359650,2023,Alden State Bank,22034,2531,0
359744,2023,WHITE STATE BANK,92899,10061,0
360777,2023,"Jackson Savings Bank, SSB",32044,7020,0
361055,2023,CoreFirst Bank   Trust,1244001,104544,0
361167,2023,Southside Bank,7554150,823323,667
361279,2023,Community Bank,272901,22093,0
361354,2023,Grant County Bank,69877,9147,0
361439,2023,Andrew Johnson Bank,510700,52186,0
362043,2023,The Exchange State Bank,54548,4684,203
362155,2023,The First National Bank of Anderson,223481,22016,0
362717,2023,The Croghan Colonial Bank,1122225,119867,358
362856,2023,"The Big Bend Banks, N.A. Dba Marfa National Bank",163503,20003,0
362940,2023,State Bank of St. Jacob,84504,11881,0
363442,2023,SAINTE MARIE STATE BANK,15053,3100,0
363648,2023,Security Trust & Savings Bank,285837,25116,0
363657,2023,The First National Bank Of Bemidji,997313,102187,0
363778,2023,Peoples First Savings Bank,87898,8780,0
364131,2023,Great Oaks Bank,309124,29516,0
364270,2023,"Bankpacific, Ltd.",204607,18733,0
364430,2023,Bank of St. Francisville,259413,25388,0
364850,2023,First State Bank of Bigfork,100551,10955,0
365325,2023,United Bank,29430409,3029857,56879
365745,2023,Pinnacle Bank,285368,42294,0
365848,2023,Williamsville State Bank And Trust,102676,12788,0
365950,2023,LimeBank,79918,16879,0
366078,2023,Sturgis Bank & Trust Company,864750,69194,663
366238,2023,Pinnacle Bank,2038739,177089,2180
366247,2023,TEMPLETON SAVINGS BANK,169561,20400,0
366359,2023,First National Bank of Anson,80879,6313,0
366658,2023,First Independent Bank,125919,13397,0
366854,2023,Kendall Bank,128782,12993,0
367150,2023,COMMUNITY STATE BANK,110745,11310,0
367178,2023,Miami Savings Bank,139225,24818,0
367431,2023,Citizens Bank Of The South,327443,36383,0
367543,2023,Kentland Bank,340251,43606,0
368054,2023,MASON BANK,143946,24592,0
368344,2023,Farmers Savings Bank & Trust,221591,20170,0
368522,2023,Apollo Trust Company,183498,20124,0
368933,2023,The First  National Bank of Beardstown,167353,18320,0
368951,2023,KAW VALLEY STATE BANK & TRUST CO.,230242,27802,0
369453,2023,Impact Bank,163079,15393,0
369659,2023,The First National Bank of Central Texas,1333228,124213,0
370020,2023,Pendleton Community Bank,658250,51259,0
370347,2023,The First National Bank Of Litchfield,141958,15062,0
370721,2023,The Farmers State Bank,222733,28661,0
370833,2023,CARVER STATE BANK,84015,11045,0
370954,2023,The Cowboy Bank Of Texas,119592,14381,532
371223,2023,Riverhills Bank,324718,26008,1413
371232,2023,First Community Bank And Trust,204023,22461,0
371362,2023,Wellington State Bank,556347,56599,0
371559,2023,Community National Bank of Okarche,136081,19668,0
371755,2023,First National Bank,89675,7912,0
371849,2023,Bank of Yates City,80982,7223,0
371924,2023,Community Bank,1407091,121188,0
371942,2023,Liberty Bank,127457,15383,0
372444,2023,"Litchfield National Bank, The",131457,10273,0
372538,2023,The Evangeline Bank And Trust Company,894031,124868,210
372640,2023,Farmers And Merchants Bank,236936,21863,0
372855,2023,Stryv Bank,183771,21376,0
373272,2023,Compass Savings Bank,58319,4403,0
373553,2023,First Bank and Trust,66602,7980,0
373601,2023,UNION COUNTY SAVINGS BANK,1548301,204345,0
374130,2023,The Citizens Bank,215887,20012,453
374653,2023,First PREMIER Bank,2748882,390204,4389
374774,2023,Surety Bank,216989,21681,0
375043,2023,"PEOPLES NATIONAL BANK, N.A.",1697634,145997,1806
375379,2023,North Side Federal Savings And Loan Association Of Chicago,44750,3875,0
375502,2023,BankProv,1636249,184025,0
375566,2023,First National Bank,1154848,101653,586
375650,2023,Menard Bank,72808,6401,0
376237,2023,MERCHANTS & FARMERS BANK OF GREENE COUNTY,98498,10009,0
376273,2023,North Shore Bank,2582111,287686,303
376442,2023,First Bank,689237,73005,0
376947,2023,Citizens' Bank Of Charleston,178735,28803,0
377663,2023,FANNIN BANK,137508,11546,0
377850,2023,FIRST SECURITY BANK AND TRUST COMPANY,79084,22228,0
378044,2023,COMMUNITY STATE BANK,29551,3345,0
378110,2023,The Peoples Bank,60928,6172,0
379050,2023,State Bank Of Easton,26693,3102,0
379153,2023,The First National Bank Of Evant,157749,13285,0
379470,2023,Canton Cooperative Bank,153836,21755,0
379649,2023,FIRST NATIONAL BANK OF IZARD COUNTY,201356,62648,0
379920,2023,First National Bank Of Pennsylvania,43726588,3640297,124100
380346,2023,Farmers Savings Bank,129662,19305,0
380458,2023,Texas Regional Bank,2627954,228726,998
380533,2023,Longview Bank,283286,23395,0
380878,2023,Van Wert Federal Savings Bank,147130,34109,0
380944,2023,The Bank Of Kaukauna,144800,12478,0
381026,2023,The Twin Valley Bank,117909,9924,0
381343,2023,Citizens Bank And Trust Company,968802,98426,0
381932,2023,Commercial Banking Company,321414,36766,0
381950,2023,THE FIRST NATIONAL BANK OF SAINT IGNACE,341019,20839,0
382050,2023,CENTRAL SAVINGS BANK,410474,34287,491
382069,2023,International Bank of Commerce - Zapata,449571,71418,0
382256,2023,STANTON STATE  BANK,58357,5507,0
382274,2023,Kentland Federal Savings and Loan Association,3081,404,0
382443,2023,Farmers Trust And Savings Bank,177871,34369,0
382537,2023,The Bank Of Vernon,279271,51780,0
382649,2023,FIRST SOUTHERN BANK,1034888,94415,0
382658,2023,PUTNAM COUNTY STATE BANK,246627,35848,0
382742,2023,Bank Michigan,113473,10209,3215
382854,2023,Security Bank Of Pulaski County,134388,11363,0
384018,2023,Woori America Bank,3104798,436085,0
384278,2023,First Federal Bank,3765448,340071,32020
384353,2023,The Bank of Steinauer,16543,1337,0
384652,2023,"DALLAS CAPITAL BANK, N.A.",1094760,110393,0
384830,2023,Citizens Bank & Trust Co.,169833,16863,0
385350,2023,Community Bank Of Cameron,173695,14507,0
385471,2023,Madison County Bank,596220,83522,0
385547,2023,The Citizens Farmers Bank of Cole Camp,175052,24562,0
385686,2023,Lusitania Savings Bank,383686,57444,0
386432,2023,Liberty Bank,183521,20800,0
386450,2023,Five Points Bank Of Hastings,541855,53166,0
386731,2023,STATE BANK & TRUST,347284,32114,0
386825,2023,The Citizens National Bank Of Woodsfield,164739,11340,0
387055,2023,"State Bank, The",132641,20054,0
387671,2023,FIRST FEDERAL BANK   TRUST,543770,62013,355
388155,2023,First Texoma National Bank,227034,23681,0
388258,2023,Marquette Farmers State Bank Of Marquette Kansas,31105,5369,0
388557,2023,RIVERSTONE BANK,502721,48429,0
388744,2023,Alden State Bank,282088,29106,0
388753,2023,Farmers And Merchants State Bank Of Alpha,48690,4965,0
388874,2023,Gunnison Savings And Loan Association,108280,13330,0
389358,2023,Security State Bank,290856,27238,0
389376,2023,Tecumseh Federal Bank,49795,11326,0
389826,2023,The Pataskala Banking Company,39589,3214,0
390372,2023,Arundel Federal Savings Bank,429911,68063,0
390840,2023,Union Bank,340547,27396,0
391418,2023,First & Peoples Bank And Trust Company,242712,34592,0
391557,2023,Lakeside Bank Of Salina,58584,5960,0
391575,2023,"United Fidelity Bank, fsb",5651849,424465,0
391959,2023,First Bank of Utica,78266,9060,0
391977,2023,Sturdy Savings Bank,1210083,95274,0
392152,2023,New Century Bank,54829,8187,0
392255,2023,First National Bank,113707,8726,0
392778,2023,CENTURY SAVINGS BANK,627019,74264,0
393252,2023,FIRST TEXAS NATIONAL BANK,154387,15674,0
393355,2023,Bank of Weston,197382,16293,0
393953,2023,"HOMETOWN BANK, NA",927490,100584,0
394156,2023,"Snb Bank, National Association",153493,13892,0
394259,2023,The First State Bank,463902,50020,0
395238,2023,Synovus Bank,59629623,5446703,391502
396057,2023,Independence State Bank,81378,7069,0
396244,2023,"River City Bank, Inc.",411957,52234,752
396253,2023,First National Bank And Trust Company,814463,87152,3742
396954,2023,The Pecos County State Bank,328592,31189,0
397456,2023,First National Bank of Fort Stockton,143610,17398,0
397531,2023,AMALGAMATED BANK OF CHICAGO,1103928,104241,0
397540,2023,FIRST NATIONAL BANK OF FORT SMITH,2203969,220355,732
397559,2023,Dundee Bank,599933,54986,2481
397755,2023,Legacy Bank & Trust Company,1370768,159023,0
397858,2023,Spiro State Bank,63197,6362,0
398051,2023,Farmers & Merchants Bank of Ashland,114696,10227,0
398248,2023,The Campbell & Fetter Bank,359029,34833,0
398668,2023,"The Bank of New York Mellon Trust Company, National Association",1502758,578590,0
398837,2023,Copiah Bank,309602,29462,0
399357,2023,McCLAVE STATE BANK,49087,7616,0
399517,2023,Cnb Bank,5453779,489374,231
399731,2023,Bank Of Erath,117936,14046,0
399973,2023,"First Federal Savings And Loan Association Of Central Illinois, S.B.",194112,19095,0
400057,2023,First State Bank of Purdy,209341,17024,0
400141,2023,"FNB Bank, Inc.",657695,57667,0
400365,2023,"First Commercial Bank, N.A.",547475,44372,185
400767,2023,Nevada Bank And Trust Company,245413,20418,0
401072,2023,Century Savings And Loan Association,90962,14237,0
401559,2023,DNB National Bank,109334,9439,0
401755,2023,THE BANK OF THE WEST,160099,20919,0
401906,2023,Skowhegan Savings Bank,774373,108272,0
401951,2023,Portage Bank,65941,5762,0
402846,2023,Pocahontas State Bank,111542,27011,0
402873,2023,"VERSAILLES SAVINGS AND LOAN COMPANY, THE",61742,11845,0
403067,2023,Beacon Business Bank,148117,19828,0
403151,2023,Cornerstone Bank,2373745,206249,435
403179,2023,First Fed Bank,2019046,215037,597
403254,2023,"Transact Bank, National Association",14668,1870,0
403656,2023,State Bank Of Eagle Butte,72746,7513,0
403870,2023,Iroquois Federal Savings And Loan Association,823727,84530,0
403946,2023,The Park Bank,1398059,145419,0
404653,2023,Dominion Bank,504523,50364,0
404943,2023,Tri-Valley Bank,74611,7509,0
406022,2023,Woodsboro Bank,399464,29292,0
406059,2023,NBT Financial Bank,439310,42515,0
406666,2023,West Texas State Bank,224067,23617,0
406974,2023,Brighton Bank,299715,32634,340
407168,2023,First State Bank,177332,16983,0
407506,2023,ION BANK,2071879,186334,0
407645,2023,"Stillman BancCorp, N.A.",592719,55263,0
407850,2023,Farmers State Bank,23102,3534,0
408307,2023,Athol Savings Bank,582843,71455,0
408642,2023,Bankers Bank,1382388,150717,7345
408875,2023,Axiom Bank,659945,86634,0
409265,2023,SPUR SECURITY BANK,68684,5680,0
410159,2023,ANDES STATE BANK,26061,2867,0
410560,2023,First State Bank,317258,35572,0
410748,2023,Bank Of O'fallon,336817,43707,0
410917,2023,CITIZENS NATIONAL BANK,610873,53982,0
410944,2023,Citizens Bank,59663,5007,0
411062,2023,THE FIRST NATIONAL BANK,246668,21261,0
411174,2023,First Federal Savings and Loan Association,35412,10150,0
411231,2023,Brantley Bank & Trust Company,99797,11880,0
411240,2023,"Old Exchange National Bank Of Okawville, The",90245,9113,0
411512,2023,Centric Bank,1078774,122143,189
411549,2023,Table Grove State Bank,50184,6172,0
411576,2023,Mayville Savings Bank,74934,8504,0
411624,2023,Somerville Bank,259113,24821,0
411651,2023,Farmers & Merchants State Bank,201636,23892,0
412153,2023,Nebraska State Bank And Trust Company,279424,30067,0
412452,2023,Community Bank Of Oklahoma,82444,7264,0
412555,2023,SJN Bank of Kansas,240168,21951,0
412667,2023,Sundown State Bank,228338,22257,0
412751,2023,Woodforest National Bank,9145613,796762,0
412845,2023,First National Bank In Olney,436090,45121,0
412872,2023,Farmers And Mechanics Federal Savings Bank,121151,11533,0
413141,2023,First National Bank Of America,4554611,382209,0
413208,2023,HSBC Bank USA N.A.,162436537,17992150,353556
413347,2023,First State Bank Of Olmsted,66855,5892,0
413543,2023,Citizens State Bank,177757,19498,0
413646,2023,"First Neighbor Bank, National Association",524921,55871,844
413673,2023,F&M Bank and Trust Company,165840,15888,163
413758,2023,Brunswick State Bank,147293,14074,0
414102,2023,Alden State Bank,432448,55306,0
414652,2023,FIRST NATIONAL BANK,155409,18272,0
414764,2023,TEXAS BANK,808228,75599,0
414858,2023,"Incommons Bank, National Association",230089,20816,0
416245,2023,Busey Bank,12304953,1306716,1253
416272,2023,Abbeville First Bank,117074,10317,0
416339,2023,First Security Bank,105861,10378,0
416357,2023,Chambers State Bank,73846,17493,0
416656,2023,Welch State Bank,379256,38927,0
416674,2023,"KS BANK, INC",547269,53397,0
417626,2023,Putnam County Bank,634206,98888,0
417710,2023,"Pinnacle Bank, Inc.",54524,7895,0
418100,2023,SEAMEN'S BANK,493384,49386,0
418249,2023,The Security National Bank of Sioux City Iowa,1330926,154277,0
418436,2023,Peoples Bank Of Macon,26586,2913,0
418856,2023,The State Bank Of Spring Hill,58081,4655,0
419406,2023,Bangor Savings Bank,7377141,530345,5393
419460,2023,CapTex Bank,295858,37661,0
419675,2023,First Bank Richmond,1324581,152391,474
419947,2023,The Hill-Dodge Banking Company,52613,7061,0
420578,2023,Catalyst Bank,251998,78527,0
420644,2023,The Peoples Community Bank,373102,43775,0
420653,2023,VALLEY STATE BANK,219555,20382,0
420877,2023,FIRST FIDELITY BANK,142529,12931,0
421445,2023,First National Bank of Raymond,182933,18394,0
421539,2023,First Peoples Bank of Tennessee,200929,21442,0
422059,2023,KansasLand Bank,49551,4857,0
422116,2023,"Bank Of The Mountains, Inc.",90986,8659,0
422433,2023,First Guaranty Bank,3149346,284992,0
422657,2023,Security First National Bank Of Hugo,135498,11744,0
423159,2023,Mccurtain County National Bank,358349,43304,0
423449,2023,"The Farmers Bank, Frankfort, Indiana, Inc.",845171,92291,227
423636,2023,UBANK,122516,15153,0
423739,2023,Morris Bank,1426476,169387,1940
424156,2023,Stockgrowers State Bank,164518,20451,0
424240,2023,Citizens First National Bank,258145,28235,0
424352,2023,ANAHUAC NATIONAL BANK,311968,30046,0
424437,2023,Campus State Bank,24581,2559,0
424633,2023,Wilcox County State Bank,150638,16382,0
425050,2023,Farmers and Merchants State Bank,35497,3395,0
425108,2023,Rondout Savings Bank,524847,48608,0
425818,2023,United Cumberland Bank,375602,44505,0
425845,2023,Security State Bank,313938,33807,0
425911,2023,Ephrata National Bank,1856294,177907,5927
426057,2023,Spectra Bank,83043,5562,0
426141,2023,First State Bank Of St. Peter,31267,5239,0
426534,2023,Heartland Bank and Trust Company,4281261,463983,615
426758,2023,Bank Of Salem,131450,11568,0
426945,2023,BANK OF MILTON,185660,16331,0
427241,2023,The Friendship State Bank,543581,44682,0
427353,2023,FIRSTAR BANK,920605,76021,3509
427858,2023,Evergreen National Bank,147497,12992,0
427960,2023,Twin River Bank,147269,13271,825
428060,2023,Central National Bank,1241477,112278,0
428462,2023,IRELAND BANK,363029,34123,0
428547,2023,"St. Charles Bank & Trust Company, N.A.",2130380,200910,0
428855,2023,The Seymour Bank,218674,22605,0
429021,2023,QUEENSTOWN BANK OF MARYLAND,650619,75826,0
429487,2023,Sound Community Bank,976516,107740,0
430036,2023,Robertson Banking Company,444822,39301,0
430054,2023,Main Bank,244530,24279,0
430344,2023,Community Bank,259167,40598,0
431172,2023,Pacific Premier Bank,21691786,2499418,2643
431323,2023,Peoples State Bank,201947,14409,0
431350,2023,The Bank of Commerce and Trust Company,107353,9037,0
432058,2023,FREEDOM BANK (FKA) BRUSH COUNTRY BANK,145647,25892,0
432432,2023,Phenix-Girard Bank,265342,37890,0
433505,2023,Bath Savings Institution,1276951,190080,0
433550,2023,Bank of Ripley,288721,39001,0
433608,2023,Tompkins Community Bank,7630619,685956,0
433859,2023,Fowler State Bank,127193,15925,0
433943,2023,Washington State Bank,525353,62827,0
434203,2023,"First Hope Bank, A National Banking Association",679643,56598,0
434539,2023,F&M BANK,313520,35345,0
435059,2023,Ennis State Bank,343697,31363,916
435077,2023,"Pathward, N.A.",6661041,554614,17148
435255,2023,Security State Bank,298584,27899,0
435666,2023,Security Bank Of Texas,121514,11423,0
435750,2023,FIRST STATE BANK,1670131,145563,6237
436159,2023,Firstbank,12826414,1293585,139451
436542,2023,Waukon State Bank,393175,39469,0
436739,2023,"BankChampaign, N.A.",215141,27119,0
436953,2023,Sullivan Bank,948158,82317,648
437044,2023,THE WATKINS SAVINGS BANK,80691,13044,0
437914,2023,Wilmington Savings Fund Society,19808858,2003779,42985
439132,2023,GLENNVILLE BANK,375354,37205,0
439338,2023,United Community Bank,3460034,305711,2006
439356,2023,ELKHORN VALLEY BANK & TRUST,1019684,118441,312
439404,2023,First National Bank,2704047,240848,275
439730,2023,State Bank of Bement,168230,15982,0
440857,2023,America's Community Bank,40645,4297,0
440978,2023,Kingstree Federal Savings And Loan Association,36100,6144,0
441050,2023,FALLS CITY NATIONAL BANK,586874,65335,0
441078,2023,Community Partners Savings Bank,238339,27379,0
441135,2023,Citizens Bank of Chatsworth,39396,5041,0
441256,2023,First Dakota National Bank,2727087,248113,954
441359,2023,MARIES COUNTY BANK,571019,84782,0
441470,2023,First Federal Savings And Loan Association,24050,2611,0
441630,2023,Bank of Dade,147192,14555,0
442011,2023,Generations Bank,384938,41127,0
442057,2023,The Citizens State Bank   Trust Co,66590,5532,0
442244,2023,Northeast Security Bank,442357,42424,0
442655,2023,The First National Bank In Falfurrias,74745,7764,0
443148,2023,Bippus State Bank,320397,40219,626
443205,2023,Union Savings Bank,2985601,339308,0
443353,2023,Unity Bank,590521,54463,0
443625,2023,The Ottoville Bank Company,87506,18510,0
443634,2023,Scott State Bank,212972,27012,215
444350,2023,FIRST TEXAS BANK - GEORGETOWN,957622,86480,0
444556,2023,Points West Community Bank,824071,77371,0
444677,2023,"Black Mountain Savings Bank, Ssb",44872,5363,0
445674,2023,Pioneer Federal Savings & Loan Association,103385,18234,0
445955,2023,First National Bank of East Texas,510181,50630,0
446130,2023,Farmers And Merchants Bank,268303,28361,0
446149,2023,"Peoples Bank, The",123064,11391,0
446176,2023,Fidelity Federal Savings And Loan Association Of Delaware,125761,23164,0
446877,2023,McHenry Savings Bank,328083,26194,0
447070,2023,Hoyne Savings Bank,468264,95292,0
447100,2023,Cornerstone Bank,1503914,131215,0
447557,2023,Citizens State Bank - La Crosse,551193,47556,1010
448040,2023,Oxford Bank,792571,76162,0
448554,2023,SAGE CAPITAL BANK,654463,59983,0
449038,2023,"Citicorp Trust Delaware, National Association",23537,22218,0
449430,2023,22nd State Bank,225164,26007,0
449832,2023,MARION COMMUNITY BANK,300239,31688,0
449935,2023,Country Trust Bank,31224,29327,0
450632,2023,First National Community Bank,582751,65171,347
450669,2023,The First National Bank of Ely,133026,14533,0
450753,2023,Fayetteville Bank,616490,83410,0
450856,2023,Union Bank And Trust Company,7608489,692837,4883
450959,2023,Security Financial Bank,828402,77310,148
451068,2023,FIRST BANK,787709,70378,722
451246,2023,Wayne Bank And Trust Co.,215165,21688,0
451273,2023,Geddes Federal Savings And Loan Association,616636,98241,0
451965,2023,"Wells Fargo Bank, National Association",1717531000,140644000,5501000
452159,2023,American Bank And Trust Company,291618,37555,0
452739,2023,The Claxton Bank,147651,15195,0
452841,2023,SPRING VALLEY CITY BANK,223698,29810,0
453147,2023,BANNER BANKS,127245,13760,0
453446,2023,EAGLE BANK AND TRUST COMPANY,473884,73032,15504
453839,2023,First State Bank Of Bloomington,160112,12358,271
454546,2023,The Peoples State Bank,431450,44126,410
454658,2023,The Pauls Valley National Bank,304845,28016,0
454676,2023,BankFinancial NA,1574423,165252,0
454975,2023,Massena Savings And Loan,172281,25139,0
455150,2023,The Payne County Bank,222304,35310,0
455253,2023,5STAR BANK,360036,53727,0
455459,2023,Fort Davis State Bank,129706,11711,0
455552,2023,Farmers And Merchants Bank,839698,88393,168
455945,2023,Bank of Delight,164938,21729,0
455972,2023,Peoples Bank,2579261,273323,0
456045,2023,Centennial Bank 0275,22808174,2408756,75142
456054,2023,Minden Exchange Bank & Trust Company,185854,33904,0
456344,2023,Hart County Bank And Trust Company,31690,7503,0
456755,2023,Exchange Bank and Trust Company,379476,38903,808
457060,2023,SPRING HILL STATE BANK,234273,30484,0
457220,2023,The Farmers Savings Bank,294310,77528,0
457426,2023,ENTERPRISE BANK OF SC,472776,30601,0
457752,2023,Coulee Bank,542602,42589,0
458142,2023,Horatio State Bank,265060,33312,0
458544,2023,First Service Bank,552555,56963,328
458665,2023,The First National Bank Of Stanton,387024,44689,0
458946,2023,Bank of Cashton,121211,14662,0
459130,2023,Gulf Coast Bank,521070,67133,0
459372,2023,UNITED SAVINGS BANK,465342,67685,0
459644,2023,First Community Bank of Moultrie County,111122,9966,0
459671,2023,Manasquan Bank,2778051,252734,0
460033,2023,COMMUNITY BANK OF MISSISSIPPI,4608467,384538,6894
460275,2023,Second Federal Savings   Loan Association of Philadelph,34460,5918,0
460332,2023,Municipal Trust And Savings Bank,343382,46465,287
460350,2023,FIRST SECURITY BANK,89162,6693,0
460556,2023,The State National Bank Of Groom,41053,4185,0
460770,2023,Home Savings Bank,111569,18194,0
461058,2023,Farmers State Bank,179777,15662,0
463203,2023,Brunswick Bank and Trust Company,390603,47873,0
463342,2023,Wisconsin Bank & Trust,1388430,119231,0
463605,2023,PEOPLES TRUST COMPANY OF ST. ALBANS,368796,37236,225
463650,2023,Adams Bank & Trust,1287359,123704,315
463735,2023,Hancock Whitney Bank,35158162,3279536,26385
464255,2023,Dakota Prairie Bank,131187,13816,0
464853,2023,BANK360,54148,4875,0
465038,2023,FIRST NATIONAL BANK OF BROOKFIELD,331446,33278,466
465243,2023,The Garrett State Bank,333665,32631,239
465524,2023,Bank Of Greeleyville,121638,13583,0
465618,2023,The Honesdale National Bank,921260,126352,114
465672,2023,Crossbridge Community Bank,199267,22939,0
466044,2023,RELIANCE STATE BANK,303001,25647,0
466240,2023,First Arkansas Bank And Trust,985331,105245,0
466754,2023,The Bank of Fayette County,847944,82505,103
466932,2023,Community Neighbor Bank,142601,16951,407
467144,2023,Hustisford State Bank,70996,11374,0
467470,2023,Central Federal Savings And Loan Association,184656,20065,0
467658,2023,Commercial Bank and Trust Company,1062292,111366,418
467733,2023,Union State Bank,263108,16567,0
468673,2023,The Home Loan Savings Bank,273279,31531,0
468806,2023,Northeast Bank,2809418,263722,0
469250,2023,Prescott State Bank,15398,2323,0
469559,2023,Jones Bank,401999,41689,0
469737,2023,The Commercial Bank,422053,37778,0
470032,2023,COMMUNITY SPIRIT BANK,182730,18307,0
470050,2023,"First Financial Bank, N.A. Abilene",12922116,1354745,11965
470434,2023,Local Bank (f.k.a Peoples Bank of Red Level),31655,15796,0
470452,2023,ARMSTRONG BANK,2395777,230262,563
471057,2023,The First State Bank Of Ransom,48521,9798,0
472018,2023,THE SALYERSVILLE NATIONAL BANK,137793,18742,0
472045,2023,Home State Bank,55262,14585,0
472148,2023,First State Bank of Van Orin,44651,4281,0
472250,2023,BOELUS STATE BANK,20658,2684,0
472531,2023,The Samson Banking Company,116441,14857,0
472616,2023,First National Bank Of Scotia,669571,52939,0
472643,2023,Farmers And Merchants Bank Of Kendall,81333,12985,0
472951,2023,Siouxland Bank,85110,6937,0
472979,2023,"Roxboro Savings Bank, Ssb",292760,57262,0
473042,2023,"South Central Bank,  Inc.",1734843,162256,1175
473257,2023,Valley Bank Of Kalispell,181345,18769,0
473266,2023,Texas First Bank,2146224,195808,6628
473501,2023,Berkshire Bank,11656860,1155280,4311
473930,2023,The Cottonport Bank,462604,60323,0
474058,2023,The First National Bank in Trinidad,270211,27302,0
474245,2023,Villa Grove State Bank,86248,9160,170
474254,2023,BROADWAY NATIONAL BANK,5323235,514526,1121
474357,2023,COUNTRYSIDE BANK,111284,15663,0
474450,2023,Rivers Edge Bank,268999,21592,0
474544,2023,Citizens Savings Bank,84364,6239,0
474656,2023,Corebank,91319,9445,0
474759,2023,"Sunflower Bank, National Association",7415263,748105,57323
474919,2023,"Fulton Bank, N.A.",26819331,2612363,7264
475345,2023,Huron Community Bank,316371,29030,597
475354,2023,Farmers State Bank,652501,60214,0
475653,2023,Mountain Valley Bank,482099,47068,0
475756,2023,Bank Of The Rockies,238873,21409,0
476445,2023,Bank of Lake Village,90910,10701,0
476472,2023,Community Savings,116242,17154,7157
476539,2023,Bank of Commerce & Trust Co.,391962,41246,0
476810,2023,"Citibank, N.A.",1764139000,151720000,16963000
477303,2023,Woodsville Guaranty Savings Bank,648071,56893,0
477321,2023,Consumers National Bank,1012629,78596,100
477349,2023,Bank Of Lake Mills,336853,39075,71170
477376,2023,Farmington State Bank,78184,12249,0
477639,2023,SunSouth Bank,115764,11079,0
477648,2023,Farmers State Bank,308919,42596,253
477844,2023,County Bank,214235,22250,304
478140,2023,Murphy-Wall State Bank And Trust Company,174092,16770,0
478195,2023,Bank Of The Valley,477602,43560,0
478533,2023,LENA STATE BANK,94654,10994,0
479071,2023,State Bank Northwest,227260,22156,0
479268,2023,Bank Of Stockton,4586445,682351,0
479370,2023,High Country Bank,440094,42888,175
479446,2023,CITIZENS STATE BANK OF LOYAL,269358,30978,0
479567,2023,First National Bank of Trinity,81439,7893,0
479754,2023,Commercial State Bank,195965,18621,0
479839,2023,Tennessee State Bank,1035492,82335,0
480059,2023,Park State Bank & Trust,139606,14879,0
480228,2023,"Bank of America, NA",2418508000,181089000,6716000
480246,2023,Washington State Bank,75344,7101,0
480330,2023,The Lemont National Bank,57017,3577,0
480433,2023,First National Bank In Deridder,366657,34108,0
480723,2023,1St National Bank,277102,19667,1617
480853,2023,McKenzie Banking Company,187721,21664,0
481159,2023,Valley Bank Of Commerce,326318,26876,0
481177,2023,Landmark National Bank,1498800,128643,2488
481430,2023,American National Bank,469233,57496,0
481579,2023,Custer Federal State Bank,123635,14393,0
481627,2023,"Citizens Bank Of West Virginia, Inc.",591030,55806,0
481748,2023,Sloan State Bank,68200,7294,0
481944,2023,The Farmers State Bank and Trust Company,249285,28014,92
482053,2023,Citizens State Bank,495220,54077,0
482156,2023,Farmers Bank & Trust,977048,199746,540
482370,2023,North County Savings Bank,65541,5314,0
482446,2023,JERSEY STATE BANK,173299,23928,332
483274,2023,First Savings Bank of Hegewisch,812420,116333,0
483537,2023,PNB Community Bank,146810,13669,0
483751,2023,Labette Bank,508032,54117,0
484057,2023,Marion State Bank,141227,17567,0
484141,2023,Community Trust Bank,107411,12215,0
484776,2023,"Viking Bank, National Association",253474,23069,0
485054,2023,Bank Of Elgin,76365,9771,0
485139,2023,State Bank & Trust Company,149088,15093,0
485214,2023,Farmers Bank,230631,22933,0
485456,2023,Kaw Valley Bank,307645,34792,0
485559,2023,First Horizon Bank,78672073,7699821,589710
487142,2023,Bank Of Kampsville,123409,21090,0
487357,2023,Town & Country Bank,677678,72260,0
487843,2023,The Village Bank,124611,6712,0
488318,2023,BNY Mellon Trust of Delaware,192197,40743,0
488420,2023,"Fayette County National Bank Of Fayetteville, The",143807,13681,0
488653,2023,"National Bank Of Andrews, The",300795,25853,0
488756,2023,First State Bank,205211,21685,0
489155,2023,Citizens State Bank,64244,10808,0
489249,2023,Kinmundy Bank,64806,7024,0
489548,2023,"First State Bank and Trust Company, Inc.",546799,68290,0
489623,2023,The Park National Bank,9815951,849886,2149
490179,2023,Pulaski Savings Bank,52631,5300,0
490348,2023,The State Bank Of Toledo,133163,11738,0
490450,2023,North Dallas Bank & Trust Co.,1680875,174522,0
490843,2023,"CARROLL COUNTY TRUST COMPANY OF CARROLLTON, MISSOURI",192996,18389,0
490955,2023,The Walton State Bank,11761,791,0
491224,2023,First-Citizens Bank & Trust Company,109180139,10186073,51929
491402,2023,Franklin Savings Bank,761892,71216,0
491653,2023,THE COMMERCIAL BANK,100495,9278,0
491934,2023,Colony Bank,2927951,256684,17743
492650,2023,EXCHANGE BANK,1310158,131263,549
492810,2023,Owingsville Banking Company,82442,7846,0
493077,2023,First Mutual Bank,109906,9918,0
493152,2023,FLATWATER BANK,231397,25118,0
493741,2023,ALLIANCE BANK,442035,46233,0
493844,2023,Franklin Bank & Trust Company,725763,83254,0
494261,2023,Pacific Western Bank,41183756,3408289,65076
494654,2023,"American Bank, N.A.",372209,49305,0
495419,2023,Citizens Bank of Kentucky,696971,82267,0
495558,2023,First New Mexico Bank of Silver City,143406,15487,0
496434,2023,The First National Bank,46665,14037,0
496845,2023,Bank & Trust Company,446299,46403,0
496957,2023,The Farmers State Bank Of Turton,35969,4127,0
497039,2023,Commercial Bank,1734819,183638,0
497404,2023,"TD Bank, N.A.",386799237,37718375,86716
497570,2023,Luther Burbank Savings,7971940,856631,0
497655,2023,First State Bank,196106,19998,0
497851,2023,Security Bank,242600,22542,245
497954,2023,Texas National Bank,679005,76111,590
498148,2023,Focus Bank,792654,97109,255
498317,2023,The Ohio Valley Bank Company,1193379,135404,0
498362,2023,American National Bank & Trust,1710167,194925,2955
498456,2023,First State Bank,37740,6474,0
498531,2023,EVABANK,405902,112845,0
498625,2023,"Calhoun County Bank, Inc.",185248,18507,0
498942,2023,CLAY COUNTY STATE BANK,107183,12232,0
499154,2023,Home Loan State Bank,202556,14985,806
499453,2023,FIRST STATE BANK,972103,85655,0
499501,2023,Maine Community Bank,1004289,142486,0
499743,2023,Heritage Community Bank,222889,18157,377
499752,2023,Bank of the Southwest,192924,16058,0
499855,2023,Southwest National Bank,550491,49638,0
500256,2023,The First National Bank Of Mertzon,581146,45638,0
500658,2023,Pavillion Bank,83120,10435,0
501105,2023,Manufacturers and Traders Trust Company,200262969,16673578,169082
501132,2023,West Alabama Bank & Trust,854535,94164,0
501459,2023,Royal Banks Of Missouri,1028537,117197,0
501655,2023,Wilson State Bank,118752,9414,0
501767,2023,First National Bank of Winnsboro,159402,31304,0
501815,2023,Luzerne Bank,549688,43364,0
502111,2023,National Bank Of New York City,208029,37946,0
502447,2023,Fredonia Valley Bank,97831,13176,0
502559,2023,The Gunnison Bank and Trust Company,224764,23602,0
502652,2023,Bank3,444357,40647,0
502746,2023,Community State Bank,432063,38172,0
502849,2023,Banterra Bank,2844673,286655,339
503547,2023,THE FAIRMOUNT STATE BANK,58734,6995,0
503640,2023,Neighbors Bank,68594,12048,10189
504142,2023,Chillicothe State Bank,145593,13184,0
504311,2023,The GenoaBanking Co,538273,44100,339
504535,2023,FIRST STATE BANK OF DEKALB COUNTY,327701,28221,0
504647,2023,International Bank Of Amherst,95696,12168,0
504713,2023,U.S. Bank National Association,585135605,47126871,1927701
505550,2023,Hiawatha National Bank,634681,58439,0
505916,2023,The First National Bank Of Germantown,81229,7095,0
506922,2023,SANDY SPRING BANK,13827883,1535674,11706
507068,2023,Exchange Bank,3334965,355686,6087
507152,2023,Quail Creek Bank,778498,74528,0
507349,2023,Farmers State Bank,64172,6963,0
507509,2023,Newtown Savings Bank,1846410,142582,0
508270,2023,Glen Burnie Mutual Savings Bank,109576,8382,0
508346,2023,Hawthorn Bank,1913413,205318,591
508355,2023,AmeriState Bank,361152,34380,0
509811,2023,"COMMUNITY TRUST BANK, INC.",5351295,714728,109
509857,2023,Fmb Bank,47203,3603,0
509950,2023,First United Bank And Trust Company,14547035,1294772,187736
510330,2023,F&M BANK,357772,50016,0
510648,2023,American Bank Of Beaver Dam,177426,17299,0
510871,2023,FirstBank of Puerto Rico,18626645,2190832,12306
510938,2023,Midamerica National Bank,575105,56984,44
510947,2023,Farmers State Bank & Trust Co.,117784,10073,0
511832,2023,Wayne County Bank,404813,55833,0
513256,2023,First National Bank Of Las Animas,568358,60450,0
513322,2023,Dedicated Community Bank,97323,7850,0
513340,2023,Commercial Bank,613249,54969,0
513546,2023,The Farmers & Merchants National Bank,265581,27335,0
513854,2023,First State Bank,94219,8624,0
513920,2023,The Marblehead Bank,58408,5356,0
514048,2023,CS Bank,504000,51435,0
514057,2023,Nebraska State Bank,18583,2492,0
514066,2023,Montecito Bank & Trust,2285315,208412,0
514132,2023,Citizens Bank,449244,52825,0
514356,2023,First Summit Bank,28429,3832,0
514655,2023,"TEXAS GULF BANK, N.A.",674475,80309,0
514936,2023,Rabun County Bank,289962,28613,0
515979,2023,Pee Dee Federal Savings Bank,38586,6086,0
516154,2023,FARMERS AND MERCHANTS BANK,144775,17845,0
516855,2023,Security Bank,738137,83392,0
516873,2023,Sunnyside Federal Savings And Loan Association Of Irvington,92050,11278,0
517049,2023,CHAMBERS BANK,1272197,146871,2374
517357,2023,Blue Sky Bank,668488,56910,0
517441,2023,"Bank Of Brodhead, The",266402,31192,0
517674,2023,First Federal Bank of Louisiana,1196746,125869,0
518037,2023,PEOPLESSOUTH BANK,1059217,100908,0
518176,2023,Rayne Building and Loan Association,57302,16199,80
518354,2023,PARK BANK,72460,10238,6
518877,2023,GREATER STATE BANK,138484,12069,0
519146,2023,First State Bank Of Dequeen,310778,30990,0
519360,2023,Mission National Bank,186374,37215,0
519445,2023,PEOPLES BANK,125185,13579,0
519874,2023,Lamont Bank Of St. John,68489,8895,0
520003,2023,Northfield Savings Bank,1414255,151391,0
520423,2023,The Fahey Banking Company,281118,53276,0
520777,2023,Community Savings Bank,430502,65253,0
521064,2023,SANTA ANNA NATIONAL BANK,56997,5936,0
521158,2023,"Southtrust Bank, N.A.",554007,54742,0
521970,2023,Big Horn Federal Savings Bank,348545,33420,0
522034,2023,The Commercial Bank of Ozark,113386,9543,0
522454,2023,FIRST STATE BANK,68463,8621,0
522605,2023,Bar Harbor Bank & Trust,3906943,380286,0
522669,2023,HomeBank Texas,315211,31964,0
522753,2023,MCBank,430706,45188,0
522847,2023,"Limestone Bank, Inc.",1453555,169083,0
523161,2023,Citizens State Bank,387121,41808,0
524579,2023,Great Midwest Bank,908733,154032,0
524757,2023,Farmers Bank,45132,6102,0
524766,2023,First State Bank,139701,19219,0
524953,2023,First Pryority Bank,378351,32805,0
524971,2023,Westbury Bank,939278,86627,370
525053,2023,First National Bank of Oklahoma,747928,70472,0
525549,2023,State Bank of Cross Plains,1648757,173956,1039
526452,2023,1st Financial Bank USA,1094534,199559,0
526519,2023,1ST SUMMIT BANK,1341085,125680,0
526854,2023,The Hardin County Bank,599950,58146,0
527057,2023,Community Point Bank,160131,14607,0
527178,2023,Anthem Bank & Trust,171864,18414,0
527600,2023,North Easton Savings Bank,1458969,124717,0
527749,2023,SECURITY STATE BANK,118977,9580,0
527954,2023,First National Bank of Omaha,28274145,2792996,15123
528102,2023,North Brookfield Savings Bank,383177,42558,0
528241,2023,Houghton State Bank,230257,23941,0
528849,2023,Horicon Bank,1251474,107125,0
528960,2023,Texas Community Bank,2184597,206713,0
529275,2023,Lincoln Federal Savings Bank of Nebraska,371482,44318,4614
529341,2023,Ixonia Bank,607423,52942,47753
529659,2023,Cattle Bank & Trust,373139,44878,0
529958,2023,"TIB, National Association",2550980,340742,1736
530655,2023,The Peoples Bank,490849,45748,207
530851,2023,Peoples State Bank Of Hallettsville,339571,35919,0
531157,2023,THE BANK OF PROTECTION,83905,12143,0
531250,2023,Centennial Bank,647593,70532,0
532042,2023,Royal Bank,745127,73321,1448
532453,2023,Ipswich State Bank,69345,9871,0
532752,2023,The Riley State Bank Of Riley Kansas,112090,11395,0
533124,2023,THE HARBOR BANK OF MARYLAND,362596,39378,0
533227,2023,The Metamora State Bank,97702,8111,0
533535,2023,FIRST BANK OF BOAZ,249562,49379,0
534073,2023,Liberty Bank,59159,9335,0
534242,2023,State Bank Of Schaller,41449,4859,0
534466,2023,Metropolitan Bank,228142,25853,0
534756,2023,Sooner State Bank,313956,32267,0
534859,2023,THE EXCHANGE STATE BANK,91516,8890,0
534877,2023,Brentwood Bank,906837,103813,0
535034,2023,Landmark Bank,183373,18017,0
535575,2023,"1st Federal Savings Bank of SC, Inc.",143309,11694,0
535753,2023,"Academy Bank, N.A.",2441289,394242,1698
535931,2023,Lafayette State Bank,186292,14742,0
535940,2023,STATE BANK OF TOULON,300206,29605,0
536059,2023,"Golden Bank, National Association",1530912,198525,0
536349,2023,Shelby County State Bank,544033,49071,178
536527,2023,Industrial Bank,722995,117400,0
536554,2023,Firstier Bank,871148,99066,0
536853,2023,Walters Bank and Trust,69363,13047,0
537243,2023,Farmers State Bank,238507,26732,0
537449,2023,First Business Bank,2978956,298312,2632
537551,2023,Little Horn State Bank,161765,18728,0
537560,2023,"Extraco Banks, National Association",2007809,175621,106
538222,2023,First Central National Bank,111527,17331,0
538473,2023,"Presidential Bank, Fsb",800304,92698,17150
538754,2023,First National Bank In Philip,391088,44952,0
538802,2023,INTERAUDI BANK,2485002,208061,0
538950,2023,First National Bank And Trust Company Of Weatherford,296437,22652,0
539032,2023,Bank Independent,2369774,201488,953
539340,2023,DEMOTTE STATE BANK,534385,62640,0
539377,2023,United Bank,273211,25115,396
539452,2023,Carson Community Bank,159374,18470,0
539872,2023,"TrustTexas Bank, SSB",378875,45657,0
540056,2023,Firstbank Of Nebraska,384159,40701,0
540542,2023,G.W. Jones Exchange Bank,117457,7526,0
540551,2023,"BANKwEST, iNC",1576681,148381,1884
540739,2023,Firststate Bank,296399,34316,0
540775,2023,First Federal Community Bank National Association,681500,58470,385
540850,2023,FORD  COUNTY  STATE  BANK,52078,5895,0
541101,2023,The Bank of New York Mellon,324646000,20221000,0
541231,2023,First Citizens Bank,327664,42932,0
541307,2023,42 North Private Bank,221472,24250,0
541642,2023,"Commonwealth Community Bank, Inc.",146488,24446,0
541754,2023,WRAY STATE BANK,201286,20396,0
541857,2023,Carroll Bank And Trust,441576,38051,0
542153,2023,F&M Bank - West Point,365524,34931,0
542340,2023,South Story Bank & Trust,437379,53593,202
542528,2023,CIVISTA Bank,3533305,337866,684
542667,2023,Mt. McKinley Bank,657243,109255,3486
542854,2023,Farmers State Bank,32298,2598,0
543262,2023,D.L. Evans Bank,3040810,281132,1189
543459,2023,"Dream First Bank, National Association",464814,49394,157
543945,2023,Farmers Trust And Savings Bank,546629,50280,0
544335,2023,United Mississippi Bank,458882,53526,0
544447,2023,Citizens Savings Bank,130783,22808,0
544652,2023,Cornhusker Bank,900683,85455,532
544951,2023,Cowboy State Bank,50322,5273,0
545604,2023,Northwest Community Bank,1094062,96695,0
546003,2023,Banknewport,2508364,278622,0
546320,2023,The Sherwood State Bank,88375,11698,0
546535,2023,BANK OF DUDLEY,346344,35566,0
546544,2023,Central Bank,1964850,175086,37847
547251,2023,American Interstate Bank,124929,22043,0
547550,2023,BANK OF COMMERCE,189914,19901,0
547840,2023,STAR Financial Bank,2993588,278371,422
548052,2023,RNB State Bank,244784,22804,0
548267,2023,The Waggoner National Bank of Vernon,365026,46908,0
548351,2023,"Austin Bank, Texas National Association",2728475,349713,468
548472,2023,"Maple City Savings Bank, Fsb",111354,9544,0
548771,2023,Magyar Bank,821617,90968,0
548829,2023,Commodore Bank,92880,6247,0
549862,2023,"Community Bank & Trust, Waco, Texas",585233,87635,0
550279,2023,Olympia Federal Savings And Loan Association,914024,114951,0
550354,2023,Bank Of Estes Park,155646,16599,0
550448,2023,THE STATE BANK,84012,9682,0
550635,2023,Hickory Point Bank And Trust,733423,66321,0
550653,2023,Cedar Security Bank,58203,8723,0
550952,2023,Rsnb Bank,388926,48076,0
551016,2023,Fleetwood Bank,373015,27393,0
552059,2023,BANK OF THE FLINT HILLS,417555,36247,0
552161,2023,Citizens National Bank of Texas,1907275,181267,0
552545,2023,TS Bank,403812,32313,0
552956,2023,Silex Banking Company,86198,12447,0
552974,2023,SHELBY SAVING BANK SSB,410056,44314,0
553038,2023,Community Banking Company Of Fitzgerald,262130,24811,0
553926,2023,"First National Bank Of Sycamore, The",200893,18853,0
553944,2023,The Lincoln National Bank Of Hodgenville,395993,51929,0
554268,2023,Hill Bank & Trust Co.,156311,26594,0
554343,2023,Fowler State Bank,204803,27858,0
554857,2023,Five Points Bank,2018808,183990,0
555256,2023,Farmers And Merchants Bank,157961,13725,0
556011,2023,Susquehanna Community Bank,552795,50386,0
556459,2023,"Kleberg Bank, N.A.",712858,61083,216
556815,2023,"PeoplesBank, A Codorus Valley Company",2192138,245896,154
556936,2023,GERMAN AMERICAN STATE BANK,327136,30249,0
557317,2023,LINKBANK,1153211,120912,0
557438,2023,The Gifford State Bank,194721,18967,0
557858,2023,"Intrust Bank, National Association",7454262,654062,235
559179,2023,Brookville Building And Savings Association,44181,9421,0
560214,2023,The Corn City State Bank,84990,10404,0
560353,2023,First National Bank of Lake Jackson,235652,26825,0
560438,2023,Bank of Evergreen,76381,9678,0
560830,2023,Granville National Bank,109500,11044,0
561145,2023,First State Bank,604447,69055,0
561574,2023,SUMMIT STATE BANK,1115484,90636,0
561659,2023,Pinnacle Bank - WY,1264296,125399,991
561864,2023,SouthWest Bank,671228,69288,1515
562058,2023,United Bank of Union,481509,49371,29
563233,2023,First National Bank of Griffin,391931,27648,0
563336,2023,"Citizens' Bank, Inc.",148793,14530,0
563457,2023,First National Bank Of Johnson,95693,15122,0
563934,2023,SOUTHEAST FIRST NATIONAL BANK,60275,7302,0
564052,2023,Bank Of Alma,298115,136977,0
564324,2023,OLD FORT BANKING COMPANY,798208,67416,92
564463,2023,Crossroads Bank,317203,31892,0
564557,2023,Falcon International Bank,1920444,218150,0
564678,2023,Gsl Savings Bank,128545,12012,0
564838,2023,Citizens Community Bank,177580,21238,0
564977,2023,Territorial Savings Bank,2170062,235406,0
565143,2023,First State Bank,270499,31730,0
565170,2023,First Federal Savings Of Middletown,170869,57941,0
565536,2023,North Central Bank,155536,17353,0
565750,2023,Bank of Washington,980781,116389,764
565844,2023,State Bank of Missouri,148760,12000,0
566056,2023,Security Bank,298893,32889,0
566243,2023,GLENWOOD STATE BANK,311290,26559,0
567240,2023,Bank Of Jamestown,235389,27949,0
567679,2023,Greenville Federal,241881,20264,0
567736,2023,Farmers State Bank & Trust Co.,151970,14732,0
568126,2023,The St. Henry Bank,407406,52756,0
568135,2023,HOLCOMB BANK,317162,25890,131
568359,2023,American Bank Of Missouri,734517,80090,0
568377,2023,Slovenian Savings and Loan Association of Franklin-Conemaugh,162317,17935,0
568470,2023,Peoples Bank,2066734,161295,1543
568939,2023,FNB PICAYUNE BANK,266425,36765,0
570558,2023,ARROWHEAD BANK,306277,24764,0
570651,2023,FIRST TRI-COUNTY BANK,74365,6862,0
571135,2023,The Citizens Bank,112755,13811,0
571265,2023,Denali State Bank,505325,51654,5576
571920,2023,"First National Bank Of Pandora, The",241932,20861,0
571957,2023,"State Exchange Bank, The",46899,5208,0
572347,2023,Bank Of Billings,86436,7274,0
572374,2023,Great Southern Bank,5684000,658136,4811
572459,2023,The Citizens State Bank,373570,37987,0
572655,2023,COMMUNITY BANK,299488,27926,0
573036,2023,Oconee State Bank,536503,49213,140
573335,2023,RiverHills Bank,392055,43908,0
574079,2023,Franklin Bank,332383,28607,0
574949,2023,FARMERS & MERCHANTS BANK,683601,57498,95
574976,2023,Cashmere Valley Bank,2087762,234665,142
575133,2023,The Peoples Bank,116415,12166,0
575254,2023,City Bank,3942106,414559,30403
575348,2023,The Farmers National Bank Of Lebanon,117948,12970,0
575375,2023,Superior Savings Bank,81451,14560,673
575759,2023,MNB Bank,554424,57488,0
575834,2023,First National Bank of Louisiana,554069,60965,0
576354,2023,GREAT NORTH BANK,147573,15054,0
576578,2023,Monroe Federal Savings And Loan Association,149358,13120,0
576608,2023,Meredith Village Savings Bank,1552881,140375,889
576644,2023,THE GREENWOODS STATE BANK,609959,59634,0
576952,2023,First Nebraska Bank,368894,33361,0
577128,2023,Peoples Bank,7197574,593610,2140
577137,2023,Pacific National Bank,1164741,122541,0
577230,2023,Talbot State Bank,56683,6161,0
578116,2023,The Savings Bank,536504,47524,0
578237,2023,Commonwealth National Bank,61332,7458,0
578255,2023,First United Bank,2146467,232809,4044
578554,2023,Citizens Community Bank,125503,15209,0
578741,2023,BLC Community Bank,360222,38914,0
578862,2023,First State Bank of San Diego,77944,6542,0
579140,2023,Regional Missouri Bank,545162,51674,0
579319,2023,"Community First Bank, National Association",61181,5188,0
579364,2023,TEXAS CHAMPION BANK,378232,39643,0
579636,2023,MERCHANTS & PLANTERS BANK,204571,29317,0
580155,2023,PLATTE VALLEY BANK - TOR,603542,57520,166
580548,2023,Bank of Luxemburg,580371,52931,0
580847,2023,Lewisburg Banking Company,173979,17001,0
580874,2023,Brattleboro Savings & Loan Association,309393,21891,0
581237,2023,Bank Of Pensacola,144675,12212,0
581358,2023,State Nebraska Bank &Trust,217451,23795,0
582177,2023,Huntingdon Valley Bank,616578,53734,15384
582654,2023,The Kansas State Bank of Overbrook Kansas,87954,10563,0
582878,2023,Home Federal Savings And Loan Association,39751,5541,0
582953,2023,CHARTER WEST BANK,415343,38108,11837
582971,2023,First Federal Savings Bank,1369956,116077,812
583071,2023,First Federal Savings and Loan Association of Bath,181529,25286,0
583268,2023,Schertz Bank & Trust,716830,77060,0
583352,2023,First National Bank of Huntsville,598620,62449,0
583754,2023,"Bank of Houston, N.A.",676516,67273,0
583905,2023,Kennebec Savings Bank,1640422,205104,0
584377,2023,Kitsap Bank,1638436,175613,0
584724,2023,Unified Bank,755071,77499,0
584920,2023,THE FIDELITY BANK,3729898,312100,2397
585235,2023,Algonquin State Bank,148090,17401,0
585749,2023,Pilot Grove Savings Bank,804298,80401,0
586027,2023,FIRST BANK OF OHIO,299515,84427,0
586072,2023,First Palmetto Bank,881470,81759,2284
586335,2023,Bank Of Moundville,132305,15575,0
586960,2023,Peoples State Bank,168747,14966,0
587677,2023,Eureka Savings Bank,402961,83407,0
587752,2023,First Colorado National Bank,80987,9084,0
587800,2023,Liberty Bank,6944336,925510,0
588245,2023,Bank of Deerfield,197241,21919,0
588348,2023,Savings Bank,271931,33961,0
588478,2023,Freehold Bank,293064,43297,0
589158,2023,Great Plains Bank,150826,20265,0
589523,2023,Bank Of Travelers Rest,1317381,122643,490
589943,2023,Lincoln Savings Bank,1845506,165298,3479
590220,2023,Uwharrie Bank,1017597,92845,2773
590248,2023,Town And Country Bank,923127,99301,2506
590640,2023,FNB Oxford Bank,607298,71334,0
590976,2023,Financial Federal Bank,891834,99053,149
591209,2023,Piscataqua Savings Bank,380965,50695,0
591320,2023,Arthur State Bank,737722,58424,0
591357,2023,The Peoples Bank,107455,10852,0
591366,2023,FIRST NATIONAL BANK OF SONORA,570735,53003,0
591740,2023,Peoples Trust and Savings Bank,37190,3905,0
592439,2023,First Security Trust And Savings Bank,399855,33160,0
592448,2023,Evolve Bank & Trust,1747013,110435,46911
592550,2023,Quoin Financial Bank,216041,24705,365
592644,2023,Greenfield Banking Company,871669,83953,0
593007,2023,Camden National Bank,5662457,485160,5197
593052,2023,Plains Commerce Bank,1054618,122270,222814
593249,2023,The Peoples Bank,509754,50750,0
593333,2023,The First National Bank of Arenzville,129190,10595,0
593771,2023,"Liberty Bank, Inc.",10835,1247,0
593940,2023,Bank Of Stronghurst,87496,12306,0
594433,2023,"Cb&S Bank, Inc.",2442888,273065,2826
594451,2023,Maplemark Bank,1123771,104532,0
594853,2023,"Citizens National Bank, National Association",1466260,130890,498
594938,2023,Apple River State Bank,518302,49647,0
594947,2023,Bank First,3658116,349632,648
595270,2023,Midfirst Bank,34681050,3067008,0
595337,2023,Valley State Bank,145654,25980,0
595430,2023,"State Bank of The Lakes, N.A.",1817436,159399,0
595869,2023,CATHAY BANK,21936467,2276830,0
595944,2023,Sanborn Savings Bank,79022,7471,0
596062,2023,THE CITY NATIONAL BANK OF SULPHUR SPRINGS,1206911,109956,248
596156,2023,Capital Bank,585086,57166,0
596277,2023,Columbia Savings And Loan Association,24537,2092,0
596455,2023,Madison Valley Bank,265130,22618,0
596978,2023,Marathon Bank,236600,28081,0
597041,2023,Savanna-Thomson State Bank,109549,10277,0
597313,2023,Ps Bank,546074,52039,633
597452,2023,AMERICAN BANK & TRUST CO.,251511,24819,1209
597546,2023,Premier Community Bank,446344,42291,0
597658,2023,First State Bank Of Forsyth,146251,16246,0
598002,2023,Savings Bank Of Walpole,702716,56535,0
598048,2023,The Stephenson National Bank and Trust,656128,61774,0
598132,2023,The Security State Bank,59786,8146,0
598543,2023,Sibley State Bank,99848,10748,0
599643,2023,Ergo Bank,148421,12988,0
599764,2023,The American National Bank of Texas,5539254,457539,0
600419,2023,Kish Bank,1294758,110379,631
601032,2023,Fairview State Banking Company,36807,4774,0
601041,2023,First State Bank Of Beecher City,105916,13147,0
601050,2023,Commerce Bank,31679817,2942291,4964
601153,2023,Farmers And Merchants State Bank,135991,14428,0
601416,2023,Five Star Bank,5756441,525997,550
601443,2023,Bank Of Mauston,396205,49742,0
601658,2023,Alliance Bank Central Texas,686274,68548,0
602048,2023,The State Bank,1687848,143336,493
602543,2023,"Petefish, Skiles & Co. Bank",277179,28010,441
602842,2023,DYSART STATE BANK,19044,1395,0
603232,2023,BANK OF GUEYDAN,80293,15631,0
603540,2023,Black River Country Bank,100003,8899,0
603559,2023,FARMERS STATE BANK,40042,4555,0
603755,2023,FIRST STATE BANK,66184,5005,0
604024,2023,MINSTER BANK,706883,62542,413
604033,2023,First National Bank of Assumption,22467,2363,0
604547,2023,Heartland Bank,230874,25294,0
604640,2023,Waterman Bank,112179,15933,2894
605571,2023,The Peoples Savings And Loan Company,151706,30622,0
605610,2023,Sawyer Savings Bank,277985,28882,0
605656,2023,First State Bank And Trust,432399,35821,0
606046,2023,Cadence Bank,48668073,4047501,187925
606176,2023,Pioneer Bank,999867,99408,0
606653,2023,INDEPENDENCE BANK,1181012,141062,0
607146,2023,Central State Bank,443289,48587,0
608358,2023,Garfield County Bank,96526,13514,0
608451,2023,"HARMONY BANK, NATIONAL ASSOCIATION",392666,34438,315
608844,2023,FNBC Bank and Trust,559734,53902,0
609010,2023,THE FIRST NATIONAL BANK OF ELMER,371525,31843,0
609467,2023,United Pacific Bank,148675,27847,0
609476,2023,Huntington Federal Savings Bank,570363,93262,0
609609,2023,"KEB HANA BANK USA, NATIONAL ASSOCIATION",385677,96388,0
609645,2023,Elgin State Bank,28413,1891,0
609832,2023,Tompkins State Bank,278469,24048,0
610128,2023,The Bank Of Southside Virginia,700254,113151,0
610164,2023,Herring Bank,471040,58523,420
610539,2023,The Bank Of Edison,71268,6169,0
610557,2023,Three Rivers Bank Of Montana,295324,27447,0
610913,2023,FIRST NATIONAL BANK OF GRAYSON,329165,36522,0
611031,2023,"Peoples Bank, The",218448,21857,0
612159,2023,Solutions North Bank,309842,38590,0
612878,2023,"Home Savings And Loan Association Of Carroll County, F.A.",119893,17329,0
613008,2023,Rockland Trust Company,19296982,2018912,2803
613156,2023,"First Montana Bank, Inc.",532083,44163,0
613343,2023,"Cnb Bank & Trust, Na",1596193,140092,310
613400,2023,Peoplesbank,3668204,360745,0
613558,2023,MONTGOMERY BANK,1300407,93998,161
613679,2023,First Federal Savings Bank,573940,51233,163
613839,2023,EXCHANGE BANK,362837,42670,0
613950,2023,First National Bank Texas Dba First Convenience Bank,3944563,354823,4444
613978,2023,Jarrettsville Federal Savings And Loan Association,146660,19073,0
614256,2023,FIRST NATIONAL BANK OF KANSAS,89849,8235,0
614313,2023,"State Bank And Trust Company, The",1325575,146678,2073
614368,2023,First National Bank and Trust Company Of Weatherford,996094,91306,728
614751,2023,Manhattan Bank,263248,23054,0
614948,2023,First National Bank in Carlyle,286770,26975,0
615217,2023,The North Side Bank And Trust Company,970756,112376,0
615253,2023,The First State Bank Of Malta,166970,25323,0
615776,2023,Elberton Federal Savings   Loan Association,27884,4824,0
615851,2023,The Farmers State Bank of Westmoreland,224724,31176,450
615879,2023,"Central Savings, F.S.B.",106408,27374,0
615954,2023,TrailWest Bank,903260,80824,0
616036,2023,South Louisiana Bank,697664,80026,0
616540,2023,Security Savings Bank,203300,17582,0
617051,2023,"CITIZENS BANK, N. A.",131143,11778,0
617079,2023,Blue Grass Federal Savings And Loan Association,45930,8777,0
617145,2023,"Citizens Bank, The",187608,17104,0
617275,2023,HOLLADAY BANK & TRUST,68063,11031,0
617743,2023,FNB BANK,255293,31170,0
618544,2023,Exchange State Bank,213964,24427,0
618647,2023,First Heritage Bank,59624,5462,0
618740,2023,Field & Main Bank,592663,55657,313
618777,2023,Fairview Savings And Loan Association,53576,10998,0
618807,2023,Salem Five Cents Savings Bank,6619741,718933,19801
619327,2023,"Farmers Bank, Windsor Va",595511,65827,0
619457,2023,Granite Mountain Bank Inc,129163,10694,0
619701,2023,Avidia Bank,2485908,201099,1962
619859,2023,FCNB Bank,164739,12995,0
619877,2023,USAA Federal Savings Bank,110900000,9484000,439000
621151,2023,THE FARMERS STATE BANK OF BRUSH,115889,22422,0
621245,2023,Wayland State Bank,133059,22195,0
621357,2023,State Bank of DeKalb,425906,42943,814
621441,2023,Buena Vista National Bank,266369,29676,0
622037,2023,The First National Bank of Jeanerette,429484,39204,0
622774,2023,Central Bank,2029367,244220,156
623052,2023,The Lamesa National Bank,434956,38916,0
623454,2023,"The Bank and Trust, s.s.b.",543664,49115,0
623548,2023,"Clay City Banking Co., The",213050,19450,0
623874,2023,First Federal Savings And Loan Association,251837,38643,0
624246,2023,CONNECTION BANK,452052,43257,0
624648,2023,Farmers Savings Bank,181254,23139,0
624778,2023,First Federal Savings And Loan Association Of Greene County,1056311,146954,0
624956,2023,Valley Bank of Ronan,172174,14423,83
625056,2023,First Security Bank Of Roundup,91578,8900,0
625065,2023,Citizens State Bank,274491,33193,0
625140,2023,Lee County Bank,292718,11676,0
625159,2023,Commerce Bank,644949,98087,0
625654,2023,COUNTRY CLUB BANK,2197585,196385,523
625757,2023,Northern State Bank,316202,26003,0
625850,2023,THE BANK OF VERSALLES,321425,40984,0
625953,2023,BANK OF WINNFIELD & TRUST CO.,160845,20050,0
626101,2023,The Savings Bank of Danbury,1438145,181993,0
627108,2023,Cape Ann Savings Bank,927993,184803,0
627377,2023,First Savings Bank,34343,9634,0
627854,2023,The First National Bank Of Bangor,294187,78488,0
628039,2023,Bank of Hazlehurst,139349,14514,0
628123,2023,The Bank Of Glen Burnie,381433,37963,0
628178,2023,Heritage Southeast Bank,1578620,127621,0
628356,2023,Sterling Bank,333630,27784,522
628552,2023,Winnsboro State Bank & Trust Company,302683,29893,0
629148,2023,BANK OF CAVE CITY,165424,14382,0
629353,2023,FIRST LIBERTY BANK,457381,45811,0
629522,2023,"Freedom Bank, Inc.",213220,20233,0
629746,2023,THE FARMERS AND MERCHANTS BANK,198340,17055,0
630041,2023,The First State Bank Of Dongola,29571,3239,0
630340,2023,United Security Bank,82894,10026,0
630555,2023,American Bank,617677,54992,0
630658,2023,"First National Bank Of Livingston, The",502423,62210,0
631039,2023,First Southern Bank,307673,26427,0
631150,2023,First-Lockhart National Bank,377767,33792,0
631178,2023,SECURITY FEDERAL SAVINGS BANK,301633,30749,0
631422,2023,The Conway National Bank,1812261,155659,0
631570,2023,"Provident Savings Bank, F.S.B.",1271037,120711,0
632410,2023,Newfield National Bank,914939,77415,0
632607,2023,Greenfield Savings Bank,1078877,131325,0
632858,2023,Frontier State Bank,487966,66250,0
633378,2023,Kearny Bank,8283971,642389,12940
633640,2023,Hendricks County Bank And Trust Company,219083,21973,0
634544,2023,Bank 21,162064,15375,0
634955,2023,The First National Bank And Trust Company Of Okmulgee,285441,32076,0
635840,2023,Legence Bank,653519,58816,166
635907,2023,Pentucket Bank,945137,117015,0
636276,2023,Mutual Savings Association,327504,77812,0
636753,2023,"First National Bank Of Dighton, The",71012,12449,0
636771,2023,Independent Bank,4995759,431685,46885
637170,2023,American Federal Bank,711527,60656,0
637451,2023,Plainscapital Bank,13520414,1405164,982616
637554,2023,First Bank of Owasso,552382,72492,0
638131,2023,Bank Of Dickson,296885,31687,0
638355,2023,"Bank Of Desoto, National Association",236986,24611,0
638850,2023,The Fidelity State Bank And Trust Company,207440,37394,0
639549,2023,First Central State Bank,689190,82614,0
639567,2023,"Credit One Bank, National Association",1251146,534598,0
639633,2023,"The Citizens Bank Of Weston, Inc.",243370,25890,0
639857,2023,Peoples Bank Of Deer Lodge,43463,4113,0
640143,2023,Federated Bank,119996,9875,0
640246,2023,Fairfield National Bank,674242,77263,0
640442,2023,First Trust And Savings Bank,234763,24246,0
640554,2023,Western Bank of Clovis,66450,10002,0
640956,2023,First Bank & Trust Company,225163,24536,0
641449,2023,Citizens National Bank,151396,16987,0
641579,2023,Clackamas County Bank,294110,32964,0
642437,2023,Bank of Forest,235011,29365,499
642549,2023,Dubuque Bank And Trust Company,2108480,174684,0
643078,2023,"Eastern Savings Bank, FSB",347273,88179,0
643274,2023,Pioneer Savings Bank,42459,6646,0
643340,2023,EASTERN MICHIGAN BANK,563092,46111,116
643658,2023,Pikes Peak National Bank,112864,14085,0
644057,2023,THE FIRST STATE BANK,55615,6678,0
644141,2023,Kalamazoo County State Bank,127639,12886,0
644646,2023,Liberty Trust & Savings Bank,170719,34351,0
644776,2023,UNITED ROOSEVELT SAVINGS BANK,249504,21842,0
644842,2023,Merchants And Farmers Bank,222097,24379,0
644954,2023,D.A. Davidson Trust Company,9742,7714,0
644963,2023,FIRST NATIONAL BANK,115466,10765,0
645157,2023,BANK NORTHWEST,198593,19440,0
645317,2023,The Adirondack Trust Company,1640057,151147,0
645465,2023,Vista Bank,1564284,172934,0
645540,2023,Earlham Savings Bank,377481,29114,0
645577,2023,"Greeneville Federal Bank, FSB",164514,25044,0
645625,2023,"WESBANCO BANK , INC.",16894686,1558305,8249
646042,2023,FARMERS TRUST & SAVINGS BANK,136614,11516,0
646145,2023,"The Casey County Bank, Inc.",343305,29790,0
646172,2023,First Piedmont Federal Savings and Loan Association of Gaffney,563653,135318,0
646444,2023,First Bank And Trust Company Of Illinois,203893,24497,0
646471,2023,Huntingdon Savings Bank,15829,3843,0
646556,2023,Wells Bank,368809,32153,0
646743,2023,Community Savings Bank,545780,54422,0
646873,2023,New Carlisle Federal Savings Bank,222073,18405,1136
647218,2023,Cumberland Valley National Bank & Trust Co,698088,66834,0
647245,2023,Hardin County Savings Bank,345511,29979,0
647414,2023,"SAVANNAH BANK, N.A.",178425,14065,0
647759,2023,The Farmers State Bank,173255,15082,0
647777,2023,Citizens Federal Savings & Loan Association,178287,19265,0
647955,2023,Ascent Bank,87471,7744,0
648130,2023,Grove Bank & Trust,1174347,127503,0
648242,2023,Independence Bank,3469556,279645,0
648251,2023,McClain Bank,276068,29004,0
648345,2023,Sidney State Bank,120205,9596,0
648550,2023,First National Bank,135095,12239,0
649342,2023,Iowa Trust & Savings Bank,462020,48982,0
649632,2023,ROCHELLE STATE BANK,55549,8698,0
651121,2023,Lumbee Guaranty Bank,484339,49887,0
651149,2023,State Bank,82893,6218,0
651158,2023,NORTHEAST MISSOURI STATE BANK,133796,15429,0
651354,2023,Kaw Valley State Bank,71844,5797,0
651448,2023,JPMorgan Chase Bank Dearborn,62920,62337,0
651541,2023,Iowa State Bank And Trust Company,210861,17543,0
651756,2023,Bank of Denver,273656,24794,0
651859,2023,Stockman Bank Of Montana,6029685,549393,8333
651952,2023,The First National Bank Of Eagle Lake,144334,15206,0
652043,2023,Freedombank,428503,39373,0
652070,2023,Highland Federal Savings   Loan Association,76465,15594,0
652874,2023,NexBank,14304653,1244230,89508
652959,2023,Farmers State Bank,28267,2237,0
653134,2023,Farmers-Merchants Bank & Trust Company,461368,48488,0
653433,2023,Farmers State Bank of Western Illinois,174099,20468,0
653611,2023,Jonestown Bank And Trust Company,868113,79456,0
653778,2023,The Harrison Building And Loan Association,250231,40375,0
653947,2023,Home State Bank,370101,34785,829
654047,2023,First State Bank Of Decatur,55905,11467,0
654300,2023,Washington Savings Bank,275933,27673,0
654579,2023,"Peoples Community Bank SB of Monticello, IN",34385,12767,0
655530,2023,ANCHOR STATE BANK,36564,4703,0
655839,2023,CCB COMMUNITY BANK,602223,61466,0
656032,2023,THE FIRST NATIONAL BANK IN AMBOY,261957,26559,0
656377,2023,"Washington Federal Bank, National Association",21645013,1805269,0
656470,2023,STATE BANK OF SOUTHERN UTAH,2209740,234060,1564
656658,2023,Texas Financial Bank,123019,12946,0
656779,2023,Union Federal Savings And Loan Association,153193,22970,0
657178,2023,Schuyler Savings Bank,128944,20559,0
657271,2023,Gate City Bank,3392287,331036,2638
657365,2023,Hanmi Bank,7348419,797608,8043
657459,2023,Midwest BankCentre,2556235,261820,434
657758,2023,Citizens Bank & Trust Company,141955,12956,0
657954,2023,The Tri-County Bank,207410,18510,0
658072,2023,County Savings Bank,101135,6498,0
658474,2023,Collinsville Building and Loan Association,129578,34089,0
658924,2023,Farmers and Miners Bank,175199,20798,0
659341,2023,"Bank of Hillsboro, N.A.",537448,52016,0
659556,2023,United State Bank,240618,21516,0
659640,2023,Genesis Bank,40731,9001,0
659734,2023,Arcola First Bank,122305,13760,0
659855,2023,First Interstate Bank,32216733,2504112,79931
660066,2023,PEOPLES STATE BANK,114231,12212,0
660253,2023,State Bank of Table Rock,127826,10594,0
660271,2023,"First Robinson Savings Bank, National Association",484908,38003,146
660570,2023,Presence Bank,378977,37987,0
660655,2023,American National Bank,4920698,439164,495
660879,2023,"Angelina Savings Bank, Ssb",76685,6645,0
660927,2023,HARFORD BANK,595469,54047,0
661072,2023,Mercer Savings Bank,146987,15136,282
661157,2023,Bank of Orchard,30526,3987,0
661223,2023,LEE BANK & TRUST COMPANY,242399,27811,0
661308,2023,Amalgamated Bank,7856868,668864,7943
661474,2023,Woodruff Federal Savings And Loan Association,93674,32675,0
662350,2023,Wahoo State Bank,120125,8623,0
662369,2023,Bank of the Sierra,3607850,396856,0
662949,2023,Iowa State Bank,467069,64406,0
663058,2023,Rocky Mountain Bank,721362,63814,0
663245,2023,Simmons Bank,27409758,2628002,3486
663638,2023,The Gerber State Bank,89091,11032,0
663656,2023,Small Business Bank,99454,10431,0
663834,2023,Ocean Bank,5916905,571192,0
663955,2023,Horizon Bank,418248,55211,0
664176,2023,William Penn Bank,868598,160448,0
664206,2023,The Cape Cod Five Cents Savings Bank,5272127,513265,1414
664653,2023,"Native American Bank, National Association",227206,26429,0
664756,2023,Prosperity Bank,37695970,3486721,554
665146,2023,Kerndt Brothers Savings Bank,346622,32568,82
665258,2023,THE FIRST NATIONAL BANK OF ELDORADO,78741,12557,0
665865,2023,Round Top State Bank,854876,92934,0
666059,2023,M1 BANK,828250,74567,0
666358,2023,First Citizens Bank of Butte,86463,8654,0
666554,2023,Heritage Bank,604832,96282,0
666844,2023,Vermilion Valley Bank,173918,26161,0
666974,2023,Fairfield Federal Savings and Loan Association of Lancaster,281273,33334,0
667029,2023,Union Bank Inc.,371477,32937,0
667252,2023,Stockmens Bank,46141,4691,0
667346,2023,Philo Exchange Bank,137833,12743,0
667524,2023,The Bank Of Charlotte County,179620,23679,0
667551,2023,Lincoln State Bank,111099,10224,0
667757,2023,Origin Bank,9631077,952579,49957
668053,2023,Aspire Bank,53976,5239,0
668147,2023,De Witt Bank & Trust Co.,241327,21429,0
669555,2023,Midwest Bank,989298,100151,301
670430,2023,First National Bank And Trust,208583,22727,321
670467,2023,PLUMAS BANK,1618881,157360,2301
670560,2023,Deutsche Bank National Trust Company,419295,251655,0
670654,2023,First Security Bank Of Deer Lodge,85593,7543,0
670748,2023,Princeville State Bank,107639,10250,0
670878,2023,Salem Co-operative Bank,487232,72029,0
671053,2023,Stock Exchange Bank,74952,6362,0
671147,2023,Primebank,643059,65113,230
671334,2023,Republic Bank Of Chicago,2703177,300099,0
671464,2023,Bank of Hope,19159409,2049973,49245
671558,2023,Wood & Huston Bank,1123137,107798,443
672238,2023,The Atlanta National Bank,70997,8941,0
672247,2023,Farmers & Merchants Bank & Trust,165352,18452,0
672537,2023,The Exchange Bank Of Alabama,373802,49203,0
672573,2023,Profile Bank,297675,28347,0
673244,2023,Farmers and Merchants Savings Bank,89441,12158,0
673440,2023,First Security Bank,7517872,1313312,2998
673477,2023,Citizens Federal Savings And Loan Association Of Covington,39204,11526,0
673851,2023,Bank Of Prairie Village,130130,14115,0
673909,2023,Hingham Institution for Savings,4193934,385966,0
674344,2023,The Pineries Bank,138702,12555,0
674849,2023,LUANA SAVINGS BANK,2036937,203261,0
675042,2023,Community Bank,122907,13266,0
675051,2023,The Chasewood Bank,115890,10312,0
675079,2023,"Fayette Savings Bank, ssb",370405,35081,0
675248,2023,GreenLeaf Bank,133133,11775,0
675341,2023,American Trust & Savings Bank,33790,5863,0
675659,2023,State Bank   Trust of Kenmare,155321,14873,0
675855,2023,Progressive National Bank,124521,11680,0
676049,2023,Smackover State Bank,222335,25522,0
676151,2023,UNISON BANK,554503,46544,0
676478,2023,"Malvern Bank, National Association",1017629,168735,13231
677176,2023,Trustco Bank,5999551,610000,0
677354,2023,First National Bank in Cimarron,145351,10689,0
677448,2023,First State Bank,319422,31265,0
677644,2023,The Farmers & Merchants Bank,1713639,167225,0
677756,2023,FARMERS AND MERCHANTS STATE BANK,143550,19967,0
677970,2023,Union Savings And Loan Association,227923,20997,0
678052,2023,"Bank Of San Jacinto County, Coldspring, Texas, The",46475,5912,0
678070,2023,Sewickley Savings Bank,285811,93167,0
678258,2023,State Bank Of Lakota,72344,5581,0
678454,2023,Marion State Bank,219512,24628,0
678557,2023,Citizens State Bank & Trust Company,107855,15797,0
678744,2023,Central State Bank,448360,38561,0
679451,2023,Elk State Bank,126827,10761,0
680055,2023,United Community Bank Of North Dakota,379153,36377,0
680130,2023,Citizens Trust Bank,806801,74808,0
680354,2023,Bank Of Blue Valley,1425798,155002,0
680457,2023,The Yellowstone Bank,1189869,151255,327
680747,2023,Farmers State Bank-Hillsboro,214920,36046,0
680813,2023,The Farmers National Bank of Canfield,4065303,372679,858
681043,2023,First Security State Bank,93299,12191,0
681249,2023,Highland State Bank,43607,4481,0
682143,2023,County National Bank,1165269,92272,751
682563,2023,Frost Bank 041,52953767,3789056,0
682648,2023,Fairfax State Savings Bank,242787,24058,0
683449,2023,Maquoketa State Bank,397356,64434,0
683814,2023,Kentucky Farmers Bank,267317,44267,0
684455,2023,BOM Bank,884021,85791,47175
685023,2023,The Citizens National Bank Of Mcconnelsville,111611,11473,0
685649,2023,Northwest Bank of Rockford,361181,36762,421
685676,2023,Opportunity Bank Of Montana,1941231,188905,8250
685779,2023,Riverwood Bank,587264,49361,270
686459,2023,Exchange Bank Of Missouri,305994,31163,0
686570,2023,Ladysmith Federal Savings & Loan Association,77616,7100,0
686758,2023,The First State Bank Of Shelby,177944,31637,0
687009,2023,Lakeland Bank,10777878,1038660,536
687054,2023,Bank of Oak Ridge,82934,12506,0
687830,2023,THE FREDERICK COMMUNITY BANK,185063,16755,0
687951,2023,First Western Bank & Trust,2022880,185526,1586
688079,2023,"Wells Fargo Trust Company, National Association",1302709,1249880,0
688257,2023,First Texas Bank,436054,40418,0
688453,2023,Citizens State Bank at Mohall,70990,8110,0
688556,2023,Bank of New Madrid,123049,13739,0
689209,2023,Country Bank for Savings,1659376,290113,0
689357,2023,Northeast Bank,715822,70305,0
689759,2023,Union Bank & Trust Company,216216,16554,0
691042,2023,"Merchants & Planters Bank, The",46262,5443,0
691556,2023,FIRST MINNETONKA CITY BANK,269460,27672,0
691743,2023,ANNA STATE BANK,108233,13875,0
691958,2023,Midwest Regional Bank,911132,89831,5734
692450,2023,St. Clair County State Bank,182370,23643,0
692704,2023,"Wellington Trust Company, NA",99934,50519,0
692946,2023,TOWN & COUNTRY BANK and TRUST COMPANY,435491,45617,0
693073,2023,First Federal Savings And Loan Association Of Centerburg,26306,5072,0
693224,2023,Atlantic Union Bank,20342081,2154594,3936
693345,2023,"First Financial Bank, National Association",4973142,458467,1707
693952,2023,Security First Bank Of North Dakota,239388,29409,0
694146,2023,Maxwell State Bank,27008,2332,0
694771,2023,Farmers State Bank,69453,4664,0
694847,2023,Century Bank and Trust,454360,50050,0
694904,2023,"Flagstar Bank, N.A.",90036656,7652815,1114634
695349,2023,TRI-COUNTY BANK,523761,59707,0
695947,2023,Bank of Bluffs,62452,8253,0
696047,2023,Bedford Loan & Deposit Bank,117677,15591,0
696168,2023,Balboa Thrift & Loan Association,363166,51659,0
696430,2023,Home State Bank/National Association,763899,86025,2701
696645,2023,The Home National Bank of Thorntown,157945,14419,0
697035,2023,COVINGTON COUNTY BANK,85526,9125,0
697147,2023,The Hometown Savings Bank,497776,36662,0
697156,2023,HOMEBANK,520412,49571,0
697231,2023,FNBT BANK,586236,60059,539
697763,2023,Westamerica Bank,6909609,592804,0
697950,2023,City National Bank,67694,7155,0
697978,2023,Community Bank of the Chesapeake,2408423,248187,0
698144,2023,Community Financial Services Bank,1401542,140393,24266
698546,2023,First State Bank of Campbell Hill,148456,17366,0
698649,2023,Thumb Bank & Trust,379172,33656,0
699105,2023,Bluestone Bank,1398628,140164,1782
699253,2023,The Citizens Bank Of Edina,87639,10289,0
700140,2023,Montezuma State Bank,51973,6428,0
700252,2023,CITIZENS NATIONAL BANK,107508,11409,0
700430,2023,The Commercial Bank,231725,23744,0
700458,2023,Merchants Bank,238973,19873,0
701062,2023,Central Pacific Bank,7419533,675331,1105
701222,2023,Merchants National Bank,1265974,101671,0
701839,2023,Citizens Bank And Trust,1324883,98364,0
701857,2023,CROWELL STATE BANK,45310,4851,0
702117,2023,"NBT Bank, N.A.",11659908,1133481,562
702359,2023,Texas Heritage Bank,213826,22145,0
702612,2023,FIRST SOUTHERN NATIONAL BANK,1166483,98658,0
702836,2023,First Farmers And Commercial Bank,199864,17598,0
702911,2023,The Peoples Bank Co,785773,77643,0
702966,2023,FARMERS STATE BANK,55948,5735,0
703039,2023,The Jefferson Bank,151538,25433,0
703552,2023,"Horizon Bank, SSB",2362329,193391,0
703767,2023,Central Valley Community Bank,2421530,266374,0
705378,2023,Del Norte Bank,124440,12467,375
705556,2023,Neighborhood National Bank,315796,28969,4854
706030,2023,South Coast Bank & Trust,214753,18530,0
706058,2023,First National Bank of Moose Lake,124170,18099,0
706236,2023,Bank of Mingo,137405,17267,0
706254,2023,The Community State Bank,316641,30657,0
706450,2023,Lake Country Community Bank,35943,2762,0
706656,2023,Community Bank of Marshall,221653,18775,0
707354,2023,First State Community Bank,3866130,381826,2127
708379,2023,SECURITY SAVINGS BANK,254022,25885,0
709143,2023,Midwest Bank,679419,60343,32
709451,2023,Commercial Trust Company Of Fayette,177954,16162,0
709554,2023,Western Bank,329667,24352,0
709602,2023,UNIBANK FOR SAVINGS,2501503,211887,0
709639,2023,Macon Bank & Trust Company,590027,63343,0
709956,2023,OKLAHOMA HERITAGE BANK,111484,10031,0
710176,2023,Verimore Bank,452884,45257,0
710859,2023,The Citizens Bank of Clovis,446182,51967,0
711472,2023,Bank of Guam,2537646,212723,0
711520,2023,Miners Exchange Bank,96392,11427,0
711548,2023,Chelsea State Bank,424408,43671,0
711753,2023,SCRIBNER BANK,88549,11932,0
711801,2023,The Savings Bank,719795,78998,0
712059,2023,United Prairie Bank,837228,76334,0
712648,2023,"Peoples Bank, The",239328,24666,0
712956,2023,First New Mexico Bank,261120,32361,0
713047,2023,Bank of Montgomery,46727,3760,0
713252,2023,Peoples State Bank of Velva,143547,13170,0
713476,2023,"PyraMax Bank, FSB",541100,65497,125
713926,2023,Farmers & Merchants Bank,1245068,106519,1373
714165,2023,"City National Bank Of San Saba, The",89516,9697,0
714437,2023,Mountain Valley Bank,165559,21230,0
714839,2023,First National Bank USA,212468,21486,210
714978,2023,The Cooperative Bank,560585,48612,0
715032,2023,Peoples Bank,157671,14187,0
715050,2023,Star Bank,380971,34049,0
715144,2023,Grundy Bank,363421,36577,0
715340,2023,West Michigan Community Bank,903424,78150,0
715470,2023,First Western Federal Savings Bank,68688,10111,0
715630,2023,Citizens Bank & Trust Company of Grainger County,275314,37709,0
715872,2023,Lifestore  Bank,420575,44860,0
715975,2023,Amory Federal Savings   Loan Association,71883,10972,0
716374,2023,First Harrison Bank,1146163,107377,794
716833,2023,Marquette Bank,2041285,163522,526
716851,2023,COMMUNITY BANK OF RAYMORE,357797,27939,0
716954,2023,CITIZENS FIRST BANK,305821,29415,0
717232,2023,Peoples Bank Of Graceville,115513,11671,0
717670,2023,Systematic Savings Bank,56317,10510,0
717737,2023,Citizens National Bank,1543207,163661,0
717924,2023,SOUTHERN BANK AND TRUST COMPANY,4592140,402336,2978
718145,2023,First Security Bank,852086,72667,0
718275,2023,Bank of the Federated States of Micronesia,225251,28475,0
718538,2023,The Grant County Bank,328344,39119,0
719030,2023,The First National Bank Of Peterstown,84376,9492,0
719610,2023,The First National Bank Of Manchester,191454,18160,0
719656,2023,The Callaway Bank,471473,43292,0
719964,2023,FIRST STATE BANK OF PAINT ROCK,166357,17601,0
720157,2023,Marshall County State Bank,39217,6183,0
720344,2023,Bank Of Clarkson,146123,18933,0
720746,2023,The Bradford National Bank of Greenville,521415,56615,320
720858,2023,McIntosh County Bank,114178,11199,0
721350,2023,BANKNORTH,515937,52090,0
721752,2023,"Farmers & Merchants State Bank Of New York Mills, Incorporated",78487,10791,0
721949,2023,First and Farmers National Bank,624296,67919,0
722227,2023,Movement Bank,148047,18933,0
722432,2023,THE BANK OF ROMNEY,361769,49219,0
722544,2023,National Exchange Bank & Trust,2635396,454476,0
722777,2023,"Santander Bank, N.A.",99105686,10888687,99006
722816,2023,Solvay Bank,1117965,109238,0
723112,2023,"Fifth Third Bank, National Association",206289179,18952302,1006611
723158,2023,State Bank of Fairmont,132160,13841,0
723550,2023,The Hamilton Bank,103333,9412,0
723653,2023,Western Bank,282636,31401,0
723756,2023,PEOPLES BANK,52978,6978,0
723868,2023,Pearland State Bank,198130,23357,0
724230,2023,SimplyBank.,692789,69239,0
724744,2023,GNB BANK,630557,62463,0
724904,2023,"Home Loan Investment Bank, F.S.B.",379838,46598,31724
724940,2023,Farmers & Merchants Bank Of Hutsonville,52691,8572,0
725077,2023,OSB Community Bank,357790,43897,0
725732,2023,Bradesco BAC Florida Bank,3489838,282090,0
725741,2023,Holmes County Bank and Trust Company,148716,18232,0
726458,2023,The First National Bank Of Osakis,90831,7277,0
726953,2023,United Texas Bank,1132317,142871,0
727174,2023,Guardian Savings Bank,1060078,144424,5365
728948,2023,"Midstates Bank, National Association",642549,58921,0
728957,2023,Farmers And Merchants State Bank Of Pierz,314380,27833,0
729011,2023,The Community Bank,599690,54383,0
729057,2023,Pine River State Bank,179389,12824,0
729178,2023,"Cypress Bank, Ssb",221395,24430,0
729310,2023,PATHFINDER BANK,1404490,133684,19
729570,2023,Mutual Savings Bank,48353,12417,0
729842,2023,Bank Of Wolcott,229631,25578,0
729945,2023,Citizens Bank & Trust,123708,10984,0
730745,2023,CITIZENS SAVINGS BANK,32239,4531,0
731050,2023,York State Bank,191612,19508,0
731247,2023,Hills Bank and Trust Company,3979185,520149,1663
731957,2023,First National Bank of Proctor,31028,2534,0
732178,2023,Grand Savings Bank,848960,80021,817
732253,2023,Citizens Progressive Bank,227936,21606,2
732637,2023,Whitesville State Bank,125241,11500,0
732758,2023,Bankers' Bank Of The West,420737,55353,0
732918,2023,Jersey Shore State Bank,1451067,119783,3298
732954,2023,Carmine State Bank,118215,12491,0
733054,2023,Industry State Bank,878450,114199,0
733540,2023,Gateway Bank,122824,12173,0
733559,2023,Great Plains State Bank,317286,42540,0
733661,2023,HATCH BANK,177865,33935,1091
733755,2023,Jonesburg State Bank,127384,10537,0
733951,2023,CITIZENS STATE BANK   TRUST CO,253886,20943,0
734248,2023,Iowa State Bank,427593,47075,0
734350,2023,Gibsland Bank & Trust Company,500932,56155,0
734538,2023,First National Bankers Bank,982653,157172,0
734613,2023,THE BANK OF LANDISBURG,364726,60592,0
735049,2023,Freeland State Bank,62128,8830,0
735067,2023,"TEXAS REPUBLIC BANK, NA",425298,48948,947
735414,2023,"First National Bank Of Blanchester, The",82579,7792,0
735441,2023,American State Bank,1254978,132229,0
735973,2023,Scottsburg Building And Loan Association,78247,14359,0
736158,2023,THE POTTER STATE BANK OF POTTER,48369,7175,0
736206,2023,CAMBRIDGE TRUST COMPANY,5559387,450305,0
736550,2023,Union State Bank,422409,35851,0
737548,2023,BankIowa of Cedar Rapids,785842,86753,0
738013,2023,THE CITIZENS NATIONAL BANK,969379,110402,2393
738040,2023,United Bank Of Iowa,2331206,217603,12380
738143,2023,PROSPECT BANK,719036,63159,0
738255,2023,Town & Country Bank,192470,25510,0
738303,2023,East Cambridge Savings Bank,1609978,136475,0
738657,2023,The City State Bank,55734,4452,0
738769,2023,Community National Bank & Trust Of Texas,1190321,135245,792
739346,2023,Atkins Savings Bank and Trust,137585,18366,0
739355,2023,Texas National Bank,756138,76051,0
739560,2023,FREMONT BANK,5446634,424138,14232
739832,2023,Fisher National Bank,227261,22824,0
740249,2023,First Whitney Bank And Trust,269150,29272,0
741068,2023,Fidelity Bank of Texas,113229,13707,0
741152,2023,Junction National Bank,90982,8324,0
741330,2023,F&M Bank,1556974,141696,6179
741358,2023,PEOPLES STATE BANK,17062,4621,0
741648,2023,SECURITY BANK,64386,7730,0
741844,2023,Farmers Savings Bank,139551,19867,302
741956,2023,THE MER ROUGE STATE BANK,54239,5317,0
741974,2023,First Federal Savings Bank of Kentucky,254739,30437,0
742056,2023,CASTROVILLE STATE BANK,250106,23263,0
742542,2023,First Community Bank,142725,14081,0
742636,2023,Mississippi River Bank,128608,16004,0
742944,2023,Forte Bank,359891,35715,0
743679,2023,RELIANCE SAVINGS BANK,621206,72530,0
743950,2023,Farmers Bank Of Lohman,72897,12065,0
744854,2023,Citizens Bank,522552,64051,0
745150,2023,The Gorham State Bank,43857,4522,0
745347,2023,BOONE BANK & TRUST CO.,158219,14990,0
746157,2023,Sentry Bank,283962,26284,0
746429,2023,Touchstone Bank,621921,61737,0
746755,2023,Bank Of Hays,358044,33466,0
746942,2023,Union State Bank,90094,9355,0
746979,2023,Spratt Savings Bank,153881,30009,0
747051,2023,HOMEPRIDE BANK,127475,11397,0
747257,2023,The Halstead Bank,167245,13499,0
748254,2023,BankCherokee,374064,33078,0
748357,2023,CHAPPELL HILL BANK,60065,4525,0
748441,2023,Warren Bank and Trust Company,139874,22990,0
748964,2023,Texas State Bank,406530,42788,0
749242,2023,Renasant Bank,16995485,1630390,110105
749635,2023,AuburnBank,1023366,106886,0
749840,2023,Farmers State Bank,44338,4624,0
749943,2023,RARITAN STATE BANK,240637,24422,0
750051,2023,NORTH STAR BANK,357241,37276,0
750127,2023,The Peoples Bank,354731,31468,0
750341,2023,Highpoint Community Bank,472144,36968,0
750444,2023,Twin Cedars Bank,58624,6866,0
750846,2023,SECURITY STATE BANK,125358,22398,0
751254,2023,Progrowth Bank,292634,25852,0
751656,2023,Frandsen Bank & Trust,3163444,228205,1480
751852,2023,Central Bank of Kansas City,376709,47786,0
752644,2023,Mechanics Bank,323302,31015,1609
752831,2023,Bank Of Madison,375667,38622,0
753052,2023,MONTROSE SAVINGS BANK,53210,7587,0
753324,2023,Bank of Clarke County,1616263,143214,153
753641,2023,Huron State Bank,78725,10784,0
753856,2023,The Donley County State Bank,52507,8108,0
754068,2023,"C3bank, N.A.",731074,66384,0
754246,2023,LOGAN STATE BANK,76243,6227,0
754536,2023,Vermilion Bank & Trust Company,166543,14153,0
754826,2023,Vinton County National Bank,1361287,137837,525
754853,2023,The First National Bank Of Hutchinson,944900,112292,0
754929,2023,The National Bank Of Blacksburg,1674446,183623,0
755252,2023,Cross Keys Bank,548771,63853,766
755421,2023,THE BLUE GRASS VALLEY BANK,57171,5570,0
755458,2023,Foresight Bank,329643,32024,0
756343,2023,Malvern Bank,184684,16188,0
756848,2023,Community First Bank,255402,21508,0
757377,2023,Liberty Bank For Savings,881478,205022,0
757452,2023,Farmers State Bank,342121,28402,0
757779,2023,MCS Bank,189253,21791,0
758703,2023,Cambridge Savings Bank,6474352,563163,2845
758842,2023,Citizens Savings Bank,159630,14582,0
758851,2023,First Bank Of The Lake,537950,50799,0
759045,2023,First Eagle Bank,573144,112868,0
759625,2023,Bank of Botetourt,715514,74491,177
760210,2023,THE FARMERS AND MERCHANTS BANK,122193,17927,0
760331,2023,Brannen Bank,831596,44573,0
760340,2023,National Bank of St Anne,127023,10628,0
760434,2023,Ipava State Bank,190833,15454,0
760649,2023,Audubon State Bank,144046,12278,0
760854,2023,Southwest Missouri Bank,1087807,90790,314
760939,2023,First Bank Of Pike,70153,6308,0
760957,2023,THE FIRST STATE BANK OF ROSEMOUNT,106012,8897,0
761244,2023,Belgrade State Bank,391811,34670,0
761459,2023,PINE COUNTRY BANK,249932,22479,0
761543,2023,Ohnward Bank & Trust,391537,48383,880
761806,2023,"Webster Bank, National Association",71166370,6661504,1991
761833,2023,Community Bank & Trust - West Georgia,88392,7661,0
761851,2023,First Independent Bank,473709,40900,0
761954,2023,Coleman County State Bank,184624,18695,738
762045,2023,State Savings Bank,198557,20597,646
762447,2023,"First Mid Bank & Trust, National Association",6704869,692664,338
762474,2023,"Fidelity Bank, N.A.",3078918,302425,6665
762773,2023,Abacus Federal Savings Bank,310557,46389,0
763211,2023,Bank Of Hindman,262901,23553,0
763677,2023,Security Federal Bank,1316994,141452,913
763930,2023,FARMERS & MERCHANTS BANK,638480,54910,0
764030,2023,Ameris Bank,24967889,2464589,392078
764058,2023,Highland Bank,663555,56861,0
764067,2023,The American National Bank Of Mount Pleasant,124938,15732,0
764142,2023,Federation Bank,168363,13710,0
764151,2023,Lovelady State Bank,55113,5399,0
764816,2023,Citizens Guaranty Bank,280725,17264,0
765318,2023,Citizens Bank & Trust Co. Of Jackson,183611,16253,0
765354,2023,BANK OF CROCKER,148034,15845,0
765505,2023,Webster Five Cents Savings Bank,1130141,132348,398
765662,2023,Muenster State Bank,213886,28191,0
765877,2023,Home Savings Bank,102704,15345,0
766052,2023,Community Bank Of El Dorado Springs,119453,18651,0
766164,2023,"TBK Bank, SSB",5331967,697022,5641
767152,2023,First National Bank in Cooper,56456,7014,0
767246,2023,Chesterfield State Bank,22194,2257,0
767255,2023,Lamar Bank and Trust Company,225870,23250,0
767554,2023,"Citizens Bank & Trust Company Of Vivian, Louisiana",159390,18433,977
767572,2023,Tucumcari Federal Savings and Loan Association,38262,5523,0
767611,2023,Bank of Richmondville,179581,19502,0
767732,2023,South Georgia Banking Company,644790,62581,0
767974,2023,"CFBank, NA",1812804,176828,580
768074,2023,First Financial Northwest Bank,1502767,156147,0
768458,2023,Community 1st Bank Las Vegas,174580,17043,0
768476,2023,RAYMOND FEDERAL BANK,66091,6515,0
768953,2023,THE BANK OF TIOGA,347782,28377,0
769156,2023,First State Bank Of Sauk Centre,141914,14335,0
769334,2023,EXCHANGE STATE BANK,103863,11923,0
770451,2023,FARMERS & MERCHANTS STATE BANK OF SPRINGFIELD,147269,10788,0
770545,2023,Middletown State Bank,40609,3722,0
770639,2023,Hometown National Bank,295443,29421,0
770657,2023,"Nodaway Valley Bank, The",1332650,141265,0
770853,2023,FIRST MIDWEST BANK OF DEXTER,501127,48953,309
771047,2023,Citizens State Bank Of Milford,59038,4265,0
771140,2023,Dieterich Bank,1273483,110856,0
771458,2023,First American Bank,1746469,171098,692
771609,2023,Baycoast Bank,2820893,222014,3505
771748,2023,CHELSEA SAVINGS BANK,177830,27831,0
771878,2023,First Federal Savings Bank,363836,42602,1040
772008,2023,South Shore Bank,2111040,199056,0
772446,2023,"Comerica Bank & Trust, National Association",76187,65852,0
772754,2023,Metz Banking Company,95045,10963,0
773032,2023,FARMERS STATE BANK,182652,23365,0
773171,2023,Mid-Central National Bank,133242,17341,0
773247,2023,Midland States Bank,7845713,770566,1286
773443,2023,"Clinton National Bank, The",413471,53178,0
773470,2023,"Malaga Bank, Fsb",1508627,192720,0
773742,2023,CITIZENS NATIONAL BANK OF CHEBOYGAN,483703,32291,0
774132,2023,"Volunteer State Bank, Inc.",1084578,86043,0
774235,2023,"CITIZENS NATIONAL BANK OF QUITMAN, THE",130158,16084,0
774253,2023,Northern State Bank Of Virginia,92793,8658,0
774347,2023,Farmers Savings Bank,235943,30229,0
775054,2023,The Eastern Colorado Bank,591720,63489,0
775241,2023,Community National Bank in Monmouth,55546,6093,0
775456,2023,NATIONAL BANK OF COMMERCE,1248794,140020,74
775773,2023,North Shore Trust and Savings,264519,65633,0
776369,2023,FIRST STATE BANK OF ODEM,193625,22746,0
776547,2023,"Meade County Bank, Inc.",343097,31702,0
777254,2023,HERITAGE BANK MINNESOTA,86377,7543,0
777366,2023,Bank Of The Orient,845747,118798,0
777441,2023,Flora Bank & Trust,112567,10471,0
777870,2023,Altoona First Savings Bank,323074,36928,0
778738,2023,Citizens Bank,1188606,143693,3549
779016,2023,Mifflinburg Bank and Trust Co.,546201,54414,0
779351,2023,"Merchants Bank, National Association (WIN)",2576574,270910,6240
779360,2023,Community Bank,570848,49693,0
779641,2023,The Port Austin State Bank,70921,10492,0
779650,2023,Chippewa Valley Bank,637500,54328,0
779968,2023,STATE BANK OF INDIA (CALIFORNIA),1087572,166634,0
780049,2023,Bank of Kilmichael,270007,24282,0
780218,2023,The Union Bank Company,1084777,109713,3970
780263,2023,Ozona Bank,343458,36552,0
780722,2023,HEBRON SAVINGS BANK,807397,75746,0
780955,2023,WAUMANDEE STATE BANK,324362,28407,484
782016,2023,Bank Of Maysville,156842,23661,0
782306,2023,Brookline Bank,6055752,570530,0
782548,2023,Clinton Bank,64359,12467,0
783161,2023,First Northern Bank Of Dixon,1871361,170533,0
783246,2023,Grinnell State Bank,448401,49797,0
783349,2023,State Bank of Nauvoo,36597,2952,0
783648,2023,Centier Bank,6722761,692007,3480
783844,2023,CITIZENS BANK,1010110,129736,0
783910,2023,North Valley Bank,301938,30680,0
784159,2023,Peoples Community Bank,650597,112250,0
784430,2023,The Merchants & Citizens Bank,128446,18360,0
785147,2023,The Farmers National Bank Of Danville,945407,75198,0
785473,2023,First Savings Bank,2192809,199886,44280
785857,2023,"James Polk Stone Community Bank, The",326263,31338,0
785923,2023,LCNB National Bank,1915139,182819,0
785950,2023,Legacy Bank,618429,66214,0
786210,2023,"Traditional Bank, Inc.",2145608,219271,406
786256,2023,The State Bank,39977,3501,0
786340,2023,First American National Bank,373893,37505,0
786555,2023,Peoples State Bank Of Plainview,350059,29710,0
786612,2023,Mid Penn Bank,4481008,463964,2475
786733,2023,Jefferson Security Bank,461234,38499,0
786948,2023,First Bank Hampton,217904,24176,0
787141,2023,Exchange State Bank,44154,4825,0
787459,2023,Prinsbank,187686,29055,0
787842,2023,First Iowa State Bank,194129,18724,0
788559,2023,FARMERS AND DROVERS BANK,209055,53537,0
788652,2023,WOODLAND BANK,142279,13277,175
788773,2023,Hometown Bank,539421,46795,0
789051,2023,Ninnescah Valley Bank,39532,4651,0
790150,2023,BANK OF IBERIA,64713,5534,0
790271,2023,Washington Savings Bank,588604,68260,0
790543,2023,Community State Bank,1277978,128130,0
790703,2023,Lee Bank,529900,45319,0
790918,2023,FIRST KEYSTONE COMMUNITY BANK,1326957,139881,71
791072,2023,Interstate Bank,273336,23860,0
791353,2023,Bankwest,241436,17655,362
791821,2023,The National Capital Bank Of Washington,643822,68710,0
791942,2023,Nekoosa Port Edwards State Bank,255558,34859,0
792453,2023,State Bank Of Downs,126941,15677,0
792640,2023,State Savings Bank,154443,14999,0
792659,2023,National Bank & Trust,220598,28352,0
794149,2023,Commercial National Bank Of Texarkana,305800,26770,0
794336,2023,First National Bank of South Miami,980770,90454,0
794345,2023,Blue Grass Savings Bank,224302,29240,0
794475,2023,EUREKA HOMESTEAD,103299,19291,0
794653,2023,First National Bank at St. James,37684,2781,0
795249,2023,First State Bank,130423,17499,0
795548,2023,CITIZENS STATE BANK,489452,57303,0
795959,2023,KENNETT TRUST BANK,136877,13708,0
795968,2023,Bank of Hawaii,23579258,1704570,1035
796152,2023,First State Bank,304804,27704,0
796451,2023,Bank Of Kirksville,468428,56539,0
796572,2023,Home Federal Savings Bank,1096108,100250,1281
796657,2023,The Lyon County State Bank,184032,14837,0
797140,2023,The Bank Of New Glarus,427218,45112,0
797775,2023,BLUE FOUNDRY BANK,2040012,298132,0
798512,2023,"First National Bank Of Brooksville, The",76785,7671,0
799359,2023,Red Rock Bank,47523,3955,0
799751,2023,Minnesota National Bank,284787,22895,0
799854,2023,The City National Bank Of Colorado City,236734,25074,0
799939,2023,Hartsburg State Bank,21179,2154,0
799948,2023,FIRST NATIONAL BANK OF LAWRENCE COUNTY,272576,28147,0
800134,2023,"Harvard State Bank, The",311791,27481,0
800442,2023,bank of winona,144294,15992,0
800479,2023,"Tarboro Savings Bank, SSB",52480,7124,0
800657,2023,"Bremer Bank, National Association",15939263,1423785,11851
800853,2023,Centinel Bank of Taos,388302,32211,0
801047,2023,First State Bank,542207,50633,198
801056,2023,The Farmers State Bank,150992,14709,0
801654,2023,The First State Bank,156348,22427,0
802866,2023,Silicon Valley Bank,209026000,16995000,0
803256,2023,TRIUMPH STATE BANK,92405,8647,0
803265,2023,Robert Lee State Bank,43771,5633,0
803649,2023,Green Belt Bank & Trust,643520,56571,0
803658,2023,Farmers State Bank of Trimont,82178,11600,0
803957,2023,KODABANK,415103,45323,0
804150,2023,231,53119,7921,0
804338,2023,FIRST BANK CHICAGO,2054334,185405,0
804374,2023,Home Federal Bank,576756,57356,2247
804422,2023,THE FARMERS & MERCHANTS BANK OF CRAIG COUNTY,86622,13882,0
804860,2023,Citizens State Bank,86106,8696,0
804963,2023,Bank of the West,91580361,7907056,7176
805045,2023,Exchange State Bank,130015,12778,0
805250,2023,FNB BANK,277174,27198,0
805335,2023,Bank Of Monticello,165032,16432,0
805755,2023,First National Bank North,753204,71807,0
805876,2023,PennCrest BANK,221830,31029,0
806846,2023,Bank Five Nine,1675982,176266,1991
806958,2023,Midwest Bank,704321,65765,421
807348,2023,BRISTOL MORGAN BANK,176261,18416,0
807432,2023,Mount Vernon Bank,155078,15474,0
807656,2023,Citizens Bank of Ada,301630,22242,1
807955,2023,"American Bank, N.A.",2376539,215968,0
808260,2023,Farmers & Merchants Bank Of Central California,5328781,502838,0
808345,2023,State Central Bank,48465,5149,0
808354,2023,State Bank of Wheaton,122291,9476,0
808653,2023,TruCommunity Bank,316563,32230,0
809070,2023,Mutual Savings and Loan Association,39141,13930,0
809276,2023,"United Midwest Savings Bank, National Association",471573,50534,97338
809379,2023,Investors Community Bank,99401,10051,0
809650,2023,"Texana Bank, National Association",270427,20626,1993
809771,2023,Yakima Federal Savings and Loan Association,2019897,509723,0
809856,2023,The Bank of Burlington,78231,10081,0
810544,2023,Crawford County Trust And Savings Bank,273075,21718,235
811046,2023,Bankers Trust Company,6104235,605834,0
811457,2023,First National Bank of Lipan,27311,2149,0
811541,2023,Auburn Banking Company,114728,10197,0
811550,2023,American Exchange Bank,80649,9162,0
811747,2023,Security Savings Bank,503113,47183,0
812164,2023,"STATE STREET BANK AND TRUST COMPANY OF CALIFORNIA,N.A",8785,8587,0
812379,2023,FIRST COMMUNITY BANK OF CULLMAN,121198,13184,0
812436,2023,Itasca Bank & Trust Co.,731397,69364,0
812557,2023,Bank Forward,896699,90965,0
812614,2023,"Commercial Bank Of Grayson, The",212590,26658,0
813059,2023,Harwood State Bank,47355,4274,0
813572,2023,Cecil  Bank,237620,21640,0
813853,2023,Community Resource Bank,375385,38492,0
814074,2023,"First Federal Bank, A Fsb",139570,14872,6951
814355,2023,Security State Bank Of Oklee,42178,6707,0
814430,2023,CITY NATIONAL BANK OF FLORIDA,25260713,2358754,48380
814458,2023,CHARTER BANK,347761,34256,0
814476,2023,Millville Savings Bank,159056,20394,0
814551,2023,Kearney Trust Company,283932,26679,0
814711,2023,PEOPLES BANK AND TRUST COMPANY,291931,24361,0
815053,2023,Goppert Financial Bank,240666,22027,0
815147,2023,Honor Bank,370352,31681,0
815156,2023,"Dakota Community Bank   Trust, N.A.",1240396,88830,1887
815277,2023,Quaint Oak Bank,793048,53115,133222
815754,2023,Bank Of Cherokee County,295126,45894,0
815772,2023,The Cincinnatus Savings And Loan Company,128699,24692,0
816256,2023,The First National Bank of Hooker,98100,13118,0
816304,2023,Marblehead Bank,280576,22632,0
816603,2023,"The Washington Trust Company, of Westerly",6659837,554879,8987
816751,2023,Kindred State Bank,40198,3022,0
817477,2023,Union Savings Bank,191921,16973,152
817824,2023,"PNC Bank, National Association",552307127,43657609,1010389
818401,2023,Main Street Bank,1463645,162117,1705
818540,2023,FIRST NATIONAL BANK OF MANNING,89770,12285,0
818559,2023,FIRST STATE BANK OF RED WING,84963,7739,0
818652,2023,Stockmens National Bank In Cotulla,98120,12203,0
819154,2023,First Security State Bank,160005,11765,0
819172,2023,The Peoples Savings Bank,147491,14365,0
819453,2023,Bank Of Odessa,382801,51751,0
819556,2023,CONCORDIA BANK & TRUST COMPANY,686658,69284,0
819855,2023,Peoples Bank,1053393,93993,1305
820048,2023,FIRST NATIONAL BANK,1117262,101976,154
820301,2023,Jewett City Savings Bank,403286,54141,0
820477,2023,Midland Federal Savings And Loan Association,122548,9441,0
820842,2023,BLOOMSDALE BANK,311112,26787,0
820879,2023,First Federal Savings and Loan Association of Van Wert,142139,24965,0
821036,2023,Peoples Bank Of Kankakee County,346254,23837,552
821157,2023,The Goose River Bank,157557,15385,0
821559,2023,"Minnesota First Credit and Savings, Inc.",25199,4250,0
821643,2023,ASHTON STATE BANK,54979,7020,0
821906,2023,Salisbury Bank And Trust Company,1541582,153762,0
822042,2023,Southern Michigan Bank & Trust,1272193,116682,0
822051,2023,Citizens State Bank,285216,33567,0
822275,2023,"Winter Hill Bank, FSB",418054,39607,0
822556,2023,Texas Exchange Bank,2681992,317605,8473
822631,2023,MIDLAND COMMUNITY BANK,78004,9634,0
823076,2023,Guardian Savings Bank,34814,7199,0
823133,2023,PEOPLES NATIONAL BANK OF KEWANEE,546694,52328,0
823142,2023,DU QUOIN STATE BANK,131917,12281,0
823450,2023,First National Bank,453122,46180,382
823478,2023,Northeast Community Bank,1402231,217282,0
823553,2023,The Bank of Denton,24360,3671,0
823638,2023,First Bank Of Coastal Georgia,191283,18743,0
823656,2023,First State Bank Southwest,405041,36902,654
824242,2023,Benton County State Bank,49078,7097,0
824653,2023,Texas Heritage National Bank,521191,45548,0
824671,2023,Phoenixville Federal Savings& Loan Association,602280,67848,0
824738,2023,THE FIRST NATIONAL BANK OF LACON,78474,6530,0
825146,2023,Morton Community Bank,4865566,472957,0
825454,2023,First Missouri State Bank,220071,18360,0
825548,2023,Community State Bank Of Missouri,294227,34003,0
825753,2023,CITIZENS INDEPENDENT BANK,360735,38032,0
825847,2023,Farmers Trust & Savings Bank,327907,37015,0
825940,2023,Bank Of Buffalo,90141,8591,0
826451,2023,American Exchange Bank,86473,9538,0
826648,2023,Mediapolis Savings Bank,251841,21359,0
826956,2023,CHOICE FINANCIAL GROUP,4229093,362304,949
827355,2023,The First National Bank Of Nevada,111197,16099,0
827458,2023,Dakota Western Bank,342836,37209,0
827560,2023,"FINANCE FACTORS, LIMITED",596976,73061,420
828110,2023,Pennsville National Bank,274535,21098,0
828174,2023,First Federal Savings And Loan Association Of Valdosta,200083,29134,0
828473,2023,Citizens Savings Bank,387454,55777,0
828651,2023,ANB Bank,3198052,285067,0
829032,2023,"BCBank, Inc",197040,21046,0
829041,2023,Citizens Bank & Trust Company,300783,42787,0
829050,2023,"The Bank, National Association",484490,41544,0
829452,2023,Commercial Bank Of Oak Grove,113677,13025,0
830113,2023,THE FORT JENNINGS STATE BANK,238437,25628,211
830252,2023,"The Lytle State Bank Of Lytle, Texas",121850,15933,0
830355,2023,First National Bank & Trust Company Of Mcalester,557903,56917,0
830542,2023,CBI Bank & Trust,1114078,132351,366
830645,2023,Longview Community Bank,68257,4938,0
830748,2023,Germantown Trust & Savings Bank,460594,55479,0
831008,2023,The Guilford Savings Bank,1048056,119434,0
831576,2023,BankTennessee,545520,44972,0
831642,2023,First Citizens State Bank,428047,75534,0
831875,2023,First Federal Savings and Loan Association,81201,18973,0
831941,2023,Taylor County Bank,216007,26420,0
832528,2023,Clay County Bank,117184,16945,0
832546,2023,West Shore Bank,685738,58815,1022
833404,2023,Fall River Five Cents Savings Bank d/b/a BankFive,1705192,146768,9970
833749,2023,WOODTRUST BANK,644096,60451,0
833758,2023,Heartland Tri-State Bank,139199,12824,0
833851,2023,FIRST STATE BANK OF SWANVILLE,26621,3838,0
834175,2023,Lawrenceburg Federal Bank,75053,16641,0
835079,2023,"Covington Savings And Loan Association, The",89056,12412,0
835257,2023,Community Bank Mankato,465002,39472,0
835378,2023,"Beardstown Savings, S.B.",63851,7210,0
835444,2023,"Bank Of Herrin, The",301798,28824,0
835613,2023,Security Bank & Trust Co,67386,10676,0
835659,2023,Tri-County Trust Company,59954,8180,0
835743,2023,Bank of Holly Springs,474842,64526,0
835770,2023,Fox Valley Savings Bank,394538,60668,0
836656,2023,FARMERS & MERCHANTS BANK,24223,1782,0
836843,2023,Midwestone Bank,6574512,610217,612
837000,2023,The First National Bank of Long Island,4279384,429377,0
837046,2023,Corydon State Bank,112766,26794,0
837149,2023,"First Community Bank Of The Heartland, Inc.",404673,31244,68
837158,2023,FIRST NATIONAL BANK & TRUST COMPANY,207475,17476,0
837354,2023,Keen Bank National Association,182089,14340,0
837448,2023,Warren-Boynton State Bank,225672,27253,0
837541,2023,Farmers State Bank of Hoffman,191782,25705,0
837608,2023,Rollstone Bank & Trust,888799,91143,0
837653,2023,Heartland State Bank,69810,6969,0
837840,2023,UNITY BANK OF MISSISSIPPI,286316,29838,0
837952,2023,Flint Hills Bank,153244,19323,0
837970,2023,Fifth District Savings Bank,473367,83973,0
838155,2023,PEOPLES STATE BANK,36596,2552,0
839068,2023,Security State Bank,818495,98450,0
839246,2023,Bank Of Columbia,177083,16868,0
839255,2023,FNB COMMUNITY BANK,522049,49382,0
839572,2023,"Liberty Savings Bank, F.S.B.",1191714,102881,0
839817,2023,Farmers and Traders Bank of Campton,63211,5780,0
839974,2023,"Graham Savings And Loan, SSB",156268,16757,0
840019,2023,Citizens Bank,195676,16597,0
840251,2023,Home Bank & Trust Co.,143764,11031,1305
840354,2023,First Financial Bank in Winnebago,55599,7466,0
840363,2023,FirstBank Southwest,1573379,161777,382
840578,2023,Nelsonville Home and Savings Association,35587,4366,0
840747,2023,Farmers State Bank,1542625,155189,1883
841472,2023,Mutual Savings Bank,280296,30837,0
841753,2023,City Bank   Trust Company,388138,34088,0
841838,2023,Thread Bank,417178,36284,369
842376,2023,West View Savings Bank,374189,33217,0
842460,2023,Lone Star National Bank,3061875,340557,881
842853,2023,United Minnesota Bank,48592,3060,0
843476,2023,Cornerstone Bank,47322,6171,0
843542,2023,FIRST STATE BANK OF WARREN,117058,13221,0
843953,2023,Integrity Bank,83942,7347,0
844053,2023,Security National Bank of Omaha,1398477,147065,180
844138,2023,Simmesport State Bank,190038,17836,0
844455,2023,First National Bank in Fredonia,97264,16923,0
844567,2023,PointBank,916573,80812,0
845247,2023,Edmonton State Bank,740741,93604,443
845443,2023,First Iowa State Bank,148908,15109,0
845573,2023,"Spencer Savings Bank, Savings And Loan Association",3812457,390122,0
846132,2023,Dewey Bank,28380,2243,0
846945,2023,Badger Bank,185709,22067,0
847157,2023,United Community Bank,317243,32926,165
847979,2023,Community Savings Bank,87221,15493,0
848248,2023,FIDELITY BANK,536478,59069,0
848453,2023,"Bank Of Houston, The",52684,7319,10058
849076,2023,Henderson Federal Savings Bank,114073,26166,0
849348,2023,Community State Bank,336694,30492,0
849357,2023,"First National Bank Of Hughes Springs, The",331621,32063,0
849432,2023,The Bank of Monroe,208221,26155,0
850036,2023,First American Bank,6105252,432588,3985
850054,2023,First National Bank in Ord,152633,13387,0
850456,2023,Goppert State Service Bank,251496,24230,0
851060,2023,Atascosa Bank,95957,9173,0
851172,2023,"Citizens Building   Loan, SSB",142999,31293,0
851239,2023,"The Poca Valley Bank, Inc.",495448,41476,0
851631,2023,Better Banks,441388,36238,67
852218,2023,JPMorgan Chase Bank National Association,3201942000,269672000,18580000
852254,2023,"Union Bank, The",259560,25216,140
852320,2023,Truist Bank,545969000,45237000,1366000
852544,2023,Southern Bancorp Bank,2258187,271248,76
852704,2023,Genesee Regional Bank,1116398,105462,7095
852713,2023,QNB Bank,1655674,139260,0
852973,2023,"PIONEER TRUST BANK, N.A.",727001,89265,0
853112,2023,Heartland Bank,1660628,165895,1268
853251,2023,Unity National Bank Of Houston,206417,28566,0
853671,2023,Oconee Federal Savings And Loan Association,566560,86500,0
853747,2023,Citizens National Bank Of Albion,347898,55834,0
853804,2023,The Bank of Canton,831740,97384,626
853934,2023,Community State Bank,248929,28267,0
853952,2023,The Central Trust Bank,19309880,1607411,33483
854173,2023,Investment Savings Bank,107687,22434,0
854753,2023,St. Clair State Bank,112064,11648,0
854847,2023,First State Bank,138146,14395,0
855143,2023,RIVERWIND BANK,136866,13101,0
855264,2023,FIRST NATIONAL BANK IN PORT LAVACA,375335,41227,0
855303,2023,The Citizens National Bank of Hammond,27304,2450,0
855563,2023,MURPHY BANK,359341,45274,0
855741,2023,BankORION,612018,62745,0
855844,2023,Anna-Jonesboro National Bank,261556,33667,0
855956,2023,Union State Bank,209615,20027,0
856159,2023,ST. MARTIN NATIONAL BANK,31760,3681,0
856243,2023,"American Commercial Bank & Trust, National Associa",1354398,110027,35460
856346,2023,Farmers State Bank,309826,26814,717
856458,2023,Bank Of Hazelton,58008,5969,0
856542,2023,Breda Savings Bank,89703,8151,0
856748,2023,The Citizens Bank,1335234,113461,0
856869,2023,POWELL STATE BANK,37500,3374,0
856944,2023,State Bank of Brooks,23537,2307,0
857259,2023,BANK OF GREELEY,44406,5535,0
857455,2023,Tejas Bank,207882,20820,0
857576,2023,West Town Bank & Trust,403579,45012,34302
857745,2023,The Libertyville Savings Bank,423090,37466,0
857811,2023,MAUCH CHUNK TRUST COMPANY,610304,43248,0
857875,2023,"Mid-Southern Savings Bank, FSB",268858,42620,0
857941,2023,Great Rivers Bank,163220,16534,0
858153,2023,State Bank Of Canton,35959,6777,0
858443,2023,The First National Bank Of Ava,71690,9286,0
858452,2023,Bank Of Prague,37377,4562,0
858528,2023,The Bank Of Marion,553654,56135,0
858818,2023,WSB MUNICIPAL BANK,167484,17745,0
858854,2023,CITIZENS STATE BANK,323616,28824,0
859002,2023,Easthampton Savings Bank,1738869,173873,3439
859141,2023,AVAILA BANK,1545185,142258,111
859552,2023,Bank Of The West,751976,57557,838
859655,2023,The Bankers Bank,239870,32336,0
859712,2023,Ridgewood Savings Bank,6834299,869842,0
860053,2023,SUNRISE BANKS N.A.,2099142,247052,2582
860147,2023,First National Bank Of Pana,280692,29979,208
860231,2023,FARMERS STATE BANK OF EMDEN,40407,9987,0
860259,2023,PREMIER BANK,339176,45000,0
860334,2023,Bank of Zachary,360790,38301,0
860352,2023,Dakota Heritage Bank,324294,31208,0
861153,2023,Haviland State Bank,45199,6182,0
861658,2023,First Security Bank - Sleepy Eye,262912,29060,0
861742,2023,Pioneer State Bank,121815,14527,0
861854,2023,FIRST STATE BANK,73023,8958,0
862057,2023,BANK OF COMMERCE,406872,37905,0
862141,2023,TruBank,415445,39057,0
863362,2023,Brazos National Bank,29132,13459,4332
863607,2023,National Grand Bank Of Marblehead,430577,44230,0
863652,2023,The Farmers State Bank,70188,9330,0
863746,2023,Farmers & Merchants Savings Bank,593725,78609,0
864378,2023,Citizens  Federal Savings Bank,180572,39526,0
864471,2023,Piedmont Federal Savings Bank,1151256,237882,0
864846,2023,Bank of 1889,296085,28340,0
864855,2023,The First State Bank of Healy,100874,15779,0
865142,2023,IOWA STATE BANK,406525,38711,0
865151,2023,Legends Bank,486629,76775,0
865450,2023,"Profinium, Inc.",514883,45485,137
865544,2023,"Clear Lake Bank and Trust Company, Inc.",548368,43860,0
865759,2023,Union State Bank,197168,20409,0
865852,2023,Farmers State Bank Of Underwood,103523,7674,0
866000,2023,Glens Falls National Bank And Trust Company,3125180,292134,266
866055,2023,Charis Bank,258421,30391,0
866121,2023,Mercer County State Bank,551097,53134,0
866251,2023,Union State Bank,36583,4639,0
867070,2023,"Sterling Federal Bank, F.S.B.",468066,42922,68
867258,2023,"The Mercantile Bank Of Louisiana, Missouri",133958,23031,0
867632,2023,International Finance Bank,944447,87430,0
867650,2023,Pinnacle Bank,2624622,237121,627
867856,2023,Citizens State Bank,351648,35843,0
868059,2023,"Security State Bank of Warroad, Minnesota",134913,19793,0
868572,2023,Home Savings Bank of Wapakoneta,39365,4966,0
868956,2023,FIRST NORTHERN BANK OF WYOMING,572305,47930,2160
869346,2023,Iowa State Savings Bank,258491,24113,0
869551,2023,THE DENISON STATE BANK,425097,65187,0
869663,2023,Citizens 1St Bank,708489,150166,0
869953,2023,Alamosa State Bank,345425,32747,0
870539,2023,"The Peoples Bank, Biloxi, Mississippi",861302,97883,0
870650,2023,CNB St. Louis Bank,717866,63954,0
870856,2023,The First National Bank of Hope,82181,10852,0
870913,2023,Buckeye State Bank,320703,34430,0
871358,2023,Bank of Holyrood,73569,10472,0
871648,2023,Spencer County Bank,126539,15773,0
871769,2023,Farmers And Merchants Bank Of Long Beach,12054744,1320795,0
871956,2023,The First Bank Of Celeste,74804,5143,0
872047,2023,Decorah Bank & Trust Co,672645,73117,120
872579,2023,Hibernia Bank (formerly Union Savings And Loan Association),258851,29391,0
873259,2023,Mid America Bank,893681,90088,185
874050,2023,CITIZENS BANK MINNESOTA,581176,50597,140
874452,2023,STATE BANK OF NEW RICHLAND,117440,10691,0
874845,2023,Lake City Bank,6412535,732966,357
875048,2023,Community State Bank Of Rock Falls,310948,33112,479
875057,2023,Farmers State Bank,387661,49496,0
875132,2023,Grand Ridge National Bank,306342,40628,0
875655,2023,Citizens State Bank Norwood Young America,117210,9710,0
875758,2023,First Texas Bank,209848,18880,0
875879,2023,Warsaw Federal Savings And Loan Association,71681,7420,93
875936,2023,First Bank,557066,64710,0
876157,2023,Odin State Bank,68398,5767,0
876634,2023,Capital City Bank,4513488,358881,26908
876700,2023,Centreville Bank,2127985,330482,0
877350,2023,Horizon Financial Bank,184693,20146,0
877752,2023,The Citizens National Bank Of Park Rapids,333048,37904,0
877958,2023,The Hopeton State Bank,26183,2903,0
879336,2023,State Bank of Herscher,164054,20406,0
879439,2023,Feliciana Bank & Trust Company,135207,16369,0
879457,2023,CORNERSTONE BANK,1304394,105755,0
879550,2023,BANK OF NEW CAMBRIA,35515,4339,0
879644,2023,The Bank Of Advance,454772,50486,0
879747,2023,Farmers State Bank of Waupaca,256860,27787,0
880332,2023,PIKE NATIONAL BANK,348663,39760,0
880855,2023,THE BANK OF OLD MONROE,601888,79284,233
881012,2023,FIRST COLUMBIA BANK & TRUST CO,940278,101037,4568
881441,2023,ALTON BANK,116885,9784,0
881478,2023,Heritage Bank,6977262,660449,0
881852,2023,High Plains Bank,181855,19303,0
881900,2023,Millbury National Bank,114230,11481,0
882242,2023,Rolling Hills Bank & Trust,435547,41889,0
882541,2023,Bridge Community Bank,122644,13398,0
882701,2023,Fairfield County Bank,1919285,248917,0
882952,2023,OZARK BANK,387680,28334,0
883351,2023,LIBERTY STATE BANK,124375,15316,0
883959,2023,"Bank Of Kremlin, The",368346,35413,0
884303,2023,Chemung Canal Trust Company,2641568,210901,0
884358,2023,First State Bank Of Livingston,437564,58550,0
884376,2023,"Pickens Savings and Loan Association, FA",123411,12993,0
884442,2023,Jackson County Bank,816726,74179,109
884648,2023,United Community Bank,263601,20990,0
884657,2023,Rushford State Bank (Incorporated),100545,5426,0
885225,2023,The Bank of Delmarva,932149,89645,0
885252,2023,Citizens Bank,224256,22141,0
885430,2023,ST LANDRY BANK & TRUST COMPANY,287400,29958,0
885579,2023,Tioga-Franklin Savings Bank,66257,6540,0
885869,2023,"Commercial Bank Of Texas, N.A.",1307150,116873,1455
886204,2023,Watertown Savings Bank,1448597,146487,0
886624,2023,Clear Mountain Bank,880734,106218,179
887340,2023,First State Bank,1540979,144068,6656
887827,2023,The Hamler State Bank,100195,16312,0
887854,2023,Sherwood Community Bank,73944,5695,0
888002,2023,Middlesex Savings Bank,6204550,749828,0
888141,2023,Farmers & Merchants Bank & Trust,255162,20620,0
888271,2023,"Hancock County Savings Bank, F.S.B.",450320,81505,0
888552,2023,"First State Bank, The",809214,76225,0
888833,2023,Northeast Georgia Bank,626401,67563,0
890050,2023,FIRST NATIONAL BANK OF GILLETTE,622165,81110,1306
890078,2023,Lake City Federal Bank,82149,10185,0
890649,2023,Mount Vernon Bank and Trust Company,182031,22598,0
890742,2023,Blackhawk Bank & Trust,1768593,180176,0
890957,2023,Strasburg State Bank,101723,7636,0
891226,2023,Farmers And Merchants Bank,717639,71676,428
891253,2023,Columbus State Bank,121722,14584,0
892205,2023,WESTFIELD BANK,2550802,244864,0
892223,2023,The Hicksville Bank,177312,18301,0
893855,2023,Lead Bank,817248,79910,347
894272,2023,Newport Federal Bank,251030,25653,0
894348,2023,Bank Of Wisconsin Dells,949124,95717,0
894544,2023,First Security Bank and Trust Company,601839,48819,116
894834,2023,The Trust Bank,48609,5239,0
895055,2023,The First National Bank Of Mcgregor,768602,78934,0
895448,2023,Milledgeville State Bank,174290,19960,0
895710,2023,Citizens & Northern Bank,2439371,248744,542
896155,2023,Shell Lake State Bank,303108,38870,0
897170,2023,Ponce Bank,2300787,456816,1979
897237,2023,"Citizens Bank Of Morgantown, Inc",53851,8458,0
897330,2023,Bank Of Morton,79638,10675,0
897451,2023,Integrity Bank Plus,87729,8093,0
897648,2023,MCGEHEE BANK,156176,25017,0
897853,2023,SECURITY BANK OF SOUTHWEST MISSOURI,107356,11985,0
898458,2023,Bank Of Jackson Hole Trust,39252,11238,0
898579,2023,First Federal Community Bank,536877,63158,0
898627,2023,THE CITIZENS BANK,994381,75982,0
898850,2023,FIRST LIBERTY BANK,572061,61928,405
899008,2023,WINCHESTER SAVINGS BANK,685436,79870,0
899343,2023,WILSON & MUIR BANK & TRUST CO INC,706771,60026,697
899428,2023,First Bank,1369639,132104,0
899642,2023,First State Bank,350396,26645,0
899651,2023,CITIZENS STATE BANK,164191,18630,0
900034,2023,RAYNE STATE BANK & TRUST COMPANY,469126,61500,0
900146,2023,CUSB Bank,688368,79318,0
900306,2023,Northern Bank & Trust Company,2834447,414951,309
900379,2023,Wake Forest Federal Savings And Loan Association,109335,25995,0
900502,2023,Fulton Savings Bank,474328,124400,0
900678,2023,"Carthage Savings and Loan, National Association",308118,34976,0
901134,2023,Community Bank Of Parkersburg,292019,30071,0
901358,2023,"Heritage Bank, National Association",457589,47322,1059
901451,2023,CITIZENS NATIONAL BANK,67973,9454,0
901741,2023,Northwest Bank & Trust Company,234036,20153,0
901938,2023,The Farmers Bank,842410,111758,163
901974,2023,Lyons Federal Bank,160450,20461,0
902645,2023,Defiance State Bank,41384,3525,0
902672,2023,Hearthside Bank Corporation,496449,53477,0
903240,2023,Bank of Edmonson County,271364,27846,0
903754,2023,Union State Bank,113830,12127,0
903950,2023,Central Bank And Trust,227916,16016,1923
904171,2023,InFirst Bank,506725,49770,0
904359,2023,Century Bank of the Ozarks,253545,22716,0
904845,2023,BANK OF CADIZ AND TRUST COMPANY,135192,11989,0
905356,2023,Oklahoma State Bank,248450,27656,0
905673,2023,Gouverneur Savings And Loan Association,204781,21955,0
906241,2023,The Malvern National Bank,659868,60413,0
906410,2023,"Turbotville National Bank, The",180802,30569,0
906652,2023,Community State Bank,178079,21725,0
907444,2023,First National Bank of Kentucky,186552,16720,0
907547,2023,Premierbank,554421,52342,0
908450,2023,KIRKWOOD BANK & TRUST CO,319073,31027,1087
908553,2023,HNB National Bank,671927,86293,0
908861,2023,"TransPecos Banks, SSB",421521,43251,0
909055,2023,Peoples Bank & Trust Co.,745123,73230,121
909756,2023,Prime Security Bank,124079,9982,0
910079,2023,The Equitable Savings And Loan Company,11213,2286,0
910118,2023,Tioga State Bank,542205,65238,0
910239,2023,Bank Of Sunset & Trust Company,187830,17464,0
911160,2023,Pilgrim Bank,680790,70315,0
911339,2023,"First Neighborhood Bank, Inc.",163153,16966,0
911759,2023,Nebraska State Bank,66835,11092,0
911973,2023,Union Savings Bank,3307068,376552,36195
912550,2023,THE LUSK STATE BANK,72876,7718,0
912756,2023,STATE BANK OF LAKE PARK,45643,4540,0
913146,2023,Stone Bank,677634,63125,0
913436,2023,MINERS AND MERCHANTS BANK,67035,9170,0
913753,2023,Inwood National Bank,4352084,389815,0
913856,2023,Pinnacle Bank,7724198,721365,8895
914545,2023,Tri-County Bank & Trust Company,247424,26661,0
914648,2023,BankFirst Financial Services,2402492,224672,2762
914853,2023,CORNERSTONE STATE BANK,227336,23268,0
915056,2023,Peoples Bank Of Moniteau County,66095,6634,0
915065,2023,Hawaii National Bank,846991,71868,0
915878,2023,Third Federal Savings and Loan Assoc of Cleve,16117865,1587039,12549
915935,2023,CITIZENS BANK OF EDINBURG,30993,2692,0
916259,2023,State Bank Of Lismore,64121,7247,0
916343,2023,Anderson State Bank,102499,15573,0
916745,2023,Bna Bank,744567,80074,0
916857,2023,FirstOak Bank,230829,22174,0
917050,2023,First State Bank,346040,32736,0
917500,2023,The First National Bank Of Groton,212703,29599,0
917555,2023,UBank,561714,56131,0
917630,2023,The First National Bank of Williamson,107865,9306,0
917742,2023,"Associated Bank, National Association",39358786,3243349,20383
917854,2023,First Farmers & Merchants National Bank Luverne,226536,24825,0
918132,2023,"Williamstown Bank, Inc.",210766,21999,0
918150,2023,"First Bank Of Okarche, The",143562,15315,0
918356,2023,Grand Timber Bank,57023,6254,0
918477,2023,Haven Savings Bank,1092301,110291,0
918655,2023,FIRST STATE BANK OF CANDO,70487,7326,0
918776,2023,New Foundation Savings Bank,25850,2776,965
918879,2023,"Logansport Savings Bank, FSB",254999,29255,0
918918,2023,Safra National Bank of New York,9768688,887505,0
918954,2023,ESB FINANCIAL,339162,29256,0
919344,2023,BankOkolona,252978,24507,0
919456,2023,Mid America Bank,349535,36572,432
919568,2023,First Capital Bank,99739,7248,0
919773,2023,"Belmont Savings Bank, Ssb",109668,20117,0
920210,2023,Jim Thorpe Neighborhood Bank,245314,22313,0
920359,2023,BANK OF DIXON COUNTY,121321,14375,0
920733,2023,West Central Bank,241022,22226,0
920854,2023,Pioneer Bank,824512,71366,0
920975,2023,FIRST SENTINEL BANK,362870,33084,0
921039,2023,First American Bank And Trust Company,870953,83841,802
921178,2023,Riverview Bank,1597455,165339,0
921655,2023,COTTONWOOD VALLEY BANK,38813,5168,0
921879,2023,First Federal Savings And Loan Association Of Greensburg,189900,19335,0
921936,2023,Farmers State Bank,62807,5535,0
922157,2023,First Heritage Bank,229275,23813,0
922344,2023,Peoples Bank & Trust,593255,50053,0
922559,2023,United Valley Bank,591971,52890,139
922924,2023,Bank Of York,330534,28548,0
923257,2023,Peoples Bank,86351,11546,0
923350,2023,First National Bank In Frankfort,57433,5883,0
923707,2023,The Lowell Five Cent Savings Bank,1657767,192638,0
923752,2023,Community National Bank & Trust,1942679,171916,0
923855,2023,Community First Bank,114800,13530,0
923949,2023,THE STATE BANK OF PEARL CITY,70006,7586,0
924058,2023,The Jacksboro National Bank,286162,30699,318
924236,2023,FIRST STATE BANK,901338,99752,0
924254,2023,"The Citizens State Bank Of Cheney, Kansas",75271,7803,0
924357,2023,The First National Bank Of Milaca,268606,26610,0
924553,2023,Commercial State Bank,68747,20129,0
924937,2023,Alliance Community Bank,371460,31828,0
925037,2023,"Inb, National Association",1820094,185432,1417
925055,2023,CITIZENS BANK   TRUST CO.,242687,27443,0
925354,2023,CALDWELL BANK AND TRUST CO,223316,19207,0
925411,2023,Sumitomo Mitsui Trust Bank (U.S.A.) Limited,3376883,400449,3701
925653,2023,Bank of Texas,582298,67706,0
926632,2023,FOREST PARK NATIONAL BANK & TRUST CO.,306662,24437,0
926650,2023,State Bank of Scotia,59002,11865,0
926959,2023,Bank Of Coushatta,300671,28126,0
927077,2023,Monroe Savings Bank,101588,14247,0
927134,2023,Solutions Bank,483167,45339,0
927479,2023,Bogota Savings Bank,951277,129264,0
928056,2023,"GNBank, National Association",938981,98393,0
928421,2023,Citizens and Farmers Bank,2312638,232985,14065
928618,2023,AmeriServ Financial Bank,1350198,125278,59
929352,2023,Bell Bank,12493973,1206843,136069
929932,2023,Midsouth Bank,612736,58533,0
929978,2023,"Home Bank, National Association",3221051,321245,98
930358,2023,United Bankers' Bank,1239412,132120,0
930442,2023,BANK OF PONTIAC,987787,87062,0
930853,2023,CLB The Community Bank,269071,26123,0
930965,2023,Manufacturers Bank,4147962,806811,0
931038,2023,Central Bank Illinois,1231629,119625,0
931047,2023,Bank Of Salem,178169,20129,0
931159,2023,First State Bank of Golva,107808,8996,0
931207,2023,"Brown Brothers Harriman Trust Company, N.A.",16995,7503,0
931270,2023,North Cambridge Co-Operative Bank,88912,21853,0
931355,2023,Hodge Bank and Trust Company,81626,15032,0
931458,2023,The First National Bank of Harveyville,16189,1539,0
931944,2023,Keystone Savings Bank,169127,20022,0
932633,2023,Bank Of Gibson City,135977,10925,0
932642,2023,Logan County Bank,103044,18729,0
932745,2023,First Community Bank,435535,38605,0
932978,2023,Firstrust Savings Bank,5175518,526139,15852
933023,2023,Shore United Bank,3476775,335802,4248
933041,2023,Farmers National Bank of Prophetstown,844736,119080,0
933256,2023,Alerus Financial N.A.,3778066,370750,9488
933340,2023,Grant County State Bank,265066,33845,0
933377,2023,Fidelity Co-Operative Bank,1392664,128925,1733
933621,2023,Burke & Herbert Bank & Trust Co.,3563307,411251,0
933966,2023,Citizens Business Bank,16474239,1507346,0
933975,2023,Bank Of Utah,2406732,350977,2522
934271,2023,Cenlar Fsb,1111332,96180,0
934329,2023,"BNY Mellon, National Association",31424000,2177000,0
934673,2023,Cullman Savings Bank,421805,75221,0
935250,2023,Blue Ridge Bank And Trust Co.,745735,68981,0
935308,2023,OneUnited Bank,743590,58686,0
935559,2023,Southern Heritage Bank,369168,38039,507
935577,2023,WCF Financial Bank,159472,21863,0
935719,2023,First National Bank of Dennison,287699,27287,0
936136,2023,Old Second National Bank,5883754,552404,491
936426,2023,S & T Bank,9106184,938377,16
936462,2023,Mechanics Bank,18139330,1479883,0
936583,2023,Think Mutual Bank,2170641,329720,0
936640,2023,Leighton State Bank,240295,25065,270
936837,2023,Goodfield State Bank,193034,22575,0
936855,2023,"Umb Bank, National Association",38279055,3184837,1978
937339,2023,State Bank Of Graymont,304885,32892,0
937553,2023,Bank Of Monticello,141804,15946,0
937740,2023,Port Washington State Bank,954617,80461,209
937759,2023,Citizens State Bank,143644,17455,0
937834,2023,F&M Bank and Trust Company,74905,4527,0
937843,2023,Blissfield State Bank,118929,11624,2739
938354,2023,"The First National Bank of Fairfax, Minnesota",37047,12390,0
938550,2023,Community Bank,112176,9828,0
938859,2023,NewFirst National Bank,882038,98910,0
939070,2023,Eastern Connecticut Savings Bank,270820,18820,230
939249,2023,Fidelity Bank & Trust,1784652,156644,0
940021,2023,The Bank Of Magnolia Company,102565,11119,0
940311,2023,BANCO POPULAR DE PUERTO RICO,56050000,4231000,5000
940674,2023,Hometown Bank,272593,21025,0
940731,2023,Havana National Bank,303671,32761,0
940852,2023,Citizens State Bank Of Lankin,59880,5986,0
941541,2023,Peoples Bank Of Altenburg,72777,7886,0
941804,2023,Bank Of Holland,205591,16255,0
942454,2023,PEOPLES NATIONAL BANK,159479,25267,0
942539,2023,Peoples Bank and Trust Company of Pickett County,228529,26068,465
942847,2023,Bodcaw Bank,221352,19724,0
943143,2023,First Security Bank,81330,9913,0
943152,2023,First State Bank of Fountain,40269,3674,0
943273,2023,The Peoples Savings and Loan Company,93220,8749,0
943675,2023,Mechanics Bank,774703,65662,0
943853,2023,Frost State Bank,52276,7561,0
943974,2023,First Federal Bank,254944,23573,0
944047,2023,The Napoleon State Bank,399944,40787,35
944337,2023,Century Bank & Trust,364969,40392,0
944355,2023,First National Bank,421466,59457,0
944627,2023,CNB BANK INC,582728,45501,220
944739,2023,"The Bank of LaFayette, Georgia",394613,37430,0
944748,2023,Farmers State Bank,77167,10000,0
944935,2023,State Bank Of Industry,56026,8682,0
945026,2023,Commercial Bank & Trust Of Pa,408101,57408,0
945053,2023,RCB Bank,3775612,315295,3255
945071,2023,San Luis Valley Federal Bank,405558,56327,0
945950,2023,Grand Marais State Bank,132260,9571,0
946274,2023,Bedford Federal Savings Bank,180715,20871,140
946555,2023,Llano National Bank,299543,32320,0
947525,2023,MARION CENTER BANK,384898,28569,0
947749,2023,The North Salem State Bank,585259,49879,0
947776,2023,Charles River Bank,307961,23868,0
948036,2023,Farmers-Merchants Bank Of Illinois,335086,34054,191460
948250,2023,Peoples Bank www.peoplesbk.com,258058,25823,0
948278,2023,Wrentham Co-operative Bank,154430,17538,0
948531,2023,Bank of Newington,206924,18303,0
949154,2023,Texas Bank And Trust Company,4142065,424327,0
949453,2023,First Security Bank - Hendricks,39752,5049,0
950141,2023,Mid-Missouri Bank,902427,77351,1790
950178,2023,First Federal Bank Of Kansas City,934570,127808,1735
950356,2023,Security State Bank Of Hibbing,157433,16258,0
950758,2023,Security Bank USA,229337,21205,414
951102,2023,Monson Savings Bank,631830,56491,0
952172,2023,Everett Co-operative Bank,1063625,130421,0
952257,2023,THE STATE BANK OF WYNNEWOOD,102381,15565,0
952677,2023,ESSA Bank & Trust,1921729,198082,0
952846,2023,BANK fka Iowa State Bank,115303,15904,0
953535,2023,Fortress Bank,619628,52450,1561
953843,2023,PONY EXPRESS BANK,347101,29253,0
953852,2023,Ynb,236003,22144,0
954158,2023,FARMERS AND MERCHANTS BANK OF NORTH DAKOTA,119283,11742,0
954251,2023,Citizens Bank of Eldon,203223,22603,0
954279,2023,StonehamBank A Co-Operative Bank,722191,72211,0
954653,2023,CITIZENS STATE BANK OF LULING,70131,11216,0
954671,2023,First Southern Bank,240011,26494,0
955548,2023,SENB Bank,337371,33256,227
955753,2023,River Falls State Bank,127614,14628,0
955940,2023,OBannon Banking Company,255661,24346,0
955959,2023,SECURITY STATE BANK,441288,45238,0
955977,2023,BANK 34,574029,60163,0
956134,2023,Lasalle State Bank,169230,16361,0
956152,2023,Independent Farmers Bank,159262,13417,0
956255,2023,First National Bank of River Falls,327434,33087,0
956358,2023,Security Bank Of The Ozarks,136711,9673,0
956376,2023,"Bank of Easton, A Cooperative Bank",186150,21248,0
956527,2023,INDEPENDENCE BANK,173327,26018,0
956554,2023,The Bank of Grain Valley,114715,22096,0
956750,2023,Rio Bank,820297,77738,0
956938,2023,PriorityOne Bank,987478,94714,1708
956956,2023,Farmers State Bank Of Calhan,375585,34420,0
957757,2023,Community Bank And Trust,405161,33574,0
958204,2023,First County Bank,2081590,196060,0
958231,2023,Community Bank of Easton,42230,9902,0
958558,2023,The Stock Exchange Bank,325815,45941,0
958727,2023,American National Bank & Trust Company,3061152,308690,1061
958763,2023,Normangee State Bank,133692,21912,0
959304,2023,Flushing Bank,8421743,915628,0
959443,2023,CITIZENS DEPOSIT BANK OF ARLINGTON,290216,41308,0
959630,2023,Bank of Lumber City,25862,1490,0
959715,2023,ATLANTIC COMMUNITY BANKERS BANK,785072,127951,0
960047,2023,Bank of Calhoun County,92888,7344,0
960551,2023,Prairie Sun Bank,114539,9109,0
960560,2023,The Oakwood Bank,806597,78952,0
960935,2023,Queensborough National Bank & Trust Co.,1897811,170722,7788
961259,2023,The Citizens Bank,806375,77806,0
961343,2023,The Shelby State Bank,371707,30786,0
961400,2023,ESSEX SAVINGS BANK,528294,49597,0
961446,2023,Bay Port State Bank,142599,11155,0
961576,2023,"El Dorado Savings Bank, F.S.B.",2730489,271901,0
961624,2023,"Dollar Bank, A Federal Savings Bank",11417843,1211059,1348
961811,2023,"First State Bank of the Southeast, Inc.",398189,34522,0
962313,2023,The Citizens Bank,183728,13897,0
962890,2023,Citizens Community Federal N.A.,1815328,203422,0
962966,2023,"SoFi Bank, NA",9123708,1162024,7349456
963002,2023,Bay State Savings Bank,500594,46268,0
963730,2023,Union National Bank,389021,37834,0
963945,2023,Merchants Bank Of Indiana,12354380,1372941,2873749
964157,2023,Valuebank Texas,307066,34214,0
964250,2023,Citizens Bank & Trust,118287,12383,0
965051,2023,First State Bank,86064,9770,0
965789,2023,Susser Bank,1920139,175767,2489
966272,2023,First Fsb Of Mascoutah,167609,16956,0
966722,2023,Kingston National Bank,504958,47402,0
966731,2023,First National Bank,302444,30496,0
966973,2023,West Plains Savings And Loan Association,92179,20212,0
967046,2023,First State Bank Of Middlebury,733792,88455,0
967952,2023,West Plains Bank,127177,19683,0
968070,2023,Capitol Federal Savings Bank,9950802,1087383,0
968155,2023,"First National Bank, Cortez",128086,13103,0
968249,2023,Peoples Bank,447074,35448,0
968744,2023,First Choice Bank,434542,48299,0
969059,2023,First Security Bank - West,70782,8310,0
969255,2023,Guaranty Bank & Trust Co. of Delhi,361928,32304,0
969639,2023,"FNB Bank, Incorporated",253730,24602,0
969844,2023,Guthrie County State Bank,253188,30851,0
969956,2023,ZAVALA COUNTY BANK,83870,10568,0
970055,2023,FIRST BANK ELK RIVER,356859,33662,0
971070,2023,"Dalhart Federal Savings   Loan Association, SSB",210690,15307,0
971379,2023,"Hertford Savings Bank, Ssb",15227,2331,0
971959,2023,Bravera Bank,2398640,217823,1012
972143,2023,Westside State Bank,175807,12483,0
972406,2023,Boston Trust Walden Company,56938,22886,0
972648,2023,PLANTERS BANK & TRUST COMPANY,1896312,193595,0
972732,2023,First National Bank Of Pulaski,1263190,126353,349
972750,2023,Conway Bank,98135,7740,0
972769,2023,GBC International Bank,627723,87245,0
972862,2023,Plains State Bank,818034,112159,0
973252,2023,Swedish-American State Bank,64215,6093,0
974558,2023,First National Bank and Trust Company of Bottineau,158673,19385,0
974754,2023,Community Bank Of Louisiana,805257,68601,0
975153,2023,Unico Bank,457426,38327,0
975256,2023,Delta Bank,525921,48514,0
975452,2023,First National Bank of Gilbert,73321,5508,0
975555,2023,First National Bank - Jasper,310727,40258,0
975751,2023,CIBC National Trust Company,342946,137677,0
975854,2023,GLENWOOD STATE BANK,486051,41848,0
976534,2023,Bank Of Farmington,217551,23093,0
976552,2023,Core Bank,974972,78829,1753
976703,2023,"BESSEMER TRUST COMPANY, N.A.",3244415,262165,0
976954,2023,FARMERS STATE BANK,17558,1902,0
977045,2023,RIVERSIDE BANK,62991,5707,2542
977250,2023,Midwest Independent BankersBank,331815,41806,0
977616,2023,THE NATIONAL BANK OF MALVERN,204601,27760,0
977652,2023,JOHNSON CITY BANK,147598,16720,0
977951,2023,Border Bank,885269,80016,12
978118,2023,First Citizens Community Bank,2329851,203998,725
978622,2023,Mars Bank,514573,39950,0
979133,2023,Flanagan State Bank,274304,26366,5945
979151,2023,Auburn State Bank,249262,35930,0
979357,2023,Kahoka State Bank,63035,5716,0
979375,2023,"Sterling Bank and Trust, F.S.B.",2444260,405803,7725
979629,2023,First National Bank,968038,79076,350
979759,2023,"KARNES COUNTY NATIONAL BANK OF KARNES CITY, THE",492129,52995,0
980438,2023,FIRST STATE BANK OF FORREST,273557,24951,0
980531,2023,JD Bank,1238214,129100,550
980661,2023,First Hawaiian Bank,24576937,1895693,0
980773,2023,Eaton Community Bank,459614,59812,0
980951,2023,Woodlands National Bank,336354,32862,336
980960,2023,Benchmark Bank,1224531,104943,0
981275,2023,Premier Bank,8408012,775907,115251
981350,2023,Dickinson County Bank,18066,1965,0
981453,2023,Farmers State Bank Of Hoffman,33315,4113,0
982142,2023,"Cecilian Bank, The",1401549,141732,0
982348,2023,Iowa State Bank,971627,109312,0
982553,2023,Stockmens Bank,471646,46652,0
983055,2023,First Bank Of Bancroft,29740,4029,0
983158,2023,Grant County State Bank,45155,5443,0
983457,2023,"Armed Forces Bank, National Association",1208483,176636,12027
983550,2023,Home State Bank,203883,21480,0
984258,2023,First National Bank & Trust Company of Ardmore,676116,62289,0
984351,2023,Farmers Bank & Trust,167801,12455,0
984454,2023,Security State Bank of Kenyon,72140,7613,0
984856,2023,"Tipton Latham Bank, National Association, The",153241,18409,0
985451,2023,Exchange Bank and Trust Company,196097,17889,0
985479,2023,Wayne Savings Community Bank,731510,54370,0
986159,2023,First State Bank Of Le Center,108020,11421,0
986551,2023,THE FIRST NATIONAL BANK OF LE CENTER,141757,14496,0
986757,2023,Battle Creek State Bk,41100,4504,0
986935,2023,BANK OF ALAPAHA,224718,21823,0
987231,2023,Community State Bank,321482,29959,0
987259,2023,Sandhills State Bank,341950,29423,0
987576,2023,"The Liberty Savings Association, Fsa",31487,6490,0
987651,2023,Garden Plain State Bank,142467,19563,0
987848,2023,Community State Bank,176381,15859,0
988144,2023,"Clare Bank, National Association",331939,38208,0
988153,2023,The Western State Bank,636480,70865,0
988256,2023,The First National Bank Of Mcintosh,34497,7217,0
988452,2023,First Bethany Bank & Trust,279787,26091,0
989141,2023,Iowa Falls State Bank,151939,16892,0
989347,2023,Cross Bank,380631,40037,0
989534,2023,634,141597,19613,0
989730,2023,Tower Community Bank,364587,32428,422
989758,2023,Bankwest Of Kansas,144832,15530,0
989851,2023,Bank of Maple Plain,98509,12344,0
990053,2023,Security State Bank of Marine,195261,19982,0
990352,2023,United Bank & Trust,847636,86709,0
990642,2023,The First National Bank of Allendale,351995,32999,299
991078,2023,Boonville Federal Savings Bank,62640,5495,0
991135,2023,The State Bank Of Geneva,109133,11731,0
991340,2023,1st Source Bank,8334906,971294,3914
991359,2023,First Missouri Bank Of SEMO,210377,19918,0
991555,2023,"Citizens National Bank, The",213535,22159,0
991621,2023,Citizens Bank and Trust Company,573794,67397,0
991854,2023,PEOPLES STATE BANK,17430,1875,0
992851,2023,STOCK GROWERS BANK,322767,30540,0
993250,2023,First Community Bank,219353,19188,275
994435,2023,United Bank,1189317,125867,0
994770,2023,"Milford Building And Loan Association, Sb",30012,3152,0
995076,2023,Cache Valley Bank,2931809,277392,2019
995272,2023,Hatboro Federal Savings,555565,129975,0
995517,2023,"The Peoples Bank of Kentucky, Inc",434445,45655,0
995571,2023,South Georgia Bank,221965,23764,0
995674,2023,SSB Community Bank,204152,15095,0
995955,2023,Kress National Bank,56392,5346,0
996260,2023,CTBC Bank Corp. (USA),4942746,649420,5571
997155,2023,Baldwin State Bank,99623,9836,0
997557,2023,First State Bank Of Harvey,92832,9520,0
997847,2023,Bank Of Prairie Du Sac,590524,86644,0
998358,2023,Howard State Bank,81928,7184,0
998648,2023,Elkton Bank & Trust Company,188112,21069,0
998657,2023,The Farmers Bank,74983,9129,0
998844,2023,Peoples Bank,842617,91834,136
999355,2023,GARY STATE BANK,18353,2287,0
999935,2023,First Century Bank,563299,49691,0
1000052,2023,Washington County Bank,582850,57658,0
1000276,2023,The Pittsfield Co-operative Bank,392259,50603,0
1000641,2023,Citizens State Bank of New Castle,790697,73066,101
1000856,2023,BAXTER STATE BANK,26329,5133,0
1000959,2023,Eagle Bank,221467,25391,0
1001059,2023,Security Bank And Trust Company,712980,70428,0
1001152,2023,International Bank of Commerce -Laredo,8748621,1310616,2536
1001639,2023,PARKWAY BANK AND TRUST COMPANY,3251543,332778,0
1001648,2023,CARROLLTON BANK,3135836,231043,7486
1001853,2023,CITIZENS BANK,301621,35706,0
1002373,2023,Savers Bank,689291,78688,0
1002458,2023,Sicily Island State Bank,78201,9357,0
1002878,2023,NORTHWEST BANK,14213677,1452962,9913
1002953,2023,American Bank,138690,13986,0
1003455,2023,Astra Bank,453701,32724,310
1003558,2023,Grand Rapids State Bank,267438,24128,0
1003839,2023,M C Bank & Trust Company,382157,77308,0
1003950,2023,The Bank of Orrick,56256,4912,0
1004256,2023,BUTTE STATE BANK,52590,5797,0
1004470,2023,Hometown Bank,1350307,133849,0
1005075,2023,Dearborn Federal Savings Bank,271748,78619,0
1005552,2023,Valley State Bank,187356,21588,0
1005655,2023,Red River State Bank,126441,14870,0
1005851,2023,Cedar Rapids State Bank,105126,7580,3024
1006148,2023,Farmers State Bank,1040259,137053,0
1006157,2023,Farmers State Bank of Hamel,170532,16716,0
1006513,2023,Bank Of The Bluegrass And Trust Co.,330099,36453,0
1006559,2023,Bank Star,185380,14568,0
1006652,2023,Franklin State Bank & Trust Company,216902,19262,0
1007015,2023,Central Bank & Trust Company,3821266,372741,999
1007051,2023,TPNB Bank,105333,14736,0
1007154,2023,Progressive Bank,768894,71563,143
1007417,2023,"First National Bank And Trust Company,The",1262967,118796,0
1007734,2023,Barwick Banking Company,336954,29206,0
1007752,2023,Arcadian Bank,207784,24090,144
1007819,2023,The Fidelity Deposit and Discount Bank,2378265,212604,1637
1007873,2023,Cross County Savings Bank,539043,58972,0
1007930,2023,Iroquois Farmers State Bank,151384,11518,0
1007958,2023,Clarkson Bank,69372,7366,0
1008076,2023,Haddon Savings Bank,376834,37739,0
1008151,2023,Bendena State Bank,103460,8652,0
1008209,2023,NATIONAL IRON BANK,291556,19649,0
1008432,2023,MERCHANTS AND MANUFACTURERS BANK,416733,35295,351
1008450,2023,Community State Bank,43748,3818,0
1008553,2023,Commercial Bank of Mott,124770,14846,0
1008674,2023,Reading Co-Operative Bank,795668,67594,0
1008955,2023,Valley Premier Bank,121392,12981,0
1009242,2023,Btc Bank,1003955,93213,94
1009354,2023,Security Bank of Kansas City,3476957,410216,267
1009756,2023,Guaranty State Bank & Trust Co.,360681,41665,0
1009840,2023,MAYNARD SAVINGS BANK,71803,10789,0
1010015,2023,CITIZENS BANK COMPANY,313555,36558,0
1010574,2023,AMERICAN COMMUNITY BANK OF INDIANA,324668,29271,0
1011432,2023,"MOUNTAIN VALLEY BANK, N. A.",187196,22733,0
1011526,2023,City National Bank of West Virginia,5832156,508585,0
1011553,2023,FIRST BANK OF BELOIT,106248,12364,0
1011638,2023,Primesouth Bank,1116610,105249,0
1011656,2023,"Stearns Bank Of Holdingford, National Association",77475,21876,0
1011852,2023,The Culbertson Bank,14660,2088,0
1011955,2023,First United Bank,676375,63308,0
1012251,2023,First State Bank & Trust Company,602799,80877,0
1012457,2023,Rolette State Bank,45143,4058,0
1012671,2023,NVE Bank,700384,123234,0
1013070,2023,Norwood Cooperative Bank,860247,116259,0
1013650,2023,State Bank Of Bern,110114,18275,0
1013744,2023,PEOPLES SAVINGS BANK,62237,2685,0
1014059,2023,SOUTHWEST BANK OF WEATHERFORD,78556,10728,0
1014125,2023,Bank of Charles Town,754110,78539,0
1014246,2023,Cedar Valley Bank & Trust,111631,8933,0
1014255,2023,State Bank of Jeffers,38526,3893,0
1014376,2023,Citizens Savings Bank,278738,39558,0
1014451,2023,American Exchange Bank,72357,5961,0
1014554,2023,State Bank of Bottineau,95450,8377,0
1014657,2023,New Era Bank,425243,46976,0
1014853,2023,Citizens Bank Of Kansas,477900,42237,173
1015252,2023,Lea County State Bank,561054,54023,307
1015270,2023,Home Bank SB,410444,49519,0
1015458,2023,Global Innovations Bank,53015,3528,0
1015560,2023,"Industrial And Commercial Bank Of China (USA), National Association",2894890,430627,0
1015832,2023,Onesouth Bank,191224,21920,0
1015841,2023,Community Bank & Trust Company,274344,23055,0
1015850,2023,Lake Elmo Bank,530050,46699,0
1016174,2023,Ozarks Federal Savings And Loan Association,229576,40019,0
1016231,2023,Mountain Commerce Bank,1599507,149647,0
1016259,2023,The Bennington State Bank,967774,106639,0
1016558,2023,Generations Bank,46701,4367,0
1016718,2023,JACKSON COUNTY BANK,164445,41327,0
1016848,2023,County Bank,120158,9629,0
1016857,2023,Citizens Bank of Las Cruces,971089,86636,2956
1016941,2023,INTERCITY STATE BANK,259345,50518,814
1017425,2023,The Killbuck Savings Bank Company,812493,68746,0
1017555,2023,First Community Bank,83141,7455,0
1017564,2023,Commercial State Bank,118124,9977,0
1017854,2023,The Farmers State Bank of Blue Mound,51288,8356,0
1017939,2023,United Community Bank,23954627,2255337,13600
1017957,2023,CENTER NATIONAL BANK,276418,25288,0
1018927,2023,1st Security Bank of Washington,2632273,294043,20093
1157415,2023,State Bank of Texas,2054921,285783,0
1158878,2023,Charlotte State Bank & Trust,670405,50702,0
1160509,2023,PREMIER BANK OF THE SOUTH,321531,29359,0
1162017,2023,United Security Bank,1300337,135929,0
1163283,2023,Citizens Bank & Trust Inc.,131130,13497,0
1169650,2023,Amerasia Bank,778489,114069,0
1176881,2023,Beal Bank,6665954,899258,52963
1176920,2023,Community State Bank,87826,6334,0
1186965,2023,Englewood Bank & Trust,593503,44619,0
1187001,2023,InterBank,4075196,392496,0
1187551,2023,Independent Correspondent Bankers' Bank,146469,17557,0
1188772,2023,First Community Bank Of Tennessee,783711,94999,230667
1188987,2023,Peoples Independent Bank,405962,37255,0
1190476,2023,ENTERPRISE BANK & TRUST,13020948,1334030,1228
1191352,2023,Waycross Bank & Trust,220634,24525,0
1211371,2023,Saratoga National Bank And Trust Company,895584,95891,390
1216022,2023,Synchrony Bank,96300000,12174000,0
1216321,2023,Republic First Bank Dba Republic Bank,5972192,326646,7839
1216826,2023,Silvergate Bank,11353376,771154,181846
1218446,2023,Bankers' Bank Of Kansas,169842,32497,0
1222519,2023,First Metro Bank,886967,96897,809
1222948,2023,Prairie State Bank & Trust,843382,92246,436
1225752,2023,Commercial Bank,293261,21247,390
1225761,2023,Wells Fargo National Bank West,17664869,1717224,4224
1225798,2023,PORT RICHMOND SAVINGS,103572,17769,0
1228034,2023,First Bank & Trust Company,824264,110473,0
1293078,2023,Peoples Bank,160983,16561,0
1356768,2023,Enterprise Bank and Trust Company,4438333,431359,0
1369870,2023,FIRST FINANCIAL TRUST NATIONAL ASSOCIATION,13753,9521,0
1386251,2023,Bancfirst,10406351,1011051,6232
1387203,2023,Liberty Bank Minnesota,290367,36826,538
1387605,2023,Northwest Bank,2471026,203511,3191
1391778,2023,Comenity Bank,9120524,1504769,0
1394621,2023,METRO BANK,1014728,139039,334
1394676,2023,AMERICAN EXPRESS NATIONAL BANK,155378079,14819924,4968
1396764,2023,Berkshire Bank,619701,127402,0
1397471,2023,BANK OF LITTLE ROCK,291459,23162,3809
1402384,2023,North Alabama Bank,151645,14769,0
1404481,2023,Bank of the Lowcountry,275716,28764,0
1404883,2023,BURLING BANK,196692,22001,0
1412712,2023,"Community West Bank, National Association",1091378,111474,21033
1414819,2023,HELM BANK USA,1090690,108807,0
1416279,2023,"Prudential Bank And Trust, Fsb",33594,28056,0
1418255,2023,TUSTIN COMMUNITY BANK,77385,11267,0
1429028,2023,Keystone Bank SSB,758627,78600,0
1435092,2023,Texas National Bank,164087,15556,0
1436204,2023,BANK OF MARIN,4148631,403352,0
1440117,2023,Community First Bank,660103,67056,0
1443266,2023,"Bank of America California, National Association",18204000,2291000,0
1444021,2023,"BlackRock Institutional Trust Company, N.A",4417042,683998,0
1445943,2023,"WHITAKER BANK, INC",2018525,240916,197
1447639,2023,Weststar Bank,2790209,278119,0
1456501,2023,"MORGAN STANLEY BANK, N.A.",201363000,20043000,7401000
1458608,2023,Gulf Coast Bank And Trust Company,3069873,262916,13433
1459717,2023,FCB BANKS,2111560,181424,1036
1459735,2023,COUNTY BANK,601767,61934,4489
1459799,2023,First Peoples Bank,278621,27507,0
1462986,2023,Asian Pacific National Bank,57366,10436,0
1469677,2023,"Heritage Bank, Inc.",1580780,124508,0
1470150,2023,First Farmers & Merchants National Bank Fairmont,131978,12343,0
1474309,2023,Community Bank & Trust - Alabama,48131,4735,0
1478231,2023,CORNERSTONE COMMUNITY BANK,255860,24480,0
1479470,2023,Woodlands Bank,610796,54810,0
1481745,2023,Premier Bank Minnesota,634388,61193,777
1492817,2023,FIRST KANSAS BANK,262230,22824,0
1493319,2023,"Gateway Bank, F.S.B.",181369,21279,0
1494482,2023,Sound Banking Company,73314,5635,0
1494914,2023,Shinhan Bank America,1910220,192077,0
1629903,2023,"Associated Trust Company, National Association",74965,42353,0
1718188,2023,Northrim Bank,2656653,198033,27538
1718469,2023,Colorado Federal Savings Bank,2028684,253303,37156
1820979,2023,"The Trust Comany of Toledo, N.A.",4616,3886,0
1836701,2023,ENTERPRISE BANK,435481,52337,1599
1842065,2023,CIBC Bank USA,50933929,5666888,8724
1852569,2023,"Anz Guam, Inc.",150100,39334,0
1863097,2023,Ledyard National Bank,742176,81510,0
1864197,2023,OAK VALLEY COMMUNITY BANK,1968293,153579,0
1867983,2023,Citizens First Bank,3828547,438805,10243
1872941,2023,Arbor Bank,531826,55539,1252
1872996,2023,Monona Bank,1241838,85201,0
1879016,2023,Today's Bank,301149,30328,0
1883321,2023,"First American Trust, FSB",6685012,613146,0
1885932,2023,Crescent Bank,1413286,177710,0
1890525,2023,Unity Bank,2431532,237124,27928
1892154,2023,First National Bank of Coffee County,429399,37061,0
1893049,2023,"Charles Schwab Premier Bank, SSB",31498000,2470000,0
1917301,2023,"Lake Forest Bank & Trust Company, N.A.",7602722,689320,0
1918344,2023,Preferred Bank,6425969,656658,0
1929247,2023,"SouthState Bank, National Association",43900126,4074045,28968
1940747,2023,"Desjardins Bank, National Association",352386,46135,0
1945247,2023,United Bank of Philadelphia,59416,5683,16546
2002222,2023,Citizens Community Bank,344606,39490,0
2006024,2023,International Bank of Chicago,963828,102495,0
2007991,2023,CITIZENS COMMUNITY BANK,483180,51554,125
2009605,2023,STARION BANK,1801604,184498,314
2010722,2023,Village Bank,407691,33805,147
2037185,2023,First Community Bank of East Tennessee,206677,21975,0
2044811,2023,"Wheaton Bank & Trust Co., N.A.",3032940,269366,0
2044820,2023,Community Bank of Elmhurst,191932,17464,0
2051127,2023,AMERICAN NATIONAL BANK-FOX CITIES,352586,49334,0
2059990,2023,Priority Bank,90642,9943,9869
2068107,2023,Capital Community Bank,649242,100413,7828
2078290,2023,Columbia State Bank,20258988,1892755,76843
2107181,2023,Fds Bank,136536,37308,792
2107341,2023,First Community Bank Of The Ozarks,151982,13247,0
2119773,2023,"Hinsdale Bank & Trust Company, N.A.",4550164,416762,0
2121196,2023,"TD Bank USA, NA",35996617,3677362,0
2122997,2023,CREDIT FIRST NATIONAL ASSOCIATION,38012,35505,0
2123930,2023,The Bank Of Milan,98180,7732,0
2132594,2023,Catskill Hudson Bank,576539,43576,0
2132941,2023,The National Bank of Indianapolis,3514345,242428,0
2140348,2023,"Allied First Bank, SB",389402,50099,1454
2142155,2023,Quad City Bank And Trust Company,2304453,248978,0
2163477,2023,"Raymond James Trust, NA",61369,53452,0
2164111,2023,Wisconsin River Bank,172313,21435,0
2182786,2023,"Goldman Sachs Bank, USA",485553000,46845000,9952000
2193616,2023,Raymond James Bank,42076662,3188667,90311
2209553,2023,Heritage Bank of Commerce,5152676,492725,2456
2218443,2023,Frontier Bank,317842,28886,0
2232757,2023,Charlevoix State Bank,277065,24313,687
2233875,2023,"Natbank, National Association",210929,33588,0
2236821,2023,"Patriot Bank, National Association",1044183,100267,5211
2239288,2023,"Wintrust Bank, N.A.",9659979,1004271,0
2262718,2023,"Synovus Trust Company, National Association",137385,105256,0
2265456,2023,"Wilmington Trust, National Association",691947,585968,0
2297998,2023,EVERTRUST BANK,839512,185586,0
2298995,2023,"Village Bank & Trust, N.A.",2764711,238246,0
2304636,2023,Community Bank,164890,16232,584
2305969,2023,Tnbank,286432,27815,0
2316714,2023,TIME BANK,482468,66836,0
2317672,2023,First American State Bank,259382,26227,0
2325882,2023,"Deutsche Bank Trust Company, National Association",151525,134169,0
2328137,2023,First Community Bank,1672295,145578,1779
2328285,2023,"Private Trust Company, National Association, The",23285,19591,0
2329200,2023,Bay Bank,212280,21983,0
2332910,2023,First Commercial Bank (USA),852776,158000,0
2333140,2023,Neighborhood National Bank,113791,14370,1151
2337335,2023,"Umb Bank & Trust, National Association",3043,3043,0
2339599,2023,Capitol Bank,551829,59630,0
2339795,2023,"Libertyville Bank & Trust Company, N.A.",2437042,225766,0
2343167,2023,PAN AMERICAN BANK & TRUST,460689,39243,0
2344753,2023,Thomasville National Bank,1537741,127798,339
2353595,2023,First Community Bank,3112618,264185,0
2354323,2023,Greater Community Bank,301544,34896,0
2354387,2023,Quantum National Bank,663593,70145,0
2354985,2023,Customers Bank,20879065,1708598,328312
2356091,2023,"First United Bank And Trust Company, Inc.",514809,46987,283
2358769,2023,BNC National Bank,942438,108436,37764
2362458,2023,"Wells Fargo Bank South Central, National Association",5769427,741613,93571
2371816,2023,West Pointe Bank,338539,59196,0
2372774,2023,Summit Community Bank Inc.,3890541,405430,0
2385514,2023,The First Bank,6463617,701099,4443
2390929,2023,Bank of Ann Arbor,3016741,299987,2083
2391588,2023,ONB Bank,186877,20968,744
2396592,2023,Peoples Bank of Seneca,384036,33846,0
2396604,2023,The Bank of Star Valley,376176,37669,0
2398701,2023,"Modern Bank, National Association",787974,82007,0
2434113,2023,Bank Rhode Island,3166822,244422,0
2451240,2023,Pacific Coast Bankers Bank,1332441,135776,0
2465881,2023,PLATTE VALLEY BANK - SCB,1020038,91604,307
2467670,2023,Applied Bank,234875,43765,0
2471239,2023,CFG Community Bank,4255659,396072,48752
2482824,2023,GREAT PLAINS NATIONAL BANK,1458130,124309,8382
2483120,2023,SURREY BANK & TRUST,506960,57375,0
2483438,2023,Community Bank Of The Bay,975709,191272,0
2489805,2023,"MORGAN STANLEY PRIVATE BANK, N.A.",209664000,15546000,4000
2490285,2023,FIRST NATIONAL BANK,98422,9414,0
2497181,2023,PLANTERS BANK INC.,1587159,187311,695
2502656,2023,USAA Savings Bank,2349497,654702,0
2502825,2023,Dsrm National Bank,4106,3439,0
2505424,2023,Wolf River Community Bank,289499,32980,0
2505451,2023,The Citizens Bank of Georgia,506951,47005,0
2505460,2023,The Bank,408086,42624,0
2508751,2023,"Barrington Bank & Trust Company, N.A.",3765608,373830,299939
2512347,2023,CITIZENS COMMERCE BANK,336115,36036,300
2515320,2023,Fortis Private Bank,1296197,104624,0
2529176,2023,Security National Bank of South Dakota,233294,29569,0
2531562,2023,1st Equity Bank,134612,22999,0
2531991,2023,"Wells Fargo Delaware Trust Company, National Association",233670,233007,0
2533043,2023,AMERICAN METRO BANK,81947,10745,0
2533119,2023,NorthSide Community Bank,256364,51182,0
2536633,2023,Hiawatha Bank & Trust Company,146254,15571,0
2539960,2023,Premier Bank,554781,68557,0
2562137,2023,NORTHSTAR BANK,221594,22925,79
2562164,2023,Coastal Community Bank,3141703,267699,0
2567123,2023,"U.S. Bank Trust Company, National Association",1493108,805280,0
2568063,2023,First Command Bank,1092763,83384,0
2576134,2023,WebBank,1961456,280951,602675
2577739,2023,"Bank Of Jackson, The",250523,21771,141
2580243,2023,American Bank,926473,87409,0
2587916,2023,Marine Bank & Trust Company,636370,50441,0
2594240,2023,Encore Bank,3552312,318832,1558
2594419,2023,Edison National Bank,513567,36724,0
2596646,2023,FIRST COMMUNITY BANK,2427913,214096,2648
2597223,2023,"Legacy Trust Company, National Association",33558,28079,0
2597232,2023,"Hightower Trust Company, N.A.",18464,15176,0
2598396,2023,Prairie Community Bank,164930,13396,0
2600039,2023,"Computershare Trust Company, National Association",1176504,319924,0
2602828,2023,STATE BANK,52959,7599,0
2605566,2023,Eaglemark Savings Bank,422101,75488,9854
2607412,2023,Spring Valley Bank,81949,33296,0
2608754,2023,Mercantile Bank,4853001,576306,3565
2610784,2023,Key Community Bank,95359,7949,0
2614344,2023,Peoples Bank Of East Tennessee,369605,37998,0
2615190,2023,Merrick Bank Corporation,5904023,1250612,1347
2615220,2023,Community First Banking Company,258240,28234,0
2618780,2023,Texas Capital Bank,28398434,3568178,36357
2619714,2023,Alliance Bank,351364,44319,0
2621285,2023,Millennial Bank,131664,11936,0
2621940,2023,The Community Bank,161934,17538,0
2624400,2023,"Crystal Lake Bank & Trust, N.A.",1531794,145514,0
2625724,2023,Southwestern National Bank,972145,117191,8522
2631172,2023,State Bank Financial,450014,42249,0
2631846,2023,North American Banking Company,1222521,89495,0
2634191,2023,Glacier Bank,26612483,2359412,12314
2634351,2023,Macatawa Bank,2906669,270274,215
2641827,2023,New Covenant Trust Company,7278,6677,0
2642598,2023,Community First Bank,609770,56674,3267
2643595,2023,Pacific Crest Savings Bank,279061,32753,0
2649122,2023,New Mexico Bank & Trust,2686283,223602,0
2649177,2023,The Pitney Bowes Bank Inc.,789920,80592,0
2651899,2023,Cedar Hill National Bank,14574,10941,0
2652092,2023,Eaglebank,11097748,1341347,6734
2654911,2023,Principal Bank,8389661,629843,9619
2661861,2023,People's Bank Of Commerce,804494,100326,628
2666400,2023,INDEPENDENT BANK,1312940,148323,1175
2667920,2023,U.S. Bank Trust National Association SD,134668,133353,0
2667939,2023,FARMERS & MERCHANTS BANK OF COLBY,376504,51545,0
2667957,2023,Nebraskaland Bank,934997,90049,0
2668598,2023,Portage Community Bank,476242,50417,279
2684552,2023,American Bank of Oklahoma,353552,37143,2143
2686211,2023,Crown Bank,548324,131275,0
2687133,2023,Premier Bank,378266,34239,0
2687487,2023,"TCM Bank, N.A.",332493,61733,0
2693264,2023,"Town Bank, N.A.",3554665,297499,0
2694681,2023,American First National Bank,2489041,288935,0
2694944,2023,Alliance Bank,170912,15687,0
2696180,2023,First Community Bank Of Hillsboro,145201,13523,0
2697963,2023,"City First Bank, N.A.",1183734,181304,0
2700984,2023,Wex Bank,5302687,546218,0
2702764,2023,Community Bank of Oelwein,102776,12911,0
2705112,2023,Charter Bank,206408,22711,172
2705895,2023,Metropolitan Commercial Bank,6265921,628823,0
2708122,2023,Virginia National Bank,1621725,168539,0
2713920,2023,"Stifel Trust Company, National Association",851810,75375,0
2716088,2023,RESOURCE BANK,954107,105388,0
2716828,2023,Premier Bank of Arkansas,242130,27014,0
2718596,2023,First Trust Bank Of Illinois,362955,35316,0
2719810,2023,The Chicago Trust Company,120225,117142,0
2723376,2023,ClearPoint Federal Bank   Trust,109892,19547,0
2724766,2023,Community Bank Of Memphis,52948,6657,0
2726050,2023,First Central Bank McCook,149509,14099,0
2728661,2023,GrandSouth Bank,1196164,141664,0
2729677,2023,"Nationwide Trust Company, FSB",151480,30463,0
2730431,2023,Enterprise Bank,375051,34044,0
2732565,2023,PEOPLES SAVINGS BANK,494712,48778,0
2733263,2023,"American Bank and Trust Company, N.A.",495574,43040,884
2734729,2023,AMERICAN BUSINESS BANK,3840762,335626,0
2735137,2023,Freedom Financial Bank,234670,21590,0
2735146,2023,"TIAA, FSB",39416491,3442229,5261763
2736219,2023,"Transportation Alliance Bank, Inc. Dba Tab Bank",1170585,140572,34809
2736291,2023,Popular Bank,11556290,1395273,0
2736451,2023,"New Peoples Bank, Inc.",775153,86301,0
2736714,2023,Mission Bank,1492501,158587,0
2737980,2023,Northpointe Bank,4401730,449919,790964
2743244,2023,Red River Bank,3082034,324239,518
2745426,2023,Legends Bank,826846,72691,2249
2745529,2023,Thrivent Trust Co.,13490,11074,0
2746245,2023,Commerce Bank,152983,18196,0
2746263,2023,FirstCapital Bank of Texas,2160944,226905,0
2747279,2023,Settlers Bank,137992,18537,0
2747466,2023,Exchange Bank Of Northeast Missouri,214433,20841,0
2747587,2023,NBKC Bank,1052701,183575,56874
2748502,2023,Synergy Bank,811027,85623,0
2749059,2023,Boundary Waters Bank,105252,10099,0
2753917,2023,Idaho Trust  Bank,185315,18254,0
2754222,2023,New Republic Bank,136875,19253,0
2756730,2023,Commercial Capital Bank,263221,25493,0
2756909,2023,"Connecticut Community Bank, N.A.",584582,57350,0
2757205,2023,"MVB Bank, Inc.",3029565,307936,23126
2758613,2023,First Internet Bank Of Indiana,4534480,466256,21511
2759629,2023,FIRST NATIONAL BANK OF HEREFORD,232703,24175,0
2760232,2023,Village Bank,723014,81612,2268
2764212,2023,Parke Bank,1984512,308155,0
2769570,2023,Petit Jean State Bank,233736,34615,0
2769954,2023,North Georgia National Bank,210323,18440,0
2771694,2023,BayFirst National Bank,938661,99270,449
2774707,2023,ITS BANK,9572,9099,0
2775151,2023,A B & T,256601,24860,0
2775179,2023,Community First Bank,646301,58653,0
2775692,2023,"Community Bank of Wichita, Inc.",109902,9012,0
2785477,2023,Asian Bank,451784,108076,0
2785646,2023,Old Missouri Bank,1188472,102579,0
2787770,2023,Bank Of The James,918549,83907,2423
2788656,2023,"Lone Star Capital Bank, National Association",477356,48344,0
2791085,2023,Sunstate Bank,466339,52743,0
2791517,2023,STATE BANK,352016,35708,0
2793593,2023,Southern Bank Of Tennessee,372312,43972,470
2794732,2023,OPTUS BANK,405324,64930,0
2796277,2023,The Philadelphia Trust Company,23822,16617,0
2797162,2023,Sauk Valley Bank & Trust Company,619074,53478,434
2797210,2023,"Old Point Trust & Financial Services, N.A.",7048,6219,0
2797359,2023,FIRST CENTRAL SAVINGS BANK,903989,81651,3052
2797724,2023,TowneBank,15845722,1544336,102339
2800491,2023,Heartland National Bank,738123,54839,110
2805535,2023,FIRST SECURE COMMUNITY BANK,502227,43175,0
2805928,2023,MADISON COUNTY COMMUNITY BANK,179410,15212,0
2806635,2023,Yampa Valley Bank,582302,47496,0
2806840,2023,Wyoming Community Bank,219946,21058,0
2806877,2023,The Federal Savings Bank,780976,154515,193301
2807173,2023,Currency Bank,132970,22941,0
2808602,2023,"Capital Bank, NA",2069955,199847,7416
2809373,2023,National Advisors Trust Company,20738,15966,0
2811086,2023,Preferred Bank,62761,5838,0
2815879,2023,GREAT AMERICAN BANK,378436,37890,405
2819167,2023,Farm Bureau Bank FSB,1068094,108991,0
2819242,2023,The Murray Bank,433272,39605,0
2820604,2023,Millennium Bank,501086,50263,0
2823221,2023,GEORGIA COMMUNITY BANK,402224,45061,0
2826017,2023,"The Glenmede Trust Company, N.A.",131567,50383,0
2833882,2023,New Millennium Bank,774320,61078,3250
2834759,2023,Evergreen Bank Group,1421875,154938,0
2835103,2023,Freedom Bank Of Southern Missouri,574033,54355,0
2836306,2023,Buckeye Community Bank,211140,27466,0
2838207,2023,Seattle Bank,780659,97940,0
2839053,2023,Old Mission Bank,126404,15313,0
2839790,2023,First Reliance Bank,934534,95319,7940
2845755,2023,Flagler Bank,482522,52581,0
2845782,2023,"Bessemer Trust Company of California, N.A.",14656,14651,0
2847085,2023,Southern Illinois Bank,146078,19548,0
2847142,2023,Cogent Bank,1476523,124288,0
2849285,2023,BankVista,465755,50622,0
2849463,2023,First Capital Bank,566692,55238,0
2849801,2023,Southern First Bank,3694134,330108,3917
2850722,2023,BMW Bank of North America,11886358,1806240,0
2850768,2023,CORNERSTONE BANK,295793,24259,0
2855866,2023,Four Corners Community Bank,477336,54468,0
2857600,2023,OAK BANK,462519,45914,0
2858492,2023,Freedom Bank,555103,60733,0
2858960,2023,The Bancorp Bank,7897432,804406,0
2860039,2023,Community Bank Of The South,277045,21736,0
2860271,2023,Crown Bank,365645,32735,0
2860459,2023,"Auto Club Trust, Fsb",528198,50554,199
2861317,2023,Branson Bank,323353,28526,0
2867337,2023,Five Star Bank,3224069,327787,9416
2869162,2023,American Community Bank & Trust,916141,99859,0
2871099,2023,Tristar Bank,439557,43340,0
2871558,2023,AMERICAN COMMUNITY BANK,261900,33492,0
2873598,2023,Cypress Bank & Trust,132351,14511,0
2877345,2023,InsBank,749305,86353,0
2877484,2023,ALAMERICA BANK,15784,3791,0
2877831,2023,Bank of Brookhaven,216751,22969,0
2877840,2023,First Ic Bank,1028049,116631,19155
2880019,2023,Finwise Bank,396974,91674,23589
2881445,2023,"The Massmutual Trust Company, Fsb",87733,28500,0
2882983,2023,Citizens First Bank,303394,25940,0
2883971,2023,Western Heritage Bank,324032,34716,0
2887399,2023,CenterBank,290619,34111,555
2889227,2023,Alpine Capital Bank,263803,60866,0
2891622,2023,"Cornerstone Capital Bank, SSB",1991593,287722,624450
2897633,2023,HOMETOWN BANK OF CORBIN,275269,24105,0
2901558,2023,Champion Bank,63191,16778,0
2903123,2023,Bank of Oak Ridge,584845,64363,0
2905761,2023,Twin City Bank,74568,6976,0
2907019,2023,COMMUNITY FIRST NATIONAL BANK,303261,36090,2700
2907439,2023,Liberty Bank N.A.,552488,73241,0
2909330,2023,AIG Federal Savings Bank,41858,40376,0
2912750,2023,Security National Trust Company,5913,5862,0
2913702,2023,Bank of Franklin County,370781,30707,226
2914268,2023,Fidelity Personal Trust Company,65008,60620,0
2914727,2023,UNITED NATIONAL BANK,306407,38721,0
2915461,2023,North State Bank,1303891,103742,4797
2916534,2023,"M.Y. Safra Bank, FSB",354791,42852,6544
2916963,2023,U.S. Bank Trust National Association,719653,692151,0
2917184,2023,NEW FRONTIER BANK,136092,13484,0
2917317,2023,Axos Bank,17893084,1747254,4748
2919423,2023,"Canyon Community Bank, National Association",197648,24654,0
2919898,2023,American Bank & Trust Company Inc.,661211,67674,0
2920287,2023,"Century Bank of Kentucky, Inc.",174862,17014,0
2920773,2023,1st Colonial Community Bank,781503,74818,6710
2921211,2023,Century Bank Of Georgia,348315,29338,0
2921622,2023,"Citizens Bank Of Cumberland County, Inc.",89545,10605,0
2921659,2023,Capital Bank And Trust Company,127407,73696,0
2925620,2023,"Chino Commercial Bank, National Association",399524,41356,0
2925666,2023,Pinnacle Bank,41842515,4015550,63330
2929392,2023,Cornerstone National Bank & Trust Company,988598,91002,550
2938198,2023,"Northbrook Bank and Trust, N.A.",4316352,383691,0
2938769,2023,OXFORD UNIVERSITY BANK,217009,27803,0
2939001,2023,Century Bank of Florida,95338,8895,0
2939391,2023,Peoples Bank,203697,29902,0
2941068,2023,Nicolet National Bank,8748360,764090,1482
2942690,2023,SIGNATURE BANK,110363650,10059026,586452
2943615,2023,Community Bank of Pickens County,526405,58629,0
2947556,2023,First Electronic Bank,190809,53825,68097
2948058,2023,First Commercial Bank,869275,69163,2107
2948423,2023,THE BANK OF CLOVIS,293789,30869,0
2949970,2023,United Trust Bank,131848,12167,8489
2953418,2023,OptimumBank,583694,66291,0
2954059,2023,Bcb Community Bank,3545894,327806,658
2954497,2023,WILLAMETTE VALLEY BANK,401943,73857,23600
2958972,2023,Northstar Bank,911313,78907,64
2960555,2023,American Heritage Bank,122432,13306,0
2960788,2023,"Wheaton College Trust Company, National Association",3721,3574,0
2963266,2023,First Carolina Bank,2112345,310281,0
2963275,2023,Mission Bank,204365,12777,0
2963864,2023,TRADITIONS FIRST BANK,254627,25685,0
2967796,2023,PEOPLES BANK OF MIDDLE TENNESSEE,177112,22635,0
2970657,2023,"Schaumburg Bank & Trust Company, N.A.",1776640,160061,0
2973041,2023,First Community Trust National Association,13835,12435,0
2973386,2023,SEI Private Trust Company,208316,199278,0
2980209,2023,Barclays Bank Delaware,37462000,4691000,306000
2986407,2023,"Westfield Bank, FSB",2032759,208727,0
2989006,2023,Guardian Bank,537854,56433,0
2992547,2023,"John Deere Financial, F.S.B.",3060083,637038,0
2997216,2023,COMMUNITY BANK OF SANTA MARIA,398594,37516,0
2997748,2023,"First Century Bank, National Association",714519,73835,0
2998576,2023,Celtic Bank,2136835,423613,130512
3005097,2023,COMMUNITY BANK OF MISSOURI,83217,9553,427
3010363,2023,bankcda,245975,26915,0
3015939,2023,AMG National Trust  Bank,753516,78024,0
3016347,2023,Georgia Banking Company,1510194,142281,223222
3017081,2023,Northwestern Mutual Wealth Management Company,380554,271736,0
3019982,2023,THE FREEDOM BANK OF VIRGINIA,985123,111302,5064
3020447,2023,Farmers Bank,299405,36377,0
3022610,2023,Flatirons Bank,323727,26349,0
3025929,2023,GOGEBIC RANGE BANK,153523,14649,0
3027763,2023,Cornerstone Bank,398740,35917,0
3029253,2023,Everence Trust Company,13111,9320,0
3029589,2023,Cedar Rapids Bank And Trust Company,2170814,282258,180
3032833,2023,Cheyenne State Bank,46427,6752,0
3034257,2023,First Community Bank of Central Alabama,563965,46205,0
3034695,2023,MAIN STREET BANK CORP.,604276,57104,0
3039636,2023,Mission Valley Bank,552682,57256,0
3040418,2023,Community Federal Savings Bank,593983,48127,0
3041358,2023,First Commerce Bank,128250,12502,0
3042234,2023,Bank of Brenham N.A.,644903,78435,0
3045383,2023,"Vanguard National Trust Company, National Association",110769,73603,0
3047659,2023,Dogwood State Bank,1118256,133475,11545
3048487,2023,1st Bank Yuma,555631,51938,0
3049635,2023,Douglas National Bank,248781,27285,0
3049729,2023,PLUS INTERNATIONAL BANK,62150,11962,0
3052813,2023,Commercewest Bank,1436616,124284,0
3066025,2023,"The Goldman Sachs Trust Company, National Association",103987,79926,0
3067929,2023,Town & Country Bank,233517,27295,0
3068579,2023,Embassy Bank for the Lehigh Valley,1640563,139175,0
3070545,2023,"United Community Bank Of West Kentucky, Inc.",454222,48470,0
3075474,2023,First Chatham Bank,589930,55738,4631
3076220,2023,Stifel Bank,7206882,468437,0
3076248,2023,Stifel Bank & Trust,21228609,1620995,156912
3076453,2023,"Bank of Southern California, NA",2282934,242380,9027
3076604,2023,"SIGNATURE BANK, NATIONAL ASSOCIATION",1209386,139018,0
3089752,2023,"Securian Trust Company, N.A.",14990,13727,0
3090833,2023,Drake Bank,205907,18988,0
3102893,2023,Washington Business Bank,95133,14179,0
3103591,2023,UNITED BANK & TRUST CO,129859,11677,0
3109043,2023,Bankwell Bank,3249463,294926,0
3109146,2023,"Leader Bank, National Association",3907360,495550,62118
3110197,2023,SouthEast Bank,2303736,217846,0
3116519,2023,American Eagle Bank,395211,36484,0
3120646,2023,Patriot Bank,474952,42268,6621
3120897,2023,Heritage Bank,89067,10250,0
3122994,2023,Sanibel Captiva Community Bank,732028,50777,443
3125315,2023,HIGHLANDS COMMUNITY BANK,200561,22900,0
3125557,2023,Oregon Coast Bank,404874,40651,0
3128923,2023,BANK OF LINCOLN COUNTY,183267,23852,0
3131400,2023,"Commerce Bank of Arizona, Inc",370251,37877,0
3134399,2023,PrimeBank of Texas,165113,23101,0
3134698,2023,Bank of Commerce,336887,38142,196
3138146,2023,Western Alliance Bank,67683841,5736977,1707928
3139321,2023,Community Bank Owatonna,85343,6911,0
3140822,2023,Liberty National Bank,554328,43424,131
3141726,2023,"Forcht Bank, National Association",1501392,131683,414
3145797,2023,Traditions Bank,776801,68430,10631
3146150,2023,U.S. CENTURY BANK,2085834,198910,0
3148613,2023,Commerce Bank & Trust,151773,15207,0
3150205,2023,Worthington Bank,508889,44207,0
3150447,2023,"Charles Schwab Bank, SSB",348731000,27296000,0
3153233,2023,Metropolitan Capital Bank and Trust,230713,25236,0
3153297,2023,FIRST COMMERCE BANK,572425,52824,0
3158546,2023,First Western Trust Bank,2863212,234738,10798
3160978,2023,Integrity Bank & Trust,323221,28220,0
3165357,2023,Community First Bank of Indiana,640011,56734,60997
3166699,2023,Tolleson Private Bank,918760,76468,0
3174920,2023,Citizens Bank & Trust,989626,92986,162
3180136,2023,Independence Bank,42094,21915,0
3184228,2023,Falcon National Bank,868853,80270,0
3185579,2023,Clarion County Community Bank,212915,20108,0
3185896,2023,TRINITY BANK N.A,445281,48871,0
3187630,2023,Forbright Bank,6506460,670853,610204
3189063,2023,COMMERCIAL BANK OF CALIFORNIA,2129693,177071,0
3194692,2023,Traditions Bank,653640,59427,0
3199811,2023,Heritage Bank Of The Ozarks,280849,23404,0
3202702,2023,Optum Bank,15675667,2094034,0
3212149,2023,UBS BANK USA,120987397,10379049,0
3212402,2023,PCB Bank,2419997,338891,22811
3213333,2023,COMMUNITY BANK OF GEORGIA,170835,17378,0
3213735,2023,First Financial Trust & Asset Management Co NA,48576,50224,0
3214059,2023,Avidbank,2132295,210683,0
3216017,2023,"Beverly Bank and Trust Co, N.A.",2119862,206714,0
3216316,2023,American Continental Bank,339087,45519,0
3217331,2023,The Hometown Bank of Alabama,539856,64345,0
3217957,2023,Mainstreet Community Bank Of Florida,747614,74147,808
3219269,2023,Members Trust Company,42132,35088,0
3220863,2023,Continental Bank,174700,32265,0
3221468,2023,Veritex Community Bank,12148275,1291288,20641
3223305,2023,1st State Bank,479080,42299,350
3223408,2023,Homeland Community Bank,229717,15957,187
3223417,2023,Gateway Bank,265816,24789,0
3224302,2023,First Southwest Bank,517001,98241,0
3224375,2023,Golden State Bank,648742,63956,0
3224478,2023,HERITAGE COMMUNITY BANK,152834,14427,0
3224580,2023,Comenity Capital Bank,14890468,2102545,48
3228908,2023,Medallion Bank,1954652,310837,571
3229642,2023,American Investors Bank And Mortgage,117575,11577,1500
3229875,2023,First National Trust Company,38364,26367,0
3232204,2023,POPPY BANK,5315215,520641,0
3232370,2023,First National Bank of Decatur County,312617,26992,0
3235410,2023,Santa Cruz County Bank,1744487,186071,45263
3243282,2023,Summit Bank,965156,104419,0
3247589,2023,Redwood Capital Bank,525072,57253,0
3248849,2023,Mainstreet Bank,1924469,272458,0
3253834,2023,Lakeview Bank,146357,13611,0
3254297,2023,Bank Of Walker County,94754,8891,0
3262788,2023,Cedarstone Bank,269252,27629,0
3267738,2023,Valliance Bank,560988,58153,0
3268173,2023,EMIGRANT MERCANTILE BANK,3377,2866,0
3268249,2023,Greene County Commercial Bank,1120128,102602,0
3270046,2023,VISIONBank,252801,23686,360
3271799,2023,Meridian Bank,2062088,195035,22243
3271986,2023,Timberline Bank,714840,56208,0
3272956,2023,"American Commerce Bank, National Association",484526,58759,0
3274709,2023,Coastal States Bank,1833451,159486,44500
3276543,2023,Alliance Bank & Trust Company,243047,20368,0
3277241,2023,Empire State Bank,588006,56472,0
3280625,2023,Providence Bank & Trust,1544134,148516,0
3281510,2023,United Business Bank,2495514,336667,2380
3282012,2023,PEOPLESTRUST BANK,156387,16117,0
3282692,2023,First Sound Bank,171623,14859,0
3284070,2023,Ally Bank,181890000,17011000,654000
3284397,2023,Beal Bank USA,25971989,3371830,57624
3284445,2023,"T Bank, National Association",603408,76767,33902
3284490,2023,Sterling Bank,1357568,160372,0
3285246,2023,FIRST STATE BANK,57843,6638,0
3285778,2023,Nantahala Bank & Trust Company,261320,16561,0
3286999,2023,Bank Of Grand Lake,233881,18736,0
3287660,2023,Toyota Financial Savings Bank,6590970,911042,0
3288452,2023,Paragon Bank,653830,54104,486
3290240,2023,Truxton Trust Company,913725,91758,0
3293540,2023,Pacific Valley Bank,559029,64225,0
3296859,2023,One World Bank,147775,32100,0
3297490,2023,Texas Brand Bank,316739,39121,0
3303298,2023,"Citizens Bank, National Association",226401591,20669014,873963
3303944,2023,Pacific West Bank,281866,36300,0
3303953,2023,Pioneer Commercial Bank,453148,42538,0
3306280,2023,Legacy National Bank,916023,83987,848
3306598,2023,United Citizens Bank of Southern Kentucky,224606,26003,0
3308529,2023,Bank Of Bozeman,109371,9708,0
3308574,2023,Paramount Bank,94527,7369,4636
3309393,2023,"1st Trust Bank, Inc.",247777,26969,0
3309571,2023,Prime Alliance Bank,628293,74177,0
3310287,2023,"Bessemer Trust Company of Delaware, N.A.",29626,25634,0
3314043,2023,First Resource Bank,484660,43770,2287
3314119,2023,Freedom Bank,141945,13732,0
3316739,2023,Southern Trust Bank,245708,22473,0
3317192,2023,1St Advantage Bank,151388,14903,0
3317932,2023,ConnectOne Bank,9640575,996013,13772
3320576,2023,EH NATIONAL BANK,333816,32441,0
3320781,2023,Two Rivers Bank & Trust,956239,101156,0
3322468,2023,Verus Bank Of Commerce,209543,34154,0
3325759,2023,Primis Bank,3564481,378659,27626
3337097,2023,Commonwealth Business Bank,1812448,207010,230431
3340725,2023,Quontic Bank,632715,69839,441557
3340903,2023,Legacy State Bank,151320,17645,0
3341393,2023,Flint Community Bank,317478,25893,0
3342671,2023,Anchor Bank,300187,24216,0
3343146,2023,Sumner Bank & Trust,223956,22381,0
3344321,2023,Tradition Capital Bank,2105040,185525,0
3346268,2023,SAVIBANK,512247,43533,1523
3346633,2023,Eagle Bank,119574,10613,182
3347603,2023,"Eclipse Bank, Inc.",412577,46351,0
3347911,2023,Austin Capital Bank SSB,328171,31040,520
3348468,2023,PEACH STATE BANK & TRUST,602983,60802,0
3348888,2023,Servisfirst Bank,14594770,1386197,1607
3349241,2023,First Resource Bank,516679,41058,0
3350658,2023,First Vision Bank of Tennessee,382987,39580,620
3350724,2023,Signature Bank Of Arkansas,982396,107829,0
3353154,2023,BMO Harris Central National Association,8114,7070,0
3354599,2023,St. Louis Bank,824225,70292,0
3356191,2023,BRYANT BANK,2671340,221409,3632
3357077,2023,Visionbank,202081,18187,0
3357219,2023,OPEN BANK,2094205,192476,44335
3357385,2023,Bank Of San Francisco,591352,61373,0
3357620,2023,HSBC Trust company (Delaware) NA,56215,55231,0
3357947,2023,Connections Bank,114712,10003,0
3358270,2023,Huron Valley State Bank,228141,21247,0
3368635,2023,Paradise Bank,339504,34440,0
3368925,2023,Spring Bank,351888,41925,0
3370133,2023,Sunrise Bank,447727,43396,0
3370357,2023,Valley Bank Of Nevada,215750,16775,0
3374234,2023,Riverland Bank,198703,24210,0
3374382,2023,Triad Bank,661355,71233,0
3374403,2023,Bank of Belleville,428906,33701,0
3374412,2023,Oakstar Bank,2022239,191874,7582
3376733,2023,LincolnWay Community Bank,317922,26622,0
3377235,2023,"Centrust Bank, National Association",149778,17920,3257
3378773,2023,BRIDGEWATER BANK,4340923,460404,0
3383665,2023,First Missouri State Bank Of Cape County,186642,17047,0
3384952,2023,Idaho First Bank,573260,51900,0
3385744,2023,NobleBank & Trust,399771,37673,0
3386264,2023,FIRST GENERAL BANK,1175415,211228,10415
3386536,2023,SouthPoint Bank,1366149,111016,2332
3387140,2023,United Republic Bank,172447,22272,0
3388165,2023,Noah Bank,266220,33970,0
3388482,2023,American Riviera Bank,1281124,122938,0
3390337,2023,California Business Bank,114018,15520,0
3390627,2023,Signature Bank Of Georgia,200551,22230,0
3391718,2023,Belmont Bank & Trust Company,857886,99849,0
3393851,2023,Putnam 1st Mercantile Bank,149703,17462,0
3394278,2023,Sallie Mae Bank,28714313,3040662,29448
3394380,2023,"California International Bank, N.A.",55256,11253,0
3397233,2023,Solera National Bank,994881,76604,0
3398623,2023,Fresno First Bank,1293158,149435,11063
3401970,2023,First Bank,2732940,276988,0
3402913,2023,Banesco Usa,2994374,459312,0
3404207,2023,Old Plank Trail Community Bank NA,2303265,201864,0
3404373,2023,First Commerce Bank,1292126,180687,0
3404467,2023,First National Bank of Michigan,936062,78256,0
3404506,2023,Providence Bank,849755,100435,0
3404999,2023,Flagship Bank,558007,52377,0
3407084,2023,LCA Bank Corporation,220200,42832,0
3408728,2023,b1BANK,5999106,618805,304
3410141,2023,"Bank Of Lexington, Inc.",309468,34639,0
3411773,2023,First Farmbank,343752,34437,0
3412417,2023,Jonah Bank Of Wyoming,549789,49195,2309
3419416,2023,John Marshall Bank,2345424,262960,0
3428258,2023,DR Bank,508763,47876,11863
3429219,2023,Heritage Bank & Trust,294804,24954,0
3435948,2023,Column National Association,395535,46743,0
3437148,2023,First Freedom Bank,625916,67510,0
3437157,2023,River Bank & Trust,2833353,217858,3413
3437456,2023,METRO CITY BANK,3440092,322978,0
3437483,2023,Signature Bank,1584640,149887,0
3438958,2023,RiverBank,238409,23169,0
3440803,2023,Golden Valley Bank,478089,45599,0
3445901,2023,River City Bank,260687,25731,0
3446225,2023,Table Rock Community Bank,167032,12326,0
3446784,2023,Community Bank Delaware,311835,27454,0
3447576,2023,American Momentum Bank,2833412,337734,5743
3447820,2023,"Esquire Bank, National Association",1377862,141006,0
3448162,2023,LONE STAR BANK,160801,20117,176
3448425,2023,Community Bank of Pleasant Hill,126128,11133,0
3449066,2023,Investar Bank National Association,2751455,267603,0
3451050,2023,River Valley Community Bank,629876,52206,0
3455227,2023,Pinnacle Bank,757249,76711,0
3459207,2023,Mountain Pacific Bank,559190,64192,4320
3459216,2023,Town Center Bank,134359,14661,0
3463875,2023,Austin County State Bank,335066,32445,0
3465226,2023,HTLF Bank,9178296,762103,0
3465392,2023,Pegasus Bank,1335178,108437,0
3466988,2023,The First Bank of Greenwich,638938,54435,0
3468450,2023,Central Bank,255465,26483,0
3470097,2023,Bank of Montana,275682,19727,0
3470154,2023,US METRO BANK,1121391,116687,1981
3470239,2023,"Ameriprise Bank, FSB",18977114,1541679,0
3470930,2023,First Pacific Bank,366646,31613,0
3472046,2023,Frontier Bank Of Texas,678428,68700,0
3472859,2023,Newbank,587688,65654,0
3475083,2023,Tristate Capital Bank,15595743,1130812,0
3476192,2023,Carter Bank & Trust,4199820,432711,0
3479018,2023,The Community Bank,162914,14895,0
3480069,2023,West Valley National Bank,94895,10940,0
3482045,2023,Embassy National Bank,111370,19710,0
3482111,2023,MRV Banks,671130,65853,0
3485215,2023,"Texas Advantage Community Bank, National Association",192744,17461,0
3485420,2023,Cornerstone Community Bank,582578,56860,0
3487433,2023,MERCHANTS COMMERCIAL BANK,585786,39927,0
3487947,2023,UniBank,586651,73341,12527
3488579,2023,Central Bank,447160,38597,0
3489035,2023,The Piedmont Bank,1872528,185683,0
3489071,2023,Lewis & Clark Bank,362887,45872,0
3517590,2023,Hyperion Bank,326196,38657,0
3529315,2023,Edward Jones Trust Company,118056,109179,0
3531176,2023,Southern Independent Bank,329971,38311,0
3532641,2023,SmartBank,4631368,403613,1752
3537897,2023,Commencement Bank,580803,57525,0
3538009,2023,Platinum Bank,476583,44614,0
3545258,2023,CalPrivate Bank,1854760,167294,7061
3546862,2023,Pacific Alliance Bank,390790,50269,0
3547131,2023,FineMark National Bank & Trust,3552328,351348,0
3547896,2023,Millennium Bank,343376,69124,0
3548567,2023,Texas Partners Bank,2054918,201725,0
3548763,2023,Peoplefirst Bank,229964,25000,0
3555248,2023,FIRST SECURITY BANK OF NEVADA,281839,58240,0
3561771,2023,GLOBAL BANK,250837,33124,21940
3567269,2023,Select Bank,440948,37246,0
3579589,2023,Allegiance Bank,10891835,921714,0
3588312,2023,Bank Of Central Florida,961073,90478,0
3588424,2023,"Waterford Bank, Na",1561553,144605,606
3591004,2023,Redstone Bank,246107,26675,0
3592047,2023,"Goldwater Bank, National Association",435814,49718,66765
3593307,2023,Gold Coast Bank,417378,52439,1579
3594005,2023,CrossFirst Bank,6596702,643837,0
3594087,2023,Hometown Bank Of Pennsylvania,333501,28100,0
3594797,2023,1ST CAPITAL BANK,942994,101409,0
3595271,2023,The Bank Of Princeton,1601779,217196,0
3596250,2023,RELIANCE BANK,249233,22639,0
3596894,2023,Republic Bank of Arizona,237620,25950,0
3597211,2023,"Chain Bridge Bank, National Association",1030684,91374,0
3599804,2023,Great Nations Bank,63574,9855,0
3603961,2023,The Victory Bank,423876,39652,0
3607062,2023,Lone Star State Bank of West Texas,1433961,147363,0
3608751,2023,Beneficial State Bank,1719253,165180,0
3610718,2023,Old Dominion National Bank,1031054,121379,0
3614837,2023,Access Bank,945731,90280,1500
3614846,2023,Nebraska Bank Of Commerce,156946,17822,80
3614958,2023,California Bank Of Commerce,2050081,213670,0
3614976,2023,FVCbank,2338603,240858,0
3615021,2023,Cbank,262861,29556,0
3617856,2023,Community State Bank,161466,21433,0
3619216,2023,Texas Security Bank,1136219,98881,0
3623110,2023,"American Plus Bank, N.A.",642608,112233,0
3623969,2023,"FIRST NEW MEXICO BANK, LAS CRUCES",167979,18618,900
3625664,2023,Settlers Bank,405901,42584,1802
3626184,2023,Turtle Mountain State Bank,183214,6996,0
3626858,2023,VCC Bank,265627,67295,0
3627109,2023,Frontier Community Bank,150979,16269,0
3629420,2023,Southern States Bank,2048225,240815,1047
3629484,2023,BankFlorida,322108,38504,0
3630323,2023,"Third Coast Bank, Ssb",3768484,465871,0
3633016,2023,First Cahawba Bank,174996,15901,0
3633173,2023,Alma Bank,1363586,140440,0
3635029,2023,Nano Banc,947122,111438,0
3635551,2023,Guadalupe Bank,263299,24181,534
3636259,2023,Mountain View Bank Of Commerce,177682,19371,712
3636428,2023,"Black Hills Community Bank, National Association",452616,50137,760
3636446,2023,Bank of George,678002,102759,37439
3636914,2023,blueharbor bank,406357,46713,0
3637247,2023,South Atlantic Bank,1406988,120418,677
3637685,2023,First Foundation Bank,12980327,1070648,0
3637706,2023,COMMUNITY VALLEY BANK,277619,33138,0
3645840,2023,Touchmark National Bank,341242,51442,0
3646397,2023,Georgia Primary Bank,292957,32059,0
3650563,2023,Regal Bank,491935,57837,0
3650808,2023,Live Oak Banking Company,9738922,730092,554610
3655933,2023,Partners Bank of California,472444,45342,0
3664588,2023,Fieldpoint Private Bank & Trust,1412789,109540,0
3667132,2023,Gateway Commercial Bank,201939,25142,0
3671997,2023,American Pride Bank,250115,33129,0
3678857,2023,Northwest Bank,1138686,127436,1954
3688043,2023,Parkside Financial Bank And Trust,909639,85740,0
3688548,2023,First Colony Bank of Florida,295933,25718,0
3688623,2023,Virginia Partners Bank,639849,58895,1314
3690121,2023,LIBERTY CAPITAL BANK,456028,47080,0
3690596,2023,PROGRESS BANK AND TRUST,1757159,169067,2058
3690635,2023,MEGA BANK,472893,56218,4249
3690701,2023,Prime Meridian Bank,815142,81100,7058
3715444,2023,Capstar Bank,3114995,378328,44708
3719648,2023,Meadows Bank,1240546,158056,62408
3720336,2023,GenuBank,152045,28882,0
3720608,2023,Oakworth Capital Bank,1335312,123298,0
3721605,2023,Spring Bank,378159,45742,0
3729124,2023,Freedom Bank,651718,68888,0
3783313,2023,Cross River Bank,9135117,1050380,2277402
3783948,2023,"Rbc Bank (Georgia), National Association",6097782,595224,0
3786435,2023,Intracoastal Bank,488470,46050,0
3793714,2023,Hanover Community Bank,1983354,182934,0
3804535,2023,Guaranty Bank,2148808,218647,1300
3807880,2023,One Florida Bank,1428073,128908,0
3812147,2023,Grand River Bank,530065,46958,432
3816154,2023,New Horizon Bank,122428,17568,0
3816163,2023,CornerStone Bank,209937,20134,0
3816190,2023,Oak View National Bank,497888,40382,0
3816510,2023,Professional Bank,2586119,248916,0
3821037,2023,R Bank,992695,91209,1559
3821626,2023,The MINT National Bank,370434,55543,5871
3821822,2023,Coastal Carolina National Bank,823569,76610,133
3832127,2023,PromiseOne Bank,700124,76385,750
3835454,2023,Royal Business Bank,3915530,569071,0
3843392,2023,New Haven Bank,175816,18378,0
3851427,2023,Gateway First Bank,2040399,230137,403953
3869123,2023,Coastal Bank & Trust,191806,22433,0
3938186,2023,"BankUnited, N.A.",36897184,3148654,0
3939240,2023,"Evercore Trust Company, National Association",13301,12755,0
3943210,2023,Liberty Bank,192927,17084,0
3952904,2023,Canandaigua National Trust Company Of Florida,4123,3932,0
4032791,2023,"Brown Brothers Harriman Trust Co of Delaware, NA",14777,6003,0
4114567,2023,First Republic Bank,212638872,17552503,0
4125778,2023,"Stifel Trust Company Delaware, N.A.",356681,38532,0
4146830,2023,Neuberger Berman Trust Company of Delaware NA,8094,6433,0
4149037,2023,Neuberger Berman Trust Company NA,25541,15437,0
4165907,2023,Lakeside Bank,352615,30089,0
4210227,2023,Nbh Bank,9523916,788462,22767
4368351,2023,Key National Trust Company of Delaware,6481,6372,0
4397164,2023,Chilton Trust Company NA,24466,16303,0
4536084,2023,Bank Of Bird-In-Hand,1132459,114674,0
4845861,2023,Primary Bank,654191,76313,0
5047505,2023,Fourth Capital Bank,468184,43896,0
5050028,2023,International Bank of Commerce - Oklahoma City,1644662,232689,0
5136959,2023,Beacon Community Bank,498326,42529,0
5143788,2023,Winter Park National Bank,713985,51557,0
5192496,2023,Endeavor Bank,480145,50951,0
5193989,2023,Infinity Bank,310200,32517,0
5205819,2023,Studio Bank,819912,95287,2141
5210989,2023,"Grasshopper Bank, NA",655136,63633,41750
5227101,2023,CommerceOne Bank,556402,61335,0
5230790,2023,American Bank of the Carolinas,168276,19510,0
5278251,2023,Charles Schwab Trust Bank,13041000,1055000,0
5303724,2023,Gulfside Bank,251784,23775,0
5312593,2023,Ohio State Bank,372893,47626,0
5313312,2023,Watermark Bank,267888,41274,0
5316920,2023,New Valley Bank & Trust,271656,30554,0
5332603,2023,Mi Bank,203772,19126,0
5336928,2023,Generations Commercial Bank,16206,9661,0
5342974,2023,Piermont Bank,467080,72723,0
5349218,2023,Trustar Bank,664231,66138,919
5382514,2023,Gulf Capital Bank,487001,82505,0
5397639,2023,ADP Trust Company National Association,29719,25608,0
5398355,2023,Founders Bank,236571,47962,0
5398627,2023,Triad Business Bank,445109,58490,0
5401273,2023,Tandem Bank,156499,18183,0
5412457,2023,Lexicon Bank,247437,27358,0
5427684,2023,Loyal Trust Bank,135640,25048,0
5435988,2023,FWBANK,91669,21721,0
5448915,2023,The Millyard Bank,176672,23841,0
5472880,2023,Craft Bank,137668,23674,9384
5475452,2023,Gulf Atlantic Bank,120342,10963,0
5479478,2023,Riverside Bank Of Dublin,115866,22201,0
5514409,2023,Nelnet Bank,918716,121902,0
5518023,2023,"VARO BANK, NATIONAL ASSOCIATION",476439,151271,0
5528880,2023,FIRST BANK OF CENTRAL OHIO,113706,24516,0
5538937,2023,Classic City Bank,219890,19934,0
5543735,2023,Integrity Bank for Business,91932,21177,0
5561001,2023,"Anchorage Digital Bank, NA",24537,20173,0
5574430,2023,"RockPointBank, National Association",191377,25078,0
5582846,2023,"Square Financial Services, Inc.",463875,224594,25463
5591633,2023,"Plante Moran Trust, N.A.",15193,12221,0
5592340,2023,Climate First Bank,280936,41261,0
5620869,2023,GENESIS BANK,166528,58855,0
5650923,2023,Waterfall Bank,119426,40917,0
5660146,2023,EntreBank,104268,34510,0
5673191,2023,Locality Bank,116385,34376,0
5686324,2023,Moultrie Bank & Trust,57742,19144,0
5691319,2023,Scottsdale Community Bank,35395,15655,0
5692473,2023,Evermore Bank,37038,27776,0
5724226,2023,GULF COAST BUSINESS BANK,47521,20846,0
5728916,2023,Agility Bank NA,57614,38058,0
5752005,2023,"Peak Trust Company, National Association",7738,7086,0
5755510,2023,Legacy Bank,30861,19630,0
5758436,2023,Integro Bank,38311,23194,0
5758445,2023,Gainey Business Bank,28014,14561,0
5760439,2023,Texas Traditions Bank,87299,35867,0
5760662,2023,Bank of Burlington,87230,29627,0
5784921,2023,GS&L Municipal Bank,34166,12401,0
5787418,2023,Walden Mutual Bank,22693,21542,0
5788705,2023,Bank Irvine,39216,28250,0
